document_id,filename,source_dataset,ground_truth,ground_truth_basis,page_count,ocr_text_length,baseline_prediction,baseline_confidence,baseline_correct,baseline_signal_count,baseline_signals,layout_only_prediction,layout_only_confidence,layout_only_correct,layout_only_signal_count,layout_only_signals,experimental_prediction,experimental_confidence,experimental_correct,experimental_signal_count,experimental_signals,text_signal_count,layout_signal_count,text_signals,layout_signals,prediction_changed,confidence_delta,baseline_scores_json,layout_scores_json,combined_scores_json
POI_poi_invoice_001.pdf,poi_invoice_001.pdf,INV-CDIP / EFDI Standard Commercial PO Template,POI,"FACT: Explicit PO-based vendor invoice with PO Number, Tax Invoice header, and GRN reference",1,710,POI,0.8158,True,10,phrase 'purchase order'; PO number pattern; invoice number pattern; phrase 'invoice number'; word 'invoice'; term 'GRN'; vendor/seller indicator; bill to/client indicator; phrase 'tax invoice'; term 'GSTIN',POI,1.0,True,6,[LAYOUT] Tax Invoice title located in document header region (p1: HEADER_TAX_INVOICE_TITLE); [LAYOUT] Invoice Number structured in header metadata band (p1: INVOICE_LABEL_VALUE_IN_HEADER); [LAYOUT] GSTIN / Tax ID tax registration in header band (p1: GSTIN_TAX_ID_IN_HEADER); [LAYOUT] Purchase Order reference structured in header metadata band (p1: PO_LABEL_VALUE_IN_HEADER); [LAYOUT] Goods Receipt Note (GRN) reference in header metadata (p1: GRN_REFERENCE_IN_HEADER); [LAYOUT] Co-occurrence of both Invoice Number and PO Number in metadata header (p1: POI_DUAL_INVOICE_AND_PO_HEADER),POI,1.0,True,16,[TEXT] phrase 'purchase order'; [TEXT] PO number pattern; [TEXT] invoice number pattern; [TEXT] phrase 'invoice number'; [TEXT] word 'invoice'; [TEXT] term 'GRN'; [TEXT] vendor/seller indicator; [TEXT] bill to/client indicator; [TEXT] phrase 'tax invoice'; [TEXT] term 'GSTIN'; [LAYOUT] Tax Invoice title located in document header region (p1: HEADER_TAX_INVOICE_TITLE); [LAYOUT] Invoice Number structured in header metadata band (p1: INVOICE_LABEL_VALUE_IN_HEADER); [LAYOUT] GSTIN / Tax ID tax registration in header band (p1: GSTIN_TAX_ID_IN_HEADER); [LAYOUT] Purchase Order reference structured in header metadata band (p1: PO_LABEL_VALUE_IN_HEADER); [LAYOUT] Goods Receipt Note (GRN) reference in header metadata (p1: GRN_REFERENCE_IN_HEADER); [LAYOUT] Co-occurrence of both Invoice Number and PO Number in metadata header (p1: POI_DUAL_INVOICE_AND_PO_HEADER),10,6,[TEXT] phrase 'purchase order'; [TEXT] PO number pattern; [TEXT] invoice number pattern; [TEXT] phrase 'invoice number'; [TEXT] word 'invoice'; [TEXT] term 'GRN'; [TEXT] vendor/seller indicator; [TEXT] bill to/client indicator; [TEXT] phrase 'tax invoice'; [TEXT] term 'GSTIN',[LAYOUT] Tax Invoice title located in document header region (p1: HEADER_TAX_INVOICE_TITLE); [LAYOUT] Invoice Number structured in header metadata band (p1: INVOICE_LABEL_VALUE_IN_HEADER); [LAYOUT] GSTIN / Tax ID tax registration in header band (p1: GSTIN_TAX_ID_IN_HEADER); [LAYOUT] Purchase Order reference structured in header metadata band (p1: PO_LABEL_VALUE_IN_HEADER); [LAYOUT] Goods Receipt Note (GRN) reference in header metadata (p1: GRN_REFERENCE_IN_HEADER); [LAYOUT] Co-occurrence of both Invoice Number and PO Number in metadata header (p1: POI_DUAL_INVOICE_AND_PO_HEADER),False,0.1842,"{""POI"": 0.8158, ""NPO"": 0.28, ""IMA"": 0.0, ""MSI"": 0.05, ""PSI"": 0.0526, ""JER"": 0.0, ""BKA"": 0.0, ""DPR"": 0.0, ""LCA"": 0.0}","{""POI"": 1.0, ""NPO"": 0.5833, ""IMA"": 0.0, ""MSI"": 0.0, ""PSI"": 0.0, ""JER"": 0.0, ""BKA"": 0.0, ""DPR"": 0.0, ""LCA"": 0.0}","{""POI"": 1.0, ""NPO"": 0.1405, ""IMA"": 0.0, ""MSI"": 0.03, ""PSI"": 0.0316, ""JER"": 0.0, ""BKA"": 0.0, ""DPR"": 0.0, ""LCA"": 0.0}"
POI_poi_invoice_002.pdf,poi_invoice_002.pdf,INV-CDIP / EFDI Standard Commercial PO Template,POI,"FACT: Explicit PO-based vendor invoice with PO Number, Tax Invoice header, and GRN reference",1,706,POI,0.8158,True,10,phrase 'purchase order'; PO number pattern; invoice number pattern; phrase 'invoice number'; word 'invoice'; term 'GRN'; vendor/seller indicator; bill to/client indicator; phrase 'tax invoice'; term 'GSTIN',POI,1.0,True,6,[LAYOUT] Tax Invoice title located in document header region (p1: HEADER_TAX_INVOICE_TITLE); [LAYOUT] Invoice Number structured in header metadata band (p1: INVOICE_LABEL_VALUE_IN_HEADER); [LAYOUT] GSTIN / Tax ID tax registration in header band (p1: GSTIN_TAX_ID_IN_HEADER); [LAYOUT] Purchase Order reference structured in header metadata band (p1: PO_LABEL_VALUE_IN_HEADER); [LAYOUT] Goods Receipt Note (GRN) reference in header metadata (p1: GRN_REFERENCE_IN_HEADER); [LAYOUT] Co-occurrence of both Invoice Number and PO Number in metadata header (p1: POI_DUAL_INVOICE_AND_PO_HEADER),POI,1.0,True,16,[TEXT] phrase 'purchase order'; [TEXT] PO number pattern; [TEXT] invoice number pattern; [TEXT] phrase 'invoice number'; [TEXT] word 'invoice'; [TEXT] term 'GRN'; [TEXT] vendor/seller indicator; [TEXT] bill to/client indicator; [TEXT] phrase 'tax invoice'; [TEXT] term 'GSTIN'; [LAYOUT] Tax Invoice title located in document header region (p1: HEADER_TAX_INVOICE_TITLE); [LAYOUT] Invoice Number structured in header metadata band (p1: INVOICE_LABEL_VALUE_IN_HEADER); [LAYOUT] GSTIN / Tax ID tax registration in header band (p1: GSTIN_TAX_ID_IN_HEADER); [LAYOUT] Purchase Order reference structured in header metadata band (p1: PO_LABEL_VALUE_IN_HEADER); [LAYOUT] Goods Receipt Note (GRN) reference in header metadata (p1: GRN_REFERENCE_IN_HEADER); [LAYOUT] Co-occurrence of both Invoice Number and PO Number in metadata header (p1: POI_DUAL_INVOICE_AND_PO_HEADER),10,6,[TEXT] phrase 'purchase order'; [TEXT] PO number pattern; [TEXT] invoice number pattern; [TEXT] phrase 'invoice number'; [TEXT] word 'invoice'; [TEXT] term 'GRN'; [TEXT] vendor/seller indicator; [TEXT] bill to/client indicator; [TEXT] phrase 'tax invoice'; [TEXT] term 'GSTIN',[LAYOUT] Tax Invoice title located in document header region (p1: HEADER_TAX_INVOICE_TITLE); [LAYOUT] Invoice Number structured in header metadata band (p1: INVOICE_LABEL_VALUE_IN_HEADER); [LAYOUT] GSTIN / Tax ID tax registration in header band (p1: GSTIN_TAX_ID_IN_HEADER); [LAYOUT] Purchase Order reference structured in header metadata band (p1: PO_LABEL_VALUE_IN_HEADER); [LAYOUT] Goods Receipt Note (GRN) reference in header metadata (p1: GRN_REFERENCE_IN_HEADER); [LAYOUT] Co-occurrence of both Invoice Number and PO Number in metadata header (p1: POI_DUAL_INVOICE_AND_PO_HEADER),False,0.1842,"{""POI"": 0.8158, ""NPO"": 0.28, ""IMA"": 0.0, ""MSI"": 0.05, ""PSI"": 0.0526, ""JER"": 0.0, ""BKA"": 0.0, ""DPR"": 0.0, ""LCA"": 0.0}","{""POI"": 1.0, ""NPO"": 0.5833, ""IMA"": 0.0, ""MSI"": 0.0, ""PSI"": 0.0, ""JER"": 0.0, ""BKA"": 0.0, ""DPR"": 0.0, ""LCA"": 0.0}","{""POI"": 1.0, ""NPO"": 0.1405, ""IMA"": 0.0, ""MSI"": 0.03, ""PSI"": 0.0316, ""JER"": 0.0, ""BKA"": 0.0, ""DPR"": 0.0, ""LCA"": 0.0}"
POI_poi_invoice_003.pdf,poi_invoice_003.pdf,INV-CDIP / EFDI Standard Commercial PO Template,POI,"FACT: Explicit PO-based vendor invoice with PO Number, Tax Invoice header, and GRN reference",1,701,POI,0.8158,True,10,phrase 'purchase order'; PO number pattern; invoice number pattern; phrase 'invoice number'; word 'invoice'; term 'GRN'; vendor/seller indicator; bill to/client indicator; phrase 'tax invoice'; term 'GSTIN',POI,1.0,True,6,[LAYOUT] Tax Invoice title located in document header region (p1: HEADER_TAX_INVOICE_TITLE); [LAYOUT] Invoice Number structured in header metadata band (p1: INVOICE_LABEL_VALUE_IN_HEADER); [LAYOUT] GSTIN / Tax ID tax registration in header band (p1: GSTIN_TAX_ID_IN_HEADER); [LAYOUT] Purchase Order reference structured in header metadata band (p1: PO_LABEL_VALUE_IN_HEADER); [LAYOUT] Goods Receipt Note (GRN) reference in header metadata (p1: GRN_REFERENCE_IN_HEADER); [LAYOUT] Co-occurrence of both Invoice Number and PO Number in metadata header (p1: POI_DUAL_INVOICE_AND_PO_HEADER),POI,1.0,True,16,[TEXT] phrase 'purchase order'; [TEXT] PO number pattern; [TEXT] invoice number pattern; [TEXT] phrase 'invoice number'; [TEXT] word 'invoice'; [TEXT] term 'GRN'; [TEXT] vendor/seller indicator; [TEXT] bill to/client indicator; [TEXT] phrase 'tax invoice'; [TEXT] term 'GSTIN'; [LAYOUT] Tax Invoice title located in document header region (p1: HEADER_TAX_INVOICE_TITLE); [LAYOUT] Invoice Number structured in header metadata band (p1: INVOICE_LABEL_VALUE_IN_HEADER); [LAYOUT] GSTIN / Tax ID tax registration in header band (p1: GSTIN_TAX_ID_IN_HEADER); [LAYOUT] Purchase Order reference structured in header metadata band (p1: PO_LABEL_VALUE_IN_HEADER); [LAYOUT] Goods Receipt Note (GRN) reference in header metadata (p1: GRN_REFERENCE_IN_HEADER); [LAYOUT] Co-occurrence of both Invoice Number and PO Number in metadata header (p1: POI_DUAL_INVOICE_AND_PO_HEADER),10,6,[TEXT] phrase 'purchase order'; [TEXT] PO number pattern; [TEXT] invoice number pattern; [TEXT] phrase 'invoice number'; [TEXT] word 'invoice'; [TEXT] term 'GRN'; [TEXT] vendor/seller indicator; [TEXT] bill to/client indicator; [TEXT] phrase 'tax invoice'; [TEXT] term 'GSTIN',[LAYOUT] Tax Invoice title located in document header region (p1: HEADER_TAX_INVOICE_TITLE); [LAYOUT] Invoice Number structured in header metadata band (p1: INVOICE_LABEL_VALUE_IN_HEADER); [LAYOUT] GSTIN / Tax ID tax registration in header band (p1: GSTIN_TAX_ID_IN_HEADER); [LAYOUT] Purchase Order reference structured in header metadata band (p1: PO_LABEL_VALUE_IN_HEADER); [LAYOUT] Goods Receipt Note (GRN) reference in header metadata (p1: GRN_REFERENCE_IN_HEADER); [LAYOUT] Co-occurrence of both Invoice Number and PO Number in metadata header (p1: POI_DUAL_INVOICE_AND_PO_HEADER),False,0.1842,"{""POI"": 0.8158, ""NPO"": 0.28, ""IMA"": 0.0, ""MSI"": 0.05, ""PSI"": 0.0526, ""JER"": 0.0, ""BKA"": 0.0, ""DPR"": 0.0, ""LCA"": 0.0}","{""POI"": 1.0, ""NPO"": 0.5833, ""IMA"": 0.0, ""MSI"": 0.0, ""PSI"": 0.0, ""JER"": 0.0, ""BKA"": 0.0, ""DPR"": 0.0, ""LCA"": 0.0}","{""POI"": 1.0, ""NPO"": 0.1405, ""IMA"": 0.0, ""MSI"": 0.03, ""PSI"": 0.0316, ""JER"": 0.0, ""BKA"": 0.0, ""DPR"": 0.0, ""LCA"": 0.0}"
POI_poi_invoice_004.pdf,poi_invoice_004.pdf,INV-CDIP / EFDI Standard Commercial PO Template,POI,"FACT: Explicit PO-based vendor invoice with PO Number, Tax Invoice header, and GRN reference",1,708,POI,0.8158,True,10,phrase 'purchase order'; PO number pattern; invoice number pattern; phrase 'invoice number'; word 'invoice'; term 'GRN'; vendor/seller indicator; bill to/client indicator; phrase 'tax invoice'; term 'GSTIN',POI,1.0,True,6,[LAYOUT] Tax Invoice title located in document header region (p1: HEADER_TAX_INVOICE_TITLE); [LAYOUT] Invoice Number structured in header metadata band (p1: INVOICE_LABEL_VALUE_IN_HEADER); [LAYOUT] GSTIN / Tax ID tax registration in header band (p1: GSTIN_TAX_ID_IN_HEADER); [LAYOUT] Purchase Order reference structured in header metadata band (p1: PO_LABEL_VALUE_IN_HEADER); [LAYOUT] Goods Receipt Note (GRN) reference in header metadata (p1: GRN_REFERENCE_IN_HEADER); [LAYOUT] Co-occurrence of both Invoice Number and PO Number in metadata header (p1: POI_DUAL_INVOICE_AND_PO_HEADER),POI,1.0,True,16,[TEXT] phrase 'purchase order'; [TEXT] PO number pattern; [TEXT] invoice number pattern; [TEXT] phrase 'invoice number'; [TEXT] word 'invoice'; [TEXT] term 'GRN'; [TEXT] vendor/seller indicator; [TEXT] bill to/client indicator; [TEXT] phrase 'tax invoice'; [TEXT] term 'GSTIN'; [LAYOUT] Tax Invoice title located in document header region (p1: HEADER_TAX_INVOICE_TITLE); [LAYOUT] Invoice Number structured in header metadata band (p1: INVOICE_LABEL_VALUE_IN_HEADER); [LAYOUT] GSTIN / Tax ID tax registration in header band (p1: GSTIN_TAX_ID_IN_HEADER); [LAYOUT] Purchase Order reference structured in header metadata band (p1: PO_LABEL_VALUE_IN_HEADER); [LAYOUT] Goods Receipt Note (GRN) reference in header metadata (p1: GRN_REFERENCE_IN_HEADER); [LAYOUT] Co-occurrence of both Invoice Number and PO Number in metadata header (p1: POI_DUAL_INVOICE_AND_PO_HEADER),10,6,[TEXT] phrase 'purchase order'; [TEXT] PO number pattern; [TEXT] invoice number pattern; [TEXT] phrase 'invoice number'; [TEXT] word 'invoice'; [TEXT] term 'GRN'; [TEXT] vendor/seller indicator; [TEXT] bill to/client indicator; [TEXT] phrase 'tax invoice'; [TEXT] term 'GSTIN',[LAYOUT] Tax Invoice title located in document header region (p1: HEADER_TAX_INVOICE_TITLE); [LAYOUT] Invoice Number structured in header metadata band (p1: INVOICE_LABEL_VALUE_IN_HEADER); [LAYOUT] GSTIN / Tax ID tax registration in header band (p1: GSTIN_TAX_ID_IN_HEADER); [LAYOUT] Purchase Order reference structured in header metadata band (p1: PO_LABEL_VALUE_IN_HEADER); [LAYOUT] Goods Receipt Note (GRN) reference in header metadata (p1: GRN_REFERENCE_IN_HEADER); [LAYOUT] Co-occurrence of both Invoice Number and PO Number in metadata header (p1: POI_DUAL_INVOICE_AND_PO_HEADER),False,0.1842,"{""POI"": 0.8158, ""NPO"": 0.28, ""IMA"": 0.0, ""MSI"": 0.05, ""PSI"": 0.0526, ""JER"": 0.0, ""BKA"": 0.0, ""DPR"": 0.0, ""LCA"": 0.0}","{""POI"": 1.0, ""NPO"": 0.5833, ""IMA"": 0.0, ""MSI"": 0.0, ""PSI"": 0.0, ""JER"": 0.0, ""BKA"": 0.0, ""DPR"": 0.0, ""LCA"": 0.0}","{""POI"": 1.0, ""NPO"": 0.1405, ""IMA"": 0.0, ""MSI"": 0.03, ""PSI"": 0.0316, ""JER"": 0.0, ""BKA"": 0.0, ""DPR"": 0.0, ""LCA"": 0.0}"
POI_poi_invoice_005.pdf,poi_invoice_005.pdf,INV-CDIP / EFDI Standard Commercial PO Template,POI,"FACT: Explicit PO-based vendor invoice with PO Number, Tax Invoice header, and GRN reference",1,713,POI,0.8158,True,10,phrase 'purchase order'; PO number pattern; invoice number pattern; phrase 'invoice number'; word 'invoice'; term 'GRN'; vendor/seller indicator; bill to/client indicator; phrase 'tax invoice'; term 'GSTIN',POI,1.0,True,6,[LAYOUT] Tax Invoice title located in document header region (p1: HEADER_TAX_INVOICE_TITLE); [LAYOUT] Invoice Number structured in header metadata band (p1: INVOICE_LABEL_VALUE_IN_HEADER); [LAYOUT] GSTIN / Tax ID tax registration in header band (p1: GSTIN_TAX_ID_IN_HEADER); [LAYOUT] Purchase Order reference structured in header metadata band (p1: PO_LABEL_VALUE_IN_HEADER); [LAYOUT] Goods Receipt Note (GRN) reference in header metadata (p1: GRN_REFERENCE_IN_HEADER); [LAYOUT] Co-occurrence of both Invoice Number and PO Number in metadata header (p1: POI_DUAL_INVOICE_AND_PO_HEADER),POI,1.0,True,16,[TEXT] phrase 'purchase order'; [TEXT] PO number pattern; [TEXT] invoice number pattern; [TEXT] phrase 'invoice number'; [TEXT] word 'invoice'; [TEXT] term 'GRN'; [TEXT] vendor/seller indicator; [TEXT] bill to/client indicator; [TEXT] phrase 'tax invoice'; [TEXT] term 'GSTIN'; [LAYOUT] Tax Invoice title located in document header region (p1: HEADER_TAX_INVOICE_TITLE); [LAYOUT] Invoice Number structured in header metadata band (p1: INVOICE_LABEL_VALUE_IN_HEADER); [LAYOUT] GSTIN / Tax ID tax registration in header band (p1: GSTIN_TAX_ID_IN_HEADER); [LAYOUT] Purchase Order reference structured in header metadata band (p1: PO_LABEL_VALUE_IN_HEADER); [LAYOUT] Goods Receipt Note (GRN) reference in header metadata (p1: GRN_REFERENCE_IN_HEADER); [LAYOUT] Co-occurrence of both Invoice Number and PO Number in metadata header (p1: POI_DUAL_INVOICE_AND_PO_HEADER),10,6,[TEXT] phrase 'purchase order'; [TEXT] PO number pattern; [TEXT] invoice number pattern; [TEXT] phrase 'invoice number'; [TEXT] word 'invoice'; [TEXT] term 'GRN'; [TEXT] vendor/seller indicator; [TEXT] bill to/client indicator; [TEXT] phrase 'tax invoice'; [TEXT] term 'GSTIN',[LAYOUT] Tax Invoice title located in document header region (p1: HEADER_TAX_INVOICE_TITLE); [LAYOUT] Invoice Number structured in header metadata band (p1: INVOICE_LABEL_VALUE_IN_HEADER); [LAYOUT] GSTIN / Tax ID tax registration in header band (p1: GSTIN_TAX_ID_IN_HEADER); [LAYOUT] Purchase Order reference structured in header metadata band (p1: PO_LABEL_VALUE_IN_HEADER); [LAYOUT] Goods Receipt Note (GRN) reference in header metadata (p1: GRN_REFERENCE_IN_HEADER); [LAYOUT] Co-occurrence of both Invoice Number and PO Number in metadata header (p1: POI_DUAL_INVOICE_AND_PO_HEADER),False,0.1842,"{""POI"": 0.8158, ""NPO"": 0.28, ""IMA"": 0.0, ""MSI"": 0.05, ""PSI"": 0.0526, ""JER"": 0.0, ""BKA"": 0.0, ""DPR"": 0.0, ""LCA"": 0.0}","{""POI"": 1.0, ""NPO"": 0.5833, ""IMA"": 0.0, ""MSI"": 0.0, ""PSI"": 0.0, ""JER"": 0.0, ""BKA"": 0.0, ""DPR"": 0.0, ""LCA"": 0.0}","{""POI"": 1.0, ""NPO"": 0.1405, ""IMA"": 0.0, ""MSI"": 0.03, ""PSI"": 0.0316, ""JER"": 0.0, ""BKA"": 0.0, ""DPR"": 0.0, ""LCA"": 0.0}"
POI_poi_invoice_006.pdf,poi_invoice_006.pdf,INV-CDIP / EFDI Standard Commercial PO Template,POI,"FACT: Explicit PO-based vendor invoice with PO Number, Tax Invoice header, and GRN reference",1,702,POI,0.8158,True,10,phrase 'purchase order'; PO number pattern; invoice number pattern; phrase 'invoice number'; word 'invoice'; term 'GRN'; vendor/seller indicator; bill to/client indicator; phrase 'tax invoice'; term 'GSTIN',POI,1.0,True,6,[LAYOUT] Tax Invoice title located in document header region (p1: HEADER_TAX_INVOICE_TITLE); [LAYOUT] Invoice Number structured in header metadata band (p1: INVOICE_LABEL_VALUE_IN_HEADER); [LAYOUT] GSTIN / Tax ID tax registration in header band (p1: GSTIN_TAX_ID_IN_HEADER); [LAYOUT] Purchase Order reference structured in header metadata band (p1: PO_LABEL_VALUE_IN_HEADER); [LAYOUT] Goods Receipt Note (GRN) reference in header metadata (p1: GRN_REFERENCE_IN_HEADER); [LAYOUT] Co-occurrence of both Invoice Number and PO Number in metadata header (p1: POI_DUAL_INVOICE_AND_PO_HEADER),POI,1.0,True,16,[TEXT] phrase 'purchase order'; [TEXT] PO number pattern; [TEXT] invoice number pattern; [TEXT] phrase 'invoice number'; [TEXT] word 'invoice'; [TEXT] term 'GRN'; [TEXT] vendor/seller indicator; [TEXT] bill to/client indicator; [TEXT] phrase 'tax invoice'; [TEXT] term 'GSTIN'; [LAYOUT] Tax Invoice title located in document header region (p1: HEADER_TAX_INVOICE_TITLE); [LAYOUT] Invoice Number structured in header metadata band (p1: INVOICE_LABEL_VALUE_IN_HEADER); [LAYOUT] GSTIN / Tax ID tax registration in header band (p1: GSTIN_TAX_ID_IN_HEADER); [LAYOUT] Purchase Order reference structured in header metadata band (p1: PO_LABEL_VALUE_IN_HEADER); [LAYOUT] Goods Receipt Note (GRN) reference in header metadata (p1: GRN_REFERENCE_IN_HEADER); [LAYOUT] Co-occurrence of both Invoice Number and PO Number in metadata header (p1: POI_DUAL_INVOICE_AND_PO_HEADER),10,6,[TEXT] phrase 'purchase order'; [TEXT] PO number pattern; [TEXT] invoice number pattern; [TEXT] phrase 'invoice number'; [TEXT] word 'invoice'; [TEXT] term 'GRN'; [TEXT] vendor/seller indicator; [TEXT] bill to/client indicator; [TEXT] phrase 'tax invoice'; [TEXT] term 'GSTIN',[LAYOUT] Tax Invoice title located in document header region (p1: HEADER_TAX_INVOICE_TITLE); [LAYOUT] Invoice Number structured in header metadata band (p1: INVOICE_LABEL_VALUE_IN_HEADER); [LAYOUT] GSTIN / Tax ID tax registration in header band (p1: GSTIN_TAX_ID_IN_HEADER); [LAYOUT] Purchase Order reference structured in header metadata band (p1: PO_LABEL_VALUE_IN_HEADER); [LAYOUT] Goods Receipt Note (GRN) reference in header metadata (p1: GRN_REFERENCE_IN_HEADER); [LAYOUT] Co-occurrence of both Invoice Number and PO Number in metadata header (p1: POI_DUAL_INVOICE_AND_PO_HEADER),False,0.1842,"{""POI"": 0.8158, ""NPO"": 0.28, ""IMA"": 0.0, ""MSI"": 0.05, ""PSI"": 0.0526, ""JER"": 0.0, ""BKA"": 0.0, ""DPR"": 0.0, ""LCA"": 0.0}","{""POI"": 1.0, ""NPO"": 0.5833, ""IMA"": 0.0, ""MSI"": 0.0, ""PSI"": 0.0, ""JER"": 0.0, ""BKA"": 0.0, ""DPR"": 0.0, ""LCA"": 0.0}","{""POI"": 1.0, ""NPO"": 0.1405, ""IMA"": 0.0, ""MSI"": 0.03, ""PSI"": 0.0316, ""JER"": 0.0, ""BKA"": 0.0, ""DPR"": 0.0, ""LCA"": 0.0}"
POI_poi_invoice_007.pdf,poi_invoice_007.pdf,INV-CDIP / EFDI Standard Commercial PO Template,POI,"FACT: Explicit PO-based vendor invoice with PO Number, Tax Invoice header, and GRN reference",1,709,POI,0.8158,True,10,phrase 'purchase order'; PO number pattern; invoice number pattern; phrase 'invoice number'; word 'invoice'; term 'GRN'; vendor/seller indicator; bill to/client indicator; phrase 'tax invoice'; term 'GSTIN',POI,1.0,True,6,[LAYOUT] Tax Invoice title located in document header region (p1: HEADER_TAX_INVOICE_TITLE); [LAYOUT] Invoice Number structured in header metadata band (p1: INVOICE_LABEL_VALUE_IN_HEADER); [LAYOUT] GSTIN / Tax ID tax registration in header band (p1: GSTIN_TAX_ID_IN_HEADER); [LAYOUT] Purchase Order reference structured in header metadata band (p1: PO_LABEL_VALUE_IN_HEADER); [LAYOUT] Goods Receipt Note (GRN) reference in header metadata (p1: GRN_REFERENCE_IN_HEADER); [LAYOUT] Co-occurrence of both Invoice Number and PO Number in metadata header (p1: POI_DUAL_INVOICE_AND_PO_HEADER),POI,1.0,True,16,[TEXT] phrase 'purchase order'; [TEXT] PO number pattern; [TEXT] invoice number pattern; [TEXT] phrase 'invoice number'; [TEXT] word 'invoice'; [TEXT] term 'GRN'; [TEXT] vendor/seller indicator; [TEXT] bill to/client indicator; [TEXT] phrase 'tax invoice'; [TEXT] term 'GSTIN'; [LAYOUT] Tax Invoice title located in document header region (p1: HEADER_TAX_INVOICE_TITLE); [LAYOUT] Invoice Number structured in header metadata band (p1: INVOICE_LABEL_VALUE_IN_HEADER); [LAYOUT] GSTIN / Tax ID tax registration in header band (p1: GSTIN_TAX_ID_IN_HEADER); [LAYOUT] Purchase Order reference structured in header metadata band (p1: PO_LABEL_VALUE_IN_HEADER); [LAYOUT] Goods Receipt Note (GRN) reference in header metadata (p1: GRN_REFERENCE_IN_HEADER); [LAYOUT] Co-occurrence of both Invoice Number and PO Number in metadata header (p1: POI_DUAL_INVOICE_AND_PO_HEADER),10,6,[TEXT] phrase 'purchase order'; [TEXT] PO number pattern; [TEXT] invoice number pattern; [TEXT] phrase 'invoice number'; [TEXT] word 'invoice'; [TEXT] term 'GRN'; [TEXT] vendor/seller indicator; [TEXT] bill to/client indicator; [TEXT] phrase 'tax invoice'; [TEXT] term 'GSTIN',[LAYOUT] Tax Invoice title located in document header region (p1: HEADER_TAX_INVOICE_TITLE); [LAYOUT] Invoice Number structured in header metadata band (p1: INVOICE_LABEL_VALUE_IN_HEADER); [LAYOUT] GSTIN / Tax ID tax registration in header band (p1: GSTIN_TAX_ID_IN_HEADER); [LAYOUT] Purchase Order reference structured in header metadata band (p1: PO_LABEL_VALUE_IN_HEADER); [LAYOUT] Goods Receipt Note (GRN) reference in header metadata (p1: GRN_REFERENCE_IN_HEADER); [LAYOUT] Co-occurrence of both Invoice Number and PO Number in metadata header (p1: POI_DUAL_INVOICE_AND_PO_HEADER),False,0.1842,"{""POI"": 0.8158, ""NPO"": 0.28, ""IMA"": 0.0, ""MSI"": 0.05, ""PSI"": 0.0526, ""JER"": 0.0, ""BKA"": 0.0, ""DPR"": 0.0, ""LCA"": 0.0}","{""POI"": 1.0, ""NPO"": 0.5833, ""IMA"": 0.0, ""MSI"": 0.0, ""PSI"": 0.0, ""JER"": 0.0, ""BKA"": 0.0, ""DPR"": 0.0, ""LCA"": 0.0}","{""POI"": 1.0, ""NPO"": 0.1405, ""IMA"": 0.0, ""MSI"": 0.03, ""PSI"": 0.0316, ""JER"": 0.0, ""BKA"": 0.0, ""DPR"": 0.0, ""LCA"": 0.0}"
POI_poi_invoice_008.pdf,poi_invoice_008.pdf,INV-CDIP / EFDI Standard Commercial PO Template,POI,"FACT: Explicit PO-based vendor invoice with PO Number, Tax Invoice header, and GRN reference",1,694,POI,0.8158,True,10,phrase 'purchase order'; PO number pattern; invoice number pattern; phrase 'invoice number'; word 'invoice'; term 'GRN'; vendor/seller indicator; bill to/client indicator; phrase 'tax invoice'; term 'GSTIN',POI,1.0,True,6,[LAYOUT] Tax Invoice title located in document header region (p1: HEADER_TAX_INVOICE_TITLE); [LAYOUT] Invoice Number structured in header metadata band (p1: INVOICE_LABEL_VALUE_IN_HEADER); [LAYOUT] GSTIN / Tax ID tax registration in header band (p1: GSTIN_TAX_ID_IN_HEADER); [LAYOUT] Purchase Order reference structured in header metadata band (p1: PO_LABEL_VALUE_IN_HEADER); [LAYOUT] Goods Receipt Note (GRN) reference in header metadata (p1: GRN_REFERENCE_IN_HEADER); [LAYOUT] Co-occurrence of both Invoice Number and PO Number in metadata header (p1: POI_DUAL_INVOICE_AND_PO_HEADER),POI,1.0,True,16,[TEXT] phrase 'purchase order'; [TEXT] PO number pattern; [TEXT] invoice number pattern; [TEXT] phrase 'invoice number'; [TEXT] word 'invoice'; [TEXT] term 'GRN'; [TEXT] vendor/seller indicator; [TEXT] bill to/client indicator; [TEXT] phrase 'tax invoice'; [TEXT] term 'GSTIN'; [LAYOUT] Tax Invoice title located in document header region (p1: HEADER_TAX_INVOICE_TITLE); [LAYOUT] Invoice Number structured in header metadata band (p1: INVOICE_LABEL_VALUE_IN_HEADER); [LAYOUT] GSTIN / Tax ID tax registration in header band (p1: GSTIN_TAX_ID_IN_HEADER); [LAYOUT] Purchase Order reference structured in header metadata band (p1: PO_LABEL_VALUE_IN_HEADER); [LAYOUT] Goods Receipt Note (GRN) reference in header metadata (p1: GRN_REFERENCE_IN_HEADER); [LAYOUT] Co-occurrence of both Invoice Number and PO Number in metadata header (p1: POI_DUAL_INVOICE_AND_PO_HEADER),10,6,[TEXT] phrase 'purchase order'; [TEXT] PO number pattern; [TEXT] invoice number pattern; [TEXT] phrase 'invoice number'; [TEXT] word 'invoice'; [TEXT] term 'GRN'; [TEXT] vendor/seller indicator; [TEXT] bill to/client indicator; [TEXT] phrase 'tax invoice'; [TEXT] term 'GSTIN',[LAYOUT] Tax Invoice title located in document header region (p1: HEADER_TAX_INVOICE_TITLE); [LAYOUT] Invoice Number structured in header metadata band (p1: INVOICE_LABEL_VALUE_IN_HEADER); [LAYOUT] GSTIN / Tax ID tax registration in header band (p1: GSTIN_TAX_ID_IN_HEADER); [LAYOUT] Purchase Order reference structured in header metadata band (p1: PO_LABEL_VALUE_IN_HEADER); [LAYOUT] Goods Receipt Note (GRN) reference in header metadata (p1: GRN_REFERENCE_IN_HEADER); [LAYOUT] Co-occurrence of both Invoice Number and PO Number in metadata header (p1: POI_DUAL_INVOICE_AND_PO_HEADER),False,0.1842,"{""POI"": 0.8158, ""NPO"": 0.28, ""IMA"": 0.0, ""MSI"": 0.05, ""PSI"": 0.0526, ""JER"": 0.0, ""BKA"": 0.0, ""DPR"": 0.0, ""LCA"": 0.0}","{""POI"": 1.0, ""NPO"": 0.5833, ""IMA"": 0.0, ""MSI"": 0.0, ""PSI"": 0.0, ""JER"": 0.0, ""BKA"": 0.0, ""DPR"": 0.0, ""LCA"": 0.0}","{""POI"": 1.0, ""NPO"": 0.1405, ""IMA"": 0.0, ""MSI"": 0.03, ""PSI"": 0.0316, ""JER"": 0.0, ""BKA"": 0.0, ""DPR"": 0.0, ""LCA"": 0.0}"
POI_poi_invoice_009.pdf,poi_invoice_009.pdf,INV-CDIP / EFDI Standard Commercial PO Template,POI,"FACT: Explicit PO-based vendor invoice with PO Number, Tax Invoice header, and GRN reference",1,705,POI,0.8158,True,10,phrase 'purchase order'; PO number pattern; invoice number pattern; phrase 'invoice number'; word 'invoice'; term 'GRN'; vendor/seller indicator; bill to/client indicator; phrase 'tax invoice'; term 'GSTIN',POI,1.0,True,6,[LAYOUT] Tax Invoice title located in document header region (p1: HEADER_TAX_INVOICE_TITLE); [LAYOUT] Invoice Number structured in header metadata band (p1: INVOICE_LABEL_VALUE_IN_HEADER); [LAYOUT] GSTIN / Tax ID tax registration in header band (p1: GSTIN_TAX_ID_IN_HEADER); [LAYOUT] Purchase Order reference structured in header metadata band (p1: PO_LABEL_VALUE_IN_HEADER); [LAYOUT] Goods Receipt Note (GRN) reference in header metadata (p1: GRN_REFERENCE_IN_HEADER); [LAYOUT] Co-occurrence of both Invoice Number and PO Number in metadata header (p1: POI_DUAL_INVOICE_AND_PO_HEADER),POI,1.0,True,16,[TEXT] phrase 'purchase order'; [TEXT] PO number pattern; [TEXT] invoice number pattern; [TEXT] phrase 'invoice number'; [TEXT] word 'invoice'; [TEXT] term 'GRN'; [TEXT] vendor/seller indicator; [TEXT] bill to/client indicator; [TEXT] phrase 'tax invoice'; [TEXT] term 'GSTIN'; [LAYOUT] Tax Invoice title located in document header region (p1: HEADER_TAX_INVOICE_TITLE); [LAYOUT] Invoice Number structured in header metadata band (p1: INVOICE_LABEL_VALUE_IN_HEADER); [LAYOUT] GSTIN / Tax ID tax registration in header band (p1: GSTIN_TAX_ID_IN_HEADER); [LAYOUT] Purchase Order reference structured in header metadata band (p1: PO_LABEL_VALUE_IN_HEADER); [LAYOUT] Goods Receipt Note (GRN) reference in header metadata (p1: GRN_REFERENCE_IN_HEADER); [LAYOUT] Co-occurrence of both Invoice Number and PO Number in metadata header (p1: POI_DUAL_INVOICE_AND_PO_HEADER),10,6,[TEXT] phrase 'purchase order'; [TEXT] PO number pattern; [TEXT] invoice number pattern; [TEXT] phrase 'invoice number'; [TEXT] word 'invoice'; [TEXT] term 'GRN'; [TEXT] vendor/seller indicator; [TEXT] bill to/client indicator; [TEXT] phrase 'tax invoice'; [TEXT] term 'GSTIN',[LAYOUT] Tax Invoice title located in document header region (p1: HEADER_TAX_INVOICE_TITLE); [LAYOUT] Invoice Number structured in header metadata band (p1: INVOICE_LABEL_VALUE_IN_HEADER); [LAYOUT] GSTIN / Tax ID tax registration in header band (p1: GSTIN_TAX_ID_IN_HEADER); [LAYOUT] Purchase Order reference structured in header metadata band (p1: PO_LABEL_VALUE_IN_HEADER); [LAYOUT] Goods Receipt Note (GRN) reference in header metadata (p1: GRN_REFERENCE_IN_HEADER); [LAYOUT] Co-occurrence of both Invoice Number and PO Number in metadata header (p1: POI_DUAL_INVOICE_AND_PO_HEADER),False,0.1842,"{""POI"": 0.8158, ""NPO"": 0.28, ""IMA"": 0.0, ""MSI"": 0.05, ""PSI"": 0.0526, ""JER"": 0.0, ""BKA"": 0.0, ""DPR"": 0.0, ""LCA"": 0.0}","{""POI"": 1.0, ""NPO"": 0.5833, ""IMA"": 0.0, ""MSI"": 0.0, ""PSI"": 0.0, ""JER"": 0.0, ""BKA"": 0.0, ""DPR"": 0.0, ""LCA"": 0.0}","{""POI"": 1.0, ""NPO"": 0.1405, ""IMA"": 0.0, ""MSI"": 0.03, ""PSI"": 0.0316, ""JER"": 0.0, ""BKA"": 0.0, ""DPR"": 0.0, ""LCA"": 0.0}"
POI_poi_invoice_010.pdf,poi_invoice_010.pdf,INV-CDIP / EFDI Standard Commercial PO Template,POI,"FACT: Explicit PO-based vendor invoice with PO Number, Tax Invoice header, and GRN reference",1,709,POI,0.8158,True,10,phrase 'purchase order'; PO number pattern; invoice number pattern; phrase 'invoice number'; word 'invoice'; term 'GRN'; vendor/seller indicator; bill to/client indicator; phrase 'tax invoice'; term 'GSTIN',POI,1.0,True,6,[LAYOUT] Tax Invoice title located in document header region (p1: HEADER_TAX_INVOICE_TITLE); [LAYOUT] Invoice Number structured in header metadata band (p1: INVOICE_LABEL_VALUE_IN_HEADER); [LAYOUT] GSTIN / Tax ID tax registration in header band (p1: GSTIN_TAX_ID_IN_HEADER); [LAYOUT] Purchase Order reference structured in header metadata band (p1: PO_LABEL_VALUE_IN_HEADER); [LAYOUT] Goods Receipt Note (GRN) reference in header metadata (p1: GRN_REFERENCE_IN_HEADER); [LAYOUT] Co-occurrence of both Invoice Number and PO Number in metadata header (p1: POI_DUAL_INVOICE_AND_PO_HEADER),POI,1.0,True,16,[TEXT] phrase 'purchase order'; [TEXT] PO number pattern; [TEXT] invoice number pattern; [TEXT] phrase 'invoice number'; [TEXT] word 'invoice'; [TEXT] term 'GRN'; [TEXT] vendor/seller indicator; [TEXT] bill to/client indicator; [TEXT] phrase 'tax invoice'; [TEXT] term 'GSTIN'; [LAYOUT] Tax Invoice title located in document header region (p1: HEADER_TAX_INVOICE_TITLE); [LAYOUT] Invoice Number structured in header metadata band (p1: INVOICE_LABEL_VALUE_IN_HEADER); [LAYOUT] GSTIN / Tax ID tax registration in header band (p1: GSTIN_TAX_ID_IN_HEADER); [LAYOUT] Purchase Order reference structured in header metadata band (p1: PO_LABEL_VALUE_IN_HEADER); [LAYOUT] Goods Receipt Note (GRN) reference in header metadata (p1: GRN_REFERENCE_IN_HEADER); [LAYOUT] Co-occurrence of both Invoice Number and PO Number in metadata header (p1: POI_DUAL_INVOICE_AND_PO_HEADER),10,6,[TEXT] phrase 'purchase order'; [TEXT] PO number pattern; [TEXT] invoice number pattern; [TEXT] phrase 'invoice number'; [TEXT] word 'invoice'; [TEXT] term 'GRN'; [TEXT] vendor/seller indicator; [TEXT] bill to/client indicator; [TEXT] phrase 'tax invoice'; [TEXT] term 'GSTIN',[LAYOUT] Tax Invoice title located in document header region (p1: HEADER_TAX_INVOICE_TITLE); [LAYOUT] Invoice Number structured in header metadata band (p1: INVOICE_LABEL_VALUE_IN_HEADER); [LAYOUT] GSTIN / Tax ID tax registration in header band (p1: GSTIN_TAX_ID_IN_HEADER); [LAYOUT] Purchase Order reference structured in header metadata band (p1: PO_LABEL_VALUE_IN_HEADER); [LAYOUT] Goods Receipt Note (GRN) reference in header metadata (p1: GRN_REFERENCE_IN_HEADER); [LAYOUT] Co-occurrence of both Invoice Number and PO Number in metadata header (p1: POI_DUAL_INVOICE_AND_PO_HEADER),False,0.1842,"{""POI"": 0.8158, ""NPO"": 0.28, ""IMA"": 0.0, ""MSI"": 0.05, ""PSI"": 0.0526, ""JER"": 0.0, ""BKA"": 0.0, ""DPR"": 0.0, ""LCA"": 0.0}","{""POI"": 1.0, ""NPO"": 0.5833, ""IMA"": 0.0, ""MSI"": 0.0, ""PSI"": 0.0, ""JER"": 0.0, ""BKA"": 0.0, ""DPR"": 0.0, ""LCA"": 0.0}","{""POI"": 1.0, ""NPO"": 0.1405, ""IMA"": 0.0, ""MSI"": 0.03, ""PSI"": 0.0316, ""JER"": 0.0, ""BKA"": 0.0, ""DPR"": 0.0, ""LCA"": 0.0}"
POI_poi_invoice_011.pdf,poi_invoice_011.pdf,INV-CDIP / EFDI Standard Commercial PO Template,POI,"FACT: Explicit PO-based vendor invoice with PO Number, Tax Invoice header, and GRN reference",1,711,POI,0.8158,True,10,phrase 'purchase order'; PO number pattern; invoice number pattern; phrase 'invoice number'; word 'invoice'; term 'GRN'; vendor/seller indicator; bill to/client indicator; phrase 'tax invoice'; term 'GSTIN',POI,1.0,True,6,[LAYOUT] Tax Invoice title located in document header region (p1: HEADER_TAX_INVOICE_TITLE); [LAYOUT] Invoice Number structured in header metadata band (p1: INVOICE_LABEL_VALUE_IN_HEADER); [LAYOUT] GSTIN / Tax ID tax registration in header band (p1: GSTIN_TAX_ID_IN_HEADER); [LAYOUT] Purchase Order reference structured in header metadata band (p1: PO_LABEL_VALUE_IN_HEADER); [LAYOUT] Goods Receipt Note (GRN) reference in header metadata (p1: GRN_REFERENCE_IN_HEADER); [LAYOUT] Co-occurrence of both Invoice Number and PO Number in metadata header (p1: POI_DUAL_INVOICE_AND_PO_HEADER),POI,1.0,True,16,[TEXT] phrase 'purchase order'; [TEXT] PO number pattern; [TEXT] invoice number pattern; [TEXT] phrase 'invoice number'; [TEXT] word 'invoice'; [TEXT] term 'GRN'; [TEXT] vendor/seller indicator; [TEXT] bill to/client indicator; [TEXT] phrase 'tax invoice'; [TEXT] term 'GSTIN'; [LAYOUT] Tax Invoice title located in document header region (p1: HEADER_TAX_INVOICE_TITLE); [LAYOUT] Invoice Number structured in header metadata band (p1: INVOICE_LABEL_VALUE_IN_HEADER); [LAYOUT] GSTIN / Tax ID tax registration in header band (p1: GSTIN_TAX_ID_IN_HEADER); [LAYOUT] Purchase Order reference structured in header metadata band (p1: PO_LABEL_VALUE_IN_HEADER); [LAYOUT] Goods Receipt Note (GRN) reference in header metadata (p1: GRN_REFERENCE_IN_HEADER); [LAYOUT] Co-occurrence of both Invoice Number and PO Number in metadata header (p1: POI_DUAL_INVOICE_AND_PO_HEADER),10,6,[TEXT] phrase 'purchase order'; [TEXT] PO number pattern; [TEXT] invoice number pattern; [TEXT] phrase 'invoice number'; [TEXT] word 'invoice'; [TEXT] term 'GRN'; [TEXT] vendor/seller indicator; [TEXT] bill to/client indicator; [TEXT] phrase 'tax invoice'; [TEXT] term 'GSTIN',[LAYOUT] Tax Invoice title located in document header region (p1: HEADER_TAX_INVOICE_TITLE); [LAYOUT] Invoice Number structured in header metadata band (p1: INVOICE_LABEL_VALUE_IN_HEADER); [LAYOUT] GSTIN / Tax ID tax registration in header band (p1: GSTIN_TAX_ID_IN_HEADER); [LAYOUT] Purchase Order reference structured in header metadata band (p1: PO_LABEL_VALUE_IN_HEADER); [LAYOUT] Goods Receipt Note (GRN) reference in header metadata (p1: GRN_REFERENCE_IN_HEADER); [LAYOUT] Co-occurrence of both Invoice Number and PO Number in metadata header (p1: POI_DUAL_INVOICE_AND_PO_HEADER),False,0.1842,"{""POI"": 0.8158, ""NPO"": 0.28, ""IMA"": 0.0, ""MSI"": 0.05, ""PSI"": 0.0526, ""JER"": 0.0, ""BKA"": 0.0, ""DPR"": 0.0, ""LCA"": 0.0}","{""POI"": 1.0, ""NPO"": 0.5833, ""IMA"": 0.0, ""MSI"": 0.0, ""PSI"": 0.0, ""JER"": 0.0, ""BKA"": 0.0, ""DPR"": 0.0, ""LCA"": 0.0}","{""POI"": 1.0, ""NPO"": 0.1405, ""IMA"": 0.0, ""MSI"": 0.03, ""PSI"": 0.0316, ""JER"": 0.0, ""BKA"": 0.0, ""DPR"": 0.0, ""LCA"": 0.0}"
POI_poi_invoice_012.pdf,poi_invoice_012.pdf,INV-CDIP / EFDI Standard Commercial PO Template,POI,"FACT: Explicit PO-based vendor invoice with PO Number, Tax Invoice header, and GRN reference",1,701,POI,0.8158,True,10,phrase 'purchase order'; PO number pattern; invoice number pattern; phrase 'invoice number'; word 'invoice'; term 'GRN'; vendor/seller indicator; bill to/client indicator; phrase 'tax invoice'; term 'GSTIN',POI,1.0,True,6,[LAYOUT] Tax Invoice title located in document header region (p1: HEADER_TAX_INVOICE_TITLE); [LAYOUT] Invoice Number structured in header metadata band (p1: INVOICE_LABEL_VALUE_IN_HEADER); [LAYOUT] GSTIN / Tax ID tax registration in header band (p1: GSTIN_TAX_ID_IN_HEADER); [LAYOUT] Purchase Order reference structured in header metadata band (p1: PO_LABEL_VALUE_IN_HEADER); [LAYOUT] Goods Receipt Note (GRN) reference in header metadata (p1: GRN_REFERENCE_IN_HEADER); [LAYOUT] Co-occurrence of both Invoice Number and PO Number in metadata header (p1: POI_DUAL_INVOICE_AND_PO_HEADER),POI,1.0,True,16,[TEXT] phrase 'purchase order'; [TEXT] PO number pattern; [TEXT] invoice number pattern; [TEXT] phrase 'invoice number'; [TEXT] word 'invoice'; [TEXT] term 'GRN'; [TEXT] vendor/seller indicator; [TEXT] bill to/client indicator; [TEXT] phrase 'tax invoice'; [TEXT] term 'GSTIN'; [LAYOUT] Tax Invoice title located in document header region (p1: HEADER_TAX_INVOICE_TITLE); [LAYOUT] Invoice Number structured in header metadata band (p1: INVOICE_LABEL_VALUE_IN_HEADER); [LAYOUT] GSTIN / Tax ID tax registration in header band (p1: GSTIN_TAX_ID_IN_HEADER); [LAYOUT] Purchase Order reference structured in header metadata band (p1: PO_LABEL_VALUE_IN_HEADER); [LAYOUT] Goods Receipt Note (GRN) reference in header metadata (p1: GRN_REFERENCE_IN_HEADER); [LAYOUT] Co-occurrence of both Invoice Number and PO Number in metadata header (p1: POI_DUAL_INVOICE_AND_PO_HEADER),10,6,[TEXT] phrase 'purchase order'; [TEXT] PO number pattern; [TEXT] invoice number pattern; [TEXT] phrase 'invoice number'; [TEXT] word 'invoice'; [TEXT] term 'GRN'; [TEXT] vendor/seller indicator; [TEXT] bill to/client indicator; [TEXT] phrase 'tax invoice'; [TEXT] term 'GSTIN',[LAYOUT] Tax Invoice title located in document header region (p1: HEADER_TAX_INVOICE_TITLE); [LAYOUT] Invoice Number structured in header metadata band (p1: INVOICE_LABEL_VALUE_IN_HEADER); [LAYOUT] GSTIN / Tax ID tax registration in header band (p1: GSTIN_TAX_ID_IN_HEADER); [LAYOUT] Purchase Order reference structured in header metadata band (p1: PO_LABEL_VALUE_IN_HEADER); [LAYOUT] Goods Receipt Note (GRN) reference in header metadata (p1: GRN_REFERENCE_IN_HEADER); [LAYOUT] Co-occurrence of both Invoice Number and PO Number in metadata header (p1: POI_DUAL_INVOICE_AND_PO_HEADER),False,0.1842,"{""POI"": 0.8158, ""NPO"": 0.28, ""IMA"": 0.0, ""MSI"": 0.05, ""PSI"": 0.0526, ""JER"": 0.0, ""BKA"": 0.0, ""DPR"": 0.0, ""LCA"": 0.0}","{""POI"": 1.0, ""NPO"": 0.5833, ""IMA"": 0.0, ""MSI"": 0.0, ""PSI"": 0.0, ""JER"": 0.0, ""BKA"": 0.0, ""DPR"": 0.0, ""LCA"": 0.0}","{""POI"": 1.0, ""NPO"": 0.1405, ""IMA"": 0.0, ""MSI"": 0.03, ""PSI"": 0.0316, ""JER"": 0.0, ""BKA"": 0.0, ""DPR"": 0.0, ""LCA"": 0.0}"
POI_poi_invoice_013.pdf,poi_invoice_013.pdf,INV-CDIP / EFDI Standard Commercial PO Template,POI,"FACT: Explicit PO-based vendor invoice with PO Number, Tax Invoice header, and GRN reference",1,709,POI,0.8158,True,10,phrase 'purchase order'; PO number pattern; invoice number pattern; phrase 'invoice number'; word 'invoice'; term 'GRN'; vendor/seller indicator; bill to/client indicator; phrase 'tax invoice'; term 'GSTIN',POI,1.0,True,6,[LAYOUT] Tax Invoice title located in document header region (p1: HEADER_TAX_INVOICE_TITLE); [LAYOUT] Invoice Number structured in header metadata band (p1: INVOICE_LABEL_VALUE_IN_HEADER); [LAYOUT] GSTIN / Tax ID tax registration in header band (p1: GSTIN_TAX_ID_IN_HEADER); [LAYOUT] Purchase Order reference structured in header metadata band (p1: PO_LABEL_VALUE_IN_HEADER); [LAYOUT] Goods Receipt Note (GRN) reference in header metadata (p1: GRN_REFERENCE_IN_HEADER); [LAYOUT] Co-occurrence of both Invoice Number and PO Number in metadata header (p1: POI_DUAL_INVOICE_AND_PO_HEADER),POI,1.0,True,16,[TEXT] phrase 'purchase order'; [TEXT] PO number pattern; [TEXT] invoice number pattern; [TEXT] phrase 'invoice number'; [TEXT] word 'invoice'; [TEXT] term 'GRN'; [TEXT] vendor/seller indicator; [TEXT] bill to/client indicator; [TEXT] phrase 'tax invoice'; [TEXT] term 'GSTIN'; [LAYOUT] Tax Invoice title located in document header region (p1: HEADER_TAX_INVOICE_TITLE); [LAYOUT] Invoice Number structured in header metadata band (p1: INVOICE_LABEL_VALUE_IN_HEADER); [LAYOUT] GSTIN / Tax ID tax registration in header band (p1: GSTIN_TAX_ID_IN_HEADER); [LAYOUT] Purchase Order reference structured in header metadata band (p1: PO_LABEL_VALUE_IN_HEADER); [LAYOUT] Goods Receipt Note (GRN) reference in header metadata (p1: GRN_REFERENCE_IN_HEADER); [LAYOUT] Co-occurrence of both Invoice Number and PO Number in metadata header (p1: POI_DUAL_INVOICE_AND_PO_HEADER),10,6,[TEXT] phrase 'purchase order'; [TEXT] PO number pattern; [TEXT] invoice number pattern; [TEXT] phrase 'invoice number'; [TEXT] word 'invoice'; [TEXT] term 'GRN'; [TEXT] vendor/seller indicator; [TEXT] bill to/client indicator; [TEXT] phrase 'tax invoice'; [TEXT] term 'GSTIN',[LAYOUT] Tax Invoice title located in document header region (p1: HEADER_TAX_INVOICE_TITLE); [LAYOUT] Invoice Number structured in header metadata band (p1: INVOICE_LABEL_VALUE_IN_HEADER); [LAYOUT] GSTIN / Tax ID tax registration in header band (p1: GSTIN_TAX_ID_IN_HEADER); [LAYOUT] Purchase Order reference structured in header metadata band (p1: PO_LABEL_VALUE_IN_HEADER); [LAYOUT] Goods Receipt Note (GRN) reference in header metadata (p1: GRN_REFERENCE_IN_HEADER); [LAYOUT] Co-occurrence of both Invoice Number and PO Number in metadata header (p1: POI_DUAL_INVOICE_AND_PO_HEADER),False,0.1842,"{""POI"": 0.8158, ""NPO"": 0.28, ""IMA"": 0.0, ""MSI"": 0.05, ""PSI"": 0.0526, ""JER"": 0.0, ""BKA"": 0.0, ""DPR"": 0.0, ""LCA"": 0.0}","{""POI"": 1.0, ""NPO"": 0.5833, ""IMA"": 0.0, ""MSI"": 0.0, ""PSI"": 0.0, ""JER"": 0.0, ""BKA"": 0.0, ""DPR"": 0.0, ""LCA"": 0.0}","{""POI"": 1.0, ""NPO"": 0.1405, ""IMA"": 0.0, ""MSI"": 0.03, ""PSI"": 0.0316, ""JER"": 0.0, ""BKA"": 0.0, ""DPR"": 0.0, ""LCA"": 0.0}"
POI_poi_invoice_014.pdf,poi_invoice_014.pdf,INV-CDIP / EFDI Standard Commercial PO Template,POI,"FACT: Explicit PO-based vendor invoice with PO Number, Tax Invoice header, and GRN reference",1,705,POI,0.8158,True,10,phrase 'purchase order'; PO number pattern; invoice number pattern; phrase 'invoice number'; word 'invoice'; term 'GRN'; vendor/seller indicator; bill to/client indicator; phrase 'tax invoice'; term 'GSTIN',POI,1.0,True,6,[LAYOUT] Tax Invoice title located in document header region (p1: HEADER_TAX_INVOICE_TITLE); [LAYOUT] Invoice Number structured in header metadata band (p1: INVOICE_LABEL_VALUE_IN_HEADER); [LAYOUT] GSTIN / Tax ID tax registration in header band (p1: GSTIN_TAX_ID_IN_HEADER); [LAYOUT] Purchase Order reference structured in header metadata band (p1: PO_LABEL_VALUE_IN_HEADER); [LAYOUT] Goods Receipt Note (GRN) reference in header metadata (p1: GRN_REFERENCE_IN_HEADER); [LAYOUT] Co-occurrence of both Invoice Number and PO Number in metadata header (p1: POI_DUAL_INVOICE_AND_PO_HEADER),POI,1.0,True,16,[TEXT] phrase 'purchase order'; [TEXT] PO number pattern; [TEXT] invoice number pattern; [TEXT] phrase 'invoice number'; [TEXT] word 'invoice'; [TEXT] term 'GRN'; [TEXT] vendor/seller indicator; [TEXT] bill to/client indicator; [TEXT] phrase 'tax invoice'; [TEXT] term 'GSTIN'; [LAYOUT] Tax Invoice title located in document header region (p1: HEADER_TAX_INVOICE_TITLE); [LAYOUT] Invoice Number structured in header metadata band (p1: INVOICE_LABEL_VALUE_IN_HEADER); [LAYOUT] GSTIN / Tax ID tax registration in header band (p1: GSTIN_TAX_ID_IN_HEADER); [LAYOUT] Purchase Order reference structured in header metadata band (p1: PO_LABEL_VALUE_IN_HEADER); [LAYOUT] Goods Receipt Note (GRN) reference in header metadata (p1: GRN_REFERENCE_IN_HEADER); [LAYOUT] Co-occurrence of both Invoice Number and PO Number in metadata header (p1: POI_DUAL_INVOICE_AND_PO_HEADER),10,6,[TEXT] phrase 'purchase order'; [TEXT] PO number pattern; [TEXT] invoice number pattern; [TEXT] phrase 'invoice number'; [TEXT] word 'invoice'; [TEXT] term 'GRN'; [TEXT] vendor/seller indicator; [TEXT] bill to/client indicator; [TEXT] phrase 'tax invoice'; [TEXT] term 'GSTIN',[LAYOUT] Tax Invoice title located in document header region (p1: HEADER_TAX_INVOICE_TITLE); [LAYOUT] Invoice Number structured in header metadata band (p1: INVOICE_LABEL_VALUE_IN_HEADER); [LAYOUT] GSTIN / Tax ID tax registration in header band (p1: GSTIN_TAX_ID_IN_HEADER); [LAYOUT] Purchase Order reference structured in header metadata band (p1: PO_LABEL_VALUE_IN_HEADER); [LAYOUT] Goods Receipt Note (GRN) reference in header metadata (p1: GRN_REFERENCE_IN_HEADER); [LAYOUT] Co-occurrence of both Invoice Number and PO Number in metadata header (p1: POI_DUAL_INVOICE_AND_PO_HEADER),False,0.1842,"{""POI"": 0.8158, ""NPO"": 0.28, ""IMA"": 0.0, ""MSI"": 0.05, ""PSI"": 0.0526, ""JER"": 0.0, ""BKA"": 0.0, ""DPR"": 0.0, ""LCA"": 0.0}","{""POI"": 1.0, ""NPO"": 0.5833, ""IMA"": 0.0, ""MSI"": 0.0, ""PSI"": 0.0, ""JER"": 0.0, ""BKA"": 0.0, ""DPR"": 0.0, ""LCA"": 0.0}","{""POI"": 1.0, ""NPO"": 0.1405, ""IMA"": 0.0, ""MSI"": 0.03, ""PSI"": 0.0316, ""JER"": 0.0, ""BKA"": 0.0, ""DPR"": 0.0, ""LCA"": 0.0}"
POI_poi_invoice_015.pdf,poi_invoice_015.pdf,INV-CDIP / EFDI Standard Commercial PO Template,POI,"FACT: Explicit PO-based vendor invoice with PO Number, Tax Invoice header, and GRN reference",1,703,POI,0.8158,True,10,phrase 'purchase order'; PO number pattern; invoice number pattern; phrase 'invoice number'; word 'invoice'; term 'GRN'; vendor/seller indicator; bill to/client indicator; phrase 'tax invoice'; term 'GSTIN',POI,1.0,True,6,[LAYOUT] Tax Invoice title located in document header region (p1: HEADER_TAX_INVOICE_TITLE); [LAYOUT] Invoice Number structured in header metadata band (p1: INVOICE_LABEL_VALUE_IN_HEADER); [LAYOUT] GSTIN / Tax ID tax registration in header band (p1: GSTIN_TAX_ID_IN_HEADER); [LAYOUT] Purchase Order reference structured in header metadata band (p1: PO_LABEL_VALUE_IN_HEADER); [LAYOUT] Goods Receipt Note (GRN) reference in header metadata (p1: GRN_REFERENCE_IN_HEADER); [LAYOUT] Co-occurrence of both Invoice Number and PO Number in metadata header (p1: POI_DUAL_INVOICE_AND_PO_HEADER),POI,1.0,True,16,[TEXT] phrase 'purchase order'; [TEXT] PO number pattern; [TEXT] invoice number pattern; [TEXT] phrase 'invoice number'; [TEXT] word 'invoice'; [TEXT] term 'GRN'; [TEXT] vendor/seller indicator; [TEXT] bill to/client indicator; [TEXT] phrase 'tax invoice'; [TEXT] term 'GSTIN'; [LAYOUT] Tax Invoice title located in document header region (p1: HEADER_TAX_INVOICE_TITLE); [LAYOUT] Invoice Number structured in header metadata band (p1: INVOICE_LABEL_VALUE_IN_HEADER); [LAYOUT] GSTIN / Tax ID tax registration in header band (p1: GSTIN_TAX_ID_IN_HEADER); [LAYOUT] Purchase Order reference structured in header metadata band (p1: PO_LABEL_VALUE_IN_HEADER); [LAYOUT] Goods Receipt Note (GRN) reference in header metadata (p1: GRN_REFERENCE_IN_HEADER); [LAYOUT] Co-occurrence of both Invoice Number and PO Number in metadata header (p1: POI_DUAL_INVOICE_AND_PO_HEADER),10,6,[TEXT] phrase 'purchase order'; [TEXT] PO number pattern; [TEXT] invoice number pattern; [TEXT] phrase 'invoice number'; [TEXT] word 'invoice'; [TEXT] term 'GRN'; [TEXT] vendor/seller indicator; [TEXT] bill to/client indicator; [TEXT] phrase 'tax invoice'; [TEXT] term 'GSTIN',[LAYOUT] Tax Invoice title located in document header region (p1: HEADER_TAX_INVOICE_TITLE); [LAYOUT] Invoice Number structured in header metadata band (p1: INVOICE_LABEL_VALUE_IN_HEADER); [LAYOUT] GSTIN / Tax ID tax registration in header band (p1: GSTIN_TAX_ID_IN_HEADER); [LAYOUT] Purchase Order reference structured in header metadata band (p1: PO_LABEL_VALUE_IN_HEADER); [LAYOUT] Goods Receipt Note (GRN) reference in header metadata (p1: GRN_REFERENCE_IN_HEADER); [LAYOUT] Co-occurrence of both Invoice Number and PO Number in metadata header (p1: POI_DUAL_INVOICE_AND_PO_HEADER),False,0.1842,"{""POI"": 0.8158, ""NPO"": 0.28, ""IMA"": 0.0, ""MSI"": 0.05, ""PSI"": 0.0526, ""JER"": 0.0, ""BKA"": 0.0, ""DPR"": 0.0, ""LCA"": 0.0}","{""POI"": 1.0, ""NPO"": 0.5833, ""IMA"": 0.0, ""MSI"": 0.0, ""PSI"": 0.0, ""JER"": 0.0, ""BKA"": 0.0, ""DPR"": 0.0, ""LCA"": 0.0}","{""POI"": 1.0, ""NPO"": 0.1405, ""IMA"": 0.0, ""MSI"": 0.03, ""PSI"": 0.0316, ""JER"": 0.0, ""BKA"": 0.0, ""DPR"": 0.0, ""LCA"": 0.0}"
POI_poi_invoice_016.pdf,poi_invoice_016.pdf,INV-CDIP / EFDI Standard Commercial PO Template,POI,"FACT: Explicit PO-based vendor invoice with PO Number, Tax Invoice header, and GRN reference",1,702,POI,0.8158,True,10,phrase 'purchase order'; PO number pattern; invoice number pattern; phrase 'invoice number'; word 'invoice'; term 'GRN'; vendor/seller indicator; bill to/client indicator; phrase 'tax invoice'; term 'GSTIN',POI,1.0,True,6,[LAYOUT] Tax Invoice title located in document header region (p1: HEADER_TAX_INVOICE_TITLE); [LAYOUT] Invoice Number structured in header metadata band (p1: INVOICE_LABEL_VALUE_IN_HEADER); [LAYOUT] GSTIN / Tax ID tax registration in header band (p1: GSTIN_TAX_ID_IN_HEADER); [LAYOUT] Purchase Order reference structured in header metadata band (p1: PO_LABEL_VALUE_IN_HEADER); [LAYOUT] Goods Receipt Note (GRN) reference in header metadata (p1: GRN_REFERENCE_IN_HEADER); [LAYOUT] Co-occurrence of both Invoice Number and PO Number in metadata header (p1: POI_DUAL_INVOICE_AND_PO_HEADER),POI,1.0,True,16,[TEXT] phrase 'purchase order'; [TEXT] PO number pattern; [TEXT] invoice number pattern; [TEXT] phrase 'invoice number'; [TEXT] word 'invoice'; [TEXT] term 'GRN'; [TEXT] vendor/seller indicator; [TEXT] bill to/client indicator; [TEXT] phrase 'tax invoice'; [TEXT] term 'GSTIN'; [LAYOUT] Tax Invoice title located in document header region (p1: HEADER_TAX_INVOICE_TITLE); [LAYOUT] Invoice Number structured in header metadata band (p1: INVOICE_LABEL_VALUE_IN_HEADER); [LAYOUT] GSTIN / Tax ID tax registration in header band (p1: GSTIN_TAX_ID_IN_HEADER); [LAYOUT] Purchase Order reference structured in header metadata band (p1: PO_LABEL_VALUE_IN_HEADER); [LAYOUT] Goods Receipt Note (GRN) reference in header metadata (p1: GRN_REFERENCE_IN_HEADER); [LAYOUT] Co-occurrence of both Invoice Number and PO Number in metadata header (p1: POI_DUAL_INVOICE_AND_PO_HEADER),10,6,[TEXT] phrase 'purchase order'; [TEXT] PO number pattern; [TEXT] invoice number pattern; [TEXT] phrase 'invoice number'; [TEXT] word 'invoice'; [TEXT] term 'GRN'; [TEXT] vendor/seller indicator; [TEXT] bill to/client indicator; [TEXT] phrase 'tax invoice'; [TEXT] term 'GSTIN',[LAYOUT] Tax Invoice title located in document header region (p1: HEADER_TAX_INVOICE_TITLE); [LAYOUT] Invoice Number structured in header metadata band (p1: INVOICE_LABEL_VALUE_IN_HEADER); [LAYOUT] GSTIN / Tax ID tax registration in header band (p1: GSTIN_TAX_ID_IN_HEADER); [LAYOUT] Purchase Order reference structured in header metadata band (p1: PO_LABEL_VALUE_IN_HEADER); [LAYOUT] Goods Receipt Note (GRN) reference in header metadata (p1: GRN_REFERENCE_IN_HEADER); [LAYOUT] Co-occurrence of both Invoice Number and PO Number in metadata header (p1: POI_DUAL_INVOICE_AND_PO_HEADER),False,0.1842,"{""POI"": 0.8158, ""NPO"": 0.28, ""IMA"": 0.0, ""MSI"": 0.05, ""PSI"": 0.0526, ""JER"": 0.0, ""BKA"": 0.0, ""DPR"": 0.0, ""LCA"": 0.0}","{""POI"": 1.0, ""NPO"": 0.5833, ""IMA"": 0.0, ""MSI"": 0.0, ""PSI"": 0.0, ""JER"": 0.0, ""BKA"": 0.0, ""DPR"": 0.0, ""LCA"": 0.0}","{""POI"": 1.0, ""NPO"": 0.1405, ""IMA"": 0.0, ""MSI"": 0.03, ""PSI"": 0.0316, ""JER"": 0.0, ""BKA"": 0.0, ""DPR"": 0.0, ""LCA"": 0.0}"
POI_poi_invoice_017.pdf,poi_invoice_017.pdf,INV-CDIP / EFDI Standard Commercial PO Template,POI,"FACT: Explicit PO-based vendor invoice with PO Number, Tax Invoice header, and GRN reference",1,710,POI,0.8158,True,10,phrase 'purchase order'; PO number pattern; invoice number pattern; phrase 'invoice number'; word 'invoice'; term 'GRN'; vendor/seller indicator; bill to/client indicator; phrase 'tax invoice'; term 'GSTIN',POI,1.0,True,6,[LAYOUT] Tax Invoice title located in document header region (p1: HEADER_TAX_INVOICE_TITLE); [LAYOUT] Invoice Number structured in header metadata band (p1: INVOICE_LABEL_VALUE_IN_HEADER); [LAYOUT] GSTIN / Tax ID tax registration in header band (p1: GSTIN_TAX_ID_IN_HEADER); [LAYOUT] Purchase Order reference structured in header metadata band (p1: PO_LABEL_VALUE_IN_HEADER); [LAYOUT] Goods Receipt Note (GRN) reference in header metadata (p1: GRN_REFERENCE_IN_HEADER); [LAYOUT] Co-occurrence of both Invoice Number and PO Number in metadata header (p1: POI_DUAL_INVOICE_AND_PO_HEADER),POI,1.0,True,16,[TEXT] phrase 'purchase order'; [TEXT] PO number pattern; [TEXT] invoice number pattern; [TEXT] phrase 'invoice number'; [TEXT] word 'invoice'; [TEXT] term 'GRN'; [TEXT] vendor/seller indicator; [TEXT] bill to/client indicator; [TEXT] phrase 'tax invoice'; [TEXT] term 'GSTIN'; [LAYOUT] Tax Invoice title located in document header region (p1: HEADER_TAX_INVOICE_TITLE); [LAYOUT] Invoice Number structured in header metadata band (p1: INVOICE_LABEL_VALUE_IN_HEADER); [LAYOUT] GSTIN / Tax ID tax registration in header band (p1: GSTIN_TAX_ID_IN_HEADER); [LAYOUT] Purchase Order reference structured in header metadata band (p1: PO_LABEL_VALUE_IN_HEADER); [LAYOUT] Goods Receipt Note (GRN) reference in header metadata (p1: GRN_REFERENCE_IN_HEADER); [LAYOUT] Co-occurrence of both Invoice Number and PO Number in metadata header (p1: POI_DUAL_INVOICE_AND_PO_HEADER),10,6,[TEXT] phrase 'purchase order'; [TEXT] PO number pattern; [TEXT] invoice number pattern; [TEXT] phrase 'invoice number'; [TEXT] word 'invoice'; [TEXT] term 'GRN'; [TEXT] vendor/seller indicator; [TEXT] bill to/client indicator; [TEXT] phrase 'tax invoice'; [TEXT] term 'GSTIN',[LAYOUT] Tax Invoice title located in document header region (p1: HEADER_TAX_INVOICE_TITLE); [LAYOUT] Invoice Number structured in header metadata band (p1: INVOICE_LABEL_VALUE_IN_HEADER); [LAYOUT] GSTIN / Tax ID tax registration in header band (p1: GSTIN_TAX_ID_IN_HEADER); [LAYOUT] Purchase Order reference structured in header metadata band (p1: PO_LABEL_VALUE_IN_HEADER); [LAYOUT] Goods Receipt Note (GRN) reference in header metadata (p1: GRN_REFERENCE_IN_HEADER); [LAYOUT] Co-occurrence of both Invoice Number and PO Number in metadata header (p1: POI_DUAL_INVOICE_AND_PO_HEADER),False,0.1842,"{""POI"": 0.8158, ""NPO"": 0.28, ""IMA"": 0.0, ""MSI"": 0.05, ""PSI"": 0.0526, ""JER"": 0.0, ""BKA"": 0.0, ""DPR"": 0.0, ""LCA"": 0.0}","{""POI"": 1.0, ""NPO"": 0.5833, ""IMA"": 0.0, ""MSI"": 0.0, ""PSI"": 0.0, ""JER"": 0.0, ""BKA"": 0.0, ""DPR"": 0.0, ""LCA"": 0.0}","{""POI"": 1.0, ""NPO"": 0.1405, ""IMA"": 0.0, ""MSI"": 0.03, ""PSI"": 0.0316, ""JER"": 0.0, ""BKA"": 0.0, ""DPR"": 0.0, ""LCA"": 0.0}"
POI_poi_invoice_018.pdf,poi_invoice_018.pdf,INV-CDIP / EFDI Standard Commercial PO Template,POI,"FACT: Explicit PO-based vendor invoice with PO Number, Tax Invoice header, and GRN reference",1,700,POI,0.8158,True,10,phrase 'purchase order'; PO number pattern; invoice number pattern; phrase 'invoice number'; word 'invoice'; term 'GRN'; vendor/seller indicator; bill to/client indicator; phrase 'tax invoice'; term 'GSTIN',POI,1.0,True,6,[LAYOUT] Tax Invoice title located in document header region (p1: HEADER_TAX_INVOICE_TITLE); [LAYOUT] Invoice Number structured in header metadata band (p1: INVOICE_LABEL_VALUE_IN_HEADER); [LAYOUT] GSTIN / Tax ID tax registration in header band (p1: GSTIN_TAX_ID_IN_HEADER); [LAYOUT] Purchase Order reference structured in header metadata band (p1: PO_LABEL_VALUE_IN_HEADER); [LAYOUT] Goods Receipt Note (GRN) reference in header metadata (p1: GRN_REFERENCE_IN_HEADER); [LAYOUT] Co-occurrence of both Invoice Number and PO Number in metadata header (p1: POI_DUAL_INVOICE_AND_PO_HEADER),POI,1.0,True,16,[TEXT] phrase 'purchase order'; [TEXT] PO number pattern; [TEXT] invoice number pattern; [TEXT] phrase 'invoice number'; [TEXT] word 'invoice'; [TEXT] term 'GRN'; [TEXT] vendor/seller indicator; [TEXT] bill to/client indicator; [TEXT] phrase 'tax invoice'; [TEXT] term 'GSTIN'; [LAYOUT] Tax Invoice title located in document header region (p1: HEADER_TAX_INVOICE_TITLE); [LAYOUT] Invoice Number structured in header metadata band (p1: INVOICE_LABEL_VALUE_IN_HEADER); [LAYOUT] GSTIN / Tax ID tax registration in header band (p1: GSTIN_TAX_ID_IN_HEADER); [LAYOUT] Purchase Order reference structured in header metadata band (p1: PO_LABEL_VALUE_IN_HEADER); [LAYOUT] Goods Receipt Note (GRN) reference in header metadata (p1: GRN_REFERENCE_IN_HEADER); [LAYOUT] Co-occurrence of both Invoice Number and PO Number in metadata header (p1: POI_DUAL_INVOICE_AND_PO_HEADER),10,6,[TEXT] phrase 'purchase order'; [TEXT] PO number pattern; [TEXT] invoice number pattern; [TEXT] phrase 'invoice number'; [TEXT] word 'invoice'; [TEXT] term 'GRN'; [TEXT] vendor/seller indicator; [TEXT] bill to/client indicator; [TEXT] phrase 'tax invoice'; [TEXT] term 'GSTIN',[LAYOUT] Tax Invoice title located in document header region (p1: HEADER_TAX_INVOICE_TITLE); [LAYOUT] Invoice Number structured in header metadata band (p1: INVOICE_LABEL_VALUE_IN_HEADER); [LAYOUT] GSTIN / Tax ID tax registration in header band (p1: GSTIN_TAX_ID_IN_HEADER); [LAYOUT] Purchase Order reference structured in header metadata band (p1: PO_LABEL_VALUE_IN_HEADER); [LAYOUT] Goods Receipt Note (GRN) reference in header metadata (p1: GRN_REFERENCE_IN_HEADER); [LAYOUT] Co-occurrence of both Invoice Number and PO Number in metadata header (p1: POI_DUAL_INVOICE_AND_PO_HEADER),False,0.1842,"{""POI"": 0.8158, ""NPO"": 0.28, ""IMA"": 0.0, ""MSI"": 0.05, ""PSI"": 0.0526, ""JER"": 0.0, ""BKA"": 0.0, ""DPR"": 0.0, ""LCA"": 0.0}","{""POI"": 1.0, ""NPO"": 0.5833, ""IMA"": 0.0, ""MSI"": 0.0, ""PSI"": 0.0, ""JER"": 0.0, ""BKA"": 0.0, ""DPR"": 0.0, ""LCA"": 0.0}","{""POI"": 1.0, ""NPO"": 0.1405, ""IMA"": 0.0, ""MSI"": 0.03, ""PSI"": 0.0316, ""JER"": 0.0, ""BKA"": 0.0, ""DPR"": 0.0, ""LCA"": 0.0}"
POI_poi_invoice_019.pdf,poi_invoice_019.pdf,INV-CDIP / EFDI Standard Commercial PO Template,POI,"FACT: Explicit PO-based vendor invoice with PO Number, Tax Invoice header, and GRN reference",1,708,POI,0.8158,True,10,phrase 'purchase order'; PO number pattern; invoice number pattern; phrase 'invoice number'; word 'invoice'; term 'GRN'; vendor/seller indicator; bill to/client indicator; phrase 'tax invoice'; term 'GSTIN',POI,1.0,True,6,[LAYOUT] Tax Invoice title located in document header region (p1: HEADER_TAX_INVOICE_TITLE); [LAYOUT] Invoice Number structured in header metadata band (p1: INVOICE_LABEL_VALUE_IN_HEADER); [LAYOUT] GSTIN / Tax ID tax registration in header band (p1: GSTIN_TAX_ID_IN_HEADER); [LAYOUT] Purchase Order reference structured in header metadata band (p1: PO_LABEL_VALUE_IN_HEADER); [LAYOUT] Goods Receipt Note (GRN) reference in header metadata (p1: GRN_REFERENCE_IN_HEADER); [LAYOUT] Co-occurrence of both Invoice Number and PO Number in metadata header (p1: POI_DUAL_INVOICE_AND_PO_HEADER),POI,1.0,True,16,[TEXT] phrase 'purchase order'; [TEXT] PO number pattern; [TEXT] invoice number pattern; [TEXT] phrase 'invoice number'; [TEXT] word 'invoice'; [TEXT] term 'GRN'; [TEXT] vendor/seller indicator; [TEXT] bill to/client indicator; [TEXT] phrase 'tax invoice'; [TEXT] term 'GSTIN'; [LAYOUT] Tax Invoice title located in document header region (p1: HEADER_TAX_INVOICE_TITLE); [LAYOUT] Invoice Number structured in header metadata band (p1: INVOICE_LABEL_VALUE_IN_HEADER); [LAYOUT] GSTIN / Tax ID tax registration in header band (p1: GSTIN_TAX_ID_IN_HEADER); [LAYOUT] Purchase Order reference structured in header metadata band (p1: PO_LABEL_VALUE_IN_HEADER); [LAYOUT] Goods Receipt Note (GRN) reference in header metadata (p1: GRN_REFERENCE_IN_HEADER); [LAYOUT] Co-occurrence of both Invoice Number and PO Number in metadata header (p1: POI_DUAL_INVOICE_AND_PO_HEADER),10,6,[TEXT] phrase 'purchase order'; [TEXT] PO number pattern; [TEXT] invoice number pattern; [TEXT] phrase 'invoice number'; [TEXT] word 'invoice'; [TEXT] term 'GRN'; [TEXT] vendor/seller indicator; [TEXT] bill to/client indicator; [TEXT] phrase 'tax invoice'; [TEXT] term 'GSTIN',[LAYOUT] Tax Invoice title located in document header region (p1: HEADER_TAX_INVOICE_TITLE); [LAYOUT] Invoice Number structured in header metadata band (p1: INVOICE_LABEL_VALUE_IN_HEADER); [LAYOUT] GSTIN / Tax ID tax registration in header band (p1: GSTIN_TAX_ID_IN_HEADER); [LAYOUT] Purchase Order reference structured in header metadata band (p1: PO_LABEL_VALUE_IN_HEADER); [LAYOUT] Goods Receipt Note (GRN) reference in header metadata (p1: GRN_REFERENCE_IN_HEADER); [LAYOUT] Co-occurrence of both Invoice Number and PO Number in metadata header (p1: POI_DUAL_INVOICE_AND_PO_HEADER),False,0.1842,"{""POI"": 0.8158, ""NPO"": 0.28, ""IMA"": 0.0, ""MSI"": 0.05, ""PSI"": 0.0526, ""JER"": 0.0, ""BKA"": 0.0, ""DPR"": 0.0, ""LCA"": 0.0}","{""POI"": 1.0, ""NPO"": 0.5833, ""IMA"": 0.0, ""MSI"": 0.0, ""PSI"": 0.0, ""JER"": 0.0, ""BKA"": 0.0, ""DPR"": 0.0, ""LCA"": 0.0}","{""POI"": 1.0, ""NPO"": 0.1405, ""IMA"": 0.0, ""MSI"": 0.03, ""PSI"": 0.0316, ""JER"": 0.0, ""BKA"": 0.0, ""DPR"": 0.0, ""LCA"": 0.0}"
POI_poi_invoice_020.pdf,poi_invoice_020.pdf,INV-CDIP / EFDI Standard Commercial PO Template,POI,"FACT: Explicit PO-based vendor invoice with PO Number, Tax Invoice header, and GRN reference",1,706,POI,0.8158,True,10,phrase 'purchase order'; PO number pattern; invoice number pattern; phrase 'invoice number'; word 'invoice'; term 'GRN'; vendor/seller indicator; bill to/client indicator; phrase 'tax invoice'; term 'GSTIN',POI,1.0,True,6,[LAYOUT] Tax Invoice title located in document header region (p1: HEADER_TAX_INVOICE_TITLE); [LAYOUT] Invoice Number structured in header metadata band (p1: INVOICE_LABEL_VALUE_IN_HEADER); [LAYOUT] GSTIN / Tax ID tax registration in header band (p1: GSTIN_TAX_ID_IN_HEADER); [LAYOUT] Purchase Order reference structured in header metadata band (p1: PO_LABEL_VALUE_IN_HEADER); [LAYOUT] Goods Receipt Note (GRN) reference in header metadata (p1: GRN_REFERENCE_IN_HEADER); [LAYOUT] Co-occurrence of both Invoice Number and PO Number in metadata header (p1: POI_DUAL_INVOICE_AND_PO_HEADER),POI,1.0,True,16,[TEXT] phrase 'purchase order'; [TEXT] PO number pattern; [TEXT] invoice number pattern; [TEXT] phrase 'invoice number'; [TEXT] word 'invoice'; [TEXT] term 'GRN'; [TEXT] vendor/seller indicator; [TEXT] bill to/client indicator; [TEXT] phrase 'tax invoice'; [TEXT] term 'GSTIN'; [LAYOUT] Tax Invoice title located in document header region (p1: HEADER_TAX_INVOICE_TITLE); [LAYOUT] Invoice Number structured in header metadata band (p1: INVOICE_LABEL_VALUE_IN_HEADER); [LAYOUT] GSTIN / Tax ID tax registration in header band (p1: GSTIN_TAX_ID_IN_HEADER); [LAYOUT] Purchase Order reference structured in header metadata band (p1: PO_LABEL_VALUE_IN_HEADER); [LAYOUT] Goods Receipt Note (GRN) reference in header metadata (p1: GRN_REFERENCE_IN_HEADER); [LAYOUT] Co-occurrence of both Invoice Number and PO Number in metadata header (p1: POI_DUAL_INVOICE_AND_PO_HEADER),10,6,[TEXT] phrase 'purchase order'; [TEXT] PO number pattern; [TEXT] invoice number pattern; [TEXT] phrase 'invoice number'; [TEXT] word 'invoice'; [TEXT] term 'GRN'; [TEXT] vendor/seller indicator; [TEXT] bill to/client indicator; [TEXT] phrase 'tax invoice'; [TEXT] term 'GSTIN',[LAYOUT] Tax Invoice title located in document header region (p1: HEADER_TAX_INVOICE_TITLE); [LAYOUT] Invoice Number structured in header metadata band (p1: INVOICE_LABEL_VALUE_IN_HEADER); [LAYOUT] GSTIN / Tax ID tax registration in header band (p1: GSTIN_TAX_ID_IN_HEADER); [LAYOUT] Purchase Order reference structured in header metadata band (p1: PO_LABEL_VALUE_IN_HEADER); [LAYOUT] Goods Receipt Note (GRN) reference in header metadata (p1: GRN_REFERENCE_IN_HEADER); [LAYOUT] Co-occurrence of both Invoice Number and PO Number in metadata header (p1: POI_DUAL_INVOICE_AND_PO_HEADER),False,0.1842,"{""POI"": 0.8158, ""NPO"": 0.28, ""IMA"": 0.0, ""MSI"": 0.05, ""PSI"": 0.0526, ""JER"": 0.0, ""BKA"": 0.0, ""DPR"": 0.0, ""LCA"": 0.0}","{""POI"": 1.0, ""NPO"": 0.5833, ""IMA"": 0.0, ""MSI"": 0.0, ""PSI"": 0.0, ""JER"": 0.0, ""BKA"": 0.0, ""DPR"": 0.0, ""LCA"": 0.0}","{""POI"": 1.0, ""NPO"": 0.1405, ""IMA"": 0.0, ""MSI"": 0.03, ""PSI"": 0.0316, ""JER"": 0.0, ""BKA"": 0.0, ""DPR"": 0.0, ""LCA"": 0.0}"
POI_poi_invoice_021.pdf,poi_invoice_021.pdf,INV-CDIP / EFDI Standard Commercial PO Template,POI,"FACT: Explicit PO-based vendor invoice with PO Number, Tax Invoice header, and GRN reference",1,715,POI,0.8158,True,10,phrase 'purchase order'; PO number pattern; invoice number pattern; phrase 'invoice number'; word 'invoice'; term 'GRN'; vendor/seller indicator; bill to/client indicator; phrase 'tax invoice'; term 'GSTIN',POI,1.0,True,6,[LAYOUT] Tax Invoice title located in document header region (p1: HEADER_TAX_INVOICE_TITLE); [LAYOUT] Invoice Number structured in header metadata band (p1: INVOICE_LABEL_VALUE_IN_HEADER); [LAYOUT] GSTIN / Tax ID tax registration in header band (p1: GSTIN_TAX_ID_IN_HEADER); [LAYOUT] Purchase Order reference structured in header metadata band (p1: PO_LABEL_VALUE_IN_HEADER); [LAYOUT] Goods Receipt Note (GRN) reference in header metadata (p1: GRN_REFERENCE_IN_HEADER); [LAYOUT] Co-occurrence of both Invoice Number and PO Number in metadata header (p1: POI_DUAL_INVOICE_AND_PO_HEADER),POI,1.0,True,16,[TEXT] phrase 'purchase order'; [TEXT] PO number pattern; [TEXT] invoice number pattern; [TEXT] phrase 'invoice number'; [TEXT] word 'invoice'; [TEXT] term 'GRN'; [TEXT] vendor/seller indicator; [TEXT] bill to/client indicator; [TEXT] phrase 'tax invoice'; [TEXT] term 'GSTIN'; [LAYOUT] Tax Invoice title located in document header region (p1: HEADER_TAX_INVOICE_TITLE); [LAYOUT] Invoice Number structured in header metadata band (p1: INVOICE_LABEL_VALUE_IN_HEADER); [LAYOUT] GSTIN / Tax ID tax registration in header band (p1: GSTIN_TAX_ID_IN_HEADER); [LAYOUT] Purchase Order reference structured in header metadata band (p1: PO_LABEL_VALUE_IN_HEADER); [LAYOUT] Goods Receipt Note (GRN) reference in header metadata (p1: GRN_REFERENCE_IN_HEADER); [LAYOUT] Co-occurrence of both Invoice Number and PO Number in metadata header (p1: POI_DUAL_INVOICE_AND_PO_HEADER),10,6,[TEXT] phrase 'purchase order'; [TEXT] PO number pattern; [TEXT] invoice number pattern; [TEXT] phrase 'invoice number'; [TEXT] word 'invoice'; [TEXT] term 'GRN'; [TEXT] vendor/seller indicator; [TEXT] bill to/client indicator; [TEXT] phrase 'tax invoice'; [TEXT] term 'GSTIN',[LAYOUT] Tax Invoice title located in document header region (p1: HEADER_TAX_INVOICE_TITLE); [LAYOUT] Invoice Number structured in header metadata band (p1: INVOICE_LABEL_VALUE_IN_HEADER); [LAYOUT] GSTIN / Tax ID tax registration in header band (p1: GSTIN_TAX_ID_IN_HEADER); [LAYOUT] Purchase Order reference structured in header metadata band (p1: PO_LABEL_VALUE_IN_HEADER); [LAYOUT] Goods Receipt Note (GRN) reference in header metadata (p1: GRN_REFERENCE_IN_HEADER); [LAYOUT] Co-occurrence of both Invoice Number and PO Number in metadata header (p1: POI_DUAL_INVOICE_AND_PO_HEADER),False,0.1842,"{""POI"": 0.8158, ""NPO"": 0.28, ""IMA"": 0.0, ""MSI"": 0.05, ""PSI"": 0.0526, ""JER"": 0.0, ""BKA"": 0.0, ""DPR"": 0.0, ""LCA"": 0.0}","{""POI"": 1.0, ""NPO"": 0.5833, ""IMA"": 0.0, ""MSI"": 0.0, ""PSI"": 0.0, ""JER"": 0.0, ""BKA"": 0.0, ""DPR"": 0.0, ""LCA"": 0.0}","{""POI"": 1.0, ""NPO"": 0.1405, ""IMA"": 0.0, ""MSI"": 0.03, ""PSI"": 0.0316, ""JER"": 0.0, ""BKA"": 0.0, ""DPR"": 0.0, ""LCA"": 0.0}"
POI_poi_invoice_022.pdf,poi_invoice_022.pdf,INV-CDIP / EFDI Standard Commercial PO Template,POI,"FACT: Explicit PO-based vendor invoice with PO Number, Tax Invoice header, and GRN reference",1,700,POI,0.8158,True,10,phrase 'purchase order'; PO number pattern; invoice number pattern; phrase 'invoice number'; word 'invoice'; term 'GRN'; vendor/seller indicator; bill to/client indicator; phrase 'tax invoice'; term 'GSTIN',POI,1.0,True,6,[LAYOUT] Tax Invoice title located in document header region (p1: HEADER_TAX_INVOICE_TITLE); [LAYOUT] Invoice Number structured in header metadata band (p1: INVOICE_LABEL_VALUE_IN_HEADER); [LAYOUT] GSTIN / Tax ID tax registration in header band (p1: GSTIN_TAX_ID_IN_HEADER); [LAYOUT] Purchase Order reference structured in header metadata band (p1: PO_LABEL_VALUE_IN_HEADER); [LAYOUT] Goods Receipt Note (GRN) reference in header metadata (p1: GRN_REFERENCE_IN_HEADER); [LAYOUT] Co-occurrence of both Invoice Number and PO Number in metadata header (p1: POI_DUAL_INVOICE_AND_PO_HEADER),POI,1.0,True,16,[TEXT] phrase 'purchase order'; [TEXT] PO number pattern; [TEXT] invoice number pattern; [TEXT] phrase 'invoice number'; [TEXT] word 'invoice'; [TEXT] term 'GRN'; [TEXT] vendor/seller indicator; [TEXT] bill to/client indicator; [TEXT] phrase 'tax invoice'; [TEXT] term 'GSTIN'; [LAYOUT] Tax Invoice title located in document header region (p1: HEADER_TAX_INVOICE_TITLE); [LAYOUT] Invoice Number structured in header metadata band (p1: INVOICE_LABEL_VALUE_IN_HEADER); [LAYOUT] GSTIN / Tax ID tax registration in header band (p1: GSTIN_TAX_ID_IN_HEADER); [LAYOUT] Purchase Order reference structured in header metadata band (p1: PO_LABEL_VALUE_IN_HEADER); [LAYOUT] Goods Receipt Note (GRN) reference in header metadata (p1: GRN_REFERENCE_IN_HEADER); [LAYOUT] Co-occurrence of both Invoice Number and PO Number in metadata header (p1: POI_DUAL_INVOICE_AND_PO_HEADER),10,6,[TEXT] phrase 'purchase order'; [TEXT] PO number pattern; [TEXT] invoice number pattern; [TEXT] phrase 'invoice number'; [TEXT] word 'invoice'; [TEXT] term 'GRN'; [TEXT] vendor/seller indicator; [TEXT] bill to/client indicator; [TEXT] phrase 'tax invoice'; [TEXT] term 'GSTIN',[LAYOUT] Tax Invoice title located in document header region (p1: HEADER_TAX_INVOICE_TITLE); [LAYOUT] Invoice Number structured in header metadata band (p1: INVOICE_LABEL_VALUE_IN_HEADER); [LAYOUT] GSTIN / Tax ID tax registration in header band (p1: GSTIN_TAX_ID_IN_HEADER); [LAYOUT] Purchase Order reference structured in header metadata band (p1: PO_LABEL_VALUE_IN_HEADER); [LAYOUT] Goods Receipt Note (GRN) reference in header metadata (p1: GRN_REFERENCE_IN_HEADER); [LAYOUT] Co-occurrence of both Invoice Number and PO Number in metadata header (p1: POI_DUAL_INVOICE_AND_PO_HEADER),False,0.1842,"{""POI"": 0.8158, ""NPO"": 0.28, ""IMA"": 0.0, ""MSI"": 0.05, ""PSI"": 0.0526, ""JER"": 0.0, ""BKA"": 0.0, ""DPR"": 0.0, ""LCA"": 0.0}","{""POI"": 1.0, ""NPO"": 0.5833, ""IMA"": 0.0, ""MSI"": 0.0, ""PSI"": 0.0, ""JER"": 0.0, ""BKA"": 0.0, ""DPR"": 0.0, ""LCA"": 0.0}","{""POI"": 1.0, ""NPO"": 0.1405, ""IMA"": 0.0, ""MSI"": 0.03, ""PSI"": 0.0316, ""JER"": 0.0, ""BKA"": 0.0, ""DPR"": 0.0, ""LCA"": 0.0}"
POI_poi_invoice_023.pdf,poi_invoice_023.pdf,INV-CDIP / EFDI Standard Commercial PO Template,POI,"FACT: Explicit PO-based vendor invoice with PO Number, Tax Invoice header, and GRN reference",1,701,POI,0.8158,True,10,phrase 'purchase order'; PO number pattern; invoice number pattern; phrase 'invoice number'; word 'invoice'; term 'GRN'; vendor/seller indicator; bill to/client indicator; phrase 'tax invoice'; term 'GSTIN',POI,1.0,True,6,[LAYOUT] Tax Invoice title located in document header region (p1: HEADER_TAX_INVOICE_TITLE); [LAYOUT] Invoice Number structured in header metadata band (p1: INVOICE_LABEL_VALUE_IN_HEADER); [LAYOUT] GSTIN / Tax ID tax registration in header band (p1: GSTIN_TAX_ID_IN_HEADER); [LAYOUT] Purchase Order reference structured in header metadata band (p1: PO_LABEL_VALUE_IN_HEADER); [LAYOUT] Goods Receipt Note (GRN) reference in header metadata (p1: GRN_REFERENCE_IN_HEADER); [LAYOUT] Co-occurrence of both Invoice Number and PO Number in metadata header (p1: POI_DUAL_INVOICE_AND_PO_HEADER),POI,1.0,True,16,[TEXT] phrase 'purchase order'; [TEXT] PO number pattern; [TEXT] invoice number pattern; [TEXT] phrase 'invoice number'; [TEXT] word 'invoice'; [TEXT] term 'GRN'; [TEXT] vendor/seller indicator; [TEXT] bill to/client indicator; [TEXT] phrase 'tax invoice'; [TEXT] term 'GSTIN'; [LAYOUT] Tax Invoice title located in document header region (p1: HEADER_TAX_INVOICE_TITLE); [LAYOUT] Invoice Number structured in header metadata band (p1: INVOICE_LABEL_VALUE_IN_HEADER); [LAYOUT] GSTIN / Tax ID tax registration in header band (p1: GSTIN_TAX_ID_IN_HEADER); [LAYOUT] Purchase Order reference structured in header metadata band (p1: PO_LABEL_VALUE_IN_HEADER); [LAYOUT] Goods Receipt Note (GRN) reference in header metadata (p1: GRN_REFERENCE_IN_HEADER); [LAYOUT] Co-occurrence of both Invoice Number and PO Number in metadata header (p1: POI_DUAL_INVOICE_AND_PO_HEADER),10,6,[TEXT] phrase 'purchase order'; [TEXT] PO number pattern; [TEXT] invoice number pattern; [TEXT] phrase 'invoice number'; [TEXT] word 'invoice'; [TEXT] term 'GRN'; [TEXT] vendor/seller indicator; [TEXT] bill to/client indicator; [TEXT] phrase 'tax invoice'; [TEXT] term 'GSTIN',[LAYOUT] Tax Invoice title located in document header region (p1: HEADER_TAX_INVOICE_TITLE); [LAYOUT] Invoice Number structured in header metadata band (p1: INVOICE_LABEL_VALUE_IN_HEADER); [LAYOUT] GSTIN / Tax ID tax registration in header band (p1: GSTIN_TAX_ID_IN_HEADER); [LAYOUT] Purchase Order reference structured in header metadata band (p1: PO_LABEL_VALUE_IN_HEADER); [LAYOUT] Goods Receipt Note (GRN) reference in header metadata (p1: GRN_REFERENCE_IN_HEADER); [LAYOUT] Co-occurrence of both Invoice Number and PO Number in metadata header (p1: POI_DUAL_INVOICE_AND_PO_HEADER),False,0.1842,"{""POI"": 0.8158, ""NPO"": 0.28, ""IMA"": 0.0, ""MSI"": 0.05, ""PSI"": 0.0526, ""JER"": 0.0, ""BKA"": 0.0, ""DPR"": 0.0, ""LCA"": 0.0}","{""POI"": 1.0, ""NPO"": 0.5833, ""IMA"": 0.0, ""MSI"": 0.0, ""PSI"": 0.0, ""JER"": 0.0, ""BKA"": 0.0, ""DPR"": 0.0, ""LCA"": 0.0}","{""POI"": 1.0, ""NPO"": 0.1405, ""IMA"": 0.0, ""MSI"": 0.03, ""PSI"": 0.0316, ""JER"": 0.0, ""BKA"": 0.0, ""DPR"": 0.0, ""LCA"": 0.0}"
POI_poi_invoice_024.pdf,poi_invoice_024.pdf,INV-CDIP / EFDI Standard Commercial PO Template,POI,"FACT: Explicit PO-based vendor invoice with PO Number, Tax Invoice header, and GRN reference",1,701,POI,0.8158,True,10,phrase 'purchase order'; PO number pattern; invoice number pattern; phrase 'invoice number'; word 'invoice'; term 'GRN'; vendor/seller indicator; bill to/client indicator; phrase 'tax invoice'; term 'GSTIN',POI,1.0,True,6,[LAYOUT] Tax Invoice title located in document header region (p1: HEADER_TAX_INVOICE_TITLE); [LAYOUT] Invoice Number structured in header metadata band (p1: INVOICE_LABEL_VALUE_IN_HEADER); [LAYOUT] GSTIN / Tax ID tax registration in header band (p1: GSTIN_TAX_ID_IN_HEADER); [LAYOUT] Purchase Order reference structured in header metadata band (p1: PO_LABEL_VALUE_IN_HEADER); [LAYOUT] Goods Receipt Note (GRN) reference in header metadata (p1: GRN_REFERENCE_IN_HEADER); [LAYOUT] Co-occurrence of both Invoice Number and PO Number in metadata header (p1: POI_DUAL_INVOICE_AND_PO_HEADER),POI,1.0,True,16,[TEXT] phrase 'purchase order'; [TEXT] PO number pattern; [TEXT] invoice number pattern; [TEXT] phrase 'invoice number'; [TEXT] word 'invoice'; [TEXT] term 'GRN'; [TEXT] vendor/seller indicator; [TEXT] bill to/client indicator; [TEXT] phrase 'tax invoice'; [TEXT] term 'GSTIN'; [LAYOUT] Tax Invoice title located in document header region (p1: HEADER_TAX_INVOICE_TITLE); [LAYOUT] Invoice Number structured in header metadata band (p1: INVOICE_LABEL_VALUE_IN_HEADER); [LAYOUT] GSTIN / Tax ID tax registration in header band (p1: GSTIN_TAX_ID_IN_HEADER); [LAYOUT] Purchase Order reference structured in header metadata band (p1: PO_LABEL_VALUE_IN_HEADER); [LAYOUT] Goods Receipt Note (GRN) reference in header metadata (p1: GRN_REFERENCE_IN_HEADER); [LAYOUT] Co-occurrence of both Invoice Number and PO Number in metadata header (p1: POI_DUAL_INVOICE_AND_PO_HEADER),10,6,[TEXT] phrase 'purchase order'; [TEXT] PO number pattern; [TEXT] invoice number pattern; [TEXT] phrase 'invoice number'; [TEXT] word 'invoice'; [TEXT] term 'GRN'; [TEXT] vendor/seller indicator; [TEXT] bill to/client indicator; [TEXT] phrase 'tax invoice'; [TEXT] term 'GSTIN',[LAYOUT] Tax Invoice title located in document header region (p1: HEADER_TAX_INVOICE_TITLE); [LAYOUT] Invoice Number structured in header metadata band (p1: INVOICE_LABEL_VALUE_IN_HEADER); [LAYOUT] GSTIN / Tax ID tax registration in header band (p1: GSTIN_TAX_ID_IN_HEADER); [LAYOUT] Purchase Order reference structured in header metadata band (p1: PO_LABEL_VALUE_IN_HEADER); [LAYOUT] Goods Receipt Note (GRN) reference in header metadata (p1: GRN_REFERENCE_IN_HEADER); [LAYOUT] Co-occurrence of both Invoice Number and PO Number in metadata header (p1: POI_DUAL_INVOICE_AND_PO_HEADER),False,0.1842,"{""POI"": 0.8158, ""NPO"": 0.28, ""IMA"": 0.0, ""MSI"": 0.05, ""PSI"": 0.0526, ""JER"": 0.0, ""BKA"": 0.0, ""DPR"": 0.0, ""LCA"": 0.0}","{""POI"": 1.0, ""NPO"": 0.5833, ""IMA"": 0.0, ""MSI"": 0.0, ""PSI"": 0.0, ""JER"": 0.0, ""BKA"": 0.0, ""DPR"": 0.0, ""LCA"": 0.0}","{""POI"": 1.0, ""NPO"": 0.1405, ""IMA"": 0.0, ""MSI"": 0.03, ""PSI"": 0.0316, ""JER"": 0.0, ""BKA"": 0.0, ""DPR"": 0.0, ""LCA"": 0.0}"
POI_poi_invoice_025.pdf,poi_invoice_025.pdf,INV-CDIP / EFDI Standard Commercial PO Template,POI,"FACT: Explicit PO-based vendor invoice with PO Number, Tax Invoice header, and GRN reference",1,706,POI,0.8158,True,10,phrase 'purchase order'; PO number pattern; invoice number pattern; phrase 'invoice number'; word 'invoice'; term 'GRN'; vendor/seller indicator; bill to/client indicator; phrase 'tax invoice'; term 'GSTIN',POI,1.0,True,6,[LAYOUT] Tax Invoice title located in document header region (p1: HEADER_TAX_INVOICE_TITLE); [LAYOUT] Invoice Number structured in header metadata band (p1: INVOICE_LABEL_VALUE_IN_HEADER); [LAYOUT] GSTIN / Tax ID tax registration in header band (p1: GSTIN_TAX_ID_IN_HEADER); [LAYOUT] Purchase Order reference structured in header metadata band (p1: PO_LABEL_VALUE_IN_HEADER); [LAYOUT] Goods Receipt Note (GRN) reference in header metadata (p1: GRN_REFERENCE_IN_HEADER); [LAYOUT] Co-occurrence of both Invoice Number and PO Number in metadata header (p1: POI_DUAL_INVOICE_AND_PO_HEADER),POI,1.0,True,16,[TEXT] phrase 'purchase order'; [TEXT] PO number pattern; [TEXT] invoice number pattern; [TEXT] phrase 'invoice number'; [TEXT] word 'invoice'; [TEXT] term 'GRN'; [TEXT] vendor/seller indicator; [TEXT] bill to/client indicator; [TEXT] phrase 'tax invoice'; [TEXT] term 'GSTIN'; [LAYOUT] Tax Invoice title located in document header region (p1: HEADER_TAX_INVOICE_TITLE); [LAYOUT] Invoice Number structured in header metadata band (p1: INVOICE_LABEL_VALUE_IN_HEADER); [LAYOUT] GSTIN / Tax ID tax registration in header band (p1: GSTIN_TAX_ID_IN_HEADER); [LAYOUT] Purchase Order reference structured in header metadata band (p1: PO_LABEL_VALUE_IN_HEADER); [LAYOUT] Goods Receipt Note (GRN) reference in header metadata (p1: GRN_REFERENCE_IN_HEADER); [LAYOUT] Co-occurrence of both Invoice Number and PO Number in metadata header (p1: POI_DUAL_INVOICE_AND_PO_HEADER),10,6,[TEXT] phrase 'purchase order'; [TEXT] PO number pattern; [TEXT] invoice number pattern; [TEXT] phrase 'invoice number'; [TEXT] word 'invoice'; [TEXT] term 'GRN'; [TEXT] vendor/seller indicator; [TEXT] bill to/client indicator; [TEXT] phrase 'tax invoice'; [TEXT] term 'GSTIN',[LAYOUT] Tax Invoice title located in document header region (p1: HEADER_TAX_INVOICE_TITLE); [LAYOUT] Invoice Number structured in header metadata band (p1: INVOICE_LABEL_VALUE_IN_HEADER); [LAYOUT] GSTIN / Tax ID tax registration in header band (p1: GSTIN_TAX_ID_IN_HEADER); [LAYOUT] Purchase Order reference structured in header metadata band (p1: PO_LABEL_VALUE_IN_HEADER); [LAYOUT] Goods Receipt Note (GRN) reference in header metadata (p1: GRN_REFERENCE_IN_HEADER); [LAYOUT] Co-occurrence of both Invoice Number and PO Number in metadata header (p1: POI_DUAL_INVOICE_AND_PO_HEADER),False,0.1842,"{""POI"": 0.8158, ""NPO"": 0.28, ""IMA"": 0.0, ""MSI"": 0.05, ""PSI"": 0.0526, ""JER"": 0.0, ""BKA"": 0.0, ""DPR"": 0.0, ""LCA"": 0.0}","{""POI"": 1.0, ""NPO"": 0.5833, ""IMA"": 0.0, ""MSI"": 0.0, ""PSI"": 0.0, ""JER"": 0.0, ""BKA"": 0.0, ""DPR"": 0.0, ""LCA"": 0.0}","{""POI"": 1.0, ""NPO"": 0.1405, ""IMA"": 0.0, ""MSI"": 0.03, ""PSI"": 0.0316, ""JER"": 0.0, ""BKA"": 0.0, ""DPR"": 0.0, ""LCA"": 0.0}"
POI_poi_invoice_026.pdf,poi_invoice_026.pdf,INV-CDIP / EFDI Standard Commercial PO Template,POI,"FACT: Explicit PO-based vendor invoice with PO Number, Tax Invoice header, and GRN reference",1,710,POI,0.8158,True,10,phrase 'purchase order'; PO number pattern; invoice number pattern; phrase 'invoice number'; word 'invoice'; term 'GRN'; vendor/seller indicator; bill to/client indicator; phrase 'tax invoice'; term 'GSTIN',POI,1.0,True,6,[LAYOUT] Tax Invoice title located in document header region (p1: HEADER_TAX_INVOICE_TITLE); [LAYOUT] Invoice Number structured in header metadata band (p1: INVOICE_LABEL_VALUE_IN_HEADER); [LAYOUT] GSTIN / Tax ID tax registration in header band (p1: GSTIN_TAX_ID_IN_HEADER); [LAYOUT] Purchase Order reference structured in header metadata band (p1: PO_LABEL_VALUE_IN_HEADER); [LAYOUT] Goods Receipt Note (GRN) reference in header metadata (p1: GRN_REFERENCE_IN_HEADER); [LAYOUT] Co-occurrence of both Invoice Number and PO Number in metadata header (p1: POI_DUAL_INVOICE_AND_PO_HEADER),POI,1.0,True,16,[TEXT] phrase 'purchase order'; [TEXT] PO number pattern; [TEXT] invoice number pattern; [TEXT] phrase 'invoice number'; [TEXT] word 'invoice'; [TEXT] term 'GRN'; [TEXT] vendor/seller indicator; [TEXT] bill to/client indicator; [TEXT] phrase 'tax invoice'; [TEXT] term 'GSTIN'; [LAYOUT] Tax Invoice title located in document header region (p1: HEADER_TAX_INVOICE_TITLE); [LAYOUT] Invoice Number structured in header metadata band (p1: INVOICE_LABEL_VALUE_IN_HEADER); [LAYOUT] GSTIN / Tax ID tax registration in header band (p1: GSTIN_TAX_ID_IN_HEADER); [LAYOUT] Purchase Order reference structured in header metadata band (p1: PO_LABEL_VALUE_IN_HEADER); [LAYOUT] Goods Receipt Note (GRN) reference in header metadata (p1: GRN_REFERENCE_IN_HEADER); [LAYOUT] Co-occurrence of both Invoice Number and PO Number in metadata header (p1: POI_DUAL_INVOICE_AND_PO_HEADER),10,6,[TEXT] phrase 'purchase order'; [TEXT] PO number pattern; [TEXT] invoice number pattern; [TEXT] phrase 'invoice number'; [TEXT] word 'invoice'; [TEXT] term 'GRN'; [TEXT] vendor/seller indicator; [TEXT] bill to/client indicator; [TEXT] phrase 'tax invoice'; [TEXT] term 'GSTIN',[LAYOUT] Tax Invoice title located in document header region (p1: HEADER_TAX_INVOICE_TITLE); [LAYOUT] Invoice Number structured in header metadata band (p1: INVOICE_LABEL_VALUE_IN_HEADER); [LAYOUT] GSTIN / Tax ID tax registration in header band (p1: GSTIN_TAX_ID_IN_HEADER); [LAYOUT] Purchase Order reference structured in header metadata band (p1: PO_LABEL_VALUE_IN_HEADER); [LAYOUT] Goods Receipt Note (GRN) reference in header metadata (p1: GRN_REFERENCE_IN_HEADER); [LAYOUT] Co-occurrence of both Invoice Number and PO Number in metadata header (p1: POI_DUAL_INVOICE_AND_PO_HEADER),False,0.1842,"{""POI"": 0.8158, ""NPO"": 0.28, ""IMA"": 0.0, ""MSI"": 0.05, ""PSI"": 0.0526, ""JER"": 0.0, ""BKA"": 0.0, ""DPR"": 0.0, ""LCA"": 0.0}","{""POI"": 1.0, ""NPO"": 0.5833, ""IMA"": 0.0, ""MSI"": 0.0, ""PSI"": 0.0, ""JER"": 0.0, ""BKA"": 0.0, ""DPR"": 0.0, ""LCA"": 0.0}","{""POI"": 1.0, ""NPO"": 0.1405, ""IMA"": 0.0, ""MSI"": 0.03, ""PSI"": 0.0316, ""JER"": 0.0, ""BKA"": 0.0, ""DPR"": 0.0, ""LCA"": 0.0}"
POI_poi_invoice_027.pdf,poi_invoice_027.pdf,INV-CDIP / EFDI Standard Commercial PO Template,POI,"FACT: Explicit PO-based vendor invoice with PO Number, Tax Invoice header, and GRN reference",1,709,POI,0.8158,True,10,phrase 'purchase order'; PO number pattern; invoice number pattern; phrase 'invoice number'; word 'invoice'; term 'GRN'; vendor/seller indicator; bill to/client indicator; phrase 'tax invoice'; term 'GSTIN',POI,1.0,True,6,[LAYOUT] Tax Invoice title located in document header region (p1: HEADER_TAX_INVOICE_TITLE); [LAYOUT] Invoice Number structured in header metadata band (p1: INVOICE_LABEL_VALUE_IN_HEADER); [LAYOUT] GSTIN / Tax ID tax registration in header band (p1: GSTIN_TAX_ID_IN_HEADER); [LAYOUT] Purchase Order reference structured in header metadata band (p1: PO_LABEL_VALUE_IN_HEADER); [LAYOUT] Goods Receipt Note (GRN) reference in header metadata (p1: GRN_REFERENCE_IN_HEADER); [LAYOUT] Co-occurrence of both Invoice Number and PO Number in metadata header (p1: POI_DUAL_INVOICE_AND_PO_HEADER),POI,1.0,True,16,[TEXT] phrase 'purchase order'; [TEXT] PO number pattern; [TEXT] invoice number pattern; [TEXT] phrase 'invoice number'; [TEXT] word 'invoice'; [TEXT] term 'GRN'; [TEXT] vendor/seller indicator; [TEXT] bill to/client indicator; [TEXT] phrase 'tax invoice'; [TEXT] term 'GSTIN'; [LAYOUT] Tax Invoice title located in document header region (p1: HEADER_TAX_INVOICE_TITLE); [LAYOUT] Invoice Number structured in header metadata band (p1: INVOICE_LABEL_VALUE_IN_HEADER); [LAYOUT] GSTIN / Tax ID tax registration in header band (p1: GSTIN_TAX_ID_IN_HEADER); [LAYOUT] Purchase Order reference structured in header metadata band (p1: PO_LABEL_VALUE_IN_HEADER); [LAYOUT] Goods Receipt Note (GRN) reference in header metadata (p1: GRN_REFERENCE_IN_HEADER); [LAYOUT] Co-occurrence of both Invoice Number and PO Number in metadata header (p1: POI_DUAL_INVOICE_AND_PO_HEADER),10,6,[TEXT] phrase 'purchase order'; [TEXT] PO number pattern; [TEXT] invoice number pattern; [TEXT] phrase 'invoice number'; [TEXT] word 'invoice'; [TEXT] term 'GRN'; [TEXT] vendor/seller indicator; [TEXT] bill to/client indicator; [TEXT] phrase 'tax invoice'; [TEXT] term 'GSTIN',[LAYOUT] Tax Invoice title located in document header region (p1: HEADER_TAX_INVOICE_TITLE); [LAYOUT] Invoice Number structured in header metadata band (p1: INVOICE_LABEL_VALUE_IN_HEADER); [LAYOUT] GSTIN / Tax ID tax registration in header band (p1: GSTIN_TAX_ID_IN_HEADER); [LAYOUT] Purchase Order reference structured in header metadata band (p1: PO_LABEL_VALUE_IN_HEADER); [LAYOUT] Goods Receipt Note (GRN) reference in header metadata (p1: GRN_REFERENCE_IN_HEADER); [LAYOUT] Co-occurrence of both Invoice Number and PO Number in metadata header (p1: POI_DUAL_INVOICE_AND_PO_HEADER),False,0.1842,"{""POI"": 0.8158, ""NPO"": 0.28, ""IMA"": 0.0, ""MSI"": 0.05, ""PSI"": 0.0526, ""JER"": 0.0, ""BKA"": 0.0, ""DPR"": 0.0, ""LCA"": 0.0}","{""POI"": 1.0, ""NPO"": 0.5833, ""IMA"": 0.0, ""MSI"": 0.0, ""PSI"": 0.0, ""JER"": 0.0, ""BKA"": 0.0, ""DPR"": 0.0, ""LCA"": 0.0}","{""POI"": 1.0, ""NPO"": 0.1405, ""IMA"": 0.0, ""MSI"": 0.03, ""PSI"": 0.0316, ""JER"": 0.0, ""BKA"": 0.0, ""DPR"": 0.0, ""LCA"": 0.0}"
POI_poi_invoice_028.pdf,poi_invoice_028.pdf,INV-CDIP / EFDI Standard Commercial PO Template,POI,"FACT: Explicit PO-based vendor invoice with PO Number, Tax Invoice header, and GRN reference",1,699,POI,0.8158,True,10,phrase 'purchase order'; PO number pattern; invoice number pattern; phrase 'invoice number'; word 'invoice'; term 'GRN'; vendor/seller indicator; bill to/client indicator; phrase 'tax invoice'; term 'GSTIN',POI,1.0,True,6,[LAYOUT] Tax Invoice title located in document header region (p1: HEADER_TAX_INVOICE_TITLE); [LAYOUT] Invoice Number structured in header metadata band (p1: INVOICE_LABEL_VALUE_IN_HEADER); [LAYOUT] GSTIN / Tax ID tax registration in header band (p1: GSTIN_TAX_ID_IN_HEADER); [LAYOUT] Purchase Order reference structured in header metadata band (p1: PO_LABEL_VALUE_IN_HEADER); [LAYOUT] Goods Receipt Note (GRN) reference in header metadata (p1: GRN_REFERENCE_IN_HEADER); [LAYOUT] Co-occurrence of both Invoice Number and PO Number in metadata header (p1: POI_DUAL_INVOICE_AND_PO_HEADER),POI,1.0,True,16,[TEXT] phrase 'purchase order'; [TEXT] PO number pattern; [TEXT] invoice number pattern; [TEXT] phrase 'invoice number'; [TEXT] word 'invoice'; [TEXT] term 'GRN'; [TEXT] vendor/seller indicator; [TEXT] bill to/client indicator; [TEXT] phrase 'tax invoice'; [TEXT] term 'GSTIN'; [LAYOUT] Tax Invoice title located in document header region (p1: HEADER_TAX_INVOICE_TITLE); [LAYOUT] Invoice Number structured in header metadata band (p1: INVOICE_LABEL_VALUE_IN_HEADER); [LAYOUT] GSTIN / Tax ID tax registration in header band (p1: GSTIN_TAX_ID_IN_HEADER); [LAYOUT] Purchase Order reference structured in header metadata band (p1: PO_LABEL_VALUE_IN_HEADER); [LAYOUT] Goods Receipt Note (GRN) reference in header metadata (p1: GRN_REFERENCE_IN_HEADER); [LAYOUT] Co-occurrence of both Invoice Number and PO Number in metadata header (p1: POI_DUAL_INVOICE_AND_PO_HEADER),10,6,[TEXT] phrase 'purchase order'; [TEXT] PO number pattern; [TEXT] invoice number pattern; [TEXT] phrase 'invoice number'; [TEXT] word 'invoice'; [TEXT] term 'GRN'; [TEXT] vendor/seller indicator; [TEXT] bill to/client indicator; [TEXT] phrase 'tax invoice'; [TEXT] term 'GSTIN',[LAYOUT] Tax Invoice title located in document header region (p1: HEADER_TAX_INVOICE_TITLE); [LAYOUT] Invoice Number structured in header metadata band (p1: INVOICE_LABEL_VALUE_IN_HEADER); [LAYOUT] GSTIN / Tax ID tax registration in header band (p1: GSTIN_TAX_ID_IN_HEADER); [LAYOUT] Purchase Order reference structured in header metadata band (p1: PO_LABEL_VALUE_IN_HEADER); [LAYOUT] Goods Receipt Note (GRN) reference in header metadata (p1: GRN_REFERENCE_IN_HEADER); [LAYOUT] Co-occurrence of both Invoice Number and PO Number in metadata header (p1: POI_DUAL_INVOICE_AND_PO_HEADER),False,0.1842,"{""POI"": 0.8158, ""NPO"": 0.28, ""IMA"": 0.0, ""MSI"": 0.05, ""PSI"": 0.0526, ""JER"": 0.0, ""BKA"": 0.0, ""DPR"": 0.0, ""LCA"": 0.0}","{""POI"": 1.0, ""NPO"": 0.5833, ""IMA"": 0.0, ""MSI"": 0.0, ""PSI"": 0.0, ""JER"": 0.0, ""BKA"": 0.0, ""DPR"": 0.0, ""LCA"": 0.0}","{""POI"": 1.0, ""NPO"": 0.1405, ""IMA"": 0.0, ""MSI"": 0.03, ""PSI"": 0.0316, ""JER"": 0.0, ""BKA"": 0.0, ""DPR"": 0.0, ""LCA"": 0.0}"
POI_poi_invoice_029.pdf,poi_invoice_029.pdf,INV-CDIP / EFDI Standard Commercial PO Template,POI,"FACT: Explicit PO-based vendor invoice with PO Number, Tax Invoice header, and GRN reference",1,714,POI,0.8158,True,10,phrase 'purchase order'; PO number pattern; invoice number pattern; phrase 'invoice number'; word 'invoice'; term 'GRN'; vendor/seller indicator; bill to/client indicator; phrase 'tax invoice'; term 'GSTIN',POI,1.0,True,6,[LAYOUT] Tax Invoice title located in document header region (p1: HEADER_TAX_INVOICE_TITLE); [LAYOUT] Invoice Number structured in header metadata band (p1: INVOICE_LABEL_VALUE_IN_HEADER); [LAYOUT] GSTIN / Tax ID tax registration in header band (p1: GSTIN_TAX_ID_IN_HEADER); [LAYOUT] Purchase Order reference structured in header metadata band (p1: PO_LABEL_VALUE_IN_HEADER); [LAYOUT] Goods Receipt Note (GRN) reference in header metadata (p1: GRN_REFERENCE_IN_HEADER); [LAYOUT] Co-occurrence of both Invoice Number and PO Number in metadata header (p1: POI_DUAL_INVOICE_AND_PO_HEADER),POI,1.0,True,16,[TEXT] phrase 'purchase order'; [TEXT] PO number pattern; [TEXT] invoice number pattern; [TEXT] phrase 'invoice number'; [TEXT] word 'invoice'; [TEXT] term 'GRN'; [TEXT] vendor/seller indicator; [TEXT] bill to/client indicator; [TEXT] phrase 'tax invoice'; [TEXT] term 'GSTIN'; [LAYOUT] Tax Invoice title located in document header region (p1: HEADER_TAX_INVOICE_TITLE); [LAYOUT] Invoice Number structured in header metadata band (p1: INVOICE_LABEL_VALUE_IN_HEADER); [LAYOUT] GSTIN / Tax ID tax registration in header band (p1: GSTIN_TAX_ID_IN_HEADER); [LAYOUT] Purchase Order reference structured in header metadata band (p1: PO_LABEL_VALUE_IN_HEADER); [LAYOUT] Goods Receipt Note (GRN) reference in header metadata (p1: GRN_REFERENCE_IN_HEADER); [LAYOUT] Co-occurrence of both Invoice Number and PO Number in metadata header (p1: POI_DUAL_INVOICE_AND_PO_HEADER),10,6,[TEXT] phrase 'purchase order'; [TEXT] PO number pattern; [TEXT] invoice number pattern; [TEXT] phrase 'invoice number'; [TEXT] word 'invoice'; [TEXT] term 'GRN'; [TEXT] vendor/seller indicator; [TEXT] bill to/client indicator; [TEXT] phrase 'tax invoice'; [TEXT] term 'GSTIN',[LAYOUT] Tax Invoice title located in document header region (p1: HEADER_TAX_INVOICE_TITLE); [LAYOUT] Invoice Number structured in header metadata band (p1: INVOICE_LABEL_VALUE_IN_HEADER); [LAYOUT] GSTIN / Tax ID tax registration in header band (p1: GSTIN_TAX_ID_IN_HEADER); [LAYOUT] Purchase Order reference structured in header metadata band (p1: PO_LABEL_VALUE_IN_HEADER); [LAYOUT] Goods Receipt Note (GRN) reference in header metadata (p1: GRN_REFERENCE_IN_HEADER); [LAYOUT] Co-occurrence of both Invoice Number and PO Number in metadata header (p1: POI_DUAL_INVOICE_AND_PO_HEADER),False,0.1842,"{""POI"": 0.8158, ""NPO"": 0.28, ""IMA"": 0.0, ""MSI"": 0.05, ""PSI"": 0.0526, ""JER"": 0.0, ""BKA"": 0.0, ""DPR"": 0.0, ""LCA"": 0.0}","{""POI"": 1.0, ""NPO"": 0.5833, ""IMA"": 0.0, ""MSI"": 0.0, ""PSI"": 0.0, ""JER"": 0.0, ""BKA"": 0.0, ""DPR"": 0.0, ""LCA"": 0.0}","{""POI"": 1.0, ""NPO"": 0.1405, ""IMA"": 0.0, ""MSI"": 0.03, ""PSI"": 0.0316, ""JER"": 0.0, ""BKA"": 0.0, ""DPR"": 0.0, ""LCA"": 0.0}"
POI_poi_invoice_030.pdf,poi_invoice_030.pdf,INV-CDIP / EFDI Standard Commercial PO Template,POI,"FACT: Explicit PO-based vendor invoice with PO Number, Tax Invoice header, and GRN reference",1,701,POI,0.8158,True,10,phrase 'purchase order'; PO number pattern; invoice number pattern; phrase 'invoice number'; word 'invoice'; term 'GRN'; vendor/seller indicator; bill to/client indicator; phrase 'tax invoice'; term 'GSTIN',POI,1.0,True,6,[LAYOUT] Tax Invoice title located in document header region (p1: HEADER_TAX_INVOICE_TITLE); [LAYOUT] Invoice Number structured in header metadata band (p1: INVOICE_LABEL_VALUE_IN_HEADER); [LAYOUT] GSTIN / Tax ID tax registration in header band (p1: GSTIN_TAX_ID_IN_HEADER); [LAYOUT] Purchase Order reference structured in header metadata band (p1: PO_LABEL_VALUE_IN_HEADER); [LAYOUT] Goods Receipt Note (GRN) reference in header metadata (p1: GRN_REFERENCE_IN_HEADER); [LAYOUT] Co-occurrence of both Invoice Number and PO Number in metadata header (p1: POI_DUAL_INVOICE_AND_PO_HEADER),POI,1.0,True,16,[TEXT] phrase 'purchase order'; [TEXT] PO number pattern; [TEXT] invoice number pattern; [TEXT] phrase 'invoice number'; [TEXT] word 'invoice'; [TEXT] term 'GRN'; [TEXT] vendor/seller indicator; [TEXT] bill to/client indicator; [TEXT] phrase 'tax invoice'; [TEXT] term 'GSTIN'; [LAYOUT] Tax Invoice title located in document header region (p1: HEADER_TAX_INVOICE_TITLE); [LAYOUT] Invoice Number structured in header metadata band (p1: INVOICE_LABEL_VALUE_IN_HEADER); [LAYOUT] GSTIN / Tax ID tax registration in header band (p1: GSTIN_TAX_ID_IN_HEADER); [LAYOUT] Purchase Order reference structured in header metadata band (p1: PO_LABEL_VALUE_IN_HEADER); [LAYOUT] Goods Receipt Note (GRN) reference in header metadata (p1: GRN_REFERENCE_IN_HEADER); [LAYOUT] Co-occurrence of both Invoice Number and PO Number in metadata header (p1: POI_DUAL_INVOICE_AND_PO_HEADER),10,6,[TEXT] phrase 'purchase order'; [TEXT] PO number pattern; [TEXT] invoice number pattern; [TEXT] phrase 'invoice number'; [TEXT] word 'invoice'; [TEXT] term 'GRN'; [TEXT] vendor/seller indicator; [TEXT] bill to/client indicator; [TEXT] phrase 'tax invoice'; [TEXT] term 'GSTIN',[LAYOUT] Tax Invoice title located in document header region (p1: HEADER_TAX_INVOICE_TITLE); [LAYOUT] Invoice Number structured in header metadata band (p1: INVOICE_LABEL_VALUE_IN_HEADER); [LAYOUT] GSTIN / Tax ID tax registration in header band (p1: GSTIN_TAX_ID_IN_HEADER); [LAYOUT] Purchase Order reference structured in header metadata band (p1: PO_LABEL_VALUE_IN_HEADER); [LAYOUT] Goods Receipt Note (GRN) reference in header metadata (p1: GRN_REFERENCE_IN_HEADER); [LAYOUT] Co-occurrence of both Invoice Number and PO Number in metadata header (p1: POI_DUAL_INVOICE_AND_PO_HEADER),False,0.1842,"{""POI"": 0.8158, ""NPO"": 0.28, ""IMA"": 0.0, ""MSI"": 0.05, ""PSI"": 0.0526, ""JER"": 0.0, ""BKA"": 0.0, ""DPR"": 0.0, ""LCA"": 0.0}","{""POI"": 1.0, ""NPO"": 0.5833, ""IMA"": 0.0, ""MSI"": 0.0, ""PSI"": 0.0, ""JER"": 0.0, ""BKA"": 0.0, ""DPR"": 0.0, ""LCA"": 0.0}","{""POI"": 1.0, ""NPO"": 0.1405, ""IMA"": 0.0, ""MSI"": 0.03, ""PSI"": 0.0316, ""JER"": 0.0, ""BKA"": 0.0, ""DPR"": 0.0, ""LCA"": 0.0}"
POI_poi_invoice_031.pdf,poi_invoice_031.pdf,INV-CDIP / EFDI Standard Commercial PO Template,POI,"FACT: Explicit PO-based vendor invoice with PO Number, Tax Invoice header, and GRN reference",1,709,POI,0.8158,True,10,phrase 'purchase order'; PO number pattern; invoice number pattern; phrase 'invoice number'; word 'invoice'; term 'GRN'; vendor/seller indicator; bill to/client indicator; phrase 'tax invoice'; term 'GSTIN',POI,1.0,True,6,[LAYOUT] Tax Invoice title located in document header region (p1: HEADER_TAX_INVOICE_TITLE); [LAYOUT] Invoice Number structured in header metadata band (p1: INVOICE_LABEL_VALUE_IN_HEADER); [LAYOUT] GSTIN / Tax ID tax registration in header band (p1: GSTIN_TAX_ID_IN_HEADER); [LAYOUT] Purchase Order reference structured in header metadata band (p1: PO_LABEL_VALUE_IN_HEADER); [LAYOUT] Goods Receipt Note (GRN) reference in header metadata (p1: GRN_REFERENCE_IN_HEADER); [LAYOUT] Co-occurrence of both Invoice Number and PO Number in metadata header (p1: POI_DUAL_INVOICE_AND_PO_HEADER),POI,1.0,True,16,[TEXT] phrase 'purchase order'; [TEXT] PO number pattern; [TEXT] invoice number pattern; [TEXT] phrase 'invoice number'; [TEXT] word 'invoice'; [TEXT] term 'GRN'; [TEXT] vendor/seller indicator; [TEXT] bill to/client indicator; [TEXT] phrase 'tax invoice'; [TEXT] term 'GSTIN'; [LAYOUT] Tax Invoice title located in document header region (p1: HEADER_TAX_INVOICE_TITLE); [LAYOUT] Invoice Number structured in header metadata band (p1: INVOICE_LABEL_VALUE_IN_HEADER); [LAYOUT] GSTIN / Tax ID tax registration in header band (p1: GSTIN_TAX_ID_IN_HEADER); [LAYOUT] Purchase Order reference structured in header metadata band (p1: PO_LABEL_VALUE_IN_HEADER); [LAYOUT] Goods Receipt Note (GRN) reference in header metadata (p1: GRN_REFERENCE_IN_HEADER); [LAYOUT] Co-occurrence of both Invoice Number and PO Number in metadata header (p1: POI_DUAL_INVOICE_AND_PO_HEADER),10,6,[TEXT] phrase 'purchase order'; [TEXT] PO number pattern; [TEXT] invoice number pattern; [TEXT] phrase 'invoice number'; [TEXT] word 'invoice'; [TEXT] term 'GRN'; [TEXT] vendor/seller indicator; [TEXT] bill to/client indicator; [TEXT] phrase 'tax invoice'; [TEXT] term 'GSTIN',[LAYOUT] Tax Invoice title located in document header region (p1: HEADER_TAX_INVOICE_TITLE); [LAYOUT] Invoice Number structured in header metadata band (p1: INVOICE_LABEL_VALUE_IN_HEADER); [LAYOUT] GSTIN / Tax ID tax registration in header band (p1: GSTIN_TAX_ID_IN_HEADER); [LAYOUT] Purchase Order reference structured in header metadata band (p1: PO_LABEL_VALUE_IN_HEADER); [LAYOUT] Goods Receipt Note (GRN) reference in header metadata (p1: GRN_REFERENCE_IN_HEADER); [LAYOUT] Co-occurrence of both Invoice Number and PO Number in metadata header (p1: POI_DUAL_INVOICE_AND_PO_HEADER),False,0.1842,"{""POI"": 0.8158, ""NPO"": 0.28, ""IMA"": 0.0, ""MSI"": 0.05, ""PSI"": 0.0526, ""JER"": 0.0, ""BKA"": 0.0, ""DPR"": 0.0, ""LCA"": 0.0}","{""POI"": 1.0, ""NPO"": 0.5833, ""IMA"": 0.0, ""MSI"": 0.0, ""PSI"": 0.0, ""JER"": 0.0, ""BKA"": 0.0, ""DPR"": 0.0, ""LCA"": 0.0}","{""POI"": 1.0, ""NPO"": 0.1405, ""IMA"": 0.0, ""MSI"": 0.03, ""PSI"": 0.0316, ""JER"": 0.0, ""BKA"": 0.0, ""DPR"": 0.0, ""LCA"": 0.0}"
POI_poi_invoice_032.pdf,poi_invoice_032.pdf,INV-CDIP / EFDI Standard Commercial PO Template,POI,"FACT: Explicit PO-based vendor invoice with PO Number, Tax Invoice header, and GRN reference",1,698,POI,0.8158,True,10,phrase 'purchase order'; PO number pattern; invoice number pattern; phrase 'invoice number'; word 'invoice'; term 'GRN'; vendor/seller indicator; bill to/client indicator; phrase 'tax invoice'; term 'GSTIN',POI,1.0,True,6,[LAYOUT] Tax Invoice title located in document header region (p1: HEADER_TAX_INVOICE_TITLE); [LAYOUT] Invoice Number structured in header metadata band (p1: INVOICE_LABEL_VALUE_IN_HEADER); [LAYOUT] GSTIN / Tax ID tax registration in header band (p1: GSTIN_TAX_ID_IN_HEADER); [LAYOUT] Purchase Order reference structured in header metadata band (p1: PO_LABEL_VALUE_IN_HEADER); [LAYOUT] Goods Receipt Note (GRN) reference in header metadata (p1: GRN_REFERENCE_IN_HEADER); [LAYOUT] Co-occurrence of both Invoice Number and PO Number in metadata header (p1: POI_DUAL_INVOICE_AND_PO_HEADER),POI,1.0,True,16,[TEXT] phrase 'purchase order'; [TEXT] PO number pattern; [TEXT] invoice number pattern; [TEXT] phrase 'invoice number'; [TEXT] word 'invoice'; [TEXT] term 'GRN'; [TEXT] vendor/seller indicator; [TEXT] bill to/client indicator; [TEXT] phrase 'tax invoice'; [TEXT] term 'GSTIN'; [LAYOUT] Tax Invoice title located in document header region (p1: HEADER_TAX_INVOICE_TITLE); [LAYOUT] Invoice Number structured in header metadata band (p1: INVOICE_LABEL_VALUE_IN_HEADER); [LAYOUT] GSTIN / Tax ID tax registration in header band (p1: GSTIN_TAX_ID_IN_HEADER); [LAYOUT] Purchase Order reference structured in header metadata band (p1: PO_LABEL_VALUE_IN_HEADER); [LAYOUT] Goods Receipt Note (GRN) reference in header metadata (p1: GRN_REFERENCE_IN_HEADER); [LAYOUT] Co-occurrence of both Invoice Number and PO Number in metadata header (p1: POI_DUAL_INVOICE_AND_PO_HEADER),10,6,[TEXT] phrase 'purchase order'; [TEXT] PO number pattern; [TEXT] invoice number pattern; [TEXT] phrase 'invoice number'; [TEXT] word 'invoice'; [TEXT] term 'GRN'; [TEXT] vendor/seller indicator; [TEXT] bill to/client indicator; [TEXT] phrase 'tax invoice'; [TEXT] term 'GSTIN',[LAYOUT] Tax Invoice title located in document header region (p1: HEADER_TAX_INVOICE_TITLE); [LAYOUT] Invoice Number structured in header metadata band (p1: INVOICE_LABEL_VALUE_IN_HEADER); [LAYOUT] GSTIN / Tax ID tax registration in header band (p1: GSTIN_TAX_ID_IN_HEADER); [LAYOUT] Purchase Order reference structured in header metadata band (p1: PO_LABEL_VALUE_IN_HEADER); [LAYOUT] Goods Receipt Note (GRN) reference in header metadata (p1: GRN_REFERENCE_IN_HEADER); [LAYOUT] Co-occurrence of both Invoice Number and PO Number in metadata header (p1: POI_DUAL_INVOICE_AND_PO_HEADER),False,0.1842,"{""POI"": 0.8158, ""NPO"": 0.28, ""IMA"": 0.0, ""MSI"": 0.05, ""PSI"": 0.0526, ""JER"": 0.0, ""BKA"": 0.0, ""DPR"": 0.0, ""LCA"": 0.0}","{""POI"": 1.0, ""NPO"": 0.5833, ""IMA"": 0.0, ""MSI"": 0.0, ""PSI"": 0.0, ""JER"": 0.0, ""BKA"": 0.0, ""DPR"": 0.0, ""LCA"": 0.0}","{""POI"": 1.0, ""NPO"": 0.1405, ""IMA"": 0.0, ""MSI"": 0.03, ""PSI"": 0.0316, ""JER"": 0.0, ""BKA"": 0.0, ""DPR"": 0.0, ""LCA"": 0.0}"
POI_poi_invoice_033.pdf,poi_invoice_033.pdf,INV-CDIP / EFDI Standard Commercial PO Template,POI,"FACT: Explicit PO-based vendor invoice with PO Number, Tax Invoice header, and GRN reference",1,700,POI,0.8158,True,10,phrase 'purchase order'; PO number pattern; invoice number pattern; phrase 'invoice number'; word 'invoice'; term 'GRN'; vendor/seller indicator; bill to/client indicator; phrase 'tax invoice'; term 'GSTIN',POI,1.0,True,6,[LAYOUT] Tax Invoice title located in document header region (p1: HEADER_TAX_INVOICE_TITLE); [LAYOUT] Invoice Number structured in header metadata band (p1: INVOICE_LABEL_VALUE_IN_HEADER); [LAYOUT] GSTIN / Tax ID tax registration in header band (p1: GSTIN_TAX_ID_IN_HEADER); [LAYOUT] Purchase Order reference structured in header metadata band (p1: PO_LABEL_VALUE_IN_HEADER); [LAYOUT] Goods Receipt Note (GRN) reference in header metadata (p1: GRN_REFERENCE_IN_HEADER); [LAYOUT] Co-occurrence of both Invoice Number and PO Number in metadata header (p1: POI_DUAL_INVOICE_AND_PO_HEADER),POI,1.0,True,16,[TEXT] phrase 'purchase order'; [TEXT] PO number pattern; [TEXT] invoice number pattern; [TEXT] phrase 'invoice number'; [TEXT] word 'invoice'; [TEXT] term 'GRN'; [TEXT] vendor/seller indicator; [TEXT] bill to/client indicator; [TEXT] phrase 'tax invoice'; [TEXT] term 'GSTIN'; [LAYOUT] Tax Invoice title located in document header region (p1: HEADER_TAX_INVOICE_TITLE); [LAYOUT] Invoice Number structured in header metadata band (p1: INVOICE_LABEL_VALUE_IN_HEADER); [LAYOUT] GSTIN / Tax ID tax registration in header band (p1: GSTIN_TAX_ID_IN_HEADER); [LAYOUT] Purchase Order reference structured in header metadata band (p1: PO_LABEL_VALUE_IN_HEADER); [LAYOUT] Goods Receipt Note (GRN) reference in header metadata (p1: GRN_REFERENCE_IN_HEADER); [LAYOUT] Co-occurrence of both Invoice Number and PO Number in metadata header (p1: POI_DUAL_INVOICE_AND_PO_HEADER),10,6,[TEXT] phrase 'purchase order'; [TEXT] PO number pattern; [TEXT] invoice number pattern; [TEXT] phrase 'invoice number'; [TEXT] word 'invoice'; [TEXT] term 'GRN'; [TEXT] vendor/seller indicator; [TEXT] bill to/client indicator; [TEXT] phrase 'tax invoice'; [TEXT] term 'GSTIN',[LAYOUT] Tax Invoice title located in document header region (p1: HEADER_TAX_INVOICE_TITLE); [LAYOUT] Invoice Number structured in header metadata band (p1: INVOICE_LABEL_VALUE_IN_HEADER); [LAYOUT] GSTIN / Tax ID tax registration in header band (p1: GSTIN_TAX_ID_IN_HEADER); [LAYOUT] Purchase Order reference structured in header metadata band (p1: PO_LABEL_VALUE_IN_HEADER); [LAYOUT] Goods Receipt Note (GRN) reference in header metadata (p1: GRN_REFERENCE_IN_HEADER); [LAYOUT] Co-occurrence of both Invoice Number and PO Number in metadata header (p1: POI_DUAL_INVOICE_AND_PO_HEADER),False,0.1842,"{""POI"": 0.8158, ""NPO"": 0.28, ""IMA"": 0.0, ""MSI"": 0.05, ""PSI"": 0.0526, ""JER"": 0.0, ""BKA"": 0.0, ""DPR"": 0.0, ""LCA"": 0.0}","{""POI"": 1.0, ""NPO"": 0.5833, ""IMA"": 0.0, ""MSI"": 0.0, ""PSI"": 0.0, ""JER"": 0.0, ""BKA"": 0.0, ""DPR"": 0.0, ""LCA"": 0.0}","{""POI"": 1.0, ""NPO"": 0.1405, ""IMA"": 0.0, ""MSI"": 0.03, ""PSI"": 0.0316, ""JER"": 0.0, ""BKA"": 0.0, ""DPR"": 0.0, ""LCA"": 0.0}"
POI_poi_invoice_034.pdf,poi_invoice_034.pdf,INV-CDIP / EFDI Standard Commercial PO Template,POI,"FACT: Explicit PO-based vendor invoice with PO Number, Tax Invoice header, and GRN reference",1,711,POI,0.8158,True,10,phrase 'purchase order'; PO number pattern; invoice number pattern; phrase 'invoice number'; word 'invoice'; term 'GRN'; vendor/seller indicator; bill to/client indicator; phrase 'tax invoice'; term 'GSTIN',POI,1.0,True,6,[LAYOUT] Tax Invoice title located in document header region (p1: HEADER_TAX_INVOICE_TITLE); [LAYOUT] Invoice Number structured in header metadata band (p1: INVOICE_LABEL_VALUE_IN_HEADER); [LAYOUT] GSTIN / Tax ID tax registration in header band (p1: GSTIN_TAX_ID_IN_HEADER); [LAYOUT] Purchase Order reference structured in header metadata band (p1: PO_LABEL_VALUE_IN_HEADER); [LAYOUT] Goods Receipt Note (GRN) reference in header metadata (p1: GRN_REFERENCE_IN_HEADER); [LAYOUT] Co-occurrence of both Invoice Number and PO Number in metadata header (p1: POI_DUAL_INVOICE_AND_PO_HEADER),POI,1.0,True,16,[TEXT] phrase 'purchase order'; [TEXT] PO number pattern; [TEXT] invoice number pattern; [TEXT] phrase 'invoice number'; [TEXT] word 'invoice'; [TEXT] term 'GRN'; [TEXT] vendor/seller indicator; [TEXT] bill to/client indicator; [TEXT] phrase 'tax invoice'; [TEXT] term 'GSTIN'; [LAYOUT] Tax Invoice title located in document header region (p1: HEADER_TAX_INVOICE_TITLE); [LAYOUT] Invoice Number structured in header metadata band (p1: INVOICE_LABEL_VALUE_IN_HEADER); [LAYOUT] GSTIN / Tax ID tax registration in header band (p1: GSTIN_TAX_ID_IN_HEADER); [LAYOUT] Purchase Order reference structured in header metadata band (p1: PO_LABEL_VALUE_IN_HEADER); [LAYOUT] Goods Receipt Note (GRN) reference in header metadata (p1: GRN_REFERENCE_IN_HEADER); [LAYOUT] Co-occurrence of both Invoice Number and PO Number in metadata header (p1: POI_DUAL_INVOICE_AND_PO_HEADER),10,6,[TEXT] phrase 'purchase order'; [TEXT] PO number pattern; [TEXT] invoice number pattern; [TEXT] phrase 'invoice number'; [TEXT] word 'invoice'; [TEXT] term 'GRN'; [TEXT] vendor/seller indicator; [TEXT] bill to/client indicator; [TEXT] phrase 'tax invoice'; [TEXT] term 'GSTIN',[LAYOUT] Tax Invoice title located in document header region (p1: HEADER_TAX_INVOICE_TITLE); [LAYOUT] Invoice Number structured in header metadata band (p1: INVOICE_LABEL_VALUE_IN_HEADER); [LAYOUT] GSTIN / Tax ID tax registration in header band (p1: GSTIN_TAX_ID_IN_HEADER); [LAYOUT] Purchase Order reference structured in header metadata band (p1: PO_LABEL_VALUE_IN_HEADER); [LAYOUT] Goods Receipt Note (GRN) reference in header metadata (p1: GRN_REFERENCE_IN_HEADER); [LAYOUT] Co-occurrence of both Invoice Number and PO Number in metadata header (p1: POI_DUAL_INVOICE_AND_PO_HEADER),False,0.1842,"{""POI"": 0.8158, ""NPO"": 0.28, ""IMA"": 0.0, ""MSI"": 0.05, ""PSI"": 0.0526, ""JER"": 0.0, ""BKA"": 0.0, ""DPR"": 0.0, ""LCA"": 0.0}","{""POI"": 1.0, ""NPO"": 0.5833, ""IMA"": 0.0, ""MSI"": 0.0, ""PSI"": 0.0, ""JER"": 0.0, ""BKA"": 0.0, ""DPR"": 0.0, ""LCA"": 0.0}","{""POI"": 1.0, ""NPO"": 0.1405, ""IMA"": 0.0, ""MSI"": 0.03, ""PSI"": 0.0316, ""JER"": 0.0, ""BKA"": 0.0, ""DPR"": 0.0, ""LCA"": 0.0}"
POI_poi_invoice_035.pdf,poi_invoice_035.pdf,INV-CDIP / EFDI Standard Commercial PO Template,POI,"FACT: Explicit PO-based vendor invoice with PO Number, Tax Invoice header, and GRN reference",1,707,POI,0.8158,True,10,phrase 'purchase order'; PO number pattern; invoice number pattern; phrase 'invoice number'; word 'invoice'; term 'GRN'; vendor/seller indicator; bill to/client indicator; phrase 'tax invoice'; term 'GSTIN',POI,1.0,True,6,[LAYOUT] Tax Invoice title located in document header region (p1: HEADER_TAX_INVOICE_TITLE); [LAYOUT] Invoice Number structured in header metadata band (p1: INVOICE_LABEL_VALUE_IN_HEADER); [LAYOUT] GSTIN / Tax ID tax registration in header band (p1: GSTIN_TAX_ID_IN_HEADER); [LAYOUT] Purchase Order reference structured in header metadata band (p1: PO_LABEL_VALUE_IN_HEADER); [LAYOUT] Goods Receipt Note (GRN) reference in header metadata (p1: GRN_REFERENCE_IN_HEADER); [LAYOUT] Co-occurrence of both Invoice Number and PO Number in metadata header (p1: POI_DUAL_INVOICE_AND_PO_HEADER),POI,1.0,True,16,[TEXT] phrase 'purchase order'; [TEXT] PO number pattern; [TEXT] invoice number pattern; [TEXT] phrase 'invoice number'; [TEXT] word 'invoice'; [TEXT] term 'GRN'; [TEXT] vendor/seller indicator; [TEXT] bill to/client indicator; [TEXT] phrase 'tax invoice'; [TEXT] term 'GSTIN'; [LAYOUT] Tax Invoice title located in document header region (p1: HEADER_TAX_INVOICE_TITLE); [LAYOUT] Invoice Number structured in header metadata band (p1: INVOICE_LABEL_VALUE_IN_HEADER); [LAYOUT] GSTIN / Tax ID tax registration in header band (p1: GSTIN_TAX_ID_IN_HEADER); [LAYOUT] Purchase Order reference structured in header metadata band (p1: PO_LABEL_VALUE_IN_HEADER); [LAYOUT] Goods Receipt Note (GRN) reference in header metadata (p1: GRN_REFERENCE_IN_HEADER); [LAYOUT] Co-occurrence of both Invoice Number and PO Number in metadata header (p1: POI_DUAL_INVOICE_AND_PO_HEADER),10,6,[TEXT] phrase 'purchase order'; [TEXT] PO number pattern; [TEXT] invoice number pattern; [TEXT] phrase 'invoice number'; [TEXT] word 'invoice'; [TEXT] term 'GRN'; [TEXT] vendor/seller indicator; [TEXT] bill to/client indicator; [TEXT] phrase 'tax invoice'; [TEXT] term 'GSTIN',[LAYOUT] Tax Invoice title located in document header region (p1: HEADER_TAX_INVOICE_TITLE); [LAYOUT] Invoice Number structured in header metadata band (p1: INVOICE_LABEL_VALUE_IN_HEADER); [LAYOUT] GSTIN / Tax ID tax registration in header band (p1: GSTIN_TAX_ID_IN_HEADER); [LAYOUT] Purchase Order reference structured in header metadata band (p1: PO_LABEL_VALUE_IN_HEADER); [LAYOUT] Goods Receipt Note (GRN) reference in header metadata (p1: GRN_REFERENCE_IN_HEADER); [LAYOUT] Co-occurrence of both Invoice Number and PO Number in metadata header (p1: POI_DUAL_INVOICE_AND_PO_HEADER),False,0.1842,"{""POI"": 0.8158, ""NPO"": 0.28, ""IMA"": 0.0, ""MSI"": 0.05, ""PSI"": 0.0526, ""JER"": 0.0, ""BKA"": 0.0, ""DPR"": 0.0, ""LCA"": 0.0}","{""POI"": 1.0, ""NPO"": 0.5833, ""IMA"": 0.0, ""MSI"": 0.0, ""PSI"": 0.0, ""JER"": 0.0, ""BKA"": 0.0, ""DPR"": 0.0, ""LCA"": 0.0}","{""POI"": 1.0, ""NPO"": 0.1405, ""IMA"": 0.0, ""MSI"": 0.03, ""PSI"": 0.0316, ""JER"": 0.0, ""BKA"": 0.0, ""DPR"": 0.0, ""LCA"": 0.0}"
POI_poi_invoice_036.pdf,poi_invoice_036.pdf,INV-CDIP / EFDI Standard Commercial PO Template,POI,"FACT: Explicit PO-based vendor invoice with PO Number, Tax Invoice header, and GRN reference",1,705,POI,0.8158,True,10,phrase 'purchase order'; PO number pattern; invoice number pattern; phrase 'invoice number'; word 'invoice'; term 'GRN'; vendor/seller indicator; bill to/client indicator; phrase 'tax invoice'; term 'GSTIN',POI,1.0,True,6,[LAYOUT] Tax Invoice title located in document header region (p1: HEADER_TAX_INVOICE_TITLE); [LAYOUT] Invoice Number structured in header metadata band (p1: INVOICE_LABEL_VALUE_IN_HEADER); [LAYOUT] GSTIN / Tax ID tax registration in header band (p1: GSTIN_TAX_ID_IN_HEADER); [LAYOUT] Purchase Order reference structured in header metadata band (p1: PO_LABEL_VALUE_IN_HEADER); [LAYOUT] Goods Receipt Note (GRN) reference in header metadata (p1: GRN_REFERENCE_IN_HEADER); [LAYOUT] Co-occurrence of both Invoice Number and PO Number in metadata header (p1: POI_DUAL_INVOICE_AND_PO_HEADER),POI,1.0,True,16,[TEXT] phrase 'purchase order'; [TEXT] PO number pattern; [TEXT] invoice number pattern; [TEXT] phrase 'invoice number'; [TEXT] word 'invoice'; [TEXT] term 'GRN'; [TEXT] vendor/seller indicator; [TEXT] bill to/client indicator; [TEXT] phrase 'tax invoice'; [TEXT] term 'GSTIN'; [LAYOUT] Tax Invoice title located in document header region (p1: HEADER_TAX_INVOICE_TITLE); [LAYOUT] Invoice Number structured in header metadata band (p1: INVOICE_LABEL_VALUE_IN_HEADER); [LAYOUT] GSTIN / Tax ID tax registration in header band (p1: GSTIN_TAX_ID_IN_HEADER); [LAYOUT] Purchase Order reference structured in header metadata band (p1: PO_LABEL_VALUE_IN_HEADER); [LAYOUT] Goods Receipt Note (GRN) reference in header metadata (p1: GRN_REFERENCE_IN_HEADER); [LAYOUT] Co-occurrence of both Invoice Number and PO Number in metadata header (p1: POI_DUAL_INVOICE_AND_PO_HEADER),10,6,[TEXT] phrase 'purchase order'; [TEXT] PO number pattern; [TEXT] invoice number pattern; [TEXT] phrase 'invoice number'; [TEXT] word 'invoice'; [TEXT] term 'GRN'; [TEXT] vendor/seller indicator; [TEXT] bill to/client indicator; [TEXT] phrase 'tax invoice'; [TEXT] term 'GSTIN',[LAYOUT] Tax Invoice title located in document header region (p1: HEADER_TAX_INVOICE_TITLE); [LAYOUT] Invoice Number structured in header metadata band (p1: INVOICE_LABEL_VALUE_IN_HEADER); [LAYOUT] GSTIN / Tax ID tax registration in header band (p1: GSTIN_TAX_ID_IN_HEADER); [LAYOUT] Purchase Order reference structured in header metadata band (p1: PO_LABEL_VALUE_IN_HEADER); [LAYOUT] Goods Receipt Note (GRN) reference in header metadata (p1: GRN_REFERENCE_IN_HEADER); [LAYOUT] Co-occurrence of both Invoice Number and PO Number in metadata header (p1: POI_DUAL_INVOICE_AND_PO_HEADER),False,0.1842,"{""POI"": 0.8158, ""NPO"": 0.28, ""IMA"": 0.0, ""MSI"": 0.05, ""PSI"": 0.0526, ""JER"": 0.0, ""BKA"": 0.0, ""DPR"": 0.0, ""LCA"": 0.0}","{""POI"": 1.0, ""NPO"": 0.5833, ""IMA"": 0.0, ""MSI"": 0.0, ""PSI"": 0.0, ""JER"": 0.0, ""BKA"": 0.0, ""DPR"": 0.0, ""LCA"": 0.0}","{""POI"": 1.0, ""NPO"": 0.1405, ""IMA"": 0.0, ""MSI"": 0.03, ""PSI"": 0.0316, ""JER"": 0.0, ""BKA"": 0.0, ""DPR"": 0.0, ""LCA"": 0.0}"
POI_poi_invoice_037.pdf,poi_invoice_037.pdf,INV-CDIP / EFDI Standard Commercial PO Template,POI,"FACT: Explicit PO-based vendor invoice with PO Number, Tax Invoice header, and GRN reference",1,717,POI,0.8158,True,10,phrase 'purchase order'; PO number pattern; invoice number pattern; phrase 'invoice number'; word 'invoice'; term 'GRN'; vendor/seller indicator; bill to/client indicator; phrase 'tax invoice'; term 'GSTIN',POI,1.0,True,6,[LAYOUT] Tax Invoice title located in document header region (p1: HEADER_TAX_INVOICE_TITLE); [LAYOUT] Invoice Number structured in header metadata band (p1: INVOICE_LABEL_VALUE_IN_HEADER); [LAYOUT] GSTIN / Tax ID tax registration in header band (p1: GSTIN_TAX_ID_IN_HEADER); [LAYOUT] Purchase Order reference structured in header metadata band (p1: PO_LABEL_VALUE_IN_HEADER); [LAYOUT] Goods Receipt Note (GRN) reference in header metadata (p1: GRN_REFERENCE_IN_HEADER); [LAYOUT] Co-occurrence of both Invoice Number and PO Number in metadata header (p1: POI_DUAL_INVOICE_AND_PO_HEADER),POI,1.0,True,16,[TEXT] phrase 'purchase order'; [TEXT] PO number pattern; [TEXT] invoice number pattern; [TEXT] phrase 'invoice number'; [TEXT] word 'invoice'; [TEXT] term 'GRN'; [TEXT] vendor/seller indicator; [TEXT] bill to/client indicator; [TEXT] phrase 'tax invoice'; [TEXT] term 'GSTIN'; [LAYOUT] Tax Invoice title located in document header region (p1: HEADER_TAX_INVOICE_TITLE); [LAYOUT] Invoice Number structured in header metadata band (p1: INVOICE_LABEL_VALUE_IN_HEADER); [LAYOUT] GSTIN / Tax ID tax registration in header band (p1: GSTIN_TAX_ID_IN_HEADER); [LAYOUT] Purchase Order reference structured in header metadata band (p1: PO_LABEL_VALUE_IN_HEADER); [LAYOUT] Goods Receipt Note (GRN) reference in header metadata (p1: GRN_REFERENCE_IN_HEADER); [LAYOUT] Co-occurrence of both Invoice Number and PO Number in metadata header (p1: POI_DUAL_INVOICE_AND_PO_HEADER),10,6,[TEXT] phrase 'purchase order'; [TEXT] PO number pattern; [TEXT] invoice number pattern; [TEXT] phrase 'invoice number'; [TEXT] word 'invoice'; [TEXT] term 'GRN'; [TEXT] vendor/seller indicator; [TEXT] bill to/client indicator; [TEXT] phrase 'tax invoice'; [TEXT] term 'GSTIN',[LAYOUT] Tax Invoice title located in document header region (p1: HEADER_TAX_INVOICE_TITLE); [LAYOUT] Invoice Number structured in header metadata band (p1: INVOICE_LABEL_VALUE_IN_HEADER); [LAYOUT] GSTIN / Tax ID tax registration in header band (p1: GSTIN_TAX_ID_IN_HEADER); [LAYOUT] Purchase Order reference structured in header metadata band (p1: PO_LABEL_VALUE_IN_HEADER); [LAYOUT] Goods Receipt Note (GRN) reference in header metadata (p1: GRN_REFERENCE_IN_HEADER); [LAYOUT] Co-occurrence of both Invoice Number and PO Number in metadata header (p1: POI_DUAL_INVOICE_AND_PO_HEADER),False,0.1842,"{""POI"": 0.8158, ""NPO"": 0.28, ""IMA"": 0.0, ""MSI"": 0.05, ""PSI"": 0.0526, ""JER"": 0.0, ""BKA"": 0.0, ""DPR"": 0.0, ""LCA"": 0.0}","{""POI"": 1.0, ""NPO"": 0.5833, ""IMA"": 0.0, ""MSI"": 0.0, ""PSI"": 0.0, ""JER"": 0.0, ""BKA"": 0.0, ""DPR"": 0.0, ""LCA"": 0.0}","{""POI"": 1.0, ""NPO"": 0.1405, ""IMA"": 0.0, ""MSI"": 0.03, ""PSI"": 0.0316, ""JER"": 0.0, ""BKA"": 0.0, ""DPR"": 0.0, ""LCA"": 0.0}"
POI_poi_invoice_038.pdf,poi_invoice_038.pdf,INV-CDIP / EFDI Standard Commercial PO Template,POI,"FACT: Explicit PO-based vendor invoice with PO Number, Tax Invoice header, and GRN reference",1,696,POI,0.8158,True,10,phrase 'purchase order'; PO number pattern; invoice number pattern; phrase 'invoice number'; word 'invoice'; term 'GRN'; vendor/seller indicator; bill to/client indicator; phrase 'tax invoice'; term 'GSTIN',POI,1.0,True,6,[LAYOUT] Tax Invoice title located in document header region (p1: HEADER_TAX_INVOICE_TITLE); [LAYOUT] Invoice Number structured in header metadata band (p1: INVOICE_LABEL_VALUE_IN_HEADER); [LAYOUT] GSTIN / Tax ID tax registration in header band (p1: GSTIN_TAX_ID_IN_HEADER); [LAYOUT] Purchase Order reference structured in header metadata band (p1: PO_LABEL_VALUE_IN_HEADER); [LAYOUT] Goods Receipt Note (GRN) reference in header metadata (p1: GRN_REFERENCE_IN_HEADER); [LAYOUT] Co-occurrence of both Invoice Number and PO Number in metadata header (p1: POI_DUAL_INVOICE_AND_PO_HEADER),POI,1.0,True,16,[TEXT] phrase 'purchase order'; [TEXT] PO number pattern; [TEXT] invoice number pattern; [TEXT] phrase 'invoice number'; [TEXT] word 'invoice'; [TEXT] term 'GRN'; [TEXT] vendor/seller indicator; [TEXT] bill to/client indicator; [TEXT] phrase 'tax invoice'; [TEXT] term 'GSTIN'; [LAYOUT] Tax Invoice title located in document header region (p1: HEADER_TAX_INVOICE_TITLE); [LAYOUT] Invoice Number structured in header metadata band (p1: INVOICE_LABEL_VALUE_IN_HEADER); [LAYOUT] GSTIN / Tax ID tax registration in header band (p1: GSTIN_TAX_ID_IN_HEADER); [LAYOUT] Purchase Order reference structured in header metadata band (p1: PO_LABEL_VALUE_IN_HEADER); [LAYOUT] Goods Receipt Note (GRN) reference in header metadata (p1: GRN_REFERENCE_IN_HEADER); [LAYOUT] Co-occurrence of both Invoice Number and PO Number in metadata header (p1: POI_DUAL_INVOICE_AND_PO_HEADER),10,6,[TEXT] phrase 'purchase order'; [TEXT] PO number pattern; [TEXT] invoice number pattern; [TEXT] phrase 'invoice number'; [TEXT] word 'invoice'; [TEXT] term 'GRN'; [TEXT] vendor/seller indicator; [TEXT] bill to/client indicator; [TEXT] phrase 'tax invoice'; [TEXT] term 'GSTIN',[LAYOUT] Tax Invoice title located in document header region (p1: HEADER_TAX_INVOICE_TITLE); [LAYOUT] Invoice Number structured in header metadata band (p1: INVOICE_LABEL_VALUE_IN_HEADER); [LAYOUT] GSTIN / Tax ID tax registration in header band (p1: GSTIN_TAX_ID_IN_HEADER); [LAYOUT] Purchase Order reference structured in header metadata band (p1: PO_LABEL_VALUE_IN_HEADER); [LAYOUT] Goods Receipt Note (GRN) reference in header metadata (p1: GRN_REFERENCE_IN_HEADER); [LAYOUT] Co-occurrence of both Invoice Number and PO Number in metadata header (p1: POI_DUAL_INVOICE_AND_PO_HEADER),False,0.1842,"{""POI"": 0.8158, ""NPO"": 0.28, ""IMA"": 0.0, ""MSI"": 0.05, ""PSI"": 0.0526, ""JER"": 0.0, ""BKA"": 0.0, ""DPR"": 0.0, ""LCA"": 0.0}","{""POI"": 1.0, ""NPO"": 0.5833, ""IMA"": 0.0, ""MSI"": 0.0, ""PSI"": 0.0, ""JER"": 0.0, ""BKA"": 0.0, ""DPR"": 0.0, ""LCA"": 0.0}","{""POI"": 1.0, ""NPO"": 0.1405, ""IMA"": 0.0, ""MSI"": 0.03, ""PSI"": 0.0316, ""JER"": 0.0, ""BKA"": 0.0, ""DPR"": 0.0, ""LCA"": 0.0}"
POI_poi_invoice_039.pdf,poi_invoice_039.pdf,INV-CDIP / EFDI Standard Commercial PO Template,POI,"FACT: Explicit PO-based vendor invoice with PO Number, Tax Invoice header, and GRN reference",1,704,POI,0.8158,True,10,phrase 'purchase order'; PO number pattern; invoice number pattern; phrase 'invoice number'; word 'invoice'; term 'GRN'; vendor/seller indicator; bill to/client indicator; phrase 'tax invoice'; term 'GSTIN',POI,1.0,True,6,[LAYOUT] Tax Invoice title located in document header region (p1: HEADER_TAX_INVOICE_TITLE); [LAYOUT] Invoice Number structured in header metadata band (p1: INVOICE_LABEL_VALUE_IN_HEADER); [LAYOUT] GSTIN / Tax ID tax registration in header band (p1: GSTIN_TAX_ID_IN_HEADER); [LAYOUT] Purchase Order reference structured in header metadata band (p1: PO_LABEL_VALUE_IN_HEADER); [LAYOUT] Goods Receipt Note (GRN) reference in header metadata (p1: GRN_REFERENCE_IN_HEADER); [LAYOUT] Co-occurrence of both Invoice Number and PO Number in metadata header (p1: POI_DUAL_INVOICE_AND_PO_HEADER),POI,1.0,True,16,[TEXT] phrase 'purchase order'; [TEXT] PO number pattern; [TEXT] invoice number pattern; [TEXT] phrase 'invoice number'; [TEXT] word 'invoice'; [TEXT] term 'GRN'; [TEXT] vendor/seller indicator; [TEXT] bill to/client indicator; [TEXT] phrase 'tax invoice'; [TEXT] term 'GSTIN'; [LAYOUT] Tax Invoice title located in document header region (p1: HEADER_TAX_INVOICE_TITLE); [LAYOUT] Invoice Number structured in header metadata band (p1: INVOICE_LABEL_VALUE_IN_HEADER); [LAYOUT] GSTIN / Tax ID tax registration in header band (p1: GSTIN_TAX_ID_IN_HEADER); [LAYOUT] Purchase Order reference structured in header metadata band (p1: PO_LABEL_VALUE_IN_HEADER); [LAYOUT] Goods Receipt Note (GRN) reference in header metadata (p1: GRN_REFERENCE_IN_HEADER); [LAYOUT] Co-occurrence of both Invoice Number and PO Number in metadata header (p1: POI_DUAL_INVOICE_AND_PO_HEADER),10,6,[TEXT] phrase 'purchase order'; [TEXT] PO number pattern; [TEXT] invoice number pattern; [TEXT] phrase 'invoice number'; [TEXT] word 'invoice'; [TEXT] term 'GRN'; [TEXT] vendor/seller indicator; [TEXT] bill to/client indicator; [TEXT] phrase 'tax invoice'; [TEXT] term 'GSTIN',[LAYOUT] Tax Invoice title located in document header region (p1: HEADER_TAX_INVOICE_TITLE); [LAYOUT] Invoice Number structured in header metadata band (p1: INVOICE_LABEL_VALUE_IN_HEADER); [LAYOUT] GSTIN / Tax ID tax registration in header band (p1: GSTIN_TAX_ID_IN_HEADER); [LAYOUT] Purchase Order reference structured in header metadata band (p1: PO_LABEL_VALUE_IN_HEADER); [LAYOUT] Goods Receipt Note (GRN) reference in header metadata (p1: GRN_REFERENCE_IN_HEADER); [LAYOUT] Co-occurrence of both Invoice Number and PO Number in metadata header (p1: POI_DUAL_INVOICE_AND_PO_HEADER),False,0.1842,"{""POI"": 0.8158, ""NPO"": 0.28, ""IMA"": 0.0, ""MSI"": 0.05, ""PSI"": 0.0526, ""JER"": 0.0, ""BKA"": 0.0, ""DPR"": 0.0, ""LCA"": 0.0}","{""POI"": 1.0, ""NPO"": 0.5833, ""IMA"": 0.0, ""MSI"": 0.0, ""PSI"": 0.0, ""JER"": 0.0, ""BKA"": 0.0, ""DPR"": 0.0, ""LCA"": 0.0}","{""POI"": 1.0, ""NPO"": 0.1405, ""IMA"": 0.0, ""MSI"": 0.03, ""PSI"": 0.0316, ""JER"": 0.0, ""BKA"": 0.0, ""DPR"": 0.0, ""LCA"": 0.0}"
POI_poi_invoice_040.pdf,poi_invoice_040.pdf,INV-CDIP / EFDI Standard Commercial PO Template,POI,"FACT: Explicit PO-based vendor invoice with PO Number, Tax Invoice header, and GRN reference",1,701,POI,0.8158,True,10,phrase 'purchase order'; PO number pattern; invoice number pattern; phrase 'invoice number'; word 'invoice'; term 'GRN'; vendor/seller indicator; bill to/client indicator; phrase 'tax invoice'; term 'GSTIN',POI,1.0,True,6,[LAYOUT] Tax Invoice title located in document header region (p1: HEADER_TAX_INVOICE_TITLE); [LAYOUT] Invoice Number structured in header metadata band (p1: INVOICE_LABEL_VALUE_IN_HEADER); [LAYOUT] GSTIN / Tax ID tax registration in header band (p1: GSTIN_TAX_ID_IN_HEADER); [LAYOUT] Purchase Order reference structured in header metadata band (p1: PO_LABEL_VALUE_IN_HEADER); [LAYOUT] Goods Receipt Note (GRN) reference in header metadata (p1: GRN_REFERENCE_IN_HEADER); [LAYOUT] Co-occurrence of both Invoice Number and PO Number in metadata header (p1: POI_DUAL_INVOICE_AND_PO_HEADER),POI,1.0,True,16,[TEXT] phrase 'purchase order'; [TEXT] PO number pattern; [TEXT] invoice number pattern; [TEXT] phrase 'invoice number'; [TEXT] word 'invoice'; [TEXT] term 'GRN'; [TEXT] vendor/seller indicator; [TEXT] bill to/client indicator; [TEXT] phrase 'tax invoice'; [TEXT] term 'GSTIN'; [LAYOUT] Tax Invoice title located in document header region (p1: HEADER_TAX_INVOICE_TITLE); [LAYOUT] Invoice Number structured in header metadata band (p1: INVOICE_LABEL_VALUE_IN_HEADER); [LAYOUT] GSTIN / Tax ID tax registration in header band (p1: GSTIN_TAX_ID_IN_HEADER); [LAYOUT] Purchase Order reference structured in header metadata band (p1: PO_LABEL_VALUE_IN_HEADER); [LAYOUT] Goods Receipt Note (GRN) reference in header metadata (p1: GRN_REFERENCE_IN_HEADER); [LAYOUT] Co-occurrence of both Invoice Number and PO Number in metadata header (p1: POI_DUAL_INVOICE_AND_PO_HEADER),10,6,[TEXT] phrase 'purchase order'; [TEXT] PO number pattern; [TEXT] invoice number pattern; [TEXT] phrase 'invoice number'; [TEXT] word 'invoice'; [TEXT] term 'GRN'; [TEXT] vendor/seller indicator; [TEXT] bill to/client indicator; [TEXT] phrase 'tax invoice'; [TEXT] term 'GSTIN',[LAYOUT] Tax Invoice title located in document header region (p1: HEADER_TAX_INVOICE_TITLE); [LAYOUT] Invoice Number structured in header metadata band (p1: INVOICE_LABEL_VALUE_IN_HEADER); [LAYOUT] GSTIN / Tax ID tax registration in header band (p1: GSTIN_TAX_ID_IN_HEADER); [LAYOUT] Purchase Order reference structured in header metadata band (p1: PO_LABEL_VALUE_IN_HEADER); [LAYOUT] Goods Receipt Note (GRN) reference in header metadata (p1: GRN_REFERENCE_IN_HEADER); [LAYOUT] Co-occurrence of both Invoice Number and PO Number in metadata header (p1: POI_DUAL_INVOICE_AND_PO_HEADER),False,0.1842,"{""POI"": 0.8158, ""NPO"": 0.28, ""IMA"": 0.0, ""MSI"": 0.05, ""PSI"": 0.0526, ""JER"": 0.0, ""BKA"": 0.0, ""DPR"": 0.0, ""LCA"": 0.0}","{""POI"": 1.0, ""NPO"": 0.5833, ""IMA"": 0.0, ""MSI"": 0.0, ""PSI"": 0.0, ""JER"": 0.0, ""BKA"": 0.0, ""DPR"": 0.0, ""LCA"": 0.0}","{""POI"": 1.0, ""NPO"": 0.1405, ""IMA"": 0.0, ""MSI"": 0.03, ""PSI"": 0.0316, ""JER"": 0.0, ""BKA"": 0.0, ""DPR"": 0.0, ""LCA"": 0.0}"
POI_poi_invoice_041.pdf,poi_invoice_041.pdf,INV-CDIP / EFDI Standard Commercial PO Template,POI,"FACT: Explicit PO-based vendor invoice with PO Number, Tax Invoice header, and GRN reference",1,710,POI,0.8158,True,10,phrase 'purchase order'; PO number pattern; invoice number pattern; phrase 'invoice number'; word 'invoice'; term 'GRN'; vendor/seller indicator; bill to/client indicator; phrase 'tax invoice'; term 'GSTIN',POI,1.0,True,6,[LAYOUT] Tax Invoice title located in document header region (p1: HEADER_TAX_INVOICE_TITLE); [LAYOUT] Invoice Number structured in header metadata band (p1: INVOICE_LABEL_VALUE_IN_HEADER); [LAYOUT] GSTIN / Tax ID tax registration in header band (p1: GSTIN_TAX_ID_IN_HEADER); [LAYOUT] Purchase Order reference structured in header metadata band (p1: PO_LABEL_VALUE_IN_HEADER); [LAYOUT] Goods Receipt Note (GRN) reference in header metadata (p1: GRN_REFERENCE_IN_HEADER); [LAYOUT] Co-occurrence of both Invoice Number and PO Number in metadata header (p1: POI_DUAL_INVOICE_AND_PO_HEADER),POI,1.0,True,16,[TEXT] phrase 'purchase order'; [TEXT] PO number pattern; [TEXT] invoice number pattern; [TEXT] phrase 'invoice number'; [TEXT] word 'invoice'; [TEXT] term 'GRN'; [TEXT] vendor/seller indicator; [TEXT] bill to/client indicator; [TEXT] phrase 'tax invoice'; [TEXT] term 'GSTIN'; [LAYOUT] Tax Invoice title located in document header region (p1: HEADER_TAX_INVOICE_TITLE); [LAYOUT] Invoice Number structured in header metadata band (p1: INVOICE_LABEL_VALUE_IN_HEADER); [LAYOUT] GSTIN / Tax ID tax registration in header band (p1: GSTIN_TAX_ID_IN_HEADER); [LAYOUT] Purchase Order reference structured in header metadata band (p1: PO_LABEL_VALUE_IN_HEADER); [LAYOUT] Goods Receipt Note (GRN) reference in header metadata (p1: GRN_REFERENCE_IN_HEADER); [LAYOUT] Co-occurrence of both Invoice Number and PO Number in metadata header (p1: POI_DUAL_INVOICE_AND_PO_HEADER),10,6,[TEXT] phrase 'purchase order'; [TEXT] PO number pattern; [TEXT] invoice number pattern; [TEXT] phrase 'invoice number'; [TEXT] word 'invoice'; [TEXT] term 'GRN'; [TEXT] vendor/seller indicator; [TEXT] bill to/client indicator; [TEXT] phrase 'tax invoice'; [TEXT] term 'GSTIN',[LAYOUT] Tax Invoice title located in document header region (p1: HEADER_TAX_INVOICE_TITLE); [LAYOUT] Invoice Number structured in header metadata band (p1: INVOICE_LABEL_VALUE_IN_HEADER); [LAYOUT] GSTIN / Tax ID tax registration in header band (p1: GSTIN_TAX_ID_IN_HEADER); [LAYOUT] Purchase Order reference structured in header metadata band (p1: PO_LABEL_VALUE_IN_HEADER); [LAYOUT] Goods Receipt Note (GRN) reference in header metadata (p1: GRN_REFERENCE_IN_HEADER); [LAYOUT] Co-occurrence of both Invoice Number and PO Number in metadata header (p1: POI_DUAL_INVOICE_AND_PO_HEADER),False,0.1842,"{""POI"": 0.8158, ""NPO"": 0.28, ""IMA"": 0.0, ""MSI"": 0.05, ""PSI"": 0.0526, ""JER"": 0.0, ""BKA"": 0.0, ""DPR"": 0.0, ""LCA"": 0.0}","{""POI"": 1.0, ""NPO"": 0.5833, ""IMA"": 0.0, ""MSI"": 0.0, ""PSI"": 0.0, ""JER"": 0.0, ""BKA"": 0.0, ""DPR"": 0.0, ""LCA"": 0.0}","{""POI"": 1.0, ""NPO"": 0.1405, ""IMA"": 0.0, ""MSI"": 0.03, ""PSI"": 0.0316, ""JER"": 0.0, ""BKA"": 0.0, ""DPR"": 0.0, ""LCA"": 0.0}"
POI_poi_invoice_042.pdf,poi_invoice_042.pdf,INV-CDIP / EFDI Standard Commercial PO Template,POI,"FACT: Explicit PO-based vendor invoice with PO Number, Tax Invoice header, and GRN reference",1,704,POI,0.8158,True,10,phrase 'purchase order'; PO number pattern; invoice number pattern; phrase 'invoice number'; word 'invoice'; term 'GRN'; vendor/seller indicator; bill to/client indicator; phrase 'tax invoice'; term 'GSTIN',POI,1.0,True,6,[LAYOUT] Tax Invoice title located in document header region (p1: HEADER_TAX_INVOICE_TITLE); [LAYOUT] Invoice Number structured in header metadata band (p1: INVOICE_LABEL_VALUE_IN_HEADER); [LAYOUT] GSTIN / Tax ID tax registration in header band (p1: GSTIN_TAX_ID_IN_HEADER); [LAYOUT] Purchase Order reference structured in header metadata band (p1: PO_LABEL_VALUE_IN_HEADER); [LAYOUT] Goods Receipt Note (GRN) reference in header metadata (p1: GRN_REFERENCE_IN_HEADER); [LAYOUT] Co-occurrence of both Invoice Number and PO Number in metadata header (p1: POI_DUAL_INVOICE_AND_PO_HEADER),POI,1.0,True,16,[TEXT] phrase 'purchase order'; [TEXT] PO number pattern; [TEXT] invoice number pattern; [TEXT] phrase 'invoice number'; [TEXT] word 'invoice'; [TEXT] term 'GRN'; [TEXT] vendor/seller indicator; [TEXT] bill to/client indicator; [TEXT] phrase 'tax invoice'; [TEXT] term 'GSTIN'; [LAYOUT] Tax Invoice title located in document header region (p1: HEADER_TAX_INVOICE_TITLE); [LAYOUT] Invoice Number structured in header metadata band (p1: INVOICE_LABEL_VALUE_IN_HEADER); [LAYOUT] GSTIN / Tax ID tax registration in header band (p1: GSTIN_TAX_ID_IN_HEADER); [LAYOUT] Purchase Order reference structured in header metadata band (p1: PO_LABEL_VALUE_IN_HEADER); [LAYOUT] Goods Receipt Note (GRN) reference in header metadata (p1: GRN_REFERENCE_IN_HEADER); [LAYOUT] Co-occurrence of both Invoice Number and PO Number in metadata header (p1: POI_DUAL_INVOICE_AND_PO_HEADER),10,6,[TEXT] phrase 'purchase order'; [TEXT] PO number pattern; [TEXT] invoice number pattern; [TEXT] phrase 'invoice number'; [TEXT] word 'invoice'; [TEXT] term 'GRN'; [TEXT] vendor/seller indicator; [TEXT] bill to/client indicator; [TEXT] phrase 'tax invoice'; [TEXT] term 'GSTIN',[LAYOUT] Tax Invoice title located in document header region (p1: HEADER_TAX_INVOICE_TITLE); [LAYOUT] Invoice Number structured in header metadata band (p1: INVOICE_LABEL_VALUE_IN_HEADER); [LAYOUT] GSTIN / Tax ID tax registration in header band (p1: GSTIN_TAX_ID_IN_HEADER); [LAYOUT] Purchase Order reference structured in header metadata band (p1: PO_LABEL_VALUE_IN_HEADER); [LAYOUT] Goods Receipt Note (GRN) reference in header metadata (p1: GRN_REFERENCE_IN_HEADER); [LAYOUT] Co-occurrence of both Invoice Number and PO Number in metadata header (p1: POI_DUAL_INVOICE_AND_PO_HEADER),False,0.1842,"{""POI"": 0.8158, ""NPO"": 0.28, ""IMA"": 0.0, ""MSI"": 0.05, ""PSI"": 0.0526, ""JER"": 0.0, ""BKA"": 0.0, ""DPR"": 0.0, ""LCA"": 0.0}","{""POI"": 1.0, ""NPO"": 0.5833, ""IMA"": 0.0, ""MSI"": 0.0, ""PSI"": 0.0, ""JER"": 0.0, ""BKA"": 0.0, ""DPR"": 0.0, ""LCA"": 0.0}","{""POI"": 1.0, ""NPO"": 0.1405, ""IMA"": 0.0, ""MSI"": 0.03, ""PSI"": 0.0316, ""JER"": 0.0, ""BKA"": 0.0, ""DPR"": 0.0, ""LCA"": 0.0}"
POI_poi_invoice_043.pdf,poi_invoice_043.pdf,INV-CDIP / EFDI Standard Commercial PO Template,POI,"FACT: Explicit PO-based vendor invoice with PO Number, Tax Invoice header, and GRN reference",1,703,POI,0.8158,True,10,phrase 'purchase order'; PO number pattern; invoice number pattern; phrase 'invoice number'; word 'invoice'; term 'GRN'; vendor/seller indicator; bill to/client indicator; phrase 'tax invoice'; term 'GSTIN',POI,1.0,True,6,[LAYOUT] Tax Invoice title located in document header region (p1: HEADER_TAX_INVOICE_TITLE); [LAYOUT] Invoice Number structured in header metadata band (p1: INVOICE_LABEL_VALUE_IN_HEADER); [LAYOUT] GSTIN / Tax ID tax registration in header band (p1: GSTIN_TAX_ID_IN_HEADER); [LAYOUT] Purchase Order reference structured in header metadata band (p1: PO_LABEL_VALUE_IN_HEADER); [LAYOUT] Goods Receipt Note (GRN) reference in header metadata (p1: GRN_REFERENCE_IN_HEADER); [LAYOUT] Co-occurrence of both Invoice Number and PO Number in metadata header (p1: POI_DUAL_INVOICE_AND_PO_HEADER),POI,1.0,True,16,[TEXT] phrase 'purchase order'; [TEXT] PO number pattern; [TEXT] invoice number pattern; [TEXT] phrase 'invoice number'; [TEXT] word 'invoice'; [TEXT] term 'GRN'; [TEXT] vendor/seller indicator; [TEXT] bill to/client indicator; [TEXT] phrase 'tax invoice'; [TEXT] term 'GSTIN'; [LAYOUT] Tax Invoice title located in document header region (p1: HEADER_TAX_INVOICE_TITLE); [LAYOUT] Invoice Number structured in header metadata band (p1: INVOICE_LABEL_VALUE_IN_HEADER); [LAYOUT] GSTIN / Tax ID tax registration in header band (p1: GSTIN_TAX_ID_IN_HEADER); [LAYOUT] Purchase Order reference structured in header metadata band (p1: PO_LABEL_VALUE_IN_HEADER); [LAYOUT] Goods Receipt Note (GRN) reference in header metadata (p1: GRN_REFERENCE_IN_HEADER); [LAYOUT] Co-occurrence of both Invoice Number and PO Number in metadata header (p1: POI_DUAL_INVOICE_AND_PO_HEADER),10,6,[TEXT] phrase 'purchase order'; [TEXT] PO number pattern; [TEXT] invoice number pattern; [TEXT] phrase 'invoice number'; [TEXT] word 'invoice'; [TEXT] term 'GRN'; [TEXT] vendor/seller indicator; [TEXT] bill to/client indicator; [TEXT] phrase 'tax invoice'; [TEXT] term 'GSTIN',[LAYOUT] Tax Invoice title located in document header region (p1: HEADER_TAX_INVOICE_TITLE); [LAYOUT] Invoice Number structured in header metadata band (p1: INVOICE_LABEL_VALUE_IN_HEADER); [LAYOUT] GSTIN / Tax ID tax registration in header band (p1: GSTIN_TAX_ID_IN_HEADER); [LAYOUT] Purchase Order reference structured in header metadata band (p1: PO_LABEL_VALUE_IN_HEADER); [LAYOUT] Goods Receipt Note (GRN) reference in header metadata (p1: GRN_REFERENCE_IN_HEADER); [LAYOUT] Co-occurrence of both Invoice Number and PO Number in metadata header (p1: POI_DUAL_INVOICE_AND_PO_HEADER),False,0.1842,"{""POI"": 0.8158, ""NPO"": 0.28, ""IMA"": 0.0, ""MSI"": 0.05, ""PSI"": 0.0526, ""JER"": 0.0, ""BKA"": 0.0, ""DPR"": 0.0, ""LCA"": 0.0}","{""POI"": 1.0, ""NPO"": 0.5833, ""IMA"": 0.0, ""MSI"": 0.0, ""PSI"": 0.0, ""JER"": 0.0, ""BKA"": 0.0, ""DPR"": 0.0, ""LCA"": 0.0}","{""POI"": 1.0, ""NPO"": 0.1405, ""IMA"": 0.0, ""MSI"": 0.03, ""PSI"": 0.0316, ""JER"": 0.0, ""BKA"": 0.0, ""DPR"": 0.0, ""LCA"": 0.0}"
POI_poi_invoice_044.pdf,poi_invoice_044.pdf,INV-CDIP / EFDI Standard Commercial PO Template,POI,"FACT: Explicit PO-based vendor invoice with PO Number, Tax Invoice header, and GRN reference",1,708,POI,0.8158,True,10,phrase 'purchase order'; PO number pattern; invoice number pattern; phrase 'invoice number'; word 'invoice'; term 'GRN'; vendor/seller indicator; bill to/client indicator; phrase 'tax invoice'; term 'GSTIN',POI,1.0,True,6,[LAYOUT] Tax Invoice title located in document header region (p1: HEADER_TAX_INVOICE_TITLE); [LAYOUT] Invoice Number structured in header metadata band (p1: INVOICE_LABEL_VALUE_IN_HEADER); [LAYOUT] GSTIN / Tax ID tax registration in header band (p1: GSTIN_TAX_ID_IN_HEADER); [LAYOUT] Purchase Order reference structured in header metadata band (p1: PO_LABEL_VALUE_IN_HEADER); [LAYOUT] Goods Receipt Note (GRN) reference in header metadata (p1: GRN_REFERENCE_IN_HEADER); [LAYOUT] Co-occurrence of both Invoice Number and PO Number in metadata header (p1: POI_DUAL_INVOICE_AND_PO_HEADER),POI,1.0,True,16,[TEXT] phrase 'purchase order'; [TEXT] PO number pattern; [TEXT] invoice number pattern; [TEXT] phrase 'invoice number'; [TEXT] word 'invoice'; [TEXT] term 'GRN'; [TEXT] vendor/seller indicator; [TEXT] bill to/client indicator; [TEXT] phrase 'tax invoice'; [TEXT] term 'GSTIN'; [LAYOUT] Tax Invoice title located in document header region (p1: HEADER_TAX_INVOICE_TITLE); [LAYOUT] Invoice Number structured in header metadata band (p1: INVOICE_LABEL_VALUE_IN_HEADER); [LAYOUT] GSTIN / Tax ID tax registration in header band (p1: GSTIN_TAX_ID_IN_HEADER); [LAYOUT] Purchase Order reference structured in header metadata band (p1: PO_LABEL_VALUE_IN_HEADER); [LAYOUT] Goods Receipt Note (GRN) reference in header metadata (p1: GRN_REFERENCE_IN_HEADER); [LAYOUT] Co-occurrence of both Invoice Number and PO Number in metadata header (p1: POI_DUAL_INVOICE_AND_PO_HEADER),10,6,[TEXT] phrase 'purchase order'; [TEXT] PO number pattern; [TEXT] invoice number pattern; [TEXT] phrase 'invoice number'; [TEXT] word 'invoice'; [TEXT] term 'GRN'; [TEXT] vendor/seller indicator; [TEXT] bill to/client indicator; [TEXT] phrase 'tax invoice'; [TEXT] term 'GSTIN',[LAYOUT] Tax Invoice title located in document header region (p1: HEADER_TAX_INVOICE_TITLE); [LAYOUT] Invoice Number structured in header metadata band (p1: INVOICE_LABEL_VALUE_IN_HEADER); [LAYOUT] GSTIN / Tax ID tax registration in header band (p1: GSTIN_TAX_ID_IN_HEADER); [LAYOUT] Purchase Order reference structured in header metadata band (p1: PO_LABEL_VALUE_IN_HEADER); [LAYOUT] Goods Receipt Note (GRN) reference in header metadata (p1: GRN_REFERENCE_IN_HEADER); [LAYOUT] Co-occurrence of both Invoice Number and PO Number in metadata header (p1: POI_DUAL_INVOICE_AND_PO_HEADER),False,0.1842,"{""POI"": 0.8158, ""NPO"": 0.28, ""IMA"": 0.0, ""MSI"": 0.05, ""PSI"": 0.0526, ""JER"": 0.0, ""BKA"": 0.0, ""DPR"": 0.0, ""LCA"": 0.0}","{""POI"": 1.0, ""NPO"": 0.5833, ""IMA"": 0.0, ""MSI"": 0.0, ""PSI"": 0.0, ""JER"": 0.0, ""BKA"": 0.0, ""DPR"": 0.0, ""LCA"": 0.0}","{""POI"": 1.0, ""NPO"": 0.1405, ""IMA"": 0.0, ""MSI"": 0.03, ""PSI"": 0.0316, ""JER"": 0.0, ""BKA"": 0.0, ""DPR"": 0.0, ""LCA"": 0.0}"
POI_poi_invoice_045.pdf,poi_invoice_045.pdf,INV-CDIP / EFDI Standard Commercial PO Template,POI,"FACT: Explicit PO-based vendor invoice with PO Number, Tax Invoice header, and GRN reference",1,711,POI,0.8158,True,10,phrase 'purchase order'; PO number pattern; invoice number pattern; phrase 'invoice number'; word 'invoice'; term 'GRN'; vendor/seller indicator; bill to/client indicator; phrase 'tax invoice'; term 'GSTIN',POI,1.0,True,6,[LAYOUT] Tax Invoice title located in document header region (p1: HEADER_TAX_INVOICE_TITLE); [LAYOUT] Invoice Number structured in header metadata band (p1: INVOICE_LABEL_VALUE_IN_HEADER); [LAYOUT] GSTIN / Tax ID tax registration in header band (p1: GSTIN_TAX_ID_IN_HEADER); [LAYOUT] Purchase Order reference structured in header metadata band (p1: PO_LABEL_VALUE_IN_HEADER); [LAYOUT] Goods Receipt Note (GRN) reference in header metadata (p1: GRN_REFERENCE_IN_HEADER); [LAYOUT] Co-occurrence of both Invoice Number and PO Number in metadata header (p1: POI_DUAL_INVOICE_AND_PO_HEADER),POI,1.0,True,16,[TEXT] phrase 'purchase order'; [TEXT] PO number pattern; [TEXT] invoice number pattern; [TEXT] phrase 'invoice number'; [TEXT] word 'invoice'; [TEXT] term 'GRN'; [TEXT] vendor/seller indicator; [TEXT] bill to/client indicator; [TEXT] phrase 'tax invoice'; [TEXT] term 'GSTIN'; [LAYOUT] Tax Invoice title located in document header region (p1: HEADER_TAX_INVOICE_TITLE); [LAYOUT] Invoice Number structured in header metadata band (p1: INVOICE_LABEL_VALUE_IN_HEADER); [LAYOUT] GSTIN / Tax ID tax registration in header band (p1: GSTIN_TAX_ID_IN_HEADER); [LAYOUT] Purchase Order reference structured in header metadata band (p1: PO_LABEL_VALUE_IN_HEADER); [LAYOUT] Goods Receipt Note (GRN) reference in header metadata (p1: GRN_REFERENCE_IN_HEADER); [LAYOUT] Co-occurrence of both Invoice Number and PO Number in metadata header (p1: POI_DUAL_INVOICE_AND_PO_HEADER),10,6,[TEXT] phrase 'purchase order'; [TEXT] PO number pattern; [TEXT] invoice number pattern; [TEXT] phrase 'invoice number'; [TEXT] word 'invoice'; [TEXT] term 'GRN'; [TEXT] vendor/seller indicator; [TEXT] bill to/client indicator; [TEXT] phrase 'tax invoice'; [TEXT] term 'GSTIN',[LAYOUT] Tax Invoice title located in document header region (p1: HEADER_TAX_INVOICE_TITLE); [LAYOUT] Invoice Number structured in header metadata band (p1: INVOICE_LABEL_VALUE_IN_HEADER); [LAYOUT] GSTIN / Tax ID tax registration in header band (p1: GSTIN_TAX_ID_IN_HEADER); [LAYOUT] Purchase Order reference structured in header metadata band (p1: PO_LABEL_VALUE_IN_HEADER); [LAYOUT] Goods Receipt Note (GRN) reference in header metadata (p1: GRN_REFERENCE_IN_HEADER); [LAYOUT] Co-occurrence of both Invoice Number and PO Number in metadata header (p1: POI_DUAL_INVOICE_AND_PO_HEADER),False,0.1842,"{""POI"": 0.8158, ""NPO"": 0.28, ""IMA"": 0.0, ""MSI"": 0.05, ""PSI"": 0.0526, ""JER"": 0.0, ""BKA"": 0.0, ""DPR"": 0.0, ""LCA"": 0.0}","{""POI"": 1.0, ""NPO"": 0.5833, ""IMA"": 0.0, ""MSI"": 0.0, ""PSI"": 0.0, ""JER"": 0.0, ""BKA"": 0.0, ""DPR"": 0.0, ""LCA"": 0.0}","{""POI"": 1.0, ""NPO"": 0.1405, ""IMA"": 0.0, ""MSI"": 0.03, ""PSI"": 0.0316, ""JER"": 0.0, ""BKA"": 0.0, ""DPR"": 0.0, ""LCA"": 0.0}"
POI_poi_invoice_046.pdf,poi_invoice_046.pdf,INV-CDIP / EFDI Standard Commercial PO Template,POI,"FACT: Explicit PO-based vendor invoice with PO Number, Tax Invoice header, and GRN reference",1,704,POI,0.8158,True,10,phrase 'purchase order'; PO number pattern; invoice number pattern; phrase 'invoice number'; word 'invoice'; term 'GRN'; vendor/seller indicator; bill to/client indicator; phrase 'tax invoice'; term 'GSTIN',POI,1.0,True,6,[LAYOUT] Tax Invoice title located in document header region (p1: HEADER_TAX_INVOICE_TITLE); [LAYOUT] Invoice Number structured in header metadata band (p1: INVOICE_LABEL_VALUE_IN_HEADER); [LAYOUT] GSTIN / Tax ID tax registration in header band (p1: GSTIN_TAX_ID_IN_HEADER); [LAYOUT] Purchase Order reference structured in header metadata band (p1: PO_LABEL_VALUE_IN_HEADER); [LAYOUT] Goods Receipt Note (GRN) reference in header metadata (p1: GRN_REFERENCE_IN_HEADER); [LAYOUT] Co-occurrence of both Invoice Number and PO Number in metadata header (p1: POI_DUAL_INVOICE_AND_PO_HEADER),POI,1.0,True,16,[TEXT] phrase 'purchase order'; [TEXT] PO number pattern; [TEXT] invoice number pattern; [TEXT] phrase 'invoice number'; [TEXT] word 'invoice'; [TEXT] term 'GRN'; [TEXT] vendor/seller indicator; [TEXT] bill to/client indicator; [TEXT] phrase 'tax invoice'; [TEXT] term 'GSTIN'; [LAYOUT] Tax Invoice title located in document header region (p1: HEADER_TAX_INVOICE_TITLE); [LAYOUT] Invoice Number structured in header metadata band (p1: INVOICE_LABEL_VALUE_IN_HEADER); [LAYOUT] GSTIN / Tax ID tax registration in header band (p1: GSTIN_TAX_ID_IN_HEADER); [LAYOUT] Purchase Order reference structured in header metadata band (p1: PO_LABEL_VALUE_IN_HEADER); [LAYOUT] Goods Receipt Note (GRN) reference in header metadata (p1: GRN_REFERENCE_IN_HEADER); [LAYOUT] Co-occurrence of both Invoice Number and PO Number in metadata header (p1: POI_DUAL_INVOICE_AND_PO_HEADER),10,6,[TEXT] phrase 'purchase order'; [TEXT] PO number pattern; [TEXT] invoice number pattern; [TEXT] phrase 'invoice number'; [TEXT] word 'invoice'; [TEXT] term 'GRN'; [TEXT] vendor/seller indicator; [TEXT] bill to/client indicator; [TEXT] phrase 'tax invoice'; [TEXT] term 'GSTIN',[LAYOUT] Tax Invoice title located in document header region (p1: HEADER_TAX_INVOICE_TITLE); [LAYOUT] Invoice Number structured in header metadata band (p1: INVOICE_LABEL_VALUE_IN_HEADER); [LAYOUT] GSTIN / Tax ID tax registration in header band (p1: GSTIN_TAX_ID_IN_HEADER); [LAYOUT] Purchase Order reference structured in header metadata band (p1: PO_LABEL_VALUE_IN_HEADER); [LAYOUT] Goods Receipt Note (GRN) reference in header metadata (p1: GRN_REFERENCE_IN_HEADER); [LAYOUT] Co-occurrence of both Invoice Number and PO Number in metadata header (p1: POI_DUAL_INVOICE_AND_PO_HEADER),False,0.1842,"{""POI"": 0.8158, ""NPO"": 0.28, ""IMA"": 0.0, ""MSI"": 0.05, ""PSI"": 0.0526, ""JER"": 0.0, ""BKA"": 0.0, ""DPR"": 0.0, ""LCA"": 0.0}","{""POI"": 1.0, ""NPO"": 0.5833, ""IMA"": 0.0, ""MSI"": 0.0, ""PSI"": 0.0, ""JER"": 0.0, ""BKA"": 0.0, ""DPR"": 0.0, ""LCA"": 0.0}","{""POI"": 1.0, ""NPO"": 0.1405, ""IMA"": 0.0, ""MSI"": 0.03, ""PSI"": 0.0316, ""JER"": 0.0, ""BKA"": 0.0, ""DPR"": 0.0, ""LCA"": 0.0}"
POI_poi_invoice_047.pdf,poi_invoice_047.pdf,INV-CDIP / EFDI Standard Commercial PO Template,POI,"FACT: Explicit PO-based vendor invoice with PO Number, Tax Invoice header, and GRN reference",1,709,POI,0.8158,True,10,phrase 'purchase order'; PO number pattern; invoice number pattern; phrase 'invoice number'; word 'invoice'; term 'GRN'; vendor/seller indicator; bill to/client indicator; phrase 'tax invoice'; term 'GSTIN',POI,1.0,True,6,[LAYOUT] Tax Invoice title located in document header region (p1: HEADER_TAX_INVOICE_TITLE); [LAYOUT] Invoice Number structured in header metadata band (p1: INVOICE_LABEL_VALUE_IN_HEADER); [LAYOUT] GSTIN / Tax ID tax registration in header band (p1: GSTIN_TAX_ID_IN_HEADER); [LAYOUT] Purchase Order reference structured in header metadata band (p1: PO_LABEL_VALUE_IN_HEADER); [LAYOUT] Goods Receipt Note (GRN) reference in header metadata (p1: GRN_REFERENCE_IN_HEADER); [LAYOUT] Co-occurrence of both Invoice Number and PO Number in metadata header (p1: POI_DUAL_INVOICE_AND_PO_HEADER),POI,1.0,True,16,[TEXT] phrase 'purchase order'; [TEXT] PO number pattern; [TEXT] invoice number pattern; [TEXT] phrase 'invoice number'; [TEXT] word 'invoice'; [TEXT] term 'GRN'; [TEXT] vendor/seller indicator; [TEXT] bill to/client indicator; [TEXT] phrase 'tax invoice'; [TEXT] term 'GSTIN'; [LAYOUT] Tax Invoice title located in document header region (p1: HEADER_TAX_INVOICE_TITLE); [LAYOUT] Invoice Number structured in header metadata band (p1: INVOICE_LABEL_VALUE_IN_HEADER); [LAYOUT] GSTIN / Tax ID tax registration in header band (p1: GSTIN_TAX_ID_IN_HEADER); [LAYOUT] Purchase Order reference structured in header metadata band (p1: PO_LABEL_VALUE_IN_HEADER); [LAYOUT] Goods Receipt Note (GRN) reference in header metadata (p1: GRN_REFERENCE_IN_HEADER); [LAYOUT] Co-occurrence of both Invoice Number and PO Number in metadata header (p1: POI_DUAL_INVOICE_AND_PO_HEADER),10,6,[TEXT] phrase 'purchase order'; [TEXT] PO number pattern; [TEXT] invoice number pattern; [TEXT] phrase 'invoice number'; [TEXT] word 'invoice'; [TEXT] term 'GRN'; [TEXT] vendor/seller indicator; [TEXT] bill to/client indicator; [TEXT] phrase 'tax invoice'; [TEXT] term 'GSTIN',[LAYOUT] Tax Invoice title located in document header region (p1: HEADER_TAX_INVOICE_TITLE); [LAYOUT] Invoice Number structured in header metadata band (p1: INVOICE_LABEL_VALUE_IN_HEADER); [LAYOUT] GSTIN / Tax ID tax registration in header band (p1: GSTIN_TAX_ID_IN_HEADER); [LAYOUT] Purchase Order reference structured in header metadata band (p1: PO_LABEL_VALUE_IN_HEADER); [LAYOUT] Goods Receipt Note (GRN) reference in header metadata (p1: GRN_REFERENCE_IN_HEADER); [LAYOUT] Co-occurrence of both Invoice Number and PO Number in metadata header (p1: POI_DUAL_INVOICE_AND_PO_HEADER),False,0.1842,"{""POI"": 0.8158, ""NPO"": 0.28, ""IMA"": 0.0, ""MSI"": 0.05, ""PSI"": 0.0526, ""JER"": 0.0, ""BKA"": 0.0, ""DPR"": 0.0, ""LCA"": 0.0}","{""POI"": 1.0, ""NPO"": 0.5833, ""IMA"": 0.0, ""MSI"": 0.0, ""PSI"": 0.0, ""JER"": 0.0, ""BKA"": 0.0, ""DPR"": 0.0, ""LCA"": 0.0}","{""POI"": 1.0, ""NPO"": 0.1405, ""IMA"": 0.0, ""MSI"": 0.03, ""PSI"": 0.0316, ""JER"": 0.0, ""BKA"": 0.0, ""DPR"": 0.0, ""LCA"": 0.0}"
POI_poi_invoice_048.pdf,poi_invoice_048.pdf,INV-CDIP / EFDI Standard Commercial PO Template,POI,"FACT: Explicit PO-based vendor invoice with PO Number, Tax Invoice header, and GRN reference",1,692,POI,0.8158,True,10,phrase 'purchase order'; PO number pattern; invoice number pattern; phrase 'invoice number'; word 'invoice'; term 'GRN'; vendor/seller indicator; bill to/client indicator; phrase 'tax invoice'; term 'GSTIN',POI,1.0,True,6,[LAYOUT] Tax Invoice title located in document header region (p1: HEADER_TAX_INVOICE_TITLE); [LAYOUT] Invoice Number structured in header metadata band (p1: INVOICE_LABEL_VALUE_IN_HEADER); [LAYOUT] GSTIN / Tax ID tax registration in header band (p1: GSTIN_TAX_ID_IN_HEADER); [LAYOUT] Purchase Order reference structured in header metadata band (p1: PO_LABEL_VALUE_IN_HEADER); [LAYOUT] Goods Receipt Note (GRN) reference in header metadata (p1: GRN_REFERENCE_IN_HEADER); [LAYOUT] Co-occurrence of both Invoice Number and PO Number in metadata header (p1: POI_DUAL_INVOICE_AND_PO_HEADER),POI,1.0,True,16,[TEXT] phrase 'purchase order'; [TEXT] PO number pattern; [TEXT] invoice number pattern; [TEXT] phrase 'invoice number'; [TEXT] word 'invoice'; [TEXT] term 'GRN'; [TEXT] vendor/seller indicator; [TEXT] bill to/client indicator; [TEXT] phrase 'tax invoice'; [TEXT] term 'GSTIN'; [LAYOUT] Tax Invoice title located in document header region (p1: HEADER_TAX_INVOICE_TITLE); [LAYOUT] Invoice Number structured in header metadata band (p1: INVOICE_LABEL_VALUE_IN_HEADER); [LAYOUT] GSTIN / Tax ID tax registration in header band (p1: GSTIN_TAX_ID_IN_HEADER); [LAYOUT] Purchase Order reference structured in header metadata band (p1: PO_LABEL_VALUE_IN_HEADER); [LAYOUT] Goods Receipt Note (GRN) reference in header metadata (p1: GRN_REFERENCE_IN_HEADER); [LAYOUT] Co-occurrence of both Invoice Number and PO Number in metadata header (p1: POI_DUAL_INVOICE_AND_PO_HEADER),10,6,[TEXT] phrase 'purchase order'; [TEXT] PO number pattern; [TEXT] invoice number pattern; [TEXT] phrase 'invoice number'; [TEXT] word 'invoice'; [TEXT] term 'GRN'; [TEXT] vendor/seller indicator; [TEXT] bill to/client indicator; [TEXT] phrase 'tax invoice'; [TEXT] term 'GSTIN',[LAYOUT] Tax Invoice title located in document header region (p1: HEADER_TAX_INVOICE_TITLE); [LAYOUT] Invoice Number structured in header metadata band (p1: INVOICE_LABEL_VALUE_IN_HEADER); [LAYOUT] GSTIN / Tax ID tax registration in header band (p1: GSTIN_TAX_ID_IN_HEADER); [LAYOUT] Purchase Order reference structured in header metadata band (p1: PO_LABEL_VALUE_IN_HEADER); [LAYOUT] Goods Receipt Note (GRN) reference in header metadata (p1: GRN_REFERENCE_IN_HEADER); [LAYOUT] Co-occurrence of both Invoice Number and PO Number in metadata header (p1: POI_DUAL_INVOICE_AND_PO_HEADER),False,0.1842,"{""POI"": 0.8158, ""NPO"": 0.28, ""IMA"": 0.0, ""MSI"": 0.05, ""PSI"": 0.0526, ""JER"": 0.0, ""BKA"": 0.0, ""DPR"": 0.0, ""LCA"": 0.0}","{""POI"": 1.0, ""NPO"": 0.5833, ""IMA"": 0.0, ""MSI"": 0.0, ""PSI"": 0.0, ""JER"": 0.0, ""BKA"": 0.0, ""DPR"": 0.0, ""LCA"": 0.0}","{""POI"": 1.0, ""NPO"": 0.1405, ""IMA"": 0.0, ""MSI"": 0.03, ""PSI"": 0.0316, ""JER"": 0.0, ""BKA"": 0.0, ""DPR"": 0.0, ""LCA"": 0.0}"
POI_poi_invoice_049.pdf,poi_invoice_049.pdf,INV-CDIP / EFDI Standard Commercial PO Template,POI,"FACT: Explicit PO-based vendor invoice with PO Number, Tax Invoice header, and GRN reference",1,707,POI,0.8158,True,10,phrase 'purchase order'; PO number pattern; invoice number pattern; phrase 'invoice number'; word 'invoice'; term 'GRN'; vendor/seller indicator; bill to/client indicator; phrase 'tax invoice'; term 'GSTIN',POI,1.0,True,6,[LAYOUT] Tax Invoice title located in document header region (p1: HEADER_TAX_INVOICE_TITLE); [LAYOUT] Invoice Number structured in header metadata band (p1: INVOICE_LABEL_VALUE_IN_HEADER); [LAYOUT] GSTIN / Tax ID tax registration in header band (p1: GSTIN_TAX_ID_IN_HEADER); [LAYOUT] Purchase Order reference structured in header metadata band (p1: PO_LABEL_VALUE_IN_HEADER); [LAYOUT] Goods Receipt Note (GRN) reference in header metadata (p1: GRN_REFERENCE_IN_HEADER); [LAYOUT] Co-occurrence of both Invoice Number and PO Number in metadata header (p1: POI_DUAL_INVOICE_AND_PO_HEADER),POI,1.0,True,16,[TEXT] phrase 'purchase order'; [TEXT] PO number pattern; [TEXT] invoice number pattern; [TEXT] phrase 'invoice number'; [TEXT] word 'invoice'; [TEXT] term 'GRN'; [TEXT] vendor/seller indicator; [TEXT] bill to/client indicator; [TEXT] phrase 'tax invoice'; [TEXT] term 'GSTIN'; [LAYOUT] Tax Invoice title located in document header region (p1: HEADER_TAX_INVOICE_TITLE); [LAYOUT] Invoice Number structured in header metadata band (p1: INVOICE_LABEL_VALUE_IN_HEADER); [LAYOUT] GSTIN / Tax ID tax registration in header band (p1: GSTIN_TAX_ID_IN_HEADER); [LAYOUT] Purchase Order reference structured in header metadata band (p1: PO_LABEL_VALUE_IN_HEADER); [LAYOUT] Goods Receipt Note (GRN) reference in header metadata (p1: GRN_REFERENCE_IN_HEADER); [LAYOUT] Co-occurrence of both Invoice Number and PO Number in metadata header (p1: POI_DUAL_INVOICE_AND_PO_HEADER),10,6,[TEXT] phrase 'purchase order'; [TEXT] PO number pattern; [TEXT] invoice number pattern; [TEXT] phrase 'invoice number'; [TEXT] word 'invoice'; [TEXT] term 'GRN'; [TEXT] vendor/seller indicator; [TEXT] bill to/client indicator; [TEXT] phrase 'tax invoice'; [TEXT] term 'GSTIN',[LAYOUT] Tax Invoice title located in document header region (p1: HEADER_TAX_INVOICE_TITLE); [LAYOUT] Invoice Number structured in header metadata band (p1: INVOICE_LABEL_VALUE_IN_HEADER); [LAYOUT] GSTIN / Tax ID tax registration in header band (p1: GSTIN_TAX_ID_IN_HEADER); [LAYOUT] Purchase Order reference structured in header metadata band (p1: PO_LABEL_VALUE_IN_HEADER); [LAYOUT] Goods Receipt Note (GRN) reference in header metadata (p1: GRN_REFERENCE_IN_HEADER); [LAYOUT] Co-occurrence of both Invoice Number and PO Number in metadata header (p1: POI_DUAL_INVOICE_AND_PO_HEADER),False,0.1842,"{""POI"": 0.8158, ""NPO"": 0.28, ""IMA"": 0.0, ""MSI"": 0.05, ""PSI"": 0.0526, ""JER"": 0.0, ""BKA"": 0.0, ""DPR"": 0.0, ""LCA"": 0.0}","{""POI"": 1.0, ""NPO"": 0.5833, ""IMA"": 0.0, ""MSI"": 0.0, ""PSI"": 0.0, ""JER"": 0.0, ""BKA"": 0.0, ""DPR"": 0.0, ""LCA"": 0.0}","{""POI"": 1.0, ""NPO"": 0.1405, ""IMA"": 0.0, ""MSI"": 0.03, ""PSI"": 0.0316, ""JER"": 0.0, ""BKA"": 0.0, ""DPR"": 0.0, ""LCA"": 0.0}"
POI_poi_invoice_050.pdf,poi_invoice_050.pdf,INV-CDIP / EFDI Standard Commercial PO Template,POI,"FACT: Explicit PO-based vendor invoice with PO Number, Tax Invoice header, and GRN reference",1,709,POI,0.8158,True,10,phrase 'purchase order'; PO number pattern; invoice number pattern; phrase 'invoice number'; word 'invoice'; term 'GRN'; vendor/seller indicator; bill to/client indicator; phrase 'tax invoice'; term 'GSTIN',POI,1.0,True,6,[LAYOUT] Tax Invoice title located in document header region (p1: HEADER_TAX_INVOICE_TITLE); [LAYOUT] Invoice Number structured in header metadata band (p1: INVOICE_LABEL_VALUE_IN_HEADER); [LAYOUT] GSTIN / Tax ID tax registration in header band (p1: GSTIN_TAX_ID_IN_HEADER); [LAYOUT] Purchase Order reference structured in header metadata band (p1: PO_LABEL_VALUE_IN_HEADER); [LAYOUT] Goods Receipt Note (GRN) reference in header metadata (p1: GRN_REFERENCE_IN_HEADER); [LAYOUT] Co-occurrence of both Invoice Number and PO Number in metadata header (p1: POI_DUAL_INVOICE_AND_PO_HEADER),POI,1.0,True,16,[TEXT] phrase 'purchase order'; [TEXT] PO number pattern; [TEXT] invoice number pattern; [TEXT] phrase 'invoice number'; [TEXT] word 'invoice'; [TEXT] term 'GRN'; [TEXT] vendor/seller indicator; [TEXT] bill to/client indicator; [TEXT] phrase 'tax invoice'; [TEXT] term 'GSTIN'; [LAYOUT] Tax Invoice title located in document header region (p1: HEADER_TAX_INVOICE_TITLE); [LAYOUT] Invoice Number structured in header metadata band (p1: INVOICE_LABEL_VALUE_IN_HEADER); [LAYOUT] GSTIN / Tax ID tax registration in header band (p1: GSTIN_TAX_ID_IN_HEADER); [LAYOUT] Purchase Order reference structured in header metadata band (p1: PO_LABEL_VALUE_IN_HEADER); [LAYOUT] Goods Receipt Note (GRN) reference in header metadata (p1: GRN_REFERENCE_IN_HEADER); [LAYOUT] Co-occurrence of both Invoice Number and PO Number in metadata header (p1: POI_DUAL_INVOICE_AND_PO_HEADER),10,6,[TEXT] phrase 'purchase order'; [TEXT] PO number pattern; [TEXT] invoice number pattern; [TEXT] phrase 'invoice number'; [TEXT] word 'invoice'; [TEXT] term 'GRN'; [TEXT] vendor/seller indicator; [TEXT] bill to/client indicator; [TEXT] phrase 'tax invoice'; [TEXT] term 'GSTIN',[LAYOUT] Tax Invoice title located in document header region (p1: HEADER_TAX_INVOICE_TITLE); [LAYOUT] Invoice Number structured in header metadata band (p1: INVOICE_LABEL_VALUE_IN_HEADER); [LAYOUT] GSTIN / Tax ID tax registration in header band (p1: GSTIN_TAX_ID_IN_HEADER); [LAYOUT] Purchase Order reference structured in header metadata band (p1: PO_LABEL_VALUE_IN_HEADER); [LAYOUT] Goods Receipt Note (GRN) reference in header metadata (p1: GRN_REFERENCE_IN_HEADER); [LAYOUT] Co-occurrence of both Invoice Number and PO Number in metadata header (p1: POI_DUAL_INVOICE_AND_PO_HEADER),False,0.1842,"{""POI"": 0.8158, ""NPO"": 0.28, ""IMA"": 0.0, ""MSI"": 0.05, ""PSI"": 0.0526, ""JER"": 0.0, ""BKA"": 0.0, ""DPR"": 0.0, ""LCA"": 0.0}","{""POI"": 1.0, ""NPO"": 0.5833, ""IMA"": 0.0, ""MSI"": 0.0, ""PSI"": 0.0, ""JER"": 0.0, ""BKA"": 0.0, ""DPR"": 0.0, ""LCA"": 0.0}","{""POI"": 1.0, ""NPO"": 0.1405, ""IMA"": 0.0, ""MSI"": 0.03, ""PSI"": 0.0316, ""JER"": 0.0, ""BKA"": 0.0, ""DPR"": 0.0, ""LCA"": 0.0}"
JER_jer_entry_001.pdf,jer_entry_001.pdf,mindweave/accounting-ledger-us,JER,"FACT: Formal double-entry General Ledger Journal Voucher from Mindweave Accounting Ledger with GL accounts, debit/credit balance, and posting date",1,634,JER,1.0,True,10,phrase 'journal entry'; phrase 'journal voucher'; phrase 'gl account'; phrase 'gl account code'; phrase 'general ledger'; word 'debit'; word 'credit'; phrase 'posting date'; word 'narration'; JE number pattern,JER,1.0,True,6,[LAYOUT] Journal Voucher / Journal Entry title in document header region (p1: HEADER_JER_TITLE); [LAYOUT] Journal Voucher / Journal Entry title in document header region (p1: HEADER_JER_TITLE); [LAYOUT] Journal Entry Number structured in voucher header (p1: JE_NUMBER_IN_HEADER); [LAYOUT] General Ledger Posting Date structured in voucher header (p1: POSTING_DATE_IN_HEADER); [LAYOUT] Horizontally separated Debit and Credit table columns in ledger body (p1: JER_DEBIT_CREDIT_TABLE_COLUMNS); [LAYOUT] GL Account / Account Title column structure in ledger table (p1: JER_GL_ACCOUNT_COLUMN),JER,1.0,True,16,[TEXT] phrase 'journal entry'; [TEXT] phrase 'journal voucher'; [TEXT] phrase 'gl account'; [TEXT] phrase 'gl account code'; [TEXT] phrase 'general ledger'; [TEXT] word 'debit'; [TEXT] word 'credit'; [TEXT] phrase 'posting date'; [TEXT] word 'narration'; [TEXT] JE number pattern; [LAYOUT] Journal Voucher / Journal Entry title in document header region (p1: HEADER_JER_TITLE); [LAYOUT] Journal Voucher / Journal Entry title in document header region (p1: HEADER_JER_TITLE); [LAYOUT] Journal Entry Number structured in voucher header (p1: JE_NUMBER_IN_HEADER); [LAYOUT] General Ledger Posting Date structured in voucher header (p1: POSTING_DATE_IN_HEADER); [LAYOUT] Horizontally separated Debit and Credit table columns in ledger body (p1: JER_DEBIT_CREDIT_TABLE_COLUMNS); [LAYOUT] GL Account / Account Title column structure in ledger table (p1: JER_GL_ACCOUNT_COLUMN),10,6,[TEXT] phrase 'journal entry'; [TEXT] phrase 'journal voucher'; [TEXT] phrase 'gl account'; [TEXT] phrase 'gl account code'; [TEXT] phrase 'general ledger'; [TEXT] word 'debit'; [TEXT] word 'credit'; [TEXT] phrase 'posting date'; [TEXT] word 'narration'; [TEXT] JE number pattern,[LAYOUT] Journal Voucher / Journal Entry title in document header region (p1: HEADER_JER_TITLE); [LAYOUT] Journal Voucher / Journal Entry title in document header region (p1: HEADER_JER_TITLE); [LAYOUT] Journal Entry Number structured in voucher header (p1: JE_NUMBER_IN_HEADER); [LAYOUT] General Ledger Posting Date structured in voucher header (p1: POSTING_DATE_IN_HEADER); [LAYOUT] Horizontally separated Debit and Credit table columns in ledger body (p1: JER_DEBIT_CREDIT_TABLE_COLUMNS); [LAYOUT] GL Account / Account Title column structure in ledger table (p1: JER_GL_ACCOUNT_COLUMN),False,0.0,"{""POI"": 0.0, ""NPO"": 0.0, ""IMA"": 0.0, ""MSI"": 0.0, ""PSI"": 0.0, ""JER"": 1.0, ""BKA"": 0.0, ""DPR"": 0.0, ""LCA"": 0.0}","{""POI"": 0.0, ""NPO"": 0.0, ""IMA"": 0.0, ""MSI"": 0.0, ""PSI"": 0.0, ""JER"": 1.0, ""BKA"": 0.0, ""DPR"": 0.0, ""LCA"": 0.0}","{""POI"": 0.0, ""NPO"": 0.0, ""IMA"": 0.0, ""MSI"": 0.0, ""PSI"": 0.0, ""JER"": 1.0, ""BKA"": 0.0, ""DPR"": 0.0, ""LCA"": 0.0}"
JER_jer_entry_002.pdf,jer_entry_002.pdf,mindweave/accounting-ledger-us,JER,"FACT: Formal double-entry General Ledger Journal Voucher from Mindweave Accounting Ledger with GL accounts, debit/credit balance, and posting date",1,616,JER,1.0,True,10,phrase 'journal entry'; phrase 'journal voucher'; phrase 'gl account'; phrase 'gl account code'; phrase 'general ledger'; word 'debit'; word 'credit'; phrase 'posting date'; word 'narration'; JE number pattern,JER,1.0,True,6,[LAYOUT] Journal Voucher / Journal Entry title in document header region (p1: HEADER_JER_TITLE); [LAYOUT] Journal Voucher / Journal Entry title in document header region (p1: HEADER_JER_TITLE); [LAYOUT] Journal Entry Number structured in voucher header (p1: JE_NUMBER_IN_HEADER); [LAYOUT] General Ledger Posting Date structured in voucher header (p1: POSTING_DATE_IN_HEADER); [LAYOUT] Horizontally separated Debit and Credit table columns in ledger body (p1: JER_DEBIT_CREDIT_TABLE_COLUMNS); [LAYOUT] GL Account / Account Title column structure in ledger table (p1: JER_GL_ACCOUNT_COLUMN),JER,1.0,True,16,[TEXT] phrase 'journal entry'; [TEXT] phrase 'journal voucher'; [TEXT] phrase 'gl account'; [TEXT] phrase 'gl account code'; [TEXT] phrase 'general ledger'; [TEXT] word 'debit'; [TEXT] word 'credit'; [TEXT] phrase 'posting date'; [TEXT] word 'narration'; [TEXT] JE number pattern; [LAYOUT] Journal Voucher / Journal Entry title in document header region (p1: HEADER_JER_TITLE); [LAYOUT] Journal Voucher / Journal Entry title in document header region (p1: HEADER_JER_TITLE); [LAYOUT] Journal Entry Number structured in voucher header (p1: JE_NUMBER_IN_HEADER); [LAYOUT] General Ledger Posting Date structured in voucher header (p1: POSTING_DATE_IN_HEADER); [LAYOUT] Horizontally separated Debit and Credit table columns in ledger body (p1: JER_DEBIT_CREDIT_TABLE_COLUMNS); [LAYOUT] GL Account / Account Title column structure in ledger table (p1: JER_GL_ACCOUNT_COLUMN),10,6,[TEXT] phrase 'journal entry'; [TEXT] phrase 'journal voucher'; [TEXT] phrase 'gl account'; [TEXT] phrase 'gl account code'; [TEXT] phrase 'general ledger'; [TEXT] word 'debit'; [TEXT] word 'credit'; [TEXT] phrase 'posting date'; [TEXT] word 'narration'; [TEXT] JE number pattern,[LAYOUT] Journal Voucher / Journal Entry title in document header region (p1: HEADER_JER_TITLE); [LAYOUT] Journal Voucher / Journal Entry title in document header region (p1: HEADER_JER_TITLE); [LAYOUT] Journal Entry Number structured in voucher header (p1: JE_NUMBER_IN_HEADER); [LAYOUT] General Ledger Posting Date structured in voucher header (p1: POSTING_DATE_IN_HEADER); [LAYOUT] Horizontally separated Debit and Credit table columns in ledger body (p1: JER_DEBIT_CREDIT_TABLE_COLUMNS); [LAYOUT] GL Account / Account Title column structure in ledger table (p1: JER_GL_ACCOUNT_COLUMN),False,0.0,"{""POI"": 0.0263, ""NPO"": 0.06, ""IMA"": 0.0, ""MSI"": 0.15, ""PSI"": 0.0, ""JER"": 1.0, ""BKA"": 0.0, ""DPR"": 0.0, ""LCA"": 0.0}","{""POI"": 0.0, ""NPO"": 0.0, ""IMA"": 0.0, ""MSI"": 0.25, ""PSI"": 0.0, ""JER"": 1.0, ""BKA"": 0.0, ""DPR"": 0.0, ""LCA"": 0.0}","{""POI"": 0.0047, ""NPO"": 0.0108, ""IMA"": 0.0, ""MSI"": 0.19, ""PSI"": 0.0, ""JER"": 1.0, ""BKA"": 0.0, ""DPR"": 0.0, ""LCA"": 0.0}"
JER_jer_entry_003.pdf,jer_entry_003.pdf,mindweave/accounting-ledger-us,JER,"FACT: Formal double-entry General Ledger Journal Voucher from Mindweave Accounting Ledger with GL accounts, debit/credit balance, and posting date",1,607,JER,1.0,True,10,phrase 'journal entry'; phrase 'journal voucher'; phrase 'gl account'; phrase 'gl account code'; phrase 'general ledger'; word 'debit'; word 'credit'; phrase 'posting date'; word 'narration'; JE number pattern,JER,1.0,True,6,[LAYOUT] Journal Voucher / Journal Entry title in document header region (p1: HEADER_JER_TITLE); [LAYOUT] Journal Voucher / Journal Entry title in document header region (p1: HEADER_JER_TITLE); [LAYOUT] Journal Entry Number structured in voucher header (p1: JE_NUMBER_IN_HEADER); [LAYOUT] General Ledger Posting Date structured in voucher header (p1: POSTING_DATE_IN_HEADER); [LAYOUT] Horizontally separated Debit and Credit table columns in ledger body (p1: JER_DEBIT_CREDIT_TABLE_COLUMNS); [LAYOUT] GL Account / Account Title column structure in ledger table (p1: JER_GL_ACCOUNT_COLUMN),JER,1.0,True,16,[TEXT] phrase 'journal entry'; [TEXT] phrase 'journal voucher'; [TEXT] phrase 'gl account'; [TEXT] phrase 'gl account code'; [TEXT] phrase 'general ledger'; [TEXT] word 'debit'; [TEXT] word 'credit'; [TEXT] phrase 'posting date'; [TEXT] word 'narration'; [TEXT] JE number pattern; [LAYOUT] Journal Voucher / Journal Entry title in document header region (p1: HEADER_JER_TITLE); [LAYOUT] Journal Voucher / Journal Entry title in document header region (p1: HEADER_JER_TITLE); [LAYOUT] Journal Entry Number structured in voucher header (p1: JE_NUMBER_IN_HEADER); [LAYOUT] General Ledger Posting Date structured in voucher header (p1: POSTING_DATE_IN_HEADER); [LAYOUT] Horizontally separated Debit and Credit table columns in ledger body (p1: JER_DEBIT_CREDIT_TABLE_COLUMNS); [LAYOUT] GL Account / Account Title column structure in ledger table (p1: JER_GL_ACCOUNT_COLUMN),10,6,[TEXT] phrase 'journal entry'; [TEXT] phrase 'journal voucher'; [TEXT] phrase 'gl account'; [TEXT] phrase 'gl account code'; [TEXT] phrase 'general ledger'; [TEXT] word 'debit'; [TEXT] word 'credit'; [TEXT] phrase 'posting date'; [TEXT] word 'narration'; [TEXT] JE number pattern,[LAYOUT] Journal Voucher / Journal Entry title in document header region (p1: HEADER_JER_TITLE); [LAYOUT] Journal Voucher / Journal Entry title in document header region (p1: HEADER_JER_TITLE); [LAYOUT] Journal Entry Number structured in voucher header (p1: JE_NUMBER_IN_HEADER); [LAYOUT] General Ledger Posting Date structured in voucher header (p1: POSTING_DATE_IN_HEADER); [LAYOUT] Horizontally separated Debit and Credit table columns in ledger body (p1: JER_DEBIT_CREDIT_TABLE_COLUMNS); [LAYOUT] GL Account / Account Title column structure in ledger table (p1: JER_GL_ACCOUNT_COLUMN),False,0.0,"{""POI"": 0.0263, ""NPO"": 0.06, ""IMA"": 0.0, ""MSI"": 0.15, ""PSI"": 0.0, ""JER"": 1.0, ""BKA"": 0.0, ""DPR"": 0.0, ""LCA"": 0.0}","{""POI"": 0.0, ""NPO"": 0.0, ""IMA"": 0.0, ""MSI"": 0.25, ""PSI"": 0.0, ""JER"": 1.0, ""BKA"": 0.0, ""DPR"": 0.0, ""LCA"": 0.0}","{""POI"": 0.0047, ""NPO"": 0.0108, ""IMA"": 0.0, ""MSI"": 0.19, ""PSI"": 0.0, ""JER"": 1.0, ""BKA"": 0.0, ""DPR"": 0.0, ""LCA"": 0.0}"
JER_jer_entry_004.pdf,jer_entry_004.pdf,mindweave/accounting-ledger-us,JER,"FACT: Formal double-entry General Ledger Journal Voucher from Mindweave Accounting Ledger with GL accounts, debit/credit balance, and posting date",1,607,JER,1.0,True,10,phrase 'journal entry'; phrase 'journal voucher'; phrase 'gl account'; phrase 'gl account code'; phrase 'general ledger'; word 'debit'; word 'credit'; phrase 'posting date'; word 'narration'; JE number pattern,JER,1.0,True,6,[LAYOUT] Journal Voucher / Journal Entry title in document header region (p1: HEADER_JER_TITLE); [LAYOUT] Journal Voucher / Journal Entry title in document header region (p1: HEADER_JER_TITLE); [LAYOUT] Journal Entry Number structured in voucher header (p1: JE_NUMBER_IN_HEADER); [LAYOUT] General Ledger Posting Date structured in voucher header (p1: POSTING_DATE_IN_HEADER); [LAYOUT] Horizontally separated Debit and Credit table columns in ledger body (p1: JER_DEBIT_CREDIT_TABLE_COLUMNS); [LAYOUT] GL Account / Account Title column structure in ledger table (p1: JER_GL_ACCOUNT_COLUMN),JER,1.0,True,16,[TEXT] phrase 'journal entry'; [TEXT] phrase 'journal voucher'; [TEXT] phrase 'gl account'; [TEXT] phrase 'gl account code'; [TEXT] phrase 'general ledger'; [TEXT] word 'debit'; [TEXT] word 'credit'; [TEXT] phrase 'posting date'; [TEXT] word 'narration'; [TEXT] JE number pattern; [LAYOUT] Journal Voucher / Journal Entry title in document header region (p1: HEADER_JER_TITLE); [LAYOUT] Journal Voucher / Journal Entry title in document header region (p1: HEADER_JER_TITLE); [LAYOUT] Journal Entry Number structured in voucher header (p1: JE_NUMBER_IN_HEADER); [LAYOUT] General Ledger Posting Date structured in voucher header (p1: POSTING_DATE_IN_HEADER); [LAYOUT] Horizontally separated Debit and Credit table columns in ledger body (p1: JER_DEBIT_CREDIT_TABLE_COLUMNS); [LAYOUT] GL Account / Account Title column structure in ledger table (p1: JER_GL_ACCOUNT_COLUMN),10,6,[TEXT] phrase 'journal entry'; [TEXT] phrase 'journal voucher'; [TEXT] phrase 'gl account'; [TEXT] phrase 'gl account code'; [TEXT] phrase 'general ledger'; [TEXT] word 'debit'; [TEXT] word 'credit'; [TEXT] phrase 'posting date'; [TEXT] word 'narration'; [TEXT] JE number pattern,[LAYOUT] Journal Voucher / Journal Entry title in document header region (p1: HEADER_JER_TITLE); [LAYOUT] Journal Voucher / Journal Entry title in document header region (p1: HEADER_JER_TITLE); [LAYOUT] Journal Entry Number structured in voucher header (p1: JE_NUMBER_IN_HEADER); [LAYOUT] General Ledger Posting Date structured in voucher header (p1: POSTING_DATE_IN_HEADER); [LAYOUT] Horizontally separated Debit and Credit table columns in ledger body (p1: JER_DEBIT_CREDIT_TABLE_COLUMNS); [LAYOUT] GL Account / Account Title column structure in ledger table (p1: JER_GL_ACCOUNT_COLUMN),False,0.0,"{""POI"": 0.0263, ""NPO"": 0.06, ""IMA"": 0.0, ""MSI"": 0.15, ""PSI"": 0.0, ""JER"": 1.0, ""BKA"": 0.0, ""DPR"": 0.0, ""LCA"": 0.0}","{""POI"": 0.0, ""NPO"": 0.0, ""IMA"": 0.0, ""MSI"": 0.25, ""PSI"": 0.0, ""JER"": 1.0, ""BKA"": 0.0, ""DPR"": 0.0, ""LCA"": 0.0}","{""POI"": 0.0047, ""NPO"": 0.0108, ""IMA"": 0.0, ""MSI"": 0.19, ""PSI"": 0.0, ""JER"": 1.0, ""BKA"": 0.0, ""DPR"": 0.0, ""LCA"": 0.0}"
JER_jer_entry_005.pdf,jer_entry_005.pdf,mindweave/accounting-ledger-us,JER,"FACT: Formal double-entry General Ledger Journal Voucher from Mindweave Accounting Ledger with GL accounts, debit/credit balance, and posting date",1,751,JER,1.0,True,10,phrase 'journal entry'; phrase 'journal voucher'; phrase 'gl account'; phrase 'gl account code'; phrase 'general ledger'; word 'debit'; word 'credit'; phrase 'posting date'; word 'narration'; JE number pattern,JER,1.0,True,6,[LAYOUT] Journal Voucher / Journal Entry title in document header region (p1: HEADER_JER_TITLE); [LAYOUT] Journal Voucher / Journal Entry title in document header region (p1: HEADER_JER_TITLE); [LAYOUT] Journal Entry Number structured in voucher header (p1: JE_NUMBER_IN_HEADER); [LAYOUT] General Ledger Posting Date structured in voucher header (p1: POSTING_DATE_IN_HEADER); [LAYOUT] Horizontally separated Debit and Credit table columns in ledger body (p1: JER_DEBIT_CREDIT_TABLE_COLUMNS); [LAYOUT] GL Account / Account Title column structure in ledger table (p1: JER_GL_ACCOUNT_COLUMN),JER,1.0,True,16,[TEXT] phrase 'journal entry'; [TEXT] phrase 'journal voucher'; [TEXT] phrase 'gl account'; [TEXT] phrase 'gl account code'; [TEXT] phrase 'general ledger'; [TEXT] word 'debit'; [TEXT] word 'credit'; [TEXT] phrase 'posting date'; [TEXT] word 'narration'; [TEXT] JE number pattern; [LAYOUT] Journal Voucher / Journal Entry title in document header region (p1: HEADER_JER_TITLE); [LAYOUT] Journal Voucher / Journal Entry title in document header region (p1: HEADER_JER_TITLE); [LAYOUT] Journal Entry Number structured in voucher header (p1: JE_NUMBER_IN_HEADER); [LAYOUT] General Ledger Posting Date structured in voucher header (p1: POSTING_DATE_IN_HEADER); [LAYOUT] Horizontally separated Debit and Credit table columns in ledger body (p1: JER_DEBIT_CREDIT_TABLE_COLUMNS); [LAYOUT] GL Account / Account Title column structure in ledger table (p1: JER_GL_ACCOUNT_COLUMN),10,6,[TEXT] phrase 'journal entry'; [TEXT] phrase 'journal voucher'; [TEXT] phrase 'gl account'; [TEXT] phrase 'gl account code'; [TEXT] phrase 'general ledger'; [TEXT] word 'debit'; [TEXT] word 'credit'; [TEXT] phrase 'posting date'; [TEXT] word 'narration'; [TEXT] JE number pattern,[LAYOUT] Journal Voucher / Journal Entry title in document header region (p1: HEADER_JER_TITLE); [LAYOUT] Journal Voucher / Journal Entry title in document header region (p1: HEADER_JER_TITLE); [LAYOUT] Journal Entry Number structured in voucher header (p1: JE_NUMBER_IN_HEADER); [LAYOUT] General Ledger Posting Date structured in voucher header (p1: POSTING_DATE_IN_HEADER); [LAYOUT] Horizontally separated Debit and Credit table columns in ledger body (p1: JER_DEBIT_CREDIT_TABLE_COLUMNS); [LAYOUT] GL Account / Account Title column structure in ledger table (p1: JER_GL_ACCOUNT_COLUMN),False,0.0,"{""POI"": 0.0, ""NPO"": 0.0, ""IMA"": 0.0, ""MSI"": 0.0, ""PSI"": 0.0, ""JER"": 1.0, ""BKA"": 0.0, ""DPR"": 0.0, ""LCA"": 0.0}","{""POI"": 0.0, ""NPO"": 0.0, ""IMA"": 0.0, ""MSI"": 0.0, ""PSI"": 0.0, ""JER"": 1.0, ""BKA"": 0.0, ""DPR"": 0.0, ""LCA"": 0.0}","{""POI"": 0.0, ""NPO"": 0.0, ""IMA"": 0.0, ""MSI"": 0.0, ""PSI"": 0.0, ""JER"": 1.0, ""BKA"": 0.0, ""DPR"": 0.0, ""LCA"": 0.0}"
JER_jer_entry_006.pdf,jer_entry_006.pdf,mindweave/accounting-ledger-us,JER,"FACT: Formal double-entry General Ledger Journal Voucher from Mindweave Accounting Ledger with GL accounts, debit/credit balance, and posting date",1,616,JER,1.0,True,10,phrase 'journal entry'; phrase 'journal voucher'; phrase 'gl account'; phrase 'gl account code'; phrase 'general ledger'; word 'debit'; word 'credit'; phrase 'posting date'; word 'narration'; JE number pattern,JER,1.0,True,6,[LAYOUT] Journal Voucher / Journal Entry title in document header region (p1: HEADER_JER_TITLE); [LAYOUT] Journal Voucher / Journal Entry title in document header region (p1: HEADER_JER_TITLE); [LAYOUT] Journal Entry Number structured in voucher header (p1: JE_NUMBER_IN_HEADER); [LAYOUT] General Ledger Posting Date structured in voucher header (p1: POSTING_DATE_IN_HEADER); [LAYOUT] Horizontally separated Debit and Credit table columns in ledger body (p1: JER_DEBIT_CREDIT_TABLE_COLUMNS); [LAYOUT] GL Account / Account Title column structure in ledger table (p1: JER_GL_ACCOUNT_COLUMN),JER,1.0,True,16,[TEXT] phrase 'journal entry'; [TEXT] phrase 'journal voucher'; [TEXT] phrase 'gl account'; [TEXT] phrase 'gl account code'; [TEXT] phrase 'general ledger'; [TEXT] word 'debit'; [TEXT] word 'credit'; [TEXT] phrase 'posting date'; [TEXT] word 'narration'; [TEXT] JE number pattern; [LAYOUT] Journal Voucher / Journal Entry title in document header region (p1: HEADER_JER_TITLE); [LAYOUT] Journal Voucher / Journal Entry title in document header region (p1: HEADER_JER_TITLE); [LAYOUT] Journal Entry Number structured in voucher header (p1: JE_NUMBER_IN_HEADER); [LAYOUT] General Ledger Posting Date structured in voucher header (p1: POSTING_DATE_IN_HEADER); [LAYOUT] Horizontally separated Debit and Credit table columns in ledger body (p1: JER_DEBIT_CREDIT_TABLE_COLUMNS); [LAYOUT] GL Account / Account Title column structure in ledger table (p1: JER_GL_ACCOUNT_COLUMN),10,6,[TEXT] phrase 'journal entry'; [TEXT] phrase 'journal voucher'; [TEXT] phrase 'gl account'; [TEXT] phrase 'gl account code'; [TEXT] phrase 'general ledger'; [TEXT] word 'debit'; [TEXT] word 'credit'; [TEXT] phrase 'posting date'; [TEXT] word 'narration'; [TEXT] JE number pattern,[LAYOUT] Journal Voucher / Journal Entry title in document header region (p1: HEADER_JER_TITLE); [LAYOUT] Journal Voucher / Journal Entry title in document header region (p1: HEADER_JER_TITLE); [LAYOUT] Journal Entry Number structured in voucher header (p1: JE_NUMBER_IN_HEADER); [LAYOUT] General Ledger Posting Date structured in voucher header (p1: POSTING_DATE_IN_HEADER); [LAYOUT] Horizontally separated Debit and Credit table columns in ledger body (p1: JER_DEBIT_CREDIT_TABLE_COLUMNS); [LAYOUT] GL Account / Account Title column structure in ledger table (p1: JER_GL_ACCOUNT_COLUMN),False,0.0,"{""POI"": 0.0263, ""NPO"": 0.06, ""IMA"": 0.0, ""MSI"": 0.15, ""PSI"": 0.0, ""JER"": 1.0, ""BKA"": 0.0, ""DPR"": 0.0, ""LCA"": 0.0}","{""POI"": 0.0, ""NPO"": 0.0, ""IMA"": 0.0, ""MSI"": 0.25, ""PSI"": 0.0, ""JER"": 1.0, ""BKA"": 0.0, ""DPR"": 0.0, ""LCA"": 0.0}","{""POI"": 0.0047, ""NPO"": 0.0108, ""IMA"": 0.0, ""MSI"": 0.19, ""PSI"": 0.0, ""JER"": 1.0, ""BKA"": 0.0, ""DPR"": 0.0, ""LCA"": 0.0}"
JER_jer_entry_007.pdf,jer_entry_007.pdf,mindweave/accounting-ledger-us,JER,"FACT: Formal double-entry General Ledger Journal Voucher from Mindweave Accounting Ledger with GL accounts, debit/credit balance, and posting date",1,615,JER,1.0,True,10,phrase 'journal entry'; phrase 'journal voucher'; phrase 'gl account'; phrase 'gl account code'; phrase 'general ledger'; word 'debit'; word 'credit'; phrase 'posting date'; word 'narration'; JE number pattern,JER,1.0,True,6,[LAYOUT] Journal Voucher / Journal Entry title in document header region (p1: HEADER_JER_TITLE); [LAYOUT] Journal Voucher / Journal Entry title in document header region (p1: HEADER_JER_TITLE); [LAYOUT] Journal Entry Number structured in voucher header (p1: JE_NUMBER_IN_HEADER); [LAYOUT] General Ledger Posting Date structured in voucher header (p1: POSTING_DATE_IN_HEADER); [LAYOUT] Horizontally separated Debit and Credit table columns in ledger body (p1: JER_DEBIT_CREDIT_TABLE_COLUMNS); [LAYOUT] GL Account / Account Title column structure in ledger table (p1: JER_GL_ACCOUNT_COLUMN),JER,1.0,True,16,[TEXT] phrase 'journal entry'; [TEXT] phrase 'journal voucher'; [TEXT] phrase 'gl account'; [TEXT] phrase 'gl account code'; [TEXT] phrase 'general ledger'; [TEXT] word 'debit'; [TEXT] word 'credit'; [TEXT] phrase 'posting date'; [TEXT] word 'narration'; [TEXT] JE number pattern; [LAYOUT] Journal Voucher / Journal Entry title in document header region (p1: HEADER_JER_TITLE); [LAYOUT] Journal Voucher / Journal Entry title in document header region (p1: HEADER_JER_TITLE); [LAYOUT] Journal Entry Number structured in voucher header (p1: JE_NUMBER_IN_HEADER); [LAYOUT] General Ledger Posting Date structured in voucher header (p1: POSTING_DATE_IN_HEADER); [LAYOUT] Horizontally separated Debit and Credit table columns in ledger body (p1: JER_DEBIT_CREDIT_TABLE_COLUMNS); [LAYOUT] GL Account / Account Title column structure in ledger table (p1: JER_GL_ACCOUNT_COLUMN),10,6,[TEXT] phrase 'journal entry'; [TEXT] phrase 'journal voucher'; [TEXT] phrase 'gl account'; [TEXT] phrase 'gl account code'; [TEXT] phrase 'general ledger'; [TEXT] word 'debit'; [TEXT] word 'credit'; [TEXT] phrase 'posting date'; [TEXT] word 'narration'; [TEXT] JE number pattern,[LAYOUT] Journal Voucher / Journal Entry title in document header region (p1: HEADER_JER_TITLE); [LAYOUT] Journal Voucher / Journal Entry title in document header region (p1: HEADER_JER_TITLE); [LAYOUT] Journal Entry Number structured in voucher header (p1: JE_NUMBER_IN_HEADER); [LAYOUT] General Ledger Posting Date structured in voucher header (p1: POSTING_DATE_IN_HEADER); [LAYOUT] Horizontally separated Debit and Credit table columns in ledger body (p1: JER_DEBIT_CREDIT_TABLE_COLUMNS); [LAYOUT] GL Account / Account Title column structure in ledger table (p1: JER_GL_ACCOUNT_COLUMN),False,0.0,"{""POI"": 0.0263, ""NPO"": 0.06, ""IMA"": 0.0, ""MSI"": 0.15, ""PSI"": 0.0, ""JER"": 1.0, ""BKA"": 0.0, ""DPR"": 0.0, ""LCA"": 0.0}","{""POI"": 0.0, ""NPO"": 0.0, ""IMA"": 0.0, ""MSI"": 0.25, ""PSI"": 0.0, ""JER"": 1.0, ""BKA"": 0.0, ""DPR"": 0.0, ""LCA"": 0.0}","{""POI"": 0.0047, ""NPO"": 0.0108, ""IMA"": 0.0, ""MSI"": 0.19, ""PSI"": 0.0, ""JER"": 1.0, ""BKA"": 0.0, ""DPR"": 0.0, ""LCA"": 0.0}"
JER_jer_entry_008.pdf,jer_entry_008.pdf,mindweave/accounting-ledger-us,JER,"FACT: Formal double-entry General Ledger Journal Voucher from Mindweave Accounting Ledger with GL accounts, debit/credit balance, and posting date",1,607,JER,1.0,True,10,phrase 'journal entry'; phrase 'journal voucher'; phrase 'gl account'; phrase 'gl account code'; phrase 'general ledger'; word 'debit'; word 'credit'; phrase 'posting date'; word 'narration'; JE number pattern,JER,1.0,True,6,[LAYOUT] Journal Voucher / Journal Entry title in document header region (p1: HEADER_JER_TITLE); [LAYOUT] Journal Voucher / Journal Entry title in document header region (p1: HEADER_JER_TITLE); [LAYOUT] Journal Entry Number structured in voucher header (p1: JE_NUMBER_IN_HEADER); [LAYOUT] General Ledger Posting Date structured in voucher header (p1: POSTING_DATE_IN_HEADER); [LAYOUT] Horizontally separated Debit and Credit table columns in ledger body (p1: JER_DEBIT_CREDIT_TABLE_COLUMNS); [LAYOUT] GL Account / Account Title column structure in ledger table (p1: JER_GL_ACCOUNT_COLUMN),JER,1.0,True,16,[TEXT] phrase 'journal entry'; [TEXT] phrase 'journal voucher'; [TEXT] phrase 'gl account'; [TEXT] phrase 'gl account code'; [TEXT] phrase 'general ledger'; [TEXT] word 'debit'; [TEXT] word 'credit'; [TEXT] phrase 'posting date'; [TEXT] word 'narration'; [TEXT] JE number pattern; [LAYOUT] Journal Voucher / Journal Entry title in document header region (p1: HEADER_JER_TITLE); [LAYOUT] Journal Voucher / Journal Entry title in document header region (p1: HEADER_JER_TITLE); [LAYOUT] Journal Entry Number structured in voucher header (p1: JE_NUMBER_IN_HEADER); [LAYOUT] General Ledger Posting Date structured in voucher header (p1: POSTING_DATE_IN_HEADER); [LAYOUT] Horizontally separated Debit and Credit table columns in ledger body (p1: JER_DEBIT_CREDIT_TABLE_COLUMNS); [LAYOUT] GL Account / Account Title column structure in ledger table (p1: JER_GL_ACCOUNT_COLUMN),10,6,[TEXT] phrase 'journal entry'; [TEXT] phrase 'journal voucher'; [TEXT] phrase 'gl account'; [TEXT] phrase 'gl account code'; [TEXT] phrase 'general ledger'; [TEXT] word 'debit'; [TEXT] word 'credit'; [TEXT] phrase 'posting date'; [TEXT] word 'narration'; [TEXT] JE number pattern,[LAYOUT] Journal Voucher / Journal Entry title in document header region (p1: HEADER_JER_TITLE); [LAYOUT] Journal Voucher / Journal Entry title in document header region (p1: HEADER_JER_TITLE); [LAYOUT] Journal Entry Number structured in voucher header (p1: JE_NUMBER_IN_HEADER); [LAYOUT] General Ledger Posting Date structured in voucher header (p1: POSTING_DATE_IN_HEADER); [LAYOUT] Horizontally separated Debit and Credit table columns in ledger body (p1: JER_DEBIT_CREDIT_TABLE_COLUMNS); [LAYOUT] GL Account / Account Title column structure in ledger table (p1: JER_GL_ACCOUNT_COLUMN),False,0.0,"{""POI"": 0.0263, ""NPO"": 0.06, ""IMA"": 0.0, ""MSI"": 0.15, ""PSI"": 0.0, ""JER"": 1.0, ""BKA"": 0.0, ""DPR"": 0.0, ""LCA"": 0.0}","{""POI"": 0.0, ""NPO"": 0.0, ""IMA"": 0.0, ""MSI"": 0.25, ""PSI"": 0.0, ""JER"": 1.0, ""BKA"": 0.0, ""DPR"": 0.0, ""LCA"": 0.0}","{""POI"": 0.0047, ""NPO"": 0.0108, ""IMA"": 0.0, ""MSI"": 0.19, ""PSI"": 0.0, ""JER"": 1.0, ""BKA"": 0.0, ""DPR"": 0.0, ""LCA"": 0.0}"
JER_jer_entry_009.pdf,jer_entry_009.pdf,mindweave/accounting-ledger-us,JER,"FACT: Formal double-entry General Ledger Journal Voucher from Mindweave Accounting Ledger with GL accounts, debit/credit balance, and posting date",1,616,JER,1.0,True,10,phrase 'journal entry'; phrase 'journal voucher'; phrase 'gl account'; phrase 'gl account code'; phrase 'general ledger'; word 'debit'; word 'credit'; phrase 'posting date'; word 'narration'; JE number pattern,JER,1.0,True,6,[LAYOUT] Journal Voucher / Journal Entry title in document header region (p1: HEADER_JER_TITLE); [LAYOUT] Journal Voucher / Journal Entry title in document header region (p1: HEADER_JER_TITLE); [LAYOUT] Journal Entry Number structured in voucher header (p1: JE_NUMBER_IN_HEADER); [LAYOUT] General Ledger Posting Date structured in voucher header (p1: POSTING_DATE_IN_HEADER); [LAYOUT] Horizontally separated Debit and Credit table columns in ledger body (p1: JER_DEBIT_CREDIT_TABLE_COLUMNS); [LAYOUT] GL Account / Account Title column structure in ledger table (p1: JER_GL_ACCOUNT_COLUMN),JER,1.0,True,16,[TEXT] phrase 'journal entry'; [TEXT] phrase 'journal voucher'; [TEXT] phrase 'gl account'; [TEXT] phrase 'gl account code'; [TEXT] phrase 'general ledger'; [TEXT] word 'debit'; [TEXT] word 'credit'; [TEXT] phrase 'posting date'; [TEXT] word 'narration'; [TEXT] JE number pattern; [LAYOUT] Journal Voucher / Journal Entry title in document header region (p1: HEADER_JER_TITLE); [LAYOUT] Journal Voucher / Journal Entry title in document header region (p1: HEADER_JER_TITLE); [LAYOUT] Journal Entry Number structured in voucher header (p1: JE_NUMBER_IN_HEADER); [LAYOUT] General Ledger Posting Date structured in voucher header (p1: POSTING_DATE_IN_HEADER); [LAYOUT] Horizontally separated Debit and Credit table columns in ledger body (p1: JER_DEBIT_CREDIT_TABLE_COLUMNS); [LAYOUT] GL Account / Account Title column structure in ledger table (p1: JER_GL_ACCOUNT_COLUMN),10,6,[TEXT] phrase 'journal entry'; [TEXT] phrase 'journal voucher'; [TEXT] phrase 'gl account'; [TEXT] phrase 'gl account code'; [TEXT] phrase 'general ledger'; [TEXT] word 'debit'; [TEXT] word 'credit'; [TEXT] phrase 'posting date'; [TEXT] word 'narration'; [TEXT] JE number pattern,[LAYOUT] Journal Voucher / Journal Entry title in document header region (p1: HEADER_JER_TITLE); [LAYOUT] Journal Voucher / Journal Entry title in document header region (p1: HEADER_JER_TITLE); [LAYOUT] Journal Entry Number structured in voucher header (p1: JE_NUMBER_IN_HEADER); [LAYOUT] General Ledger Posting Date structured in voucher header (p1: POSTING_DATE_IN_HEADER); [LAYOUT] Horizontally separated Debit and Credit table columns in ledger body (p1: JER_DEBIT_CREDIT_TABLE_COLUMNS); [LAYOUT] GL Account / Account Title column structure in ledger table (p1: JER_GL_ACCOUNT_COLUMN),False,0.0,"{""POI"": 0.0263, ""NPO"": 0.06, ""IMA"": 0.0, ""MSI"": 0.15, ""PSI"": 0.0, ""JER"": 1.0, ""BKA"": 0.0, ""DPR"": 0.0, ""LCA"": 0.0}","{""POI"": 0.0, ""NPO"": 0.0, ""IMA"": 0.0, ""MSI"": 0.25, ""PSI"": 0.0, ""JER"": 1.0, ""BKA"": 0.0, ""DPR"": 0.0, ""LCA"": 0.0}","{""POI"": 0.0047, ""NPO"": 0.0108, ""IMA"": 0.0, ""MSI"": 0.19, ""PSI"": 0.0, ""JER"": 1.0, ""BKA"": 0.0, ""DPR"": 0.0, ""LCA"": 0.0}"
JER_jer_entry_010.pdf,jer_entry_010.pdf,mindweave/accounting-ledger-us,JER,"FACT: Formal double-entry General Ledger Journal Voucher from Mindweave Accounting Ledger with GL accounts, debit/credit balance, and posting date",1,617,JER,1.0,True,10,phrase 'journal entry'; phrase 'journal voucher'; phrase 'gl account'; phrase 'gl account code'; phrase 'general ledger'; word 'debit'; word 'credit'; phrase 'posting date'; word 'narration'; JE number pattern,JER,1.0,True,6,[LAYOUT] Journal Voucher / Journal Entry title in document header region (p1: HEADER_JER_TITLE); [LAYOUT] Journal Voucher / Journal Entry title in document header region (p1: HEADER_JER_TITLE); [LAYOUT] Journal Entry Number structured in voucher header (p1: JE_NUMBER_IN_HEADER); [LAYOUT] General Ledger Posting Date structured in voucher header (p1: POSTING_DATE_IN_HEADER); [LAYOUT] Horizontally separated Debit and Credit table columns in ledger body (p1: JER_DEBIT_CREDIT_TABLE_COLUMNS); [LAYOUT] GL Account / Account Title column structure in ledger table (p1: JER_GL_ACCOUNT_COLUMN),JER,1.0,True,16,[TEXT] phrase 'journal entry'; [TEXT] phrase 'journal voucher'; [TEXT] phrase 'gl account'; [TEXT] phrase 'gl account code'; [TEXT] phrase 'general ledger'; [TEXT] word 'debit'; [TEXT] word 'credit'; [TEXT] phrase 'posting date'; [TEXT] word 'narration'; [TEXT] JE number pattern; [LAYOUT] Journal Voucher / Journal Entry title in document header region (p1: HEADER_JER_TITLE); [LAYOUT] Journal Voucher / Journal Entry title in document header region (p1: HEADER_JER_TITLE); [LAYOUT] Journal Entry Number structured in voucher header (p1: JE_NUMBER_IN_HEADER); [LAYOUT] General Ledger Posting Date structured in voucher header (p1: POSTING_DATE_IN_HEADER); [LAYOUT] Horizontally separated Debit and Credit table columns in ledger body (p1: JER_DEBIT_CREDIT_TABLE_COLUMNS); [LAYOUT] GL Account / Account Title column structure in ledger table (p1: JER_GL_ACCOUNT_COLUMN),10,6,[TEXT] phrase 'journal entry'; [TEXT] phrase 'journal voucher'; [TEXT] phrase 'gl account'; [TEXT] phrase 'gl account code'; [TEXT] phrase 'general ledger'; [TEXT] word 'debit'; [TEXT] word 'credit'; [TEXT] phrase 'posting date'; [TEXT] word 'narration'; [TEXT] JE number pattern,[LAYOUT] Journal Voucher / Journal Entry title in document header region (p1: HEADER_JER_TITLE); [LAYOUT] Journal Voucher / Journal Entry title in document header region (p1: HEADER_JER_TITLE); [LAYOUT] Journal Entry Number structured in voucher header (p1: JE_NUMBER_IN_HEADER); [LAYOUT] General Ledger Posting Date structured in voucher header (p1: POSTING_DATE_IN_HEADER); [LAYOUT] Horizontally separated Debit and Credit table columns in ledger body (p1: JER_DEBIT_CREDIT_TABLE_COLUMNS); [LAYOUT] GL Account / Account Title column structure in ledger table (p1: JER_GL_ACCOUNT_COLUMN),False,0.0,"{""POI"": 0.0263, ""NPO"": 0.06, ""IMA"": 0.0, ""MSI"": 0.15, ""PSI"": 0.0, ""JER"": 1.0, ""BKA"": 0.0, ""DPR"": 0.0, ""LCA"": 0.0}","{""POI"": 0.0, ""NPO"": 0.0, ""IMA"": 0.0, ""MSI"": 0.25, ""PSI"": 0.0, ""JER"": 1.0, ""BKA"": 0.0, ""DPR"": 0.0, ""LCA"": 0.0}","{""POI"": 0.0047, ""NPO"": 0.0108, ""IMA"": 0.0, ""MSI"": 0.19, ""PSI"": 0.0, ""JER"": 1.0, ""BKA"": 0.0, ""DPR"": 0.0, ""LCA"": 0.0}"
JER_jer_entry_011.pdf,jer_entry_011.pdf,mindweave/accounting-ledger-us,JER,"FACT: Formal double-entry General Ledger Journal Voucher from Mindweave Accounting Ledger with GL accounts, debit/credit balance, and posting date",1,617,JER,1.0,True,10,phrase 'journal entry'; phrase 'journal voucher'; phrase 'gl account'; phrase 'gl account code'; phrase 'general ledger'; word 'debit'; word 'credit'; phrase 'posting date'; word 'narration'; JE number pattern,JER,1.0,True,6,[LAYOUT] Journal Voucher / Journal Entry title in document header region (p1: HEADER_JER_TITLE); [LAYOUT] Journal Voucher / Journal Entry title in document header region (p1: HEADER_JER_TITLE); [LAYOUT] Journal Entry Number structured in voucher header (p1: JE_NUMBER_IN_HEADER); [LAYOUT] General Ledger Posting Date structured in voucher header (p1: POSTING_DATE_IN_HEADER); [LAYOUT] Horizontally separated Debit and Credit table columns in ledger body (p1: JER_DEBIT_CREDIT_TABLE_COLUMNS); [LAYOUT] GL Account / Account Title column structure in ledger table (p1: JER_GL_ACCOUNT_COLUMN),JER,1.0,True,16,[TEXT] phrase 'journal entry'; [TEXT] phrase 'journal voucher'; [TEXT] phrase 'gl account'; [TEXT] phrase 'gl account code'; [TEXT] phrase 'general ledger'; [TEXT] word 'debit'; [TEXT] word 'credit'; [TEXT] phrase 'posting date'; [TEXT] word 'narration'; [TEXT] JE number pattern; [LAYOUT] Journal Voucher / Journal Entry title in document header region (p1: HEADER_JER_TITLE); [LAYOUT] Journal Voucher / Journal Entry title in document header region (p1: HEADER_JER_TITLE); [LAYOUT] Journal Entry Number structured in voucher header (p1: JE_NUMBER_IN_HEADER); [LAYOUT] General Ledger Posting Date structured in voucher header (p1: POSTING_DATE_IN_HEADER); [LAYOUT] Horizontally separated Debit and Credit table columns in ledger body (p1: JER_DEBIT_CREDIT_TABLE_COLUMNS); [LAYOUT] GL Account / Account Title column structure in ledger table (p1: JER_GL_ACCOUNT_COLUMN),10,6,[TEXT] phrase 'journal entry'; [TEXT] phrase 'journal voucher'; [TEXT] phrase 'gl account'; [TEXT] phrase 'gl account code'; [TEXT] phrase 'general ledger'; [TEXT] word 'debit'; [TEXT] word 'credit'; [TEXT] phrase 'posting date'; [TEXT] word 'narration'; [TEXT] JE number pattern,[LAYOUT] Journal Voucher / Journal Entry title in document header region (p1: HEADER_JER_TITLE); [LAYOUT] Journal Voucher / Journal Entry title in document header region (p1: HEADER_JER_TITLE); [LAYOUT] Journal Entry Number structured in voucher header (p1: JE_NUMBER_IN_HEADER); [LAYOUT] General Ledger Posting Date structured in voucher header (p1: POSTING_DATE_IN_HEADER); [LAYOUT] Horizontally separated Debit and Credit table columns in ledger body (p1: JER_DEBIT_CREDIT_TABLE_COLUMNS); [LAYOUT] GL Account / Account Title column structure in ledger table (p1: JER_GL_ACCOUNT_COLUMN),False,0.0,"{""POI"": 0.0263, ""NPO"": 0.06, ""IMA"": 0.0, ""MSI"": 0.15, ""PSI"": 0.0, ""JER"": 1.0, ""BKA"": 0.0, ""DPR"": 0.0, ""LCA"": 0.0}","{""POI"": 0.0, ""NPO"": 0.0, ""IMA"": 0.0, ""MSI"": 0.25, ""PSI"": 0.0, ""JER"": 1.0, ""BKA"": 0.0, ""DPR"": 0.0, ""LCA"": 0.0}","{""POI"": 0.0047, ""NPO"": 0.0108, ""IMA"": 0.0, ""MSI"": 0.19, ""PSI"": 0.0, ""JER"": 1.0, ""BKA"": 0.0, ""DPR"": 0.0, ""LCA"": 0.0}"
JER_jer_entry_012.pdf,jer_entry_012.pdf,mindweave/accounting-ledger-us,JER,"FACT: Formal double-entry General Ledger Journal Voucher from Mindweave Accounting Ledger with GL accounts, debit/credit balance, and posting date",1,617,JER,1.0,True,10,phrase 'journal entry'; phrase 'journal voucher'; phrase 'gl account'; phrase 'gl account code'; phrase 'general ledger'; word 'debit'; word 'credit'; phrase 'posting date'; word 'narration'; JE number pattern,JER,1.0,True,6,[LAYOUT] Journal Voucher / Journal Entry title in document header region (p1: HEADER_JER_TITLE); [LAYOUT] Journal Voucher / Journal Entry title in document header region (p1: HEADER_JER_TITLE); [LAYOUT] Journal Entry Number structured in voucher header (p1: JE_NUMBER_IN_HEADER); [LAYOUT] General Ledger Posting Date structured in voucher header (p1: POSTING_DATE_IN_HEADER); [LAYOUT] Horizontally separated Debit and Credit table columns in ledger body (p1: JER_DEBIT_CREDIT_TABLE_COLUMNS); [LAYOUT] GL Account / Account Title column structure in ledger table (p1: JER_GL_ACCOUNT_COLUMN),JER,1.0,True,16,[TEXT] phrase 'journal entry'; [TEXT] phrase 'journal voucher'; [TEXT] phrase 'gl account'; [TEXT] phrase 'gl account code'; [TEXT] phrase 'general ledger'; [TEXT] word 'debit'; [TEXT] word 'credit'; [TEXT] phrase 'posting date'; [TEXT] word 'narration'; [TEXT] JE number pattern; [LAYOUT] Journal Voucher / Journal Entry title in document header region (p1: HEADER_JER_TITLE); [LAYOUT] Journal Voucher / Journal Entry title in document header region (p1: HEADER_JER_TITLE); [LAYOUT] Journal Entry Number structured in voucher header (p1: JE_NUMBER_IN_HEADER); [LAYOUT] General Ledger Posting Date structured in voucher header (p1: POSTING_DATE_IN_HEADER); [LAYOUT] Horizontally separated Debit and Credit table columns in ledger body (p1: JER_DEBIT_CREDIT_TABLE_COLUMNS); [LAYOUT] GL Account / Account Title column structure in ledger table (p1: JER_GL_ACCOUNT_COLUMN),10,6,[TEXT] phrase 'journal entry'; [TEXT] phrase 'journal voucher'; [TEXT] phrase 'gl account'; [TEXT] phrase 'gl account code'; [TEXT] phrase 'general ledger'; [TEXT] word 'debit'; [TEXT] word 'credit'; [TEXT] phrase 'posting date'; [TEXT] word 'narration'; [TEXT] JE number pattern,[LAYOUT] Journal Voucher / Journal Entry title in document header region (p1: HEADER_JER_TITLE); [LAYOUT] Journal Voucher / Journal Entry title in document header region (p1: HEADER_JER_TITLE); [LAYOUT] Journal Entry Number structured in voucher header (p1: JE_NUMBER_IN_HEADER); [LAYOUT] General Ledger Posting Date structured in voucher header (p1: POSTING_DATE_IN_HEADER); [LAYOUT] Horizontally separated Debit and Credit table columns in ledger body (p1: JER_DEBIT_CREDIT_TABLE_COLUMNS); [LAYOUT] GL Account / Account Title column structure in ledger table (p1: JER_GL_ACCOUNT_COLUMN),False,0.0,"{""POI"": 0.0263, ""NPO"": 0.06, ""IMA"": 0.0, ""MSI"": 0.15, ""PSI"": 0.0, ""JER"": 1.0, ""BKA"": 0.0, ""DPR"": 0.0, ""LCA"": 0.0}","{""POI"": 0.0, ""NPO"": 0.0, ""IMA"": 0.0, ""MSI"": 0.25, ""PSI"": 0.0, ""JER"": 1.0, ""BKA"": 0.0, ""DPR"": 0.0, ""LCA"": 0.0}","{""POI"": 0.0047, ""NPO"": 0.0108, ""IMA"": 0.0, ""MSI"": 0.19, ""PSI"": 0.0, ""JER"": 1.0, ""BKA"": 0.0, ""DPR"": 0.0, ""LCA"": 0.0}"
JER_jer_entry_013.pdf,jer_entry_013.pdf,mindweave/accounting-ledger-us,JER,"FACT: Formal double-entry General Ledger Journal Voucher from Mindweave Accounting Ledger with GL accounts, debit/credit balance, and posting date",1,617,JER,1.0,True,10,phrase 'journal entry'; phrase 'journal voucher'; phrase 'gl account'; phrase 'gl account code'; phrase 'general ledger'; word 'debit'; word 'credit'; phrase 'posting date'; word 'narration'; JE number pattern,JER,1.0,True,6,[LAYOUT] Journal Voucher / Journal Entry title in document header region (p1: HEADER_JER_TITLE); [LAYOUT] Journal Voucher / Journal Entry title in document header region (p1: HEADER_JER_TITLE); [LAYOUT] Journal Entry Number structured in voucher header (p1: JE_NUMBER_IN_HEADER); [LAYOUT] General Ledger Posting Date structured in voucher header (p1: POSTING_DATE_IN_HEADER); [LAYOUT] Horizontally separated Debit and Credit table columns in ledger body (p1: JER_DEBIT_CREDIT_TABLE_COLUMNS); [LAYOUT] GL Account / Account Title column structure in ledger table (p1: JER_GL_ACCOUNT_COLUMN),JER,1.0,True,16,[TEXT] phrase 'journal entry'; [TEXT] phrase 'journal voucher'; [TEXT] phrase 'gl account'; [TEXT] phrase 'gl account code'; [TEXT] phrase 'general ledger'; [TEXT] word 'debit'; [TEXT] word 'credit'; [TEXT] phrase 'posting date'; [TEXT] word 'narration'; [TEXT] JE number pattern; [LAYOUT] Journal Voucher / Journal Entry title in document header region (p1: HEADER_JER_TITLE); [LAYOUT] Journal Voucher / Journal Entry title in document header region (p1: HEADER_JER_TITLE); [LAYOUT] Journal Entry Number structured in voucher header (p1: JE_NUMBER_IN_HEADER); [LAYOUT] General Ledger Posting Date structured in voucher header (p1: POSTING_DATE_IN_HEADER); [LAYOUT] Horizontally separated Debit and Credit table columns in ledger body (p1: JER_DEBIT_CREDIT_TABLE_COLUMNS); [LAYOUT] GL Account / Account Title column structure in ledger table (p1: JER_GL_ACCOUNT_COLUMN),10,6,[TEXT] phrase 'journal entry'; [TEXT] phrase 'journal voucher'; [TEXT] phrase 'gl account'; [TEXT] phrase 'gl account code'; [TEXT] phrase 'general ledger'; [TEXT] word 'debit'; [TEXT] word 'credit'; [TEXT] phrase 'posting date'; [TEXT] word 'narration'; [TEXT] JE number pattern,[LAYOUT] Journal Voucher / Journal Entry title in document header region (p1: HEADER_JER_TITLE); [LAYOUT] Journal Voucher / Journal Entry title in document header region (p1: HEADER_JER_TITLE); [LAYOUT] Journal Entry Number structured in voucher header (p1: JE_NUMBER_IN_HEADER); [LAYOUT] General Ledger Posting Date structured in voucher header (p1: POSTING_DATE_IN_HEADER); [LAYOUT] Horizontally separated Debit and Credit table columns in ledger body (p1: JER_DEBIT_CREDIT_TABLE_COLUMNS); [LAYOUT] GL Account / Account Title column structure in ledger table (p1: JER_GL_ACCOUNT_COLUMN),False,0.0,"{""POI"": 0.0263, ""NPO"": 0.06, ""IMA"": 0.0, ""MSI"": 0.15, ""PSI"": 0.0, ""JER"": 1.0, ""BKA"": 0.0, ""DPR"": 0.0, ""LCA"": 0.0}","{""POI"": 0.0, ""NPO"": 0.0, ""IMA"": 0.0, ""MSI"": 0.25, ""PSI"": 0.0, ""JER"": 1.0, ""BKA"": 0.0, ""DPR"": 0.0, ""LCA"": 0.0}","{""POI"": 0.0047, ""NPO"": 0.0108, ""IMA"": 0.0, ""MSI"": 0.19, ""PSI"": 0.0, ""JER"": 1.0, ""BKA"": 0.0, ""DPR"": 0.0, ""LCA"": 0.0}"
JER_jer_entry_014.pdf,jer_entry_014.pdf,mindweave/accounting-ledger-us,JER,"FACT: Formal double-entry General Ledger Journal Voucher from Mindweave Accounting Ledger with GL accounts, debit/credit balance, and posting date",1,616,JER,1.0,True,10,phrase 'journal entry'; phrase 'journal voucher'; phrase 'gl account'; phrase 'gl account code'; phrase 'general ledger'; word 'debit'; word 'credit'; phrase 'posting date'; word 'narration'; JE number pattern,JER,1.0,True,6,[LAYOUT] Journal Voucher / Journal Entry title in document header region (p1: HEADER_JER_TITLE); [LAYOUT] Journal Voucher / Journal Entry title in document header region (p1: HEADER_JER_TITLE); [LAYOUT] Journal Entry Number structured in voucher header (p1: JE_NUMBER_IN_HEADER); [LAYOUT] General Ledger Posting Date structured in voucher header (p1: POSTING_DATE_IN_HEADER); [LAYOUT] Horizontally separated Debit and Credit table columns in ledger body (p1: JER_DEBIT_CREDIT_TABLE_COLUMNS); [LAYOUT] GL Account / Account Title column structure in ledger table (p1: JER_GL_ACCOUNT_COLUMN),JER,1.0,True,16,[TEXT] phrase 'journal entry'; [TEXT] phrase 'journal voucher'; [TEXT] phrase 'gl account'; [TEXT] phrase 'gl account code'; [TEXT] phrase 'general ledger'; [TEXT] word 'debit'; [TEXT] word 'credit'; [TEXT] phrase 'posting date'; [TEXT] word 'narration'; [TEXT] JE number pattern; [LAYOUT] Journal Voucher / Journal Entry title in document header region (p1: HEADER_JER_TITLE); [LAYOUT] Journal Voucher / Journal Entry title in document header region (p1: HEADER_JER_TITLE); [LAYOUT] Journal Entry Number structured in voucher header (p1: JE_NUMBER_IN_HEADER); [LAYOUT] General Ledger Posting Date structured in voucher header (p1: POSTING_DATE_IN_HEADER); [LAYOUT] Horizontally separated Debit and Credit table columns in ledger body (p1: JER_DEBIT_CREDIT_TABLE_COLUMNS); [LAYOUT] GL Account / Account Title column structure in ledger table (p1: JER_GL_ACCOUNT_COLUMN),10,6,[TEXT] phrase 'journal entry'; [TEXT] phrase 'journal voucher'; [TEXT] phrase 'gl account'; [TEXT] phrase 'gl account code'; [TEXT] phrase 'general ledger'; [TEXT] word 'debit'; [TEXT] word 'credit'; [TEXT] phrase 'posting date'; [TEXT] word 'narration'; [TEXT] JE number pattern,[LAYOUT] Journal Voucher / Journal Entry title in document header region (p1: HEADER_JER_TITLE); [LAYOUT] Journal Voucher / Journal Entry title in document header region (p1: HEADER_JER_TITLE); [LAYOUT] Journal Entry Number structured in voucher header (p1: JE_NUMBER_IN_HEADER); [LAYOUT] General Ledger Posting Date structured in voucher header (p1: POSTING_DATE_IN_HEADER); [LAYOUT] Horizontally separated Debit and Credit table columns in ledger body (p1: JER_DEBIT_CREDIT_TABLE_COLUMNS); [LAYOUT] GL Account / Account Title column structure in ledger table (p1: JER_GL_ACCOUNT_COLUMN),False,0.0,"{""POI"": 0.0263, ""NPO"": 0.06, ""IMA"": 0.0, ""MSI"": 0.15, ""PSI"": 0.0, ""JER"": 1.0, ""BKA"": 0.0, ""DPR"": 0.0, ""LCA"": 0.0}","{""POI"": 0.0, ""NPO"": 0.0, ""IMA"": 0.0, ""MSI"": 0.25, ""PSI"": 0.0, ""JER"": 1.0, ""BKA"": 0.0, ""DPR"": 0.0, ""LCA"": 0.0}","{""POI"": 0.0047, ""NPO"": 0.0108, ""IMA"": 0.0, ""MSI"": 0.19, ""PSI"": 0.0, ""JER"": 1.0, ""BKA"": 0.0, ""DPR"": 0.0, ""LCA"": 0.0}"
JER_jer_entry_015.pdf,jer_entry_015.pdf,mindweave/accounting-ledger-us,JER,"FACT: Formal double-entry General Ledger Journal Voucher from Mindweave Accounting Ledger with GL accounts, debit/credit balance, and posting date",1,614,JER,1.0,True,10,phrase 'journal entry'; phrase 'journal voucher'; phrase 'gl account'; phrase 'gl account code'; phrase 'general ledger'; word 'debit'; word 'credit'; phrase 'posting date'; word 'narration'; JE number pattern,JER,1.0,True,6,[LAYOUT] Journal Voucher / Journal Entry title in document header region (p1: HEADER_JER_TITLE); [LAYOUT] Journal Voucher / Journal Entry title in document header region (p1: HEADER_JER_TITLE); [LAYOUT] Journal Entry Number structured in voucher header (p1: JE_NUMBER_IN_HEADER); [LAYOUT] General Ledger Posting Date structured in voucher header (p1: POSTING_DATE_IN_HEADER); [LAYOUT] Horizontally separated Debit and Credit table columns in ledger body (p1: JER_DEBIT_CREDIT_TABLE_COLUMNS); [LAYOUT] GL Account / Account Title column structure in ledger table (p1: JER_GL_ACCOUNT_COLUMN),JER,1.0,True,16,[TEXT] phrase 'journal entry'; [TEXT] phrase 'journal voucher'; [TEXT] phrase 'gl account'; [TEXT] phrase 'gl account code'; [TEXT] phrase 'general ledger'; [TEXT] word 'debit'; [TEXT] word 'credit'; [TEXT] phrase 'posting date'; [TEXT] word 'narration'; [TEXT] JE number pattern; [LAYOUT] Journal Voucher / Journal Entry title in document header region (p1: HEADER_JER_TITLE); [LAYOUT] Journal Voucher / Journal Entry title in document header region (p1: HEADER_JER_TITLE); [LAYOUT] Journal Entry Number structured in voucher header (p1: JE_NUMBER_IN_HEADER); [LAYOUT] General Ledger Posting Date structured in voucher header (p1: POSTING_DATE_IN_HEADER); [LAYOUT] Horizontally separated Debit and Credit table columns in ledger body (p1: JER_DEBIT_CREDIT_TABLE_COLUMNS); [LAYOUT] GL Account / Account Title column structure in ledger table (p1: JER_GL_ACCOUNT_COLUMN),10,6,[TEXT] phrase 'journal entry'; [TEXT] phrase 'journal voucher'; [TEXT] phrase 'gl account'; [TEXT] phrase 'gl account code'; [TEXT] phrase 'general ledger'; [TEXT] word 'debit'; [TEXT] word 'credit'; [TEXT] phrase 'posting date'; [TEXT] word 'narration'; [TEXT] JE number pattern,[LAYOUT] Journal Voucher / Journal Entry title in document header region (p1: HEADER_JER_TITLE); [LAYOUT] Journal Voucher / Journal Entry title in document header region (p1: HEADER_JER_TITLE); [LAYOUT] Journal Entry Number structured in voucher header (p1: JE_NUMBER_IN_HEADER); [LAYOUT] General Ledger Posting Date structured in voucher header (p1: POSTING_DATE_IN_HEADER); [LAYOUT] Horizontally separated Debit and Credit table columns in ledger body (p1: JER_DEBIT_CREDIT_TABLE_COLUMNS); [LAYOUT] GL Account / Account Title column structure in ledger table (p1: JER_GL_ACCOUNT_COLUMN),False,0.0,"{""POI"": 0.0263, ""NPO"": 0.06, ""IMA"": 0.0, ""MSI"": 0.15, ""PSI"": 0.0, ""JER"": 1.0, ""BKA"": 0.0, ""DPR"": 0.0, ""LCA"": 0.0}","{""POI"": 0.0, ""NPO"": 0.0, ""IMA"": 0.0, ""MSI"": 0.25, ""PSI"": 0.0, ""JER"": 1.0, ""BKA"": 0.0, ""DPR"": 0.0, ""LCA"": 0.0}","{""POI"": 0.0047, ""NPO"": 0.0108, ""IMA"": 0.0, ""MSI"": 0.19, ""PSI"": 0.0, ""JER"": 1.0, ""BKA"": 0.0, ""DPR"": 0.0, ""LCA"": 0.0}"
JER_jer_entry_016.pdf,jer_entry_016.pdf,mindweave/accounting-ledger-us,JER,"FACT: Formal double-entry General Ledger Journal Voucher from Mindweave Accounting Ledger with GL accounts, debit/credit balance, and posting date",1,617,JER,1.0,True,10,phrase 'journal entry'; phrase 'journal voucher'; phrase 'gl account'; phrase 'gl account code'; phrase 'general ledger'; word 'debit'; word 'credit'; phrase 'posting date'; word 'narration'; JE number pattern,JER,1.0,True,6,[LAYOUT] Journal Voucher / Journal Entry title in document header region (p1: HEADER_JER_TITLE); [LAYOUT] Journal Voucher / Journal Entry title in document header region (p1: HEADER_JER_TITLE); [LAYOUT] Journal Entry Number structured in voucher header (p1: JE_NUMBER_IN_HEADER); [LAYOUT] General Ledger Posting Date structured in voucher header (p1: POSTING_DATE_IN_HEADER); [LAYOUT] Horizontally separated Debit and Credit table columns in ledger body (p1: JER_DEBIT_CREDIT_TABLE_COLUMNS); [LAYOUT] GL Account / Account Title column structure in ledger table (p1: JER_GL_ACCOUNT_COLUMN),JER,1.0,True,16,[TEXT] phrase 'journal entry'; [TEXT] phrase 'journal voucher'; [TEXT] phrase 'gl account'; [TEXT] phrase 'gl account code'; [TEXT] phrase 'general ledger'; [TEXT] word 'debit'; [TEXT] word 'credit'; [TEXT] phrase 'posting date'; [TEXT] word 'narration'; [TEXT] JE number pattern; [LAYOUT] Journal Voucher / Journal Entry title in document header region (p1: HEADER_JER_TITLE); [LAYOUT] Journal Voucher / Journal Entry title in document header region (p1: HEADER_JER_TITLE); [LAYOUT] Journal Entry Number structured in voucher header (p1: JE_NUMBER_IN_HEADER); [LAYOUT] General Ledger Posting Date structured in voucher header (p1: POSTING_DATE_IN_HEADER); [LAYOUT] Horizontally separated Debit and Credit table columns in ledger body (p1: JER_DEBIT_CREDIT_TABLE_COLUMNS); [LAYOUT] GL Account / Account Title column structure in ledger table (p1: JER_GL_ACCOUNT_COLUMN),10,6,[TEXT] phrase 'journal entry'; [TEXT] phrase 'journal voucher'; [TEXT] phrase 'gl account'; [TEXT] phrase 'gl account code'; [TEXT] phrase 'general ledger'; [TEXT] word 'debit'; [TEXT] word 'credit'; [TEXT] phrase 'posting date'; [TEXT] word 'narration'; [TEXT] JE number pattern,[LAYOUT] Journal Voucher / Journal Entry title in document header region (p1: HEADER_JER_TITLE); [LAYOUT] Journal Voucher / Journal Entry title in document header region (p1: HEADER_JER_TITLE); [LAYOUT] Journal Entry Number structured in voucher header (p1: JE_NUMBER_IN_HEADER); [LAYOUT] General Ledger Posting Date structured in voucher header (p1: POSTING_DATE_IN_HEADER); [LAYOUT] Horizontally separated Debit and Credit table columns in ledger body (p1: JER_DEBIT_CREDIT_TABLE_COLUMNS); [LAYOUT] GL Account / Account Title column structure in ledger table (p1: JER_GL_ACCOUNT_COLUMN),False,0.0,"{""POI"": 0.0263, ""NPO"": 0.06, ""IMA"": 0.0, ""MSI"": 0.15, ""PSI"": 0.0, ""JER"": 1.0, ""BKA"": 0.0, ""DPR"": 0.0, ""LCA"": 0.0}","{""POI"": 0.0, ""NPO"": 0.0, ""IMA"": 0.0, ""MSI"": 0.25, ""PSI"": 0.0, ""JER"": 1.0, ""BKA"": 0.0, ""DPR"": 0.0, ""LCA"": 0.0}","{""POI"": 0.0047, ""NPO"": 0.0108, ""IMA"": 0.0, ""MSI"": 0.19, ""PSI"": 0.0, ""JER"": 1.0, ""BKA"": 0.0, ""DPR"": 0.0, ""LCA"": 0.0}"
JER_jer_entry_017.pdf,jer_entry_017.pdf,mindweave/accounting-ledger-us,JER,"FACT: Formal double-entry General Ledger Journal Voucher from Mindweave Accounting Ledger with GL accounts, debit/credit balance, and posting date",1,614,JER,1.0,True,10,phrase 'journal entry'; phrase 'journal voucher'; phrase 'gl account'; phrase 'gl account code'; phrase 'general ledger'; word 'debit'; word 'credit'; phrase 'posting date'; word 'narration'; JE number pattern,JER,1.0,True,6,[LAYOUT] Journal Voucher / Journal Entry title in document header region (p1: HEADER_JER_TITLE); [LAYOUT] Journal Voucher / Journal Entry title in document header region (p1: HEADER_JER_TITLE); [LAYOUT] Journal Entry Number structured in voucher header (p1: JE_NUMBER_IN_HEADER); [LAYOUT] General Ledger Posting Date structured in voucher header (p1: POSTING_DATE_IN_HEADER); [LAYOUT] Horizontally separated Debit and Credit table columns in ledger body (p1: JER_DEBIT_CREDIT_TABLE_COLUMNS); [LAYOUT] GL Account / Account Title column structure in ledger table (p1: JER_GL_ACCOUNT_COLUMN),JER,1.0,True,16,[TEXT] phrase 'journal entry'; [TEXT] phrase 'journal voucher'; [TEXT] phrase 'gl account'; [TEXT] phrase 'gl account code'; [TEXT] phrase 'general ledger'; [TEXT] word 'debit'; [TEXT] word 'credit'; [TEXT] phrase 'posting date'; [TEXT] word 'narration'; [TEXT] JE number pattern; [LAYOUT] Journal Voucher / Journal Entry title in document header region (p1: HEADER_JER_TITLE); [LAYOUT] Journal Voucher / Journal Entry title in document header region (p1: HEADER_JER_TITLE); [LAYOUT] Journal Entry Number structured in voucher header (p1: JE_NUMBER_IN_HEADER); [LAYOUT] General Ledger Posting Date structured in voucher header (p1: POSTING_DATE_IN_HEADER); [LAYOUT] Horizontally separated Debit and Credit table columns in ledger body (p1: JER_DEBIT_CREDIT_TABLE_COLUMNS); [LAYOUT] GL Account / Account Title column structure in ledger table (p1: JER_GL_ACCOUNT_COLUMN),10,6,[TEXT] phrase 'journal entry'; [TEXT] phrase 'journal voucher'; [TEXT] phrase 'gl account'; [TEXT] phrase 'gl account code'; [TEXT] phrase 'general ledger'; [TEXT] word 'debit'; [TEXT] word 'credit'; [TEXT] phrase 'posting date'; [TEXT] word 'narration'; [TEXT] JE number pattern,[LAYOUT] Journal Voucher / Journal Entry title in document header region (p1: HEADER_JER_TITLE); [LAYOUT] Journal Voucher / Journal Entry title in document header region (p1: HEADER_JER_TITLE); [LAYOUT] Journal Entry Number structured in voucher header (p1: JE_NUMBER_IN_HEADER); [LAYOUT] General Ledger Posting Date structured in voucher header (p1: POSTING_DATE_IN_HEADER); [LAYOUT] Horizontally separated Debit and Credit table columns in ledger body (p1: JER_DEBIT_CREDIT_TABLE_COLUMNS); [LAYOUT] GL Account / Account Title column structure in ledger table (p1: JER_GL_ACCOUNT_COLUMN),False,0.0,"{""POI"": 0.0263, ""NPO"": 0.06, ""IMA"": 0.0, ""MSI"": 0.15, ""PSI"": 0.0, ""JER"": 1.0, ""BKA"": 0.0, ""DPR"": 0.0, ""LCA"": 0.0}","{""POI"": 0.0, ""NPO"": 0.0, ""IMA"": 0.0, ""MSI"": 0.25, ""PSI"": 0.0, ""JER"": 1.0, ""BKA"": 0.0, ""DPR"": 0.0, ""LCA"": 0.0}","{""POI"": 0.0047, ""NPO"": 0.0108, ""IMA"": 0.0, ""MSI"": 0.19, ""PSI"": 0.0, ""JER"": 1.0, ""BKA"": 0.0, ""DPR"": 0.0, ""LCA"": 0.0}"
JER_jer_entry_018.pdf,jer_entry_018.pdf,mindweave/accounting-ledger-us,JER,"FACT: Formal double-entry General Ledger Journal Voucher from Mindweave Accounting Ledger with GL accounts, debit/credit balance, and posting date",1,617,JER,1.0,True,10,phrase 'journal entry'; phrase 'journal voucher'; phrase 'gl account'; phrase 'gl account code'; phrase 'general ledger'; word 'debit'; word 'credit'; phrase 'posting date'; word 'narration'; JE number pattern,JER,1.0,True,6,[LAYOUT] Journal Voucher / Journal Entry title in document header region (p1: HEADER_JER_TITLE); [LAYOUT] Journal Voucher / Journal Entry title in document header region (p1: HEADER_JER_TITLE); [LAYOUT] Journal Entry Number structured in voucher header (p1: JE_NUMBER_IN_HEADER); [LAYOUT] General Ledger Posting Date structured in voucher header (p1: POSTING_DATE_IN_HEADER); [LAYOUT] Horizontally separated Debit and Credit table columns in ledger body (p1: JER_DEBIT_CREDIT_TABLE_COLUMNS); [LAYOUT] GL Account / Account Title column structure in ledger table (p1: JER_GL_ACCOUNT_COLUMN),JER,1.0,True,16,[TEXT] phrase 'journal entry'; [TEXT] phrase 'journal voucher'; [TEXT] phrase 'gl account'; [TEXT] phrase 'gl account code'; [TEXT] phrase 'general ledger'; [TEXT] word 'debit'; [TEXT] word 'credit'; [TEXT] phrase 'posting date'; [TEXT] word 'narration'; [TEXT] JE number pattern; [LAYOUT] Journal Voucher / Journal Entry title in document header region (p1: HEADER_JER_TITLE); [LAYOUT] Journal Voucher / Journal Entry title in document header region (p1: HEADER_JER_TITLE); [LAYOUT] Journal Entry Number structured in voucher header (p1: JE_NUMBER_IN_HEADER); [LAYOUT] General Ledger Posting Date structured in voucher header (p1: POSTING_DATE_IN_HEADER); [LAYOUT] Horizontally separated Debit and Credit table columns in ledger body (p1: JER_DEBIT_CREDIT_TABLE_COLUMNS); [LAYOUT] GL Account / Account Title column structure in ledger table (p1: JER_GL_ACCOUNT_COLUMN),10,6,[TEXT] phrase 'journal entry'; [TEXT] phrase 'journal voucher'; [TEXT] phrase 'gl account'; [TEXT] phrase 'gl account code'; [TEXT] phrase 'general ledger'; [TEXT] word 'debit'; [TEXT] word 'credit'; [TEXT] phrase 'posting date'; [TEXT] word 'narration'; [TEXT] JE number pattern,[LAYOUT] Journal Voucher / Journal Entry title in document header region (p1: HEADER_JER_TITLE); [LAYOUT] Journal Voucher / Journal Entry title in document header region (p1: HEADER_JER_TITLE); [LAYOUT] Journal Entry Number structured in voucher header (p1: JE_NUMBER_IN_HEADER); [LAYOUT] General Ledger Posting Date structured in voucher header (p1: POSTING_DATE_IN_HEADER); [LAYOUT] Horizontally separated Debit and Credit table columns in ledger body (p1: JER_DEBIT_CREDIT_TABLE_COLUMNS); [LAYOUT] GL Account / Account Title column structure in ledger table (p1: JER_GL_ACCOUNT_COLUMN),False,0.0,"{""POI"": 0.0263, ""NPO"": 0.06, ""IMA"": 0.0, ""MSI"": 0.15, ""PSI"": 0.0, ""JER"": 1.0, ""BKA"": 0.0, ""DPR"": 0.0, ""LCA"": 0.0}","{""POI"": 0.0, ""NPO"": 0.0, ""IMA"": 0.0, ""MSI"": 0.25, ""PSI"": 0.0, ""JER"": 1.0, ""BKA"": 0.0, ""DPR"": 0.0, ""LCA"": 0.0}","{""POI"": 0.0047, ""NPO"": 0.0108, ""IMA"": 0.0, ""MSI"": 0.19, ""PSI"": 0.0, ""JER"": 1.0, ""BKA"": 0.0, ""DPR"": 0.0, ""LCA"": 0.0}"
JER_jer_entry_019.pdf,jer_entry_019.pdf,mindweave/accounting-ledger-us,JER,"FACT: Formal double-entry General Ledger Journal Voucher from Mindweave Accounting Ledger with GL accounts, debit/credit balance, and posting date",1,595,JER,1.0,True,10,phrase 'journal entry'; phrase 'journal voucher'; phrase 'gl account'; phrase 'gl account code'; phrase 'general ledger'; word 'debit'; word 'credit'; phrase 'posting date'; word 'narration'; JE number pattern,JER,1.0,True,6,[LAYOUT] Journal Voucher / Journal Entry title in document header region (p1: HEADER_JER_TITLE); [LAYOUT] Journal Voucher / Journal Entry title in document header region (p1: HEADER_JER_TITLE); [LAYOUT] Journal Entry Number structured in voucher header (p1: JE_NUMBER_IN_HEADER); [LAYOUT] General Ledger Posting Date structured in voucher header (p1: POSTING_DATE_IN_HEADER); [LAYOUT] Horizontally separated Debit and Credit table columns in ledger body (p1: JER_DEBIT_CREDIT_TABLE_COLUMNS); [LAYOUT] GL Account / Account Title column structure in ledger table (p1: JER_GL_ACCOUNT_COLUMN),JER,1.0,True,16,[TEXT] phrase 'journal entry'; [TEXT] phrase 'journal voucher'; [TEXT] phrase 'gl account'; [TEXT] phrase 'gl account code'; [TEXT] phrase 'general ledger'; [TEXT] word 'debit'; [TEXT] word 'credit'; [TEXT] phrase 'posting date'; [TEXT] word 'narration'; [TEXT] JE number pattern; [LAYOUT] Journal Voucher / Journal Entry title in document header region (p1: HEADER_JER_TITLE); [LAYOUT] Journal Voucher / Journal Entry title in document header region (p1: HEADER_JER_TITLE); [LAYOUT] Journal Entry Number structured in voucher header (p1: JE_NUMBER_IN_HEADER); [LAYOUT] General Ledger Posting Date structured in voucher header (p1: POSTING_DATE_IN_HEADER); [LAYOUT] Horizontally separated Debit and Credit table columns in ledger body (p1: JER_DEBIT_CREDIT_TABLE_COLUMNS); [LAYOUT] GL Account / Account Title column structure in ledger table (p1: JER_GL_ACCOUNT_COLUMN),10,6,[TEXT] phrase 'journal entry'; [TEXT] phrase 'journal voucher'; [TEXT] phrase 'gl account'; [TEXT] phrase 'gl account code'; [TEXT] phrase 'general ledger'; [TEXT] word 'debit'; [TEXT] word 'credit'; [TEXT] phrase 'posting date'; [TEXT] word 'narration'; [TEXT] JE number pattern,[LAYOUT] Journal Voucher / Journal Entry title in document header region (p1: HEADER_JER_TITLE); [LAYOUT] Journal Voucher / Journal Entry title in document header region (p1: HEADER_JER_TITLE); [LAYOUT] Journal Entry Number structured in voucher header (p1: JE_NUMBER_IN_HEADER); [LAYOUT] General Ledger Posting Date structured in voucher header (p1: POSTING_DATE_IN_HEADER); [LAYOUT] Horizontally separated Debit and Credit table columns in ledger body (p1: JER_DEBIT_CREDIT_TABLE_COLUMNS); [LAYOUT] GL Account / Account Title column structure in ledger table (p1: JER_GL_ACCOUNT_COLUMN),False,0.0,"{""POI"": 0.0, ""NPO"": 0.0, ""IMA"": 0.0, ""MSI"": 0.075, ""PSI"": 0.0, ""JER"": 1.0, ""BKA"": 0.0, ""DPR"": 0.0, ""LCA"": 0.0}","{""POI"": 0.0, ""NPO"": 0.0, ""IMA"": 0.0, ""MSI"": 0.0, ""PSI"": 0.0, ""JER"": 1.0, ""BKA"": 0.0, ""DPR"": 0.0, ""LCA"": 0.0}","{""POI"": 0.0, ""NPO"": 0.0, ""IMA"": 0.0, ""MSI"": 0.045, ""PSI"": 0.0, ""JER"": 1.0, ""BKA"": 0.0, ""DPR"": 0.0, ""LCA"": 0.0}"
JER_jer_entry_020.pdf,jer_entry_020.pdf,mindweave/accounting-ledger-us,JER,"FACT: Formal double-entry General Ledger Journal Voucher from Mindweave Accounting Ledger with GL accounts, debit/credit balance, and posting date",1,608,JER,1.0,True,10,phrase 'journal entry'; phrase 'journal voucher'; phrase 'gl account'; phrase 'gl account code'; phrase 'general ledger'; word 'debit'; word 'credit'; phrase 'posting date'; word 'narration'; JE number pattern,JER,1.0,True,6,[LAYOUT] Journal Voucher / Journal Entry title in document header region (p1: HEADER_JER_TITLE); [LAYOUT] Journal Voucher / Journal Entry title in document header region (p1: HEADER_JER_TITLE); [LAYOUT] Journal Entry Number structured in voucher header (p1: JE_NUMBER_IN_HEADER); [LAYOUT] General Ledger Posting Date structured in voucher header (p1: POSTING_DATE_IN_HEADER); [LAYOUT] Horizontally separated Debit and Credit table columns in ledger body (p1: JER_DEBIT_CREDIT_TABLE_COLUMNS); [LAYOUT] GL Account / Account Title column structure in ledger table (p1: JER_GL_ACCOUNT_COLUMN),JER,1.0,True,16,[TEXT] phrase 'journal entry'; [TEXT] phrase 'journal voucher'; [TEXT] phrase 'gl account'; [TEXT] phrase 'gl account code'; [TEXT] phrase 'general ledger'; [TEXT] word 'debit'; [TEXT] word 'credit'; [TEXT] phrase 'posting date'; [TEXT] word 'narration'; [TEXT] JE number pattern; [LAYOUT] Journal Voucher / Journal Entry title in document header region (p1: HEADER_JER_TITLE); [LAYOUT] Journal Voucher / Journal Entry title in document header region (p1: HEADER_JER_TITLE); [LAYOUT] Journal Entry Number structured in voucher header (p1: JE_NUMBER_IN_HEADER); [LAYOUT] General Ledger Posting Date structured in voucher header (p1: POSTING_DATE_IN_HEADER); [LAYOUT] Horizontally separated Debit and Credit table columns in ledger body (p1: JER_DEBIT_CREDIT_TABLE_COLUMNS); [LAYOUT] GL Account / Account Title column structure in ledger table (p1: JER_GL_ACCOUNT_COLUMN),10,6,[TEXT] phrase 'journal entry'; [TEXT] phrase 'journal voucher'; [TEXT] phrase 'gl account'; [TEXT] phrase 'gl account code'; [TEXT] phrase 'general ledger'; [TEXT] word 'debit'; [TEXT] word 'credit'; [TEXT] phrase 'posting date'; [TEXT] word 'narration'; [TEXT] JE number pattern,[LAYOUT] Journal Voucher / Journal Entry title in document header region (p1: HEADER_JER_TITLE); [LAYOUT] Journal Voucher / Journal Entry title in document header region (p1: HEADER_JER_TITLE); [LAYOUT] Journal Entry Number structured in voucher header (p1: JE_NUMBER_IN_HEADER); [LAYOUT] General Ledger Posting Date structured in voucher header (p1: POSTING_DATE_IN_HEADER); [LAYOUT] Horizontally separated Debit and Credit table columns in ledger body (p1: JER_DEBIT_CREDIT_TABLE_COLUMNS); [LAYOUT] GL Account / Account Title column structure in ledger table (p1: JER_GL_ACCOUNT_COLUMN),False,0.0,"{""POI"": 0.0263, ""NPO"": 0.06, ""IMA"": 0.0, ""MSI"": 0.15, ""PSI"": 0.0, ""JER"": 1.0, ""BKA"": 0.0, ""DPR"": 0.0, ""LCA"": 0.0}","{""POI"": 0.0, ""NPO"": 0.0, ""IMA"": 0.0, ""MSI"": 0.25, ""PSI"": 0.0, ""JER"": 1.0, ""BKA"": 0.0, ""DPR"": 0.0, ""LCA"": 0.0}","{""POI"": 0.0047, ""NPO"": 0.0108, ""IMA"": 0.0, ""MSI"": 0.19, ""PSI"": 0.0, ""JER"": 1.0, ""BKA"": 0.0, ""DPR"": 0.0, ""LCA"": 0.0}"
JER_jer_entry_021.pdf,jer_entry_021.pdf,mindweave/accounting-ledger-us,JER,"FACT: Formal double-entry General Ledger Journal Voucher from Mindweave Accounting Ledger with GL accounts, debit/credit balance, and posting date",1,595,JER,1.0,True,10,phrase 'journal entry'; phrase 'journal voucher'; phrase 'gl account'; phrase 'gl account code'; phrase 'general ledger'; word 'debit'; word 'credit'; phrase 'posting date'; word 'narration'; JE number pattern,JER,1.0,True,6,[LAYOUT] Journal Voucher / Journal Entry title in document header region (p1: HEADER_JER_TITLE); [LAYOUT] Journal Voucher / Journal Entry title in document header region (p1: HEADER_JER_TITLE); [LAYOUT] Journal Entry Number structured in voucher header (p1: JE_NUMBER_IN_HEADER); [LAYOUT] General Ledger Posting Date structured in voucher header (p1: POSTING_DATE_IN_HEADER); [LAYOUT] Horizontally separated Debit and Credit table columns in ledger body (p1: JER_DEBIT_CREDIT_TABLE_COLUMNS); [LAYOUT] GL Account / Account Title column structure in ledger table (p1: JER_GL_ACCOUNT_COLUMN),JER,1.0,True,16,[TEXT] phrase 'journal entry'; [TEXT] phrase 'journal voucher'; [TEXT] phrase 'gl account'; [TEXT] phrase 'gl account code'; [TEXT] phrase 'general ledger'; [TEXT] word 'debit'; [TEXT] word 'credit'; [TEXT] phrase 'posting date'; [TEXT] word 'narration'; [TEXT] JE number pattern; [LAYOUT] Journal Voucher / Journal Entry title in document header region (p1: HEADER_JER_TITLE); [LAYOUT] Journal Voucher / Journal Entry title in document header region (p1: HEADER_JER_TITLE); [LAYOUT] Journal Entry Number structured in voucher header (p1: JE_NUMBER_IN_HEADER); [LAYOUT] General Ledger Posting Date structured in voucher header (p1: POSTING_DATE_IN_HEADER); [LAYOUT] Horizontally separated Debit and Credit table columns in ledger body (p1: JER_DEBIT_CREDIT_TABLE_COLUMNS); [LAYOUT] GL Account / Account Title column structure in ledger table (p1: JER_GL_ACCOUNT_COLUMN),10,6,[TEXT] phrase 'journal entry'; [TEXT] phrase 'journal voucher'; [TEXT] phrase 'gl account'; [TEXT] phrase 'gl account code'; [TEXT] phrase 'general ledger'; [TEXT] word 'debit'; [TEXT] word 'credit'; [TEXT] phrase 'posting date'; [TEXT] word 'narration'; [TEXT] JE number pattern,[LAYOUT] Journal Voucher / Journal Entry title in document header region (p1: HEADER_JER_TITLE); [LAYOUT] Journal Voucher / Journal Entry title in document header region (p1: HEADER_JER_TITLE); [LAYOUT] Journal Entry Number structured in voucher header (p1: JE_NUMBER_IN_HEADER); [LAYOUT] General Ledger Posting Date structured in voucher header (p1: POSTING_DATE_IN_HEADER); [LAYOUT] Horizontally separated Debit and Credit table columns in ledger body (p1: JER_DEBIT_CREDIT_TABLE_COLUMNS); [LAYOUT] GL Account / Account Title column structure in ledger table (p1: JER_GL_ACCOUNT_COLUMN),False,0.0,"{""POI"": 0.0, ""NPO"": 0.0, ""IMA"": 0.0, ""MSI"": 0.075, ""PSI"": 0.0, ""JER"": 1.0, ""BKA"": 0.0, ""DPR"": 0.0, ""LCA"": 0.0}","{""POI"": 0.0, ""NPO"": 0.0, ""IMA"": 0.0, ""MSI"": 0.0, ""PSI"": 0.0, ""JER"": 1.0, ""BKA"": 0.0, ""DPR"": 0.0, ""LCA"": 0.0}","{""POI"": 0.0, ""NPO"": 0.0, ""IMA"": 0.0, ""MSI"": 0.045, ""PSI"": 0.0, ""JER"": 1.0, ""BKA"": 0.0, ""DPR"": 0.0, ""LCA"": 0.0}"
JER_jer_entry_022.pdf,jer_entry_022.pdf,mindweave/accounting-ledger-us,JER,"FACT: Formal double-entry General Ledger Journal Voucher from Mindweave Accounting Ledger with GL accounts, debit/credit balance, and posting date",1,632,JER,1.0,True,10,phrase 'journal entry'; phrase 'journal voucher'; phrase 'gl account'; phrase 'gl account code'; phrase 'general ledger'; word 'debit'; word 'credit'; phrase 'posting date'; word 'narration'; JE number pattern,JER,1.0,True,6,[LAYOUT] Journal Voucher / Journal Entry title in document header region (p1: HEADER_JER_TITLE); [LAYOUT] Journal Voucher / Journal Entry title in document header region (p1: HEADER_JER_TITLE); [LAYOUT] Journal Entry Number structured in voucher header (p1: JE_NUMBER_IN_HEADER); [LAYOUT] General Ledger Posting Date structured in voucher header (p1: POSTING_DATE_IN_HEADER); [LAYOUT] Horizontally separated Debit and Credit table columns in ledger body (p1: JER_DEBIT_CREDIT_TABLE_COLUMNS); [LAYOUT] GL Account / Account Title column structure in ledger table (p1: JER_GL_ACCOUNT_COLUMN),JER,1.0,True,16,[TEXT] phrase 'journal entry'; [TEXT] phrase 'journal voucher'; [TEXT] phrase 'gl account'; [TEXT] phrase 'gl account code'; [TEXT] phrase 'general ledger'; [TEXT] word 'debit'; [TEXT] word 'credit'; [TEXT] phrase 'posting date'; [TEXT] word 'narration'; [TEXT] JE number pattern; [LAYOUT] Journal Voucher / Journal Entry title in document header region (p1: HEADER_JER_TITLE); [LAYOUT] Journal Voucher / Journal Entry title in document header region (p1: HEADER_JER_TITLE); [LAYOUT] Journal Entry Number structured in voucher header (p1: JE_NUMBER_IN_HEADER); [LAYOUT] General Ledger Posting Date structured in voucher header (p1: POSTING_DATE_IN_HEADER); [LAYOUT] Horizontally separated Debit and Credit table columns in ledger body (p1: JER_DEBIT_CREDIT_TABLE_COLUMNS); [LAYOUT] GL Account / Account Title column structure in ledger table (p1: JER_GL_ACCOUNT_COLUMN),10,6,[TEXT] phrase 'journal entry'; [TEXT] phrase 'journal voucher'; [TEXT] phrase 'gl account'; [TEXT] phrase 'gl account code'; [TEXT] phrase 'general ledger'; [TEXT] word 'debit'; [TEXT] word 'credit'; [TEXT] phrase 'posting date'; [TEXT] word 'narration'; [TEXT] JE number pattern,[LAYOUT] Journal Voucher / Journal Entry title in document header region (p1: HEADER_JER_TITLE); [LAYOUT] Journal Voucher / Journal Entry title in document header region (p1: HEADER_JER_TITLE); [LAYOUT] Journal Entry Number structured in voucher header (p1: JE_NUMBER_IN_HEADER); [LAYOUT] General Ledger Posting Date structured in voucher header (p1: POSTING_DATE_IN_HEADER); [LAYOUT] Horizontally separated Debit and Credit table columns in ledger body (p1: JER_DEBIT_CREDIT_TABLE_COLUMNS); [LAYOUT] GL Account / Account Title column structure in ledger table (p1: JER_GL_ACCOUNT_COLUMN),False,0.0,"{""POI"": 0.0526, ""NPO"": 0.14, ""IMA"": 0.0, ""MSI"": 0.0, ""PSI"": 0.0, ""JER"": 1.0, ""BKA"": 0.0, ""DPR"": 0.0, ""LCA"": 0.0}","{""POI"": 0.0, ""NPO"": 0.0, ""IMA"": 0.0, ""MSI"": 0.0, ""PSI"": 0.0, ""JER"": 1.0, ""BKA"": 0.0, ""DPR"": 0.0, ""LCA"": 0.0}","{""POI"": 0.0095, ""NPO"": 0.0252, ""IMA"": 0.0, ""MSI"": 0.0, ""PSI"": 0.0, ""JER"": 1.0, ""BKA"": 0.0, ""DPR"": 0.0, ""LCA"": 0.0}"
JER_jer_entry_023.pdf,jer_entry_023.pdf,mindweave/accounting-ledger-us,JER,"FACT: Formal double-entry General Ledger Journal Voucher from Mindweave Accounting Ledger with GL accounts, debit/credit balance, and posting date",1,617,JER,1.0,True,10,phrase 'journal entry'; phrase 'journal voucher'; phrase 'gl account'; phrase 'gl account code'; phrase 'general ledger'; word 'debit'; word 'credit'; phrase 'posting date'; word 'narration'; JE number pattern,JER,1.0,True,6,[LAYOUT] Journal Voucher / Journal Entry title in document header region (p1: HEADER_JER_TITLE); [LAYOUT] Journal Voucher / Journal Entry title in document header region (p1: HEADER_JER_TITLE); [LAYOUT] Journal Entry Number structured in voucher header (p1: JE_NUMBER_IN_HEADER); [LAYOUT] General Ledger Posting Date structured in voucher header (p1: POSTING_DATE_IN_HEADER); [LAYOUT] Horizontally separated Debit and Credit table columns in ledger body (p1: JER_DEBIT_CREDIT_TABLE_COLUMNS); [LAYOUT] GL Account / Account Title column structure in ledger table (p1: JER_GL_ACCOUNT_COLUMN),JER,1.0,True,16,[TEXT] phrase 'journal entry'; [TEXT] phrase 'journal voucher'; [TEXT] phrase 'gl account'; [TEXT] phrase 'gl account code'; [TEXT] phrase 'general ledger'; [TEXT] word 'debit'; [TEXT] word 'credit'; [TEXT] phrase 'posting date'; [TEXT] word 'narration'; [TEXT] JE number pattern; [LAYOUT] Journal Voucher / Journal Entry title in document header region (p1: HEADER_JER_TITLE); [LAYOUT] Journal Voucher / Journal Entry title in document header region (p1: HEADER_JER_TITLE); [LAYOUT] Journal Entry Number structured in voucher header (p1: JE_NUMBER_IN_HEADER); [LAYOUT] General Ledger Posting Date structured in voucher header (p1: POSTING_DATE_IN_HEADER); [LAYOUT] Horizontally separated Debit and Credit table columns in ledger body (p1: JER_DEBIT_CREDIT_TABLE_COLUMNS); [LAYOUT] GL Account / Account Title column structure in ledger table (p1: JER_GL_ACCOUNT_COLUMN),10,6,[TEXT] phrase 'journal entry'; [TEXT] phrase 'journal voucher'; [TEXT] phrase 'gl account'; [TEXT] phrase 'gl account code'; [TEXT] phrase 'general ledger'; [TEXT] word 'debit'; [TEXT] word 'credit'; [TEXT] phrase 'posting date'; [TEXT] word 'narration'; [TEXT] JE number pattern,[LAYOUT] Journal Voucher / Journal Entry title in document header region (p1: HEADER_JER_TITLE); [LAYOUT] Journal Voucher / Journal Entry title in document header region (p1: HEADER_JER_TITLE); [LAYOUT] Journal Entry Number structured in voucher header (p1: JE_NUMBER_IN_HEADER); [LAYOUT] General Ledger Posting Date structured in voucher header (p1: POSTING_DATE_IN_HEADER); [LAYOUT] Horizontally separated Debit and Credit table columns in ledger body (p1: JER_DEBIT_CREDIT_TABLE_COLUMNS); [LAYOUT] GL Account / Account Title column structure in ledger table (p1: JER_GL_ACCOUNT_COLUMN),False,0.0,"{""POI"": 0.0263, ""NPO"": 0.06, ""IMA"": 0.0, ""MSI"": 0.15, ""PSI"": 0.0, ""JER"": 1.0, ""BKA"": 0.0, ""DPR"": 0.0, ""LCA"": 0.0}","{""POI"": 0.0, ""NPO"": 0.0, ""IMA"": 0.0, ""MSI"": 0.25, ""PSI"": 0.0, ""JER"": 1.0, ""BKA"": 0.0, ""DPR"": 0.0, ""LCA"": 0.0}","{""POI"": 0.0047, ""NPO"": 0.0108, ""IMA"": 0.0, ""MSI"": 0.19, ""PSI"": 0.0, ""JER"": 1.0, ""BKA"": 0.0, ""DPR"": 0.0, ""LCA"": 0.0}"
JER_jer_entry_024.pdf,jer_entry_024.pdf,mindweave/accounting-ledger-us,JER,"FACT: Formal double-entry General Ledger Journal Voucher from Mindweave Accounting Ledger with GL accounts, debit/credit balance, and posting date",1,608,JER,1.0,True,10,phrase 'journal entry'; phrase 'journal voucher'; phrase 'gl account'; phrase 'gl account code'; phrase 'general ledger'; word 'debit'; word 'credit'; phrase 'posting date'; word 'narration'; JE number pattern,JER,1.0,True,6,[LAYOUT] Journal Voucher / Journal Entry title in document header region (p1: HEADER_JER_TITLE); [LAYOUT] Journal Voucher / Journal Entry title in document header region (p1: HEADER_JER_TITLE); [LAYOUT] Journal Entry Number structured in voucher header (p1: JE_NUMBER_IN_HEADER); [LAYOUT] General Ledger Posting Date structured in voucher header (p1: POSTING_DATE_IN_HEADER); [LAYOUT] Horizontally separated Debit and Credit table columns in ledger body (p1: JER_DEBIT_CREDIT_TABLE_COLUMNS); [LAYOUT] GL Account / Account Title column structure in ledger table (p1: JER_GL_ACCOUNT_COLUMN),JER,1.0,True,16,[TEXT] phrase 'journal entry'; [TEXT] phrase 'journal voucher'; [TEXT] phrase 'gl account'; [TEXT] phrase 'gl account code'; [TEXT] phrase 'general ledger'; [TEXT] word 'debit'; [TEXT] word 'credit'; [TEXT] phrase 'posting date'; [TEXT] word 'narration'; [TEXT] JE number pattern; [LAYOUT] Journal Voucher / Journal Entry title in document header region (p1: HEADER_JER_TITLE); [LAYOUT] Journal Voucher / Journal Entry title in document header region (p1: HEADER_JER_TITLE); [LAYOUT] Journal Entry Number structured in voucher header (p1: JE_NUMBER_IN_HEADER); [LAYOUT] General Ledger Posting Date structured in voucher header (p1: POSTING_DATE_IN_HEADER); [LAYOUT] Horizontally separated Debit and Credit table columns in ledger body (p1: JER_DEBIT_CREDIT_TABLE_COLUMNS); [LAYOUT] GL Account / Account Title column structure in ledger table (p1: JER_GL_ACCOUNT_COLUMN),10,6,[TEXT] phrase 'journal entry'; [TEXT] phrase 'journal voucher'; [TEXT] phrase 'gl account'; [TEXT] phrase 'gl account code'; [TEXT] phrase 'general ledger'; [TEXT] word 'debit'; [TEXT] word 'credit'; [TEXT] phrase 'posting date'; [TEXT] word 'narration'; [TEXT] JE number pattern,[LAYOUT] Journal Voucher / Journal Entry title in document header region (p1: HEADER_JER_TITLE); [LAYOUT] Journal Voucher / Journal Entry title in document header region (p1: HEADER_JER_TITLE); [LAYOUT] Journal Entry Number structured in voucher header (p1: JE_NUMBER_IN_HEADER); [LAYOUT] General Ledger Posting Date structured in voucher header (p1: POSTING_DATE_IN_HEADER); [LAYOUT] Horizontally separated Debit and Credit table columns in ledger body (p1: JER_DEBIT_CREDIT_TABLE_COLUMNS); [LAYOUT] GL Account / Account Title column structure in ledger table (p1: JER_GL_ACCOUNT_COLUMN),False,0.0,"{""POI"": 0.0263, ""NPO"": 0.06, ""IMA"": 0.0, ""MSI"": 0.15, ""PSI"": 0.0, ""JER"": 1.0, ""BKA"": 0.0, ""DPR"": 0.0, ""LCA"": 0.0}","{""POI"": 0.0, ""NPO"": 0.0, ""IMA"": 0.0, ""MSI"": 0.25, ""PSI"": 0.0, ""JER"": 1.0, ""BKA"": 0.0, ""DPR"": 0.0, ""LCA"": 0.0}","{""POI"": 0.0047, ""NPO"": 0.0108, ""IMA"": 0.0, ""MSI"": 0.19, ""PSI"": 0.0, ""JER"": 1.0, ""BKA"": 0.0, ""DPR"": 0.0, ""LCA"": 0.0}"
JER_jer_entry_025.pdf,jer_entry_025.pdf,mindweave/accounting-ledger-us,JER,"FACT: Formal double-entry General Ledger Journal Voucher from Mindweave Accounting Ledger with GL accounts, debit/credit balance, and posting date",1,608,JER,1.0,True,10,phrase 'journal entry'; phrase 'journal voucher'; phrase 'gl account'; phrase 'gl account code'; phrase 'general ledger'; word 'debit'; word 'credit'; phrase 'posting date'; word 'narration'; JE number pattern,JER,1.0,True,6,[LAYOUT] Journal Voucher / Journal Entry title in document header region (p1: HEADER_JER_TITLE); [LAYOUT] Journal Voucher / Journal Entry title in document header region (p1: HEADER_JER_TITLE); [LAYOUT] Journal Entry Number structured in voucher header (p1: JE_NUMBER_IN_HEADER); [LAYOUT] General Ledger Posting Date structured in voucher header (p1: POSTING_DATE_IN_HEADER); [LAYOUT] Horizontally separated Debit and Credit table columns in ledger body (p1: JER_DEBIT_CREDIT_TABLE_COLUMNS); [LAYOUT] GL Account / Account Title column structure in ledger table (p1: JER_GL_ACCOUNT_COLUMN),JER,1.0,True,16,[TEXT] phrase 'journal entry'; [TEXT] phrase 'journal voucher'; [TEXT] phrase 'gl account'; [TEXT] phrase 'gl account code'; [TEXT] phrase 'general ledger'; [TEXT] word 'debit'; [TEXT] word 'credit'; [TEXT] phrase 'posting date'; [TEXT] word 'narration'; [TEXT] JE number pattern; [LAYOUT] Journal Voucher / Journal Entry title in document header region (p1: HEADER_JER_TITLE); [LAYOUT] Journal Voucher / Journal Entry title in document header region (p1: HEADER_JER_TITLE); [LAYOUT] Journal Entry Number structured in voucher header (p1: JE_NUMBER_IN_HEADER); [LAYOUT] General Ledger Posting Date structured in voucher header (p1: POSTING_DATE_IN_HEADER); [LAYOUT] Horizontally separated Debit and Credit table columns in ledger body (p1: JER_DEBIT_CREDIT_TABLE_COLUMNS); [LAYOUT] GL Account / Account Title column structure in ledger table (p1: JER_GL_ACCOUNT_COLUMN),10,6,[TEXT] phrase 'journal entry'; [TEXT] phrase 'journal voucher'; [TEXT] phrase 'gl account'; [TEXT] phrase 'gl account code'; [TEXT] phrase 'general ledger'; [TEXT] word 'debit'; [TEXT] word 'credit'; [TEXT] phrase 'posting date'; [TEXT] word 'narration'; [TEXT] JE number pattern,[LAYOUT] Journal Voucher / Journal Entry title in document header region (p1: HEADER_JER_TITLE); [LAYOUT] Journal Voucher / Journal Entry title in document header region (p1: HEADER_JER_TITLE); [LAYOUT] Journal Entry Number structured in voucher header (p1: JE_NUMBER_IN_HEADER); [LAYOUT] General Ledger Posting Date structured in voucher header (p1: POSTING_DATE_IN_HEADER); [LAYOUT] Horizontally separated Debit and Credit table columns in ledger body (p1: JER_DEBIT_CREDIT_TABLE_COLUMNS); [LAYOUT] GL Account / Account Title column structure in ledger table (p1: JER_GL_ACCOUNT_COLUMN),False,0.0,"{""POI"": 0.0263, ""NPO"": 0.06, ""IMA"": 0.0, ""MSI"": 0.15, ""PSI"": 0.0, ""JER"": 1.0, ""BKA"": 0.0, ""DPR"": 0.0, ""LCA"": 0.0}","{""POI"": 0.0, ""NPO"": 0.0, ""IMA"": 0.0, ""MSI"": 0.25, ""PSI"": 0.0, ""JER"": 1.0, ""BKA"": 0.0, ""DPR"": 0.0, ""LCA"": 0.0}","{""POI"": 0.0047, ""NPO"": 0.0108, ""IMA"": 0.0, ""MSI"": 0.19, ""PSI"": 0.0, ""JER"": 1.0, ""BKA"": 0.0, ""DPR"": 0.0, ""LCA"": 0.0}"
JER_jer_entry_026.pdf,jer_entry_026.pdf,mindweave/accounting-ledger-us,JER,"FACT: Formal double-entry General Ledger Journal Voucher from Mindweave Accounting Ledger with GL accounts, debit/credit balance, and posting date",1,617,JER,1.0,True,10,phrase 'journal entry'; phrase 'journal voucher'; phrase 'gl account'; phrase 'gl account code'; phrase 'general ledger'; word 'debit'; word 'credit'; phrase 'posting date'; word 'narration'; JE number pattern,JER,1.0,True,6,[LAYOUT] Journal Voucher / Journal Entry title in document header region (p1: HEADER_JER_TITLE); [LAYOUT] Journal Voucher / Journal Entry title in document header region (p1: HEADER_JER_TITLE); [LAYOUT] Journal Entry Number structured in voucher header (p1: JE_NUMBER_IN_HEADER); [LAYOUT] General Ledger Posting Date structured in voucher header (p1: POSTING_DATE_IN_HEADER); [LAYOUT] Horizontally separated Debit and Credit table columns in ledger body (p1: JER_DEBIT_CREDIT_TABLE_COLUMNS); [LAYOUT] GL Account / Account Title column structure in ledger table (p1: JER_GL_ACCOUNT_COLUMN),JER,1.0,True,16,[TEXT] phrase 'journal entry'; [TEXT] phrase 'journal voucher'; [TEXT] phrase 'gl account'; [TEXT] phrase 'gl account code'; [TEXT] phrase 'general ledger'; [TEXT] word 'debit'; [TEXT] word 'credit'; [TEXT] phrase 'posting date'; [TEXT] word 'narration'; [TEXT] JE number pattern; [LAYOUT] Journal Voucher / Journal Entry title in document header region (p1: HEADER_JER_TITLE); [LAYOUT] Journal Voucher / Journal Entry title in document header region (p1: HEADER_JER_TITLE); [LAYOUT] Journal Entry Number structured in voucher header (p1: JE_NUMBER_IN_HEADER); [LAYOUT] General Ledger Posting Date structured in voucher header (p1: POSTING_DATE_IN_HEADER); [LAYOUT] Horizontally separated Debit and Credit table columns in ledger body (p1: JER_DEBIT_CREDIT_TABLE_COLUMNS); [LAYOUT] GL Account / Account Title column structure in ledger table (p1: JER_GL_ACCOUNT_COLUMN),10,6,[TEXT] phrase 'journal entry'; [TEXT] phrase 'journal voucher'; [TEXT] phrase 'gl account'; [TEXT] phrase 'gl account code'; [TEXT] phrase 'general ledger'; [TEXT] word 'debit'; [TEXT] word 'credit'; [TEXT] phrase 'posting date'; [TEXT] word 'narration'; [TEXT] JE number pattern,[LAYOUT] Journal Voucher / Journal Entry title in document header region (p1: HEADER_JER_TITLE); [LAYOUT] Journal Voucher / Journal Entry title in document header region (p1: HEADER_JER_TITLE); [LAYOUT] Journal Entry Number structured in voucher header (p1: JE_NUMBER_IN_HEADER); [LAYOUT] General Ledger Posting Date structured in voucher header (p1: POSTING_DATE_IN_HEADER); [LAYOUT] Horizontally separated Debit and Credit table columns in ledger body (p1: JER_DEBIT_CREDIT_TABLE_COLUMNS); [LAYOUT] GL Account / Account Title column structure in ledger table (p1: JER_GL_ACCOUNT_COLUMN),False,0.0,"{""POI"": 0.0263, ""NPO"": 0.06, ""IMA"": 0.0, ""MSI"": 0.15, ""PSI"": 0.0, ""JER"": 1.0, ""BKA"": 0.0, ""DPR"": 0.0, ""LCA"": 0.0}","{""POI"": 0.0, ""NPO"": 0.0, ""IMA"": 0.0, ""MSI"": 0.25, ""PSI"": 0.0, ""JER"": 1.0, ""BKA"": 0.0, ""DPR"": 0.0, ""LCA"": 0.0}","{""POI"": 0.0047, ""NPO"": 0.0108, ""IMA"": 0.0, ""MSI"": 0.19, ""PSI"": 0.0, ""JER"": 1.0, ""BKA"": 0.0, ""DPR"": 0.0, ""LCA"": 0.0}"
JER_jer_entry_027.pdf,jer_entry_027.pdf,mindweave/accounting-ledger-us,JER,"FACT: Formal double-entry General Ledger Journal Voucher from Mindweave Accounting Ledger with GL accounts, debit/credit balance, and posting date",1,608,JER,1.0,True,10,phrase 'journal entry'; phrase 'journal voucher'; phrase 'gl account'; phrase 'gl account code'; phrase 'general ledger'; word 'debit'; word 'credit'; phrase 'posting date'; word 'narration'; JE number pattern,JER,1.0,True,6,[LAYOUT] Journal Voucher / Journal Entry title in document header region (p1: HEADER_JER_TITLE); [LAYOUT] Journal Voucher / Journal Entry title in document header region (p1: HEADER_JER_TITLE); [LAYOUT] Journal Entry Number structured in voucher header (p1: JE_NUMBER_IN_HEADER); [LAYOUT] General Ledger Posting Date structured in voucher header (p1: POSTING_DATE_IN_HEADER); [LAYOUT] Horizontally separated Debit and Credit table columns in ledger body (p1: JER_DEBIT_CREDIT_TABLE_COLUMNS); [LAYOUT] GL Account / Account Title column structure in ledger table (p1: JER_GL_ACCOUNT_COLUMN),JER,1.0,True,16,[TEXT] phrase 'journal entry'; [TEXT] phrase 'journal voucher'; [TEXT] phrase 'gl account'; [TEXT] phrase 'gl account code'; [TEXT] phrase 'general ledger'; [TEXT] word 'debit'; [TEXT] word 'credit'; [TEXT] phrase 'posting date'; [TEXT] word 'narration'; [TEXT] JE number pattern; [LAYOUT] Journal Voucher / Journal Entry title in document header region (p1: HEADER_JER_TITLE); [LAYOUT] Journal Voucher / Journal Entry title in document header region (p1: HEADER_JER_TITLE); [LAYOUT] Journal Entry Number structured in voucher header (p1: JE_NUMBER_IN_HEADER); [LAYOUT] General Ledger Posting Date structured in voucher header (p1: POSTING_DATE_IN_HEADER); [LAYOUT] Horizontally separated Debit and Credit table columns in ledger body (p1: JER_DEBIT_CREDIT_TABLE_COLUMNS); [LAYOUT] GL Account / Account Title column structure in ledger table (p1: JER_GL_ACCOUNT_COLUMN),10,6,[TEXT] phrase 'journal entry'; [TEXT] phrase 'journal voucher'; [TEXT] phrase 'gl account'; [TEXT] phrase 'gl account code'; [TEXT] phrase 'general ledger'; [TEXT] word 'debit'; [TEXT] word 'credit'; [TEXT] phrase 'posting date'; [TEXT] word 'narration'; [TEXT] JE number pattern,[LAYOUT] Journal Voucher / Journal Entry title in document header region (p1: HEADER_JER_TITLE); [LAYOUT] Journal Voucher / Journal Entry title in document header region (p1: HEADER_JER_TITLE); [LAYOUT] Journal Entry Number structured in voucher header (p1: JE_NUMBER_IN_HEADER); [LAYOUT] General Ledger Posting Date structured in voucher header (p1: POSTING_DATE_IN_HEADER); [LAYOUT] Horizontally separated Debit and Credit table columns in ledger body (p1: JER_DEBIT_CREDIT_TABLE_COLUMNS); [LAYOUT] GL Account / Account Title column structure in ledger table (p1: JER_GL_ACCOUNT_COLUMN),False,0.0,"{""POI"": 0.0263, ""NPO"": 0.06, ""IMA"": 0.0, ""MSI"": 0.15, ""PSI"": 0.0, ""JER"": 1.0, ""BKA"": 0.0, ""DPR"": 0.0, ""LCA"": 0.0}","{""POI"": 0.0, ""NPO"": 0.0, ""IMA"": 0.0, ""MSI"": 0.25, ""PSI"": 0.0, ""JER"": 1.0, ""BKA"": 0.0, ""DPR"": 0.0, ""LCA"": 0.0}","{""POI"": 0.0047, ""NPO"": 0.0108, ""IMA"": 0.0, ""MSI"": 0.19, ""PSI"": 0.0, ""JER"": 1.0, ""BKA"": 0.0, ""DPR"": 0.0, ""LCA"": 0.0}"
JER_jer_entry_028.pdf,jer_entry_028.pdf,mindweave/accounting-ledger-us,JER,"FACT: Formal double-entry General Ledger Journal Voucher from Mindweave Accounting Ledger with GL accounts, debit/credit balance, and posting date",1,595,JER,1.0,True,10,phrase 'journal entry'; phrase 'journal voucher'; phrase 'gl account'; phrase 'gl account code'; phrase 'general ledger'; word 'debit'; word 'credit'; phrase 'posting date'; word 'narration'; JE number pattern,JER,1.0,True,6,[LAYOUT] Journal Voucher / Journal Entry title in document header region (p1: HEADER_JER_TITLE); [LAYOUT] Journal Voucher / Journal Entry title in document header region (p1: HEADER_JER_TITLE); [LAYOUT] Journal Entry Number structured in voucher header (p1: JE_NUMBER_IN_HEADER); [LAYOUT] General Ledger Posting Date structured in voucher header (p1: POSTING_DATE_IN_HEADER); [LAYOUT] Horizontally separated Debit and Credit table columns in ledger body (p1: JER_DEBIT_CREDIT_TABLE_COLUMNS); [LAYOUT] GL Account / Account Title column structure in ledger table (p1: JER_GL_ACCOUNT_COLUMN),JER,1.0,True,16,[TEXT] phrase 'journal entry'; [TEXT] phrase 'journal voucher'; [TEXT] phrase 'gl account'; [TEXT] phrase 'gl account code'; [TEXT] phrase 'general ledger'; [TEXT] word 'debit'; [TEXT] word 'credit'; [TEXT] phrase 'posting date'; [TEXT] word 'narration'; [TEXT] JE number pattern; [LAYOUT] Journal Voucher / Journal Entry title in document header region (p1: HEADER_JER_TITLE); [LAYOUT] Journal Voucher / Journal Entry title in document header region (p1: HEADER_JER_TITLE); [LAYOUT] Journal Entry Number structured in voucher header (p1: JE_NUMBER_IN_HEADER); [LAYOUT] General Ledger Posting Date structured in voucher header (p1: POSTING_DATE_IN_HEADER); [LAYOUT] Horizontally separated Debit and Credit table columns in ledger body (p1: JER_DEBIT_CREDIT_TABLE_COLUMNS); [LAYOUT] GL Account / Account Title column structure in ledger table (p1: JER_GL_ACCOUNT_COLUMN),10,6,[TEXT] phrase 'journal entry'; [TEXT] phrase 'journal voucher'; [TEXT] phrase 'gl account'; [TEXT] phrase 'gl account code'; [TEXT] phrase 'general ledger'; [TEXT] word 'debit'; [TEXT] word 'credit'; [TEXT] phrase 'posting date'; [TEXT] word 'narration'; [TEXT] JE number pattern,[LAYOUT] Journal Voucher / Journal Entry title in document header region (p1: HEADER_JER_TITLE); [LAYOUT] Journal Voucher / Journal Entry title in document header region (p1: HEADER_JER_TITLE); [LAYOUT] Journal Entry Number structured in voucher header (p1: JE_NUMBER_IN_HEADER); [LAYOUT] General Ledger Posting Date structured in voucher header (p1: POSTING_DATE_IN_HEADER); [LAYOUT] Horizontally separated Debit and Credit table columns in ledger body (p1: JER_DEBIT_CREDIT_TABLE_COLUMNS); [LAYOUT] GL Account / Account Title column structure in ledger table (p1: JER_GL_ACCOUNT_COLUMN),False,0.0,"{""POI"": 0.0, ""NPO"": 0.0, ""IMA"": 0.0, ""MSI"": 0.075, ""PSI"": 0.0, ""JER"": 1.0, ""BKA"": 0.0, ""DPR"": 0.0, ""LCA"": 0.0}","{""POI"": 0.0, ""NPO"": 0.0, ""IMA"": 0.0, ""MSI"": 0.0, ""PSI"": 0.0, ""JER"": 1.0, ""BKA"": 0.0, ""DPR"": 0.0, ""LCA"": 0.0}","{""POI"": 0.0, ""NPO"": 0.0, ""IMA"": 0.0, ""MSI"": 0.045, ""PSI"": 0.0, ""JER"": 1.0, ""BKA"": 0.0, ""DPR"": 0.0, ""LCA"": 0.0}"
JER_jer_entry_029.pdf,jer_entry_029.pdf,mindweave/accounting-ledger-us,JER,"FACT: Formal double-entry General Ledger Journal Voucher from Mindweave Accounting Ledger with GL accounts, debit/credit balance, and posting date",1,752,JER,1.0,True,10,phrase 'journal entry'; phrase 'journal voucher'; phrase 'gl account'; phrase 'gl account code'; phrase 'general ledger'; word 'debit'; word 'credit'; phrase 'posting date'; word 'narration'; JE number pattern,JER,1.0,True,6,[LAYOUT] Journal Voucher / Journal Entry title in document header region (p1: HEADER_JER_TITLE); [LAYOUT] Journal Voucher / Journal Entry title in document header region (p1: HEADER_JER_TITLE); [LAYOUT] Journal Entry Number structured in voucher header (p1: JE_NUMBER_IN_HEADER); [LAYOUT] General Ledger Posting Date structured in voucher header (p1: POSTING_DATE_IN_HEADER); [LAYOUT] Horizontally separated Debit and Credit table columns in ledger body (p1: JER_DEBIT_CREDIT_TABLE_COLUMNS); [LAYOUT] GL Account / Account Title column structure in ledger table (p1: JER_GL_ACCOUNT_COLUMN),JER,1.0,True,16,[TEXT] phrase 'journal entry'; [TEXT] phrase 'journal voucher'; [TEXT] phrase 'gl account'; [TEXT] phrase 'gl account code'; [TEXT] phrase 'general ledger'; [TEXT] word 'debit'; [TEXT] word 'credit'; [TEXT] phrase 'posting date'; [TEXT] word 'narration'; [TEXT] JE number pattern; [LAYOUT] Journal Voucher / Journal Entry title in document header region (p1: HEADER_JER_TITLE); [LAYOUT] Journal Voucher / Journal Entry title in document header region (p1: HEADER_JER_TITLE); [LAYOUT] Journal Entry Number structured in voucher header (p1: JE_NUMBER_IN_HEADER); [LAYOUT] General Ledger Posting Date structured in voucher header (p1: POSTING_DATE_IN_HEADER); [LAYOUT] Horizontally separated Debit and Credit table columns in ledger body (p1: JER_DEBIT_CREDIT_TABLE_COLUMNS); [LAYOUT] GL Account / Account Title column structure in ledger table (p1: JER_GL_ACCOUNT_COLUMN),10,6,[TEXT] phrase 'journal entry'; [TEXT] phrase 'journal voucher'; [TEXT] phrase 'gl account'; [TEXT] phrase 'gl account code'; [TEXT] phrase 'general ledger'; [TEXT] word 'debit'; [TEXT] word 'credit'; [TEXT] phrase 'posting date'; [TEXT] word 'narration'; [TEXT] JE number pattern,[LAYOUT] Journal Voucher / Journal Entry title in document header region (p1: HEADER_JER_TITLE); [LAYOUT] Journal Voucher / Journal Entry title in document header region (p1: HEADER_JER_TITLE); [LAYOUT] Journal Entry Number structured in voucher header (p1: JE_NUMBER_IN_HEADER); [LAYOUT] General Ledger Posting Date structured in voucher header (p1: POSTING_DATE_IN_HEADER); [LAYOUT] Horizontally separated Debit and Credit table columns in ledger body (p1: JER_DEBIT_CREDIT_TABLE_COLUMNS); [LAYOUT] GL Account / Account Title column structure in ledger table (p1: JER_GL_ACCOUNT_COLUMN),False,0.0,"{""POI"": 0.0, ""NPO"": 0.0, ""IMA"": 0.0, ""MSI"": 0.0, ""PSI"": 0.0, ""JER"": 1.0, ""BKA"": 0.0, ""DPR"": 0.0, ""LCA"": 0.0}","{""POI"": 0.0, ""NPO"": 0.0, ""IMA"": 0.0, ""MSI"": 0.0, ""PSI"": 0.0, ""JER"": 1.0, ""BKA"": 0.0, ""DPR"": 0.0, ""LCA"": 0.0}","{""POI"": 0.0, ""NPO"": 0.0, ""IMA"": 0.0, ""MSI"": 0.0, ""PSI"": 0.0, ""JER"": 1.0, ""BKA"": 0.0, ""DPR"": 0.0, ""LCA"": 0.0}"
JER_jer_entry_030.pdf,jer_entry_030.pdf,mindweave/accounting-ledger-us,JER,"FACT: Formal double-entry General Ledger Journal Voucher from Mindweave Accounting Ledger with GL accounts, debit/credit balance, and posting date",1,608,JER,1.0,True,10,phrase 'journal entry'; phrase 'journal voucher'; phrase 'gl account'; phrase 'gl account code'; phrase 'general ledger'; word 'debit'; word 'credit'; phrase 'posting date'; word 'narration'; JE number pattern,JER,1.0,True,6,[LAYOUT] Journal Voucher / Journal Entry title in document header region (p1: HEADER_JER_TITLE); [LAYOUT] Journal Voucher / Journal Entry title in document header region (p1: HEADER_JER_TITLE); [LAYOUT] Journal Entry Number structured in voucher header (p1: JE_NUMBER_IN_HEADER); [LAYOUT] General Ledger Posting Date structured in voucher header (p1: POSTING_DATE_IN_HEADER); [LAYOUT] Horizontally separated Debit and Credit table columns in ledger body (p1: JER_DEBIT_CREDIT_TABLE_COLUMNS); [LAYOUT] GL Account / Account Title column structure in ledger table (p1: JER_GL_ACCOUNT_COLUMN),JER,1.0,True,16,[TEXT] phrase 'journal entry'; [TEXT] phrase 'journal voucher'; [TEXT] phrase 'gl account'; [TEXT] phrase 'gl account code'; [TEXT] phrase 'general ledger'; [TEXT] word 'debit'; [TEXT] word 'credit'; [TEXT] phrase 'posting date'; [TEXT] word 'narration'; [TEXT] JE number pattern; [LAYOUT] Journal Voucher / Journal Entry title in document header region (p1: HEADER_JER_TITLE); [LAYOUT] Journal Voucher / Journal Entry title in document header region (p1: HEADER_JER_TITLE); [LAYOUT] Journal Entry Number structured in voucher header (p1: JE_NUMBER_IN_HEADER); [LAYOUT] General Ledger Posting Date structured in voucher header (p1: POSTING_DATE_IN_HEADER); [LAYOUT] Horizontally separated Debit and Credit table columns in ledger body (p1: JER_DEBIT_CREDIT_TABLE_COLUMNS); [LAYOUT] GL Account / Account Title column structure in ledger table (p1: JER_GL_ACCOUNT_COLUMN),10,6,[TEXT] phrase 'journal entry'; [TEXT] phrase 'journal voucher'; [TEXT] phrase 'gl account'; [TEXT] phrase 'gl account code'; [TEXT] phrase 'general ledger'; [TEXT] word 'debit'; [TEXT] word 'credit'; [TEXT] phrase 'posting date'; [TEXT] word 'narration'; [TEXT] JE number pattern,[LAYOUT] Journal Voucher / Journal Entry title in document header region (p1: HEADER_JER_TITLE); [LAYOUT] Journal Voucher / Journal Entry title in document header region (p1: HEADER_JER_TITLE); [LAYOUT] Journal Entry Number structured in voucher header (p1: JE_NUMBER_IN_HEADER); [LAYOUT] General Ledger Posting Date structured in voucher header (p1: POSTING_DATE_IN_HEADER); [LAYOUT] Horizontally separated Debit and Credit table columns in ledger body (p1: JER_DEBIT_CREDIT_TABLE_COLUMNS); [LAYOUT] GL Account / Account Title column structure in ledger table (p1: JER_GL_ACCOUNT_COLUMN),False,0.0,"{""POI"": 0.0263, ""NPO"": 0.06, ""IMA"": 0.0, ""MSI"": 0.15, ""PSI"": 0.0, ""JER"": 1.0, ""BKA"": 0.0, ""DPR"": 0.0, ""LCA"": 0.0}","{""POI"": 0.0, ""NPO"": 0.0, ""IMA"": 0.0, ""MSI"": 0.25, ""PSI"": 0.0, ""JER"": 1.0, ""BKA"": 0.0, ""DPR"": 0.0, ""LCA"": 0.0}","{""POI"": 0.0047, ""NPO"": 0.0108, ""IMA"": 0.0, ""MSI"": 0.19, ""PSI"": 0.0, ""JER"": 1.0, ""BKA"": 0.0, ""DPR"": 0.0, ""LCA"": 0.0}"
JER_jer_entry_031.pdf,jer_entry_031.pdf,mindweave/accounting-ledger-us,JER,"FACT: Formal double-entry General Ledger Journal Voucher from Mindweave Accounting Ledger with GL accounts, debit/credit balance, and posting date",1,608,JER,1.0,True,10,phrase 'journal entry'; phrase 'journal voucher'; phrase 'gl account'; phrase 'gl account code'; phrase 'general ledger'; word 'debit'; word 'credit'; phrase 'posting date'; word 'narration'; JE number pattern,JER,1.0,True,6,[LAYOUT] Journal Voucher / Journal Entry title in document header region (p1: HEADER_JER_TITLE); [LAYOUT] Journal Voucher / Journal Entry title in document header region (p1: HEADER_JER_TITLE); [LAYOUT] Journal Entry Number structured in voucher header (p1: JE_NUMBER_IN_HEADER); [LAYOUT] General Ledger Posting Date structured in voucher header (p1: POSTING_DATE_IN_HEADER); [LAYOUT] Horizontally separated Debit and Credit table columns in ledger body (p1: JER_DEBIT_CREDIT_TABLE_COLUMNS); [LAYOUT] GL Account / Account Title column structure in ledger table (p1: JER_GL_ACCOUNT_COLUMN),JER,1.0,True,16,[TEXT] phrase 'journal entry'; [TEXT] phrase 'journal voucher'; [TEXT] phrase 'gl account'; [TEXT] phrase 'gl account code'; [TEXT] phrase 'general ledger'; [TEXT] word 'debit'; [TEXT] word 'credit'; [TEXT] phrase 'posting date'; [TEXT] word 'narration'; [TEXT] JE number pattern; [LAYOUT] Journal Voucher / Journal Entry title in document header region (p1: HEADER_JER_TITLE); [LAYOUT] Journal Voucher / Journal Entry title in document header region (p1: HEADER_JER_TITLE); [LAYOUT] Journal Entry Number structured in voucher header (p1: JE_NUMBER_IN_HEADER); [LAYOUT] General Ledger Posting Date structured in voucher header (p1: POSTING_DATE_IN_HEADER); [LAYOUT] Horizontally separated Debit and Credit table columns in ledger body (p1: JER_DEBIT_CREDIT_TABLE_COLUMNS); [LAYOUT] GL Account / Account Title column structure in ledger table (p1: JER_GL_ACCOUNT_COLUMN),10,6,[TEXT] phrase 'journal entry'; [TEXT] phrase 'journal voucher'; [TEXT] phrase 'gl account'; [TEXT] phrase 'gl account code'; [TEXT] phrase 'general ledger'; [TEXT] word 'debit'; [TEXT] word 'credit'; [TEXT] phrase 'posting date'; [TEXT] word 'narration'; [TEXT] JE number pattern,[LAYOUT] Journal Voucher / Journal Entry title in document header region (p1: HEADER_JER_TITLE); [LAYOUT] Journal Voucher / Journal Entry title in document header region (p1: HEADER_JER_TITLE); [LAYOUT] Journal Entry Number structured in voucher header (p1: JE_NUMBER_IN_HEADER); [LAYOUT] General Ledger Posting Date structured in voucher header (p1: POSTING_DATE_IN_HEADER); [LAYOUT] Horizontally separated Debit and Credit table columns in ledger body (p1: JER_DEBIT_CREDIT_TABLE_COLUMNS); [LAYOUT] GL Account / Account Title column structure in ledger table (p1: JER_GL_ACCOUNT_COLUMN),False,0.0,"{""POI"": 0.0263, ""NPO"": 0.06, ""IMA"": 0.0, ""MSI"": 0.15, ""PSI"": 0.0, ""JER"": 1.0, ""BKA"": 0.0, ""DPR"": 0.0, ""LCA"": 0.0}","{""POI"": 0.0, ""NPO"": 0.0, ""IMA"": 0.0, ""MSI"": 0.25, ""PSI"": 0.0, ""JER"": 1.0, ""BKA"": 0.0, ""DPR"": 0.0, ""LCA"": 0.0}","{""POI"": 0.0047, ""NPO"": 0.0108, ""IMA"": 0.0, ""MSI"": 0.19, ""PSI"": 0.0, ""JER"": 1.0, ""BKA"": 0.0, ""DPR"": 0.0, ""LCA"": 0.0}"
JER_jer_entry_032.pdf,jer_entry_032.pdf,mindweave/accounting-ledger-us,JER,"FACT: Formal double-entry General Ledger Journal Voucher from Mindweave Accounting Ledger with GL accounts, debit/credit balance, and posting date",1,595,JER,1.0,True,10,phrase 'journal entry'; phrase 'journal voucher'; phrase 'gl account'; phrase 'gl account code'; phrase 'general ledger'; word 'debit'; word 'credit'; phrase 'posting date'; word 'narration'; JE number pattern,JER,1.0,True,6,[LAYOUT] Journal Voucher / Journal Entry title in document header region (p1: HEADER_JER_TITLE); [LAYOUT] Journal Voucher / Journal Entry title in document header region (p1: HEADER_JER_TITLE); [LAYOUT] Journal Entry Number structured in voucher header (p1: JE_NUMBER_IN_HEADER); [LAYOUT] General Ledger Posting Date structured in voucher header (p1: POSTING_DATE_IN_HEADER); [LAYOUT] Horizontally separated Debit and Credit table columns in ledger body (p1: JER_DEBIT_CREDIT_TABLE_COLUMNS); [LAYOUT] GL Account / Account Title column structure in ledger table (p1: JER_GL_ACCOUNT_COLUMN),JER,1.0,True,16,[TEXT] phrase 'journal entry'; [TEXT] phrase 'journal voucher'; [TEXT] phrase 'gl account'; [TEXT] phrase 'gl account code'; [TEXT] phrase 'general ledger'; [TEXT] word 'debit'; [TEXT] word 'credit'; [TEXT] phrase 'posting date'; [TEXT] word 'narration'; [TEXT] JE number pattern; [LAYOUT] Journal Voucher / Journal Entry title in document header region (p1: HEADER_JER_TITLE); [LAYOUT] Journal Voucher / Journal Entry title in document header region (p1: HEADER_JER_TITLE); [LAYOUT] Journal Entry Number structured in voucher header (p1: JE_NUMBER_IN_HEADER); [LAYOUT] General Ledger Posting Date structured in voucher header (p1: POSTING_DATE_IN_HEADER); [LAYOUT] Horizontally separated Debit and Credit table columns in ledger body (p1: JER_DEBIT_CREDIT_TABLE_COLUMNS); [LAYOUT] GL Account / Account Title column structure in ledger table (p1: JER_GL_ACCOUNT_COLUMN),10,6,[TEXT] phrase 'journal entry'; [TEXT] phrase 'journal voucher'; [TEXT] phrase 'gl account'; [TEXT] phrase 'gl account code'; [TEXT] phrase 'general ledger'; [TEXT] word 'debit'; [TEXT] word 'credit'; [TEXT] phrase 'posting date'; [TEXT] word 'narration'; [TEXT] JE number pattern,[LAYOUT] Journal Voucher / Journal Entry title in document header region (p1: HEADER_JER_TITLE); [LAYOUT] Journal Voucher / Journal Entry title in document header region (p1: HEADER_JER_TITLE); [LAYOUT] Journal Entry Number structured in voucher header (p1: JE_NUMBER_IN_HEADER); [LAYOUT] General Ledger Posting Date structured in voucher header (p1: POSTING_DATE_IN_HEADER); [LAYOUT] Horizontally separated Debit and Credit table columns in ledger body (p1: JER_DEBIT_CREDIT_TABLE_COLUMNS); [LAYOUT] GL Account / Account Title column structure in ledger table (p1: JER_GL_ACCOUNT_COLUMN),False,0.0,"{""POI"": 0.0, ""NPO"": 0.0, ""IMA"": 0.0, ""MSI"": 0.075, ""PSI"": 0.0, ""JER"": 1.0, ""BKA"": 0.0, ""DPR"": 0.0, ""LCA"": 0.0}","{""POI"": 0.0, ""NPO"": 0.0, ""IMA"": 0.0, ""MSI"": 0.0, ""PSI"": 0.0, ""JER"": 1.0, ""BKA"": 0.0, ""DPR"": 0.0, ""LCA"": 0.0}","{""POI"": 0.0, ""NPO"": 0.0, ""IMA"": 0.0, ""MSI"": 0.045, ""PSI"": 0.0, ""JER"": 1.0, ""BKA"": 0.0, ""DPR"": 0.0, ""LCA"": 0.0}"
JER_jer_entry_033.pdf,jer_entry_033.pdf,mindweave/accounting-ledger-us,JER,"FACT: Formal double-entry General Ledger Journal Voucher from Mindweave Accounting Ledger with GL accounts, debit/credit balance, and posting date",1,587,JER,1.0,True,10,phrase 'journal entry'; phrase 'journal voucher'; phrase 'gl account'; phrase 'gl account code'; phrase 'general ledger'; word 'debit'; word 'credit'; phrase 'posting date'; word 'narration'; JE number pattern,JER,1.0,True,6,[LAYOUT] Journal Voucher / Journal Entry title in document header region (p1: HEADER_JER_TITLE); [LAYOUT] Journal Voucher / Journal Entry title in document header region (p1: HEADER_JER_TITLE); [LAYOUT] Journal Entry Number structured in voucher header (p1: JE_NUMBER_IN_HEADER); [LAYOUT] General Ledger Posting Date structured in voucher header (p1: POSTING_DATE_IN_HEADER); [LAYOUT] Horizontally separated Debit and Credit table columns in ledger body (p1: JER_DEBIT_CREDIT_TABLE_COLUMNS); [LAYOUT] GL Account / Account Title column structure in ledger table (p1: JER_GL_ACCOUNT_COLUMN),JER,1.0,True,16,[TEXT] phrase 'journal entry'; [TEXT] phrase 'journal voucher'; [TEXT] phrase 'gl account'; [TEXT] phrase 'gl account code'; [TEXT] phrase 'general ledger'; [TEXT] word 'debit'; [TEXT] word 'credit'; [TEXT] phrase 'posting date'; [TEXT] word 'narration'; [TEXT] JE number pattern; [LAYOUT] Journal Voucher / Journal Entry title in document header region (p1: HEADER_JER_TITLE); [LAYOUT] Journal Voucher / Journal Entry title in document header region (p1: HEADER_JER_TITLE); [LAYOUT] Journal Entry Number structured in voucher header (p1: JE_NUMBER_IN_HEADER); [LAYOUT] General Ledger Posting Date structured in voucher header (p1: POSTING_DATE_IN_HEADER); [LAYOUT] Horizontally separated Debit and Credit table columns in ledger body (p1: JER_DEBIT_CREDIT_TABLE_COLUMNS); [LAYOUT] GL Account / Account Title column structure in ledger table (p1: JER_GL_ACCOUNT_COLUMN),10,6,[TEXT] phrase 'journal entry'; [TEXT] phrase 'journal voucher'; [TEXT] phrase 'gl account'; [TEXT] phrase 'gl account code'; [TEXT] phrase 'general ledger'; [TEXT] word 'debit'; [TEXT] word 'credit'; [TEXT] phrase 'posting date'; [TEXT] word 'narration'; [TEXT] JE number pattern,[LAYOUT] Journal Voucher / Journal Entry title in document header region (p1: HEADER_JER_TITLE); [LAYOUT] Journal Voucher / Journal Entry title in document header region (p1: HEADER_JER_TITLE); [LAYOUT] Journal Entry Number structured in voucher header (p1: JE_NUMBER_IN_HEADER); [LAYOUT] General Ledger Posting Date structured in voucher header (p1: POSTING_DATE_IN_HEADER); [LAYOUT] Horizontally separated Debit and Credit table columns in ledger body (p1: JER_DEBIT_CREDIT_TABLE_COLUMNS); [LAYOUT] GL Account / Account Title column structure in ledger table (p1: JER_GL_ACCOUNT_COLUMN),False,0.0,"{""POI"": 0.0, ""NPO"": 0.0, ""IMA"": 0.0, ""MSI"": 0.075, ""PSI"": 0.0, ""JER"": 1.0, ""BKA"": 0.0, ""DPR"": 0.0, ""LCA"": 0.0}","{""POI"": 0.0, ""NPO"": 0.0, ""IMA"": 0.0, ""MSI"": 0.0, ""PSI"": 0.0, ""JER"": 1.0, ""BKA"": 0.0, ""DPR"": 0.0, ""LCA"": 0.0}","{""POI"": 0.0, ""NPO"": 0.0, ""IMA"": 0.0, ""MSI"": 0.045, ""PSI"": 0.0, ""JER"": 1.0, ""BKA"": 0.0, ""DPR"": 0.0, ""LCA"": 0.0}"
JER_jer_entry_034.pdf,jer_entry_034.pdf,mindweave/accounting-ledger-us,JER,"FACT: Formal double-entry General Ledger Journal Voucher from Mindweave Accounting Ledger with GL accounts, debit/credit balance, and posting date",1,593,JER,1.0,True,10,phrase 'journal entry'; phrase 'journal voucher'; phrase 'gl account'; phrase 'gl account code'; phrase 'general ledger'; word 'debit'; word 'credit'; phrase 'posting date'; word 'narration'; JE number pattern,JER,1.0,True,6,[LAYOUT] Journal Voucher / Journal Entry title in document header region (p1: HEADER_JER_TITLE); [LAYOUT] Journal Voucher / Journal Entry title in document header region (p1: HEADER_JER_TITLE); [LAYOUT] Journal Entry Number structured in voucher header (p1: JE_NUMBER_IN_HEADER); [LAYOUT] General Ledger Posting Date structured in voucher header (p1: POSTING_DATE_IN_HEADER); [LAYOUT] Horizontally separated Debit and Credit table columns in ledger body (p1: JER_DEBIT_CREDIT_TABLE_COLUMNS); [LAYOUT] GL Account / Account Title column structure in ledger table (p1: JER_GL_ACCOUNT_COLUMN),JER,1.0,True,16,[TEXT] phrase 'journal entry'; [TEXT] phrase 'journal voucher'; [TEXT] phrase 'gl account'; [TEXT] phrase 'gl account code'; [TEXT] phrase 'general ledger'; [TEXT] word 'debit'; [TEXT] word 'credit'; [TEXT] phrase 'posting date'; [TEXT] word 'narration'; [TEXT] JE number pattern; [LAYOUT] Journal Voucher / Journal Entry title in document header region (p1: HEADER_JER_TITLE); [LAYOUT] Journal Voucher / Journal Entry title in document header region (p1: HEADER_JER_TITLE); [LAYOUT] Journal Entry Number structured in voucher header (p1: JE_NUMBER_IN_HEADER); [LAYOUT] General Ledger Posting Date structured in voucher header (p1: POSTING_DATE_IN_HEADER); [LAYOUT] Horizontally separated Debit and Credit table columns in ledger body (p1: JER_DEBIT_CREDIT_TABLE_COLUMNS); [LAYOUT] GL Account / Account Title column structure in ledger table (p1: JER_GL_ACCOUNT_COLUMN),10,6,[TEXT] phrase 'journal entry'; [TEXT] phrase 'journal voucher'; [TEXT] phrase 'gl account'; [TEXT] phrase 'gl account code'; [TEXT] phrase 'general ledger'; [TEXT] word 'debit'; [TEXT] word 'credit'; [TEXT] phrase 'posting date'; [TEXT] word 'narration'; [TEXT] JE number pattern,[LAYOUT] Journal Voucher / Journal Entry title in document header region (p1: HEADER_JER_TITLE); [LAYOUT] Journal Voucher / Journal Entry title in document header region (p1: HEADER_JER_TITLE); [LAYOUT] Journal Entry Number structured in voucher header (p1: JE_NUMBER_IN_HEADER); [LAYOUT] General Ledger Posting Date structured in voucher header (p1: POSTING_DATE_IN_HEADER); [LAYOUT] Horizontally separated Debit and Credit table columns in ledger body (p1: JER_DEBIT_CREDIT_TABLE_COLUMNS); [LAYOUT] GL Account / Account Title column structure in ledger table (p1: JER_GL_ACCOUNT_COLUMN),False,0.0,"{""POI"": 0.0263, ""NPO"": 0.08, ""IMA"": 0.0, ""MSI"": 0.0, ""PSI"": 0.0, ""JER"": 1.0, ""BKA"": 0.0, ""DPR"": 0.0, ""LCA"": 0.0}","{""POI"": 0.0, ""NPO"": 0.0, ""IMA"": 0.0, ""MSI"": 0.0, ""PSI"": 0.0, ""JER"": 1.0, ""BKA"": 0.0, ""DPR"": 0.0, ""LCA"": 0.0}","{""POI"": 0.0047, ""NPO"": 0.0144, ""IMA"": 0.0, ""MSI"": 0.0, ""PSI"": 0.0, ""JER"": 1.0, ""BKA"": 0.0, ""DPR"": 0.0, ""LCA"": 0.0}"
JER_jer_entry_035.pdf,jer_entry_035.pdf,mindweave/accounting-ledger-us,JER,"FACT: Formal double-entry General Ledger Journal Voucher from Mindweave Accounting Ledger with GL accounts, debit/credit balance, and posting date",1,616,JER,1.0,True,10,phrase 'journal entry'; phrase 'journal voucher'; phrase 'gl account'; phrase 'gl account code'; phrase 'general ledger'; word 'debit'; word 'credit'; phrase 'posting date'; word 'narration'; JE number pattern,JER,1.0,True,6,[LAYOUT] Journal Voucher / Journal Entry title in document header region (p1: HEADER_JER_TITLE); [LAYOUT] Journal Voucher / Journal Entry title in document header region (p1: HEADER_JER_TITLE); [LAYOUT] Journal Entry Number structured in voucher header (p1: JE_NUMBER_IN_HEADER); [LAYOUT] General Ledger Posting Date structured in voucher header (p1: POSTING_DATE_IN_HEADER); [LAYOUT] Horizontally separated Debit and Credit table columns in ledger body (p1: JER_DEBIT_CREDIT_TABLE_COLUMNS); [LAYOUT] GL Account / Account Title column structure in ledger table (p1: JER_GL_ACCOUNT_COLUMN),JER,1.0,True,16,[TEXT] phrase 'journal entry'; [TEXT] phrase 'journal voucher'; [TEXT] phrase 'gl account'; [TEXT] phrase 'gl account code'; [TEXT] phrase 'general ledger'; [TEXT] word 'debit'; [TEXT] word 'credit'; [TEXT] phrase 'posting date'; [TEXT] word 'narration'; [TEXT] JE number pattern; [LAYOUT] Journal Voucher / Journal Entry title in document header region (p1: HEADER_JER_TITLE); [LAYOUT] Journal Voucher / Journal Entry title in document header region (p1: HEADER_JER_TITLE); [LAYOUT] Journal Entry Number structured in voucher header (p1: JE_NUMBER_IN_HEADER); [LAYOUT] General Ledger Posting Date structured in voucher header (p1: POSTING_DATE_IN_HEADER); [LAYOUT] Horizontally separated Debit and Credit table columns in ledger body (p1: JER_DEBIT_CREDIT_TABLE_COLUMNS); [LAYOUT] GL Account / Account Title column structure in ledger table (p1: JER_GL_ACCOUNT_COLUMN),10,6,[TEXT] phrase 'journal entry'; [TEXT] phrase 'journal voucher'; [TEXT] phrase 'gl account'; [TEXT] phrase 'gl account code'; [TEXT] phrase 'general ledger'; [TEXT] word 'debit'; [TEXT] word 'credit'; [TEXT] phrase 'posting date'; [TEXT] word 'narration'; [TEXT] JE number pattern,[LAYOUT] Journal Voucher / Journal Entry title in document header region (p1: HEADER_JER_TITLE); [LAYOUT] Journal Voucher / Journal Entry title in document header region (p1: HEADER_JER_TITLE); [LAYOUT] Journal Entry Number structured in voucher header (p1: JE_NUMBER_IN_HEADER); [LAYOUT] General Ledger Posting Date structured in voucher header (p1: POSTING_DATE_IN_HEADER); [LAYOUT] Horizontally separated Debit and Credit table columns in ledger body (p1: JER_DEBIT_CREDIT_TABLE_COLUMNS); [LAYOUT] GL Account / Account Title column structure in ledger table (p1: JER_GL_ACCOUNT_COLUMN),False,0.0,"{""POI"": 0.0263, ""NPO"": 0.06, ""IMA"": 0.0, ""MSI"": 0.15, ""PSI"": 0.0, ""JER"": 1.0, ""BKA"": 0.0, ""DPR"": 0.0, ""LCA"": 0.0}","{""POI"": 0.0, ""NPO"": 0.0, ""IMA"": 0.0, ""MSI"": 0.25, ""PSI"": 0.0, ""JER"": 1.0, ""BKA"": 0.0, ""DPR"": 0.0, ""LCA"": 0.0}","{""POI"": 0.0047, ""NPO"": 0.0108, ""IMA"": 0.0, ""MSI"": 0.19, ""PSI"": 0.0, ""JER"": 1.0, ""BKA"": 0.0, ""DPR"": 0.0, ""LCA"": 0.0}"
JER_jer_entry_036.pdf,jer_entry_036.pdf,mindweave/accounting-ledger-us,JER,"FACT: Formal double-entry General Ledger Journal Voucher from Mindweave Accounting Ledger with GL accounts, debit/credit balance, and posting date",1,607,JER,1.0,True,10,phrase 'journal entry'; phrase 'journal voucher'; phrase 'gl account'; phrase 'gl account code'; phrase 'general ledger'; word 'debit'; word 'credit'; phrase 'posting date'; word 'narration'; JE number pattern,JER,1.0,True,6,[LAYOUT] Journal Voucher / Journal Entry title in document header region (p1: HEADER_JER_TITLE); [LAYOUT] Journal Voucher / Journal Entry title in document header region (p1: HEADER_JER_TITLE); [LAYOUT] Journal Entry Number structured in voucher header (p1: JE_NUMBER_IN_HEADER); [LAYOUT] General Ledger Posting Date structured in voucher header (p1: POSTING_DATE_IN_HEADER); [LAYOUT] Horizontally separated Debit and Credit table columns in ledger body (p1: JER_DEBIT_CREDIT_TABLE_COLUMNS); [LAYOUT] GL Account / Account Title column structure in ledger table (p1: JER_GL_ACCOUNT_COLUMN),JER,1.0,True,16,[TEXT] phrase 'journal entry'; [TEXT] phrase 'journal voucher'; [TEXT] phrase 'gl account'; [TEXT] phrase 'gl account code'; [TEXT] phrase 'general ledger'; [TEXT] word 'debit'; [TEXT] word 'credit'; [TEXT] phrase 'posting date'; [TEXT] word 'narration'; [TEXT] JE number pattern; [LAYOUT] Journal Voucher / Journal Entry title in document header region (p1: HEADER_JER_TITLE); [LAYOUT] Journal Voucher / Journal Entry title in document header region (p1: HEADER_JER_TITLE); [LAYOUT] Journal Entry Number structured in voucher header (p1: JE_NUMBER_IN_HEADER); [LAYOUT] General Ledger Posting Date structured in voucher header (p1: POSTING_DATE_IN_HEADER); [LAYOUT] Horizontally separated Debit and Credit table columns in ledger body (p1: JER_DEBIT_CREDIT_TABLE_COLUMNS); [LAYOUT] GL Account / Account Title column structure in ledger table (p1: JER_GL_ACCOUNT_COLUMN),10,6,[TEXT] phrase 'journal entry'; [TEXT] phrase 'journal voucher'; [TEXT] phrase 'gl account'; [TEXT] phrase 'gl account code'; [TEXT] phrase 'general ledger'; [TEXT] word 'debit'; [TEXT] word 'credit'; [TEXT] phrase 'posting date'; [TEXT] word 'narration'; [TEXT] JE number pattern,[LAYOUT] Journal Voucher / Journal Entry title in document header region (p1: HEADER_JER_TITLE); [LAYOUT] Journal Voucher / Journal Entry title in document header region (p1: HEADER_JER_TITLE); [LAYOUT] Journal Entry Number structured in voucher header (p1: JE_NUMBER_IN_HEADER); [LAYOUT] General Ledger Posting Date structured in voucher header (p1: POSTING_DATE_IN_HEADER); [LAYOUT] Horizontally separated Debit and Credit table columns in ledger body (p1: JER_DEBIT_CREDIT_TABLE_COLUMNS); [LAYOUT] GL Account / Account Title column structure in ledger table (p1: JER_GL_ACCOUNT_COLUMN),False,0.0,"{""POI"": 0.0263, ""NPO"": 0.06, ""IMA"": 0.0, ""MSI"": 0.15, ""PSI"": 0.0, ""JER"": 1.0, ""BKA"": 0.0, ""DPR"": 0.0, ""LCA"": 0.0}","{""POI"": 0.0, ""NPO"": 0.0, ""IMA"": 0.0, ""MSI"": 0.25, ""PSI"": 0.0, ""JER"": 1.0, ""BKA"": 0.0, ""DPR"": 0.0, ""LCA"": 0.0}","{""POI"": 0.0047, ""NPO"": 0.0108, ""IMA"": 0.0, ""MSI"": 0.19, ""PSI"": 0.0, ""JER"": 1.0, ""BKA"": 0.0, ""DPR"": 0.0, ""LCA"": 0.0}"
JER_jer_entry_037.pdf,jer_entry_037.pdf,mindweave/accounting-ledger-us,JER,"FACT: Formal double-entry General Ledger Journal Voucher from Mindweave Accounting Ledger with GL accounts, debit/credit balance, and posting date",1,629,JER,1.0,True,10,phrase 'journal entry'; phrase 'journal voucher'; phrase 'gl account'; phrase 'gl account code'; phrase 'general ledger'; word 'debit'; word 'credit'; phrase 'posting date'; word 'narration'; JE number pattern,JER,1.0,True,6,[LAYOUT] Journal Voucher / Journal Entry title in document header region (p1: HEADER_JER_TITLE); [LAYOUT] Journal Voucher / Journal Entry title in document header region (p1: HEADER_JER_TITLE); [LAYOUT] Journal Entry Number structured in voucher header (p1: JE_NUMBER_IN_HEADER); [LAYOUT] General Ledger Posting Date structured in voucher header (p1: POSTING_DATE_IN_HEADER); [LAYOUT] Horizontally separated Debit and Credit table columns in ledger body (p1: JER_DEBIT_CREDIT_TABLE_COLUMNS); [LAYOUT] GL Account / Account Title column structure in ledger table (p1: JER_GL_ACCOUNT_COLUMN),JER,1.0,True,16,[TEXT] phrase 'journal entry'; [TEXT] phrase 'journal voucher'; [TEXT] phrase 'gl account'; [TEXT] phrase 'gl account code'; [TEXT] phrase 'general ledger'; [TEXT] word 'debit'; [TEXT] word 'credit'; [TEXT] phrase 'posting date'; [TEXT] word 'narration'; [TEXT] JE number pattern; [LAYOUT] Journal Voucher / Journal Entry title in document header region (p1: HEADER_JER_TITLE); [LAYOUT] Journal Voucher / Journal Entry title in document header region (p1: HEADER_JER_TITLE); [LAYOUT] Journal Entry Number structured in voucher header (p1: JE_NUMBER_IN_HEADER); [LAYOUT] General Ledger Posting Date structured in voucher header (p1: POSTING_DATE_IN_HEADER); [LAYOUT] Horizontally separated Debit and Credit table columns in ledger body (p1: JER_DEBIT_CREDIT_TABLE_COLUMNS); [LAYOUT] GL Account / Account Title column structure in ledger table (p1: JER_GL_ACCOUNT_COLUMN),10,6,[TEXT] phrase 'journal entry'; [TEXT] phrase 'journal voucher'; [TEXT] phrase 'gl account'; [TEXT] phrase 'gl account code'; [TEXT] phrase 'general ledger'; [TEXT] word 'debit'; [TEXT] word 'credit'; [TEXT] phrase 'posting date'; [TEXT] word 'narration'; [TEXT] JE number pattern,[LAYOUT] Journal Voucher / Journal Entry title in document header region (p1: HEADER_JER_TITLE); [LAYOUT] Journal Voucher / Journal Entry title in document header region (p1: HEADER_JER_TITLE); [LAYOUT] Journal Entry Number structured in voucher header (p1: JE_NUMBER_IN_HEADER); [LAYOUT] General Ledger Posting Date structured in voucher header (p1: POSTING_DATE_IN_HEADER); [LAYOUT] Horizontally separated Debit and Credit table columns in ledger body (p1: JER_DEBIT_CREDIT_TABLE_COLUMNS); [LAYOUT] GL Account / Account Title column structure in ledger table (p1: JER_GL_ACCOUNT_COLUMN),False,0.0,"{""POI"": 0.0526, ""NPO"": 0.14, ""IMA"": 0.0, ""MSI"": 0.0, ""PSI"": 0.0, ""JER"": 1.0, ""BKA"": 0.0, ""DPR"": 0.0, ""LCA"": 0.0}","{""POI"": 0.0, ""NPO"": 0.0, ""IMA"": 0.0, ""MSI"": 0.0, ""PSI"": 0.0, ""JER"": 1.0, ""BKA"": 0.0, ""DPR"": 0.0, ""LCA"": 0.0}","{""POI"": 0.0095, ""NPO"": 0.0252, ""IMA"": 0.0, ""MSI"": 0.0, ""PSI"": 0.0, ""JER"": 1.0, ""BKA"": 0.0, ""DPR"": 0.0, ""LCA"": 0.0}"
JER_jer_entry_038.pdf,jer_entry_038.pdf,mindweave/accounting-ledger-us,JER,"FACT: Formal double-entry General Ledger Journal Voucher from Mindweave Accounting Ledger with GL accounts, debit/credit balance, and posting date",1,617,JER,1.0,True,10,phrase 'journal entry'; phrase 'journal voucher'; phrase 'gl account'; phrase 'gl account code'; phrase 'general ledger'; word 'debit'; word 'credit'; phrase 'posting date'; word 'narration'; JE number pattern,JER,1.0,True,6,[LAYOUT] Journal Voucher / Journal Entry title in document header region (p1: HEADER_JER_TITLE); [LAYOUT] Journal Voucher / Journal Entry title in document header region (p1: HEADER_JER_TITLE); [LAYOUT] Journal Entry Number structured in voucher header (p1: JE_NUMBER_IN_HEADER); [LAYOUT] General Ledger Posting Date structured in voucher header (p1: POSTING_DATE_IN_HEADER); [LAYOUT] Horizontally separated Debit and Credit table columns in ledger body (p1: JER_DEBIT_CREDIT_TABLE_COLUMNS); [LAYOUT] GL Account / Account Title column structure in ledger table (p1: JER_GL_ACCOUNT_COLUMN),JER,1.0,True,16,[TEXT] phrase 'journal entry'; [TEXT] phrase 'journal voucher'; [TEXT] phrase 'gl account'; [TEXT] phrase 'gl account code'; [TEXT] phrase 'general ledger'; [TEXT] word 'debit'; [TEXT] word 'credit'; [TEXT] phrase 'posting date'; [TEXT] word 'narration'; [TEXT] JE number pattern; [LAYOUT] Journal Voucher / Journal Entry title in document header region (p1: HEADER_JER_TITLE); [LAYOUT] Journal Voucher / Journal Entry title in document header region (p1: HEADER_JER_TITLE); [LAYOUT] Journal Entry Number structured in voucher header (p1: JE_NUMBER_IN_HEADER); [LAYOUT] General Ledger Posting Date structured in voucher header (p1: POSTING_DATE_IN_HEADER); [LAYOUT] Horizontally separated Debit and Credit table columns in ledger body (p1: JER_DEBIT_CREDIT_TABLE_COLUMNS); [LAYOUT] GL Account / Account Title column structure in ledger table (p1: JER_GL_ACCOUNT_COLUMN),10,6,[TEXT] phrase 'journal entry'; [TEXT] phrase 'journal voucher'; [TEXT] phrase 'gl account'; [TEXT] phrase 'gl account code'; [TEXT] phrase 'general ledger'; [TEXT] word 'debit'; [TEXT] word 'credit'; [TEXT] phrase 'posting date'; [TEXT] word 'narration'; [TEXT] JE number pattern,[LAYOUT] Journal Voucher / Journal Entry title in document header region (p1: HEADER_JER_TITLE); [LAYOUT] Journal Voucher / Journal Entry title in document header region (p1: HEADER_JER_TITLE); [LAYOUT] Journal Entry Number structured in voucher header (p1: JE_NUMBER_IN_HEADER); [LAYOUT] General Ledger Posting Date structured in voucher header (p1: POSTING_DATE_IN_HEADER); [LAYOUT] Horizontally separated Debit and Credit table columns in ledger body (p1: JER_DEBIT_CREDIT_TABLE_COLUMNS); [LAYOUT] GL Account / Account Title column structure in ledger table (p1: JER_GL_ACCOUNT_COLUMN),False,0.0,"{""POI"": 0.0263, ""NPO"": 0.06, ""IMA"": 0.0, ""MSI"": 0.15, ""PSI"": 0.0, ""JER"": 1.0, ""BKA"": 0.0, ""DPR"": 0.0, ""LCA"": 0.0}","{""POI"": 0.0, ""NPO"": 0.0, ""IMA"": 0.0, ""MSI"": 0.25, ""PSI"": 0.0, ""JER"": 1.0, ""BKA"": 0.0, ""DPR"": 0.0, ""LCA"": 0.0}","{""POI"": 0.0047, ""NPO"": 0.0108, ""IMA"": 0.0, ""MSI"": 0.19, ""PSI"": 0.0, ""JER"": 1.0, ""BKA"": 0.0, ""DPR"": 0.0, ""LCA"": 0.0}"
JER_jer_entry_039.pdf,jer_entry_039.pdf,mindweave/accounting-ledger-us,JER,"FACT: Formal double-entry General Ledger Journal Voucher from Mindweave Accounting Ledger with GL accounts, debit/credit balance, and posting date",1,617,JER,1.0,True,10,phrase 'journal entry'; phrase 'journal voucher'; phrase 'gl account'; phrase 'gl account code'; phrase 'general ledger'; word 'debit'; word 'credit'; phrase 'posting date'; word 'narration'; JE number pattern,JER,1.0,True,6,[LAYOUT] Journal Voucher / Journal Entry title in document header region (p1: HEADER_JER_TITLE); [LAYOUT] Journal Voucher / Journal Entry title in document header region (p1: HEADER_JER_TITLE); [LAYOUT] Journal Entry Number structured in voucher header (p1: JE_NUMBER_IN_HEADER); [LAYOUT] General Ledger Posting Date structured in voucher header (p1: POSTING_DATE_IN_HEADER); [LAYOUT] Horizontally separated Debit and Credit table columns in ledger body (p1: JER_DEBIT_CREDIT_TABLE_COLUMNS); [LAYOUT] GL Account / Account Title column structure in ledger table (p1: JER_GL_ACCOUNT_COLUMN),JER,1.0,True,16,[TEXT] phrase 'journal entry'; [TEXT] phrase 'journal voucher'; [TEXT] phrase 'gl account'; [TEXT] phrase 'gl account code'; [TEXT] phrase 'general ledger'; [TEXT] word 'debit'; [TEXT] word 'credit'; [TEXT] phrase 'posting date'; [TEXT] word 'narration'; [TEXT] JE number pattern; [LAYOUT] Journal Voucher / Journal Entry title in document header region (p1: HEADER_JER_TITLE); [LAYOUT] Journal Voucher / Journal Entry title in document header region (p1: HEADER_JER_TITLE); [LAYOUT] Journal Entry Number structured in voucher header (p1: JE_NUMBER_IN_HEADER); [LAYOUT] General Ledger Posting Date structured in voucher header (p1: POSTING_DATE_IN_HEADER); [LAYOUT] Horizontally separated Debit and Credit table columns in ledger body (p1: JER_DEBIT_CREDIT_TABLE_COLUMNS); [LAYOUT] GL Account / Account Title column structure in ledger table (p1: JER_GL_ACCOUNT_COLUMN),10,6,[TEXT] phrase 'journal entry'; [TEXT] phrase 'journal voucher'; [TEXT] phrase 'gl account'; [TEXT] phrase 'gl account code'; [TEXT] phrase 'general ledger'; [TEXT] word 'debit'; [TEXT] word 'credit'; [TEXT] phrase 'posting date'; [TEXT] word 'narration'; [TEXT] JE number pattern,[LAYOUT] Journal Voucher / Journal Entry title in document header region (p1: HEADER_JER_TITLE); [LAYOUT] Journal Voucher / Journal Entry title in document header region (p1: HEADER_JER_TITLE); [LAYOUT] Journal Entry Number structured in voucher header (p1: JE_NUMBER_IN_HEADER); [LAYOUT] General Ledger Posting Date structured in voucher header (p1: POSTING_DATE_IN_HEADER); [LAYOUT] Horizontally separated Debit and Credit table columns in ledger body (p1: JER_DEBIT_CREDIT_TABLE_COLUMNS); [LAYOUT] GL Account / Account Title column structure in ledger table (p1: JER_GL_ACCOUNT_COLUMN),False,0.0,"{""POI"": 0.0263, ""NPO"": 0.06, ""IMA"": 0.0, ""MSI"": 0.15, ""PSI"": 0.0, ""JER"": 1.0, ""BKA"": 0.0, ""DPR"": 0.0, ""LCA"": 0.0}","{""POI"": 0.0, ""NPO"": 0.0, ""IMA"": 0.0, ""MSI"": 0.25, ""PSI"": 0.0, ""JER"": 1.0, ""BKA"": 0.0, ""DPR"": 0.0, ""LCA"": 0.0}","{""POI"": 0.0047, ""NPO"": 0.0108, ""IMA"": 0.0, ""MSI"": 0.19, ""PSI"": 0.0, ""JER"": 1.0, ""BKA"": 0.0, ""DPR"": 0.0, ""LCA"": 0.0}"
JER_jer_entry_040.pdf,jer_entry_040.pdf,mindweave/accounting-ledger-us,JER,"FACT: Formal double-entry General Ledger Journal Voucher from Mindweave Accounting Ledger with GL accounts, debit/credit balance, and posting date",1,617,JER,1.0,True,10,phrase 'journal entry'; phrase 'journal voucher'; phrase 'gl account'; phrase 'gl account code'; phrase 'general ledger'; word 'debit'; word 'credit'; phrase 'posting date'; word 'narration'; JE number pattern,JER,1.0,True,6,[LAYOUT] Journal Voucher / Journal Entry title in document header region (p1: HEADER_JER_TITLE); [LAYOUT] Journal Voucher / Journal Entry title in document header region (p1: HEADER_JER_TITLE); [LAYOUT] Journal Entry Number structured in voucher header (p1: JE_NUMBER_IN_HEADER); [LAYOUT] General Ledger Posting Date structured in voucher header (p1: POSTING_DATE_IN_HEADER); [LAYOUT] Horizontally separated Debit and Credit table columns in ledger body (p1: JER_DEBIT_CREDIT_TABLE_COLUMNS); [LAYOUT] GL Account / Account Title column structure in ledger table (p1: JER_GL_ACCOUNT_COLUMN),JER,1.0,True,16,[TEXT] phrase 'journal entry'; [TEXT] phrase 'journal voucher'; [TEXT] phrase 'gl account'; [TEXT] phrase 'gl account code'; [TEXT] phrase 'general ledger'; [TEXT] word 'debit'; [TEXT] word 'credit'; [TEXT] phrase 'posting date'; [TEXT] word 'narration'; [TEXT] JE number pattern; [LAYOUT] Journal Voucher / Journal Entry title in document header region (p1: HEADER_JER_TITLE); [LAYOUT] Journal Voucher / Journal Entry title in document header region (p1: HEADER_JER_TITLE); [LAYOUT] Journal Entry Number structured in voucher header (p1: JE_NUMBER_IN_HEADER); [LAYOUT] General Ledger Posting Date structured in voucher header (p1: POSTING_DATE_IN_HEADER); [LAYOUT] Horizontally separated Debit and Credit table columns in ledger body (p1: JER_DEBIT_CREDIT_TABLE_COLUMNS); [LAYOUT] GL Account / Account Title column structure in ledger table (p1: JER_GL_ACCOUNT_COLUMN),10,6,[TEXT] phrase 'journal entry'; [TEXT] phrase 'journal voucher'; [TEXT] phrase 'gl account'; [TEXT] phrase 'gl account code'; [TEXT] phrase 'general ledger'; [TEXT] word 'debit'; [TEXT] word 'credit'; [TEXT] phrase 'posting date'; [TEXT] word 'narration'; [TEXT] JE number pattern,[LAYOUT] Journal Voucher / Journal Entry title in document header region (p1: HEADER_JER_TITLE); [LAYOUT] Journal Voucher / Journal Entry title in document header region (p1: HEADER_JER_TITLE); [LAYOUT] Journal Entry Number structured in voucher header (p1: JE_NUMBER_IN_HEADER); [LAYOUT] General Ledger Posting Date structured in voucher header (p1: POSTING_DATE_IN_HEADER); [LAYOUT] Horizontally separated Debit and Credit table columns in ledger body (p1: JER_DEBIT_CREDIT_TABLE_COLUMNS); [LAYOUT] GL Account / Account Title column structure in ledger table (p1: JER_GL_ACCOUNT_COLUMN),False,0.0,"{""POI"": 0.0263, ""NPO"": 0.06, ""IMA"": 0.0, ""MSI"": 0.15, ""PSI"": 0.0, ""JER"": 1.0, ""BKA"": 0.0, ""DPR"": 0.0, ""LCA"": 0.0}","{""POI"": 0.0, ""NPO"": 0.0, ""IMA"": 0.0, ""MSI"": 0.25, ""PSI"": 0.0, ""JER"": 1.0, ""BKA"": 0.0, ""DPR"": 0.0, ""LCA"": 0.0}","{""POI"": 0.0047, ""NPO"": 0.0108, ""IMA"": 0.0, ""MSI"": 0.19, ""PSI"": 0.0, ""JER"": 1.0, ""BKA"": 0.0, ""DPR"": 0.0, ""LCA"": 0.0}"
JER_jer_entry_041.pdf,jer_entry_041.pdf,mindweave/accounting-ledger-us,JER,"FACT: Formal double-entry General Ledger Journal Voucher from Mindweave Accounting Ledger with GL accounts, debit/credit balance, and posting date",1,608,JER,1.0,True,10,phrase 'journal entry'; phrase 'journal voucher'; phrase 'gl account'; phrase 'gl account code'; phrase 'general ledger'; word 'debit'; word 'credit'; phrase 'posting date'; word 'narration'; JE number pattern,JER,1.0,True,6,[LAYOUT] Journal Voucher / Journal Entry title in document header region (p1: HEADER_JER_TITLE); [LAYOUT] Journal Voucher / Journal Entry title in document header region (p1: HEADER_JER_TITLE); [LAYOUT] Journal Entry Number structured in voucher header (p1: JE_NUMBER_IN_HEADER); [LAYOUT] General Ledger Posting Date structured in voucher header (p1: POSTING_DATE_IN_HEADER); [LAYOUT] Horizontally separated Debit and Credit table columns in ledger body (p1: JER_DEBIT_CREDIT_TABLE_COLUMNS); [LAYOUT] GL Account / Account Title column structure in ledger table (p1: JER_GL_ACCOUNT_COLUMN),JER,1.0,True,16,[TEXT] phrase 'journal entry'; [TEXT] phrase 'journal voucher'; [TEXT] phrase 'gl account'; [TEXT] phrase 'gl account code'; [TEXT] phrase 'general ledger'; [TEXT] word 'debit'; [TEXT] word 'credit'; [TEXT] phrase 'posting date'; [TEXT] word 'narration'; [TEXT] JE number pattern; [LAYOUT] Journal Voucher / Journal Entry title in document header region (p1: HEADER_JER_TITLE); [LAYOUT] Journal Voucher / Journal Entry title in document header region (p1: HEADER_JER_TITLE); [LAYOUT] Journal Entry Number structured in voucher header (p1: JE_NUMBER_IN_HEADER); [LAYOUT] General Ledger Posting Date structured in voucher header (p1: POSTING_DATE_IN_HEADER); [LAYOUT] Horizontally separated Debit and Credit table columns in ledger body (p1: JER_DEBIT_CREDIT_TABLE_COLUMNS); [LAYOUT] GL Account / Account Title column structure in ledger table (p1: JER_GL_ACCOUNT_COLUMN),10,6,[TEXT] phrase 'journal entry'; [TEXT] phrase 'journal voucher'; [TEXT] phrase 'gl account'; [TEXT] phrase 'gl account code'; [TEXT] phrase 'general ledger'; [TEXT] word 'debit'; [TEXT] word 'credit'; [TEXT] phrase 'posting date'; [TEXT] word 'narration'; [TEXT] JE number pattern,[LAYOUT] Journal Voucher / Journal Entry title in document header region (p1: HEADER_JER_TITLE); [LAYOUT] Journal Voucher / Journal Entry title in document header region (p1: HEADER_JER_TITLE); [LAYOUT] Journal Entry Number structured in voucher header (p1: JE_NUMBER_IN_HEADER); [LAYOUT] General Ledger Posting Date structured in voucher header (p1: POSTING_DATE_IN_HEADER); [LAYOUT] Horizontally separated Debit and Credit table columns in ledger body (p1: JER_DEBIT_CREDIT_TABLE_COLUMNS); [LAYOUT] GL Account / Account Title column structure in ledger table (p1: JER_GL_ACCOUNT_COLUMN),False,0.0,"{""POI"": 0.0263, ""NPO"": 0.06, ""IMA"": 0.0, ""MSI"": 0.15, ""PSI"": 0.0, ""JER"": 1.0, ""BKA"": 0.0, ""DPR"": 0.0, ""LCA"": 0.0}","{""POI"": 0.0, ""NPO"": 0.0, ""IMA"": 0.0, ""MSI"": 0.25, ""PSI"": 0.0, ""JER"": 1.0, ""BKA"": 0.0, ""DPR"": 0.0, ""LCA"": 0.0}","{""POI"": 0.0047, ""NPO"": 0.0108, ""IMA"": 0.0, ""MSI"": 0.19, ""PSI"": 0.0, ""JER"": 1.0, ""BKA"": 0.0, ""DPR"": 0.0, ""LCA"": 0.0}"
JER_jer_entry_042.pdf,jer_entry_042.pdf,mindweave/accounting-ledger-us,JER,"FACT: Formal double-entry General Ledger Journal Voucher from Mindweave Accounting Ledger with GL accounts, debit/credit balance, and posting date",1,617,JER,1.0,True,10,phrase 'journal entry'; phrase 'journal voucher'; phrase 'gl account'; phrase 'gl account code'; phrase 'general ledger'; word 'debit'; word 'credit'; phrase 'posting date'; word 'narration'; JE number pattern,JER,1.0,True,6,[LAYOUT] Journal Voucher / Journal Entry title in document header region (p1: HEADER_JER_TITLE); [LAYOUT] Journal Voucher / Journal Entry title in document header region (p1: HEADER_JER_TITLE); [LAYOUT] Journal Entry Number structured in voucher header (p1: JE_NUMBER_IN_HEADER); [LAYOUT] General Ledger Posting Date structured in voucher header (p1: POSTING_DATE_IN_HEADER); [LAYOUT] Horizontally separated Debit and Credit table columns in ledger body (p1: JER_DEBIT_CREDIT_TABLE_COLUMNS); [LAYOUT] GL Account / Account Title column structure in ledger table (p1: JER_GL_ACCOUNT_COLUMN),JER,1.0,True,16,[TEXT] phrase 'journal entry'; [TEXT] phrase 'journal voucher'; [TEXT] phrase 'gl account'; [TEXT] phrase 'gl account code'; [TEXT] phrase 'general ledger'; [TEXT] word 'debit'; [TEXT] word 'credit'; [TEXT] phrase 'posting date'; [TEXT] word 'narration'; [TEXT] JE number pattern; [LAYOUT] Journal Voucher / Journal Entry title in document header region (p1: HEADER_JER_TITLE); [LAYOUT] Journal Voucher / Journal Entry title in document header region (p1: HEADER_JER_TITLE); [LAYOUT] Journal Entry Number structured in voucher header (p1: JE_NUMBER_IN_HEADER); [LAYOUT] General Ledger Posting Date structured in voucher header (p1: POSTING_DATE_IN_HEADER); [LAYOUT] Horizontally separated Debit and Credit table columns in ledger body (p1: JER_DEBIT_CREDIT_TABLE_COLUMNS); [LAYOUT] GL Account / Account Title column structure in ledger table (p1: JER_GL_ACCOUNT_COLUMN),10,6,[TEXT] phrase 'journal entry'; [TEXT] phrase 'journal voucher'; [TEXT] phrase 'gl account'; [TEXT] phrase 'gl account code'; [TEXT] phrase 'general ledger'; [TEXT] word 'debit'; [TEXT] word 'credit'; [TEXT] phrase 'posting date'; [TEXT] word 'narration'; [TEXT] JE number pattern,[LAYOUT] Journal Voucher / Journal Entry title in document header region (p1: HEADER_JER_TITLE); [LAYOUT] Journal Voucher / Journal Entry title in document header region (p1: HEADER_JER_TITLE); [LAYOUT] Journal Entry Number structured in voucher header (p1: JE_NUMBER_IN_HEADER); [LAYOUT] General Ledger Posting Date structured in voucher header (p1: POSTING_DATE_IN_HEADER); [LAYOUT] Horizontally separated Debit and Credit table columns in ledger body (p1: JER_DEBIT_CREDIT_TABLE_COLUMNS); [LAYOUT] GL Account / Account Title column structure in ledger table (p1: JER_GL_ACCOUNT_COLUMN),False,0.0,"{""POI"": 0.0263, ""NPO"": 0.06, ""IMA"": 0.0, ""MSI"": 0.15, ""PSI"": 0.0, ""JER"": 1.0, ""BKA"": 0.0, ""DPR"": 0.0, ""LCA"": 0.0}","{""POI"": 0.0, ""NPO"": 0.0, ""IMA"": 0.0, ""MSI"": 0.25, ""PSI"": 0.0, ""JER"": 1.0, ""BKA"": 0.0, ""DPR"": 0.0, ""LCA"": 0.0}","{""POI"": 0.0047, ""NPO"": 0.0108, ""IMA"": 0.0, ""MSI"": 0.19, ""PSI"": 0.0, ""JER"": 1.0, ""BKA"": 0.0, ""DPR"": 0.0, ""LCA"": 0.0}"
JER_jer_entry_043.pdf,jer_entry_043.pdf,mindweave/accounting-ledger-us,JER,"FACT: Formal double-entry General Ledger Journal Voucher from Mindweave Accounting Ledger with GL accounts, debit/credit balance, and posting date",1,617,JER,1.0,True,10,phrase 'journal entry'; phrase 'journal voucher'; phrase 'gl account'; phrase 'gl account code'; phrase 'general ledger'; word 'debit'; word 'credit'; phrase 'posting date'; word 'narration'; JE number pattern,JER,1.0,True,6,[LAYOUT] Journal Voucher / Journal Entry title in document header region (p1: HEADER_JER_TITLE); [LAYOUT] Journal Voucher / Journal Entry title in document header region (p1: HEADER_JER_TITLE); [LAYOUT] Journal Entry Number structured in voucher header (p1: JE_NUMBER_IN_HEADER); [LAYOUT] General Ledger Posting Date structured in voucher header (p1: POSTING_DATE_IN_HEADER); [LAYOUT] Horizontally separated Debit and Credit table columns in ledger body (p1: JER_DEBIT_CREDIT_TABLE_COLUMNS); [LAYOUT] GL Account / Account Title column structure in ledger table (p1: JER_GL_ACCOUNT_COLUMN),JER,1.0,True,16,[TEXT] phrase 'journal entry'; [TEXT] phrase 'journal voucher'; [TEXT] phrase 'gl account'; [TEXT] phrase 'gl account code'; [TEXT] phrase 'general ledger'; [TEXT] word 'debit'; [TEXT] word 'credit'; [TEXT] phrase 'posting date'; [TEXT] word 'narration'; [TEXT] JE number pattern; [LAYOUT] Journal Voucher / Journal Entry title in document header region (p1: HEADER_JER_TITLE); [LAYOUT] Journal Voucher / Journal Entry title in document header region (p1: HEADER_JER_TITLE); [LAYOUT] Journal Entry Number structured in voucher header (p1: JE_NUMBER_IN_HEADER); [LAYOUT] General Ledger Posting Date structured in voucher header (p1: POSTING_DATE_IN_HEADER); [LAYOUT] Horizontally separated Debit and Credit table columns in ledger body (p1: JER_DEBIT_CREDIT_TABLE_COLUMNS); [LAYOUT] GL Account / Account Title column structure in ledger table (p1: JER_GL_ACCOUNT_COLUMN),10,6,[TEXT] phrase 'journal entry'; [TEXT] phrase 'journal voucher'; [TEXT] phrase 'gl account'; [TEXT] phrase 'gl account code'; [TEXT] phrase 'general ledger'; [TEXT] word 'debit'; [TEXT] word 'credit'; [TEXT] phrase 'posting date'; [TEXT] word 'narration'; [TEXT] JE number pattern,[LAYOUT] Journal Voucher / Journal Entry title in document header region (p1: HEADER_JER_TITLE); [LAYOUT] Journal Voucher / Journal Entry title in document header region (p1: HEADER_JER_TITLE); [LAYOUT] Journal Entry Number structured in voucher header (p1: JE_NUMBER_IN_HEADER); [LAYOUT] General Ledger Posting Date structured in voucher header (p1: POSTING_DATE_IN_HEADER); [LAYOUT] Horizontally separated Debit and Credit table columns in ledger body (p1: JER_DEBIT_CREDIT_TABLE_COLUMNS); [LAYOUT] GL Account / Account Title column structure in ledger table (p1: JER_GL_ACCOUNT_COLUMN),False,0.0,"{""POI"": 0.0263, ""NPO"": 0.06, ""IMA"": 0.0, ""MSI"": 0.15, ""PSI"": 0.0, ""JER"": 1.0, ""BKA"": 0.0, ""DPR"": 0.0, ""LCA"": 0.0}","{""POI"": 0.0, ""NPO"": 0.0, ""IMA"": 0.0, ""MSI"": 0.25, ""PSI"": 0.0, ""JER"": 1.0, ""BKA"": 0.0, ""DPR"": 0.0, ""LCA"": 0.0}","{""POI"": 0.0047, ""NPO"": 0.0108, ""IMA"": 0.0, ""MSI"": 0.19, ""PSI"": 0.0, ""JER"": 1.0, ""BKA"": 0.0, ""DPR"": 0.0, ""LCA"": 0.0}"
JER_jer_entry_044.pdf,jer_entry_044.pdf,mindweave/accounting-ledger-us,JER,"FACT: Formal double-entry General Ledger Journal Voucher from Mindweave Accounting Ledger with GL accounts, debit/credit balance, and posting date",1,595,JER,1.0,True,10,phrase 'journal entry'; phrase 'journal voucher'; phrase 'gl account'; phrase 'gl account code'; phrase 'general ledger'; word 'debit'; word 'credit'; phrase 'posting date'; word 'narration'; JE number pattern,JER,1.0,True,6,[LAYOUT] Journal Voucher / Journal Entry title in document header region (p1: HEADER_JER_TITLE); [LAYOUT] Journal Voucher / Journal Entry title in document header region (p1: HEADER_JER_TITLE); [LAYOUT] Journal Entry Number structured in voucher header (p1: JE_NUMBER_IN_HEADER); [LAYOUT] General Ledger Posting Date structured in voucher header (p1: POSTING_DATE_IN_HEADER); [LAYOUT] Horizontally separated Debit and Credit table columns in ledger body (p1: JER_DEBIT_CREDIT_TABLE_COLUMNS); [LAYOUT] GL Account / Account Title column structure in ledger table (p1: JER_GL_ACCOUNT_COLUMN),JER,1.0,True,16,[TEXT] phrase 'journal entry'; [TEXT] phrase 'journal voucher'; [TEXT] phrase 'gl account'; [TEXT] phrase 'gl account code'; [TEXT] phrase 'general ledger'; [TEXT] word 'debit'; [TEXT] word 'credit'; [TEXT] phrase 'posting date'; [TEXT] word 'narration'; [TEXT] JE number pattern; [LAYOUT] Journal Voucher / Journal Entry title in document header region (p1: HEADER_JER_TITLE); [LAYOUT] Journal Voucher / Journal Entry title in document header region (p1: HEADER_JER_TITLE); [LAYOUT] Journal Entry Number structured in voucher header (p1: JE_NUMBER_IN_HEADER); [LAYOUT] General Ledger Posting Date structured in voucher header (p1: POSTING_DATE_IN_HEADER); [LAYOUT] Horizontally separated Debit and Credit table columns in ledger body (p1: JER_DEBIT_CREDIT_TABLE_COLUMNS); [LAYOUT] GL Account / Account Title column structure in ledger table (p1: JER_GL_ACCOUNT_COLUMN),10,6,[TEXT] phrase 'journal entry'; [TEXT] phrase 'journal voucher'; [TEXT] phrase 'gl account'; [TEXT] phrase 'gl account code'; [TEXT] phrase 'general ledger'; [TEXT] word 'debit'; [TEXT] word 'credit'; [TEXT] phrase 'posting date'; [TEXT] word 'narration'; [TEXT] JE number pattern,[LAYOUT] Journal Voucher / Journal Entry title in document header region (p1: HEADER_JER_TITLE); [LAYOUT] Journal Voucher / Journal Entry title in document header region (p1: HEADER_JER_TITLE); [LAYOUT] Journal Entry Number structured in voucher header (p1: JE_NUMBER_IN_HEADER); [LAYOUT] General Ledger Posting Date structured in voucher header (p1: POSTING_DATE_IN_HEADER); [LAYOUT] Horizontally separated Debit and Credit table columns in ledger body (p1: JER_DEBIT_CREDIT_TABLE_COLUMNS); [LAYOUT] GL Account / Account Title column structure in ledger table (p1: JER_GL_ACCOUNT_COLUMN),False,0.0,"{""POI"": 0.0, ""NPO"": 0.0, ""IMA"": 0.0, ""MSI"": 0.075, ""PSI"": 0.0, ""JER"": 1.0, ""BKA"": 0.0, ""DPR"": 0.0, ""LCA"": 0.0}","{""POI"": 0.0, ""NPO"": 0.0, ""IMA"": 0.0, ""MSI"": 0.0, ""PSI"": 0.0, ""JER"": 1.0, ""BKA"": 0.0, ""DPR"": 0.0, ""LCA"": 0.0}","{""POI"": 0.0, ""NPO"": 0.0, ""IMA"": 0.0, ""MSI"": 0.045, ""PSI"": 0.0, ""JER"": 1.0, ""BKA"": 0.0, ""DPR"": 0.0, ""LCA"": 0.0}"
JER_jer_entry_045.pdf,jer_entry_045.pdf,mindweave/accounting-ledger-us,JER,"FACT: Formal double-entry General Ledger Journal Voucher from Mindweave Accounting Ledger with GL accounts, debit/credit balance, and posting date",1,632,JER,1.0,True,10,phrase 'journal entry'; phrase 'journal voucher'; phrase 'gl account'; phrase 'gl account code'; phrase 'general ledger'; word 'debit'; word 'credit'; phrase 'posting date'; word 'narration'; JE number pattern,JER,1.0,True,6,[LAYOUT] Journal Voucher / Journal Entry title in document header region (p1: HEADER_JER_TITLE); [LAYOUT] Journal Voucher / Journal Entry title in document header region (p1: HEADER_JER_TITLE); [LAYOUT] Journal Entry Number structured in voucher header (p1: JE_NUMBER_IN_HEADER); [LAYOUT] General Ledger Posting Date structured in voucher header (p1: POSTING_DATE_IN_HEADER); [LAYOUT] Horizontally separated Debit and Credit table columns in ledger body (p1: JER_DEBIT_CREDIT_TABLE_COLUMNS); [LAYOUT] GL Account / Account Title column structure in ledger table (p1: JER_GL_ACCOUNT_COLUMN),JER,1.0,True,16,[TEXT] phrase 'journal entry'; [TEXT] phrase 'journal voucher'; [TEXT] phrase 'gl account'; [TEXT] phrase 'gl account code'; [TEXT] phrase 'general ledger'; [TEXT] word 'debit'; [TEXT] word 'credit'; [TEXT] phrase 'posting date'; [TEXT] word 'narration'; [TEXT] JE number pattern; [LAYOUT] Journal Voucher / Journal Entry title in document header region (p1: HEADER_JER_TITLE); [LAYOUT] Journal Voucher / Journal Entry title in document header region (p1: HEADER_JER_TITLE); [LAYOUT] Journal Entry Number structured in voucher header (p1: JE_NUMBER_IN_HEADER); [LAYOUT] General Ledger Posting Date structured in voucher header (p1: POSTING_DATE_IN_HEADER); [LAYOUT] Horizontally separated Debit and Credit table columns in ledger body (p1: JER_DEBIT_CREDIT_TABLE_COLUMNS); [LAYOUT] GL Account / Account Title column structure in ledger table (p1: JER_GL_ACCOUNT_COLUMN),10,6,[TEXT] phrase 'journal entry'; [TEXT] phrase 'journal voucher'; [TEXT] phrase 'gl account'; [TEXT] phrase 'gl account code'; [TEXT] phrase 'general ledger'; [TEXT] word 'debit'; [TEXT] word 'credit'; [TEXT] phrase 'posting date'; [TEXT] word 'narration'; [TEXT] JE number pattern,[LAYOUT] Journal Voucher / Journal Entry title in document header region (p1: HEADER_JER_TITLE); [LAYOUT] Journal Voucher / Journal Entry title in document header region (p1: HEADER_JER_TITLE); [LAYOUT] Journal Entry Number structured in voucher header (p1: JE_NUMBER_IN_HEADER); [LAYOUT] General Ledger Posting Date structured in voucher header (p1: POSTING_DATE_IN_HEADER); [LAYOUT] Horizontally separated Debit and Credit table columns in ledger body (p1: JER_DEBIT_CREDIT_TABLE_COLUMNS); [LAYOUT] GL Account / Account Title column structure in ledger table (p1: JER_GL_ACCOUNT_COLUMN),False,0.0,"{""POI"": 0.0526, ""NPO"": 0.14, ""IMA"": 0.0, ""MSI"": 0.0, ""PSI"": 0.0, ""JER"": 1.0, ""BKA"": 0.0, ""DPR"": 0.0, ""LCA"": 0.0}","{""POI"": 0.0, ""NPO"": 0.0, ""IMA"": 0.0, ""MSI"": 0.0, ""PSI"": 0.0, ""JER"": 1.0, ""BKA"": 0.0, ""DPR"": 0.0, ""LCA"": 0.0}","{""POI"": 0.0095, ""NPO"": 0.0252, ""IMA"": 0.0, ""MSI"": 0.0, ""PSI"": 0.0, ""JER"": 1.0, ""BKA"": 0.0, ""DPR"": 0.0, ""LCA"": 0.0}"
JER_jer_entry_046.pdf,jer_entry_046.pdf,mindweave/accounting-ledger-us,JER,"FACT: Formal double-entry General Ledger Journal Voucher from Mindweave Accounting Ledger with GL accounts, debit/credit balance, and posting date",1,593,JER,1.0,True,10,phrase 'journal entry'; phrase 'journal voucher'; phrase 'gl account'; phrase 'gl account code'; phrase 'general ledger'; word 'debit'; word 'credit'; phrase 'posting date'; word 'narration'; JE number pattern,JER,1.0,True,6,[LAYOUT] Journal Voucher / Journal Entry title in document header region (p1: HEADER_JER_TITLE); [LAYOUT] Journal Voucher / Journal Entry title in document header region (p1: HEADER_JER_TITLE); [LAYOUT] Journal Entry Number structured in voucher header (p1: JE_NUMBER_IN_HEADER); [LAYOUT] General Ledger Posting Date structured in voucher header (p1: POSTING_DATE_IN_HEADER); [LAYOUT] Horizontally separated Debit and Credit table columns in ledger body (p1: JER_DEBIT_CREDIT_TABLE_COLUMNS); [LAYOUT] GL Account / Account Title column structure in ledger table (p1: JER_GL_ACCOUNT_COLUMN),JER,1.0,True,16,[TEXT] phrase 'journal entry'; [TEXT] phrase 'journal voucher'; [TEXT] phrase 'gl account'; [TEXT] phrase 'gl account code'; [TEXT] phrase 'general ledger'; [TEXT] word 'debit'; [TEXT] word 'credit'; [TEXT] phrase 'posting date'; [TEXT] word 'narration'; [TEXT] JE number pattern; [LAYOUT] Journal Voucher / Journal Entry title in document header region (p1: HEADER_JER_TITLE); [LAYOUT] Journal Voucher / Journal Entry title in document header region (p1: HEADER_JER_TITLE); [LAYOUT] Journal Entry Number structured in voucher header (p1: JE_NUMBER_IN_HEADER); [LAYOUT] General Ledger Posting Date structured in voucher header (p1: POSTING_DATE_IN_HEADER); [LAYOUT] Horizontally separated Debit and Credit table columns in ledger body (p1: JER_DEBIT_CREDIT_TABLE_COLUMNS); [LAYOUT] GL Account / Account Title column structure in ledger table (p1: JER_GL_ACCOUNT_COLUMN),10,6,[TEXT] phrase 'journal entry'; [TEXT] phrase 'journal voucher'; [TEXT] phrase 'gl account'; [TEXT] phrase 'gl account code'; [TEXT] phrase 'general ledger'; [TEXT] word 'debit'; [TEXT] word 'credit'; [TEXT] phrase 'posting date'; [TEXT] word 'narration'; [TEXT] JE number pattern,[LAYOUT] Journal Voucher / Journal Entry title in document header region (p1: HEADER_JER_TITLE); [LAYOUT] Journal Voucher / Journal Entry title in document header region (p1: HEADER_JER_TITLE); [LAYOUT] Journal Entry Number structured in voucher header (p1: JE_NUMBER_IN_HEADER); [LAYOUT] General Ledger Posting Date structured in voucher header (p1: POSTING_DATE_IN_HEADER); [LAYOUT] Horizontally separated Debit and Credit table columns in ledger body (p1: JER_DEBIT_CREDIT_TABLE_COLUMNS); [LAYOUT] GL Account / Account Title column structure in ledger table (p1: JER_GL_ACCOUNT_COLUMN),False,0.0,"{""POI"": 0.0263, ""NPO"": 0.08, ""IMA"": 0.0, ""MSI"": 0.0, ""PSI"": 0.0, ""JER"": 1.0, ""BKA"": 0.0, ""DPR"": 0.0, ""LCA"": 0.0}","{""POI"": 0.0, ""NPO"": 0.0, ""IMA"": 0.0, ""MSI"": 0.0, ""PSI"": 0.0, ""JER"": 1.0, ""BKA"": 0.0, ""DPR"": 0.0, ""LCA"": 0.0}","{""POI"": 0.0047, ""NPO"": 0.0144, ""IMA"": 0.0, ""MSI"": 0.0, ""PSI"": 0.0, ""JER"": 1.0, ""BKA"": 0.0, ""DPR"": 0.0, ""LCA"": 0.0}"
JER_jer_entry_047.pdf,jer_entry_047.pdf,mindweave/accounting-ledger-us,JER,"FACT: Formal double-entry General Ledger Journal Voucher from Mindweave Accounting Ledger with GL accounts, debit/credit balance, and posting date",1,587,JER,1.0,True,10,phrase 'journal entry'; phrase 'journal voucher'; phrase 'gl account'; phrase 'gl account code'; phrase 'general ledger'; word 'debit'; word 'credit'; phrase 'posting date'; word 'narration'; JE number pattern,JER,1.0,True,6,[LAYOUT] Journal Voucher / Journal Entry title in document header region (p1: HEADER_JER_TITLE); [LAYOUT] Journal Voucher / Journal Entry title in document header region (p1: HEADER_JER_TITLE); [LAYOUT] Journal Entry Number structured in voucher header (p1: JE_NUMBER_IN_HEADER); [LAYOUT] General Ledger Posting Date structured in voucher header (p1: POSTING_DATE_IN_HEADER); [LAYOUT] Horizontally separated Debit and Credit table columns in ledger body (p1: JER_DEBIT_CREDIT_TABLE_COLUMNS); [LAYOUT] GL Account / Account Title column structure in ledger table (p1: JER_GL_ACCOUNT_COLUMN),JER,1.0,True,16,[TEXT] phrase 'journal entry'; [TEXT] phrase 'journal voucher'; [TEXT] phrase 'gl account'; [TEXT] phrase 'gl account code'; [TEXT] phrase 'general ledger'; [TEXT] word 'debit'; [TEXT] word 'credit'; [TEXT] phrase 'posting date'; [TEXT] word 'narration'; [TEXT] JE number pattern; [LAYOUT] Journal Voucher / Journal Entry title in document header region (p1: HEADER_JER_TITLE); [LAYOUT] Journal Voucher / Journal Entry title in document header region (p1: HEADER_JER_TITLE); [LAYOUT] Journal Entry Number structured in voucher header (p1: JE_NUMBER_IN_HEADER); [LAYOUT] General Ledger Posting Date structured in voucher header (p1: POSTING_DATE_IN_HEADER); [LAYOUT] Horizontally separated Debit and Credit table columns in ledger body (p1: JER_DEBIT_CREDIT_TABLE_COLUMNS); [LAYOUT] GL Account / Account Title column structure in ledger table (p1: JER_GL_ACCOUNT_COLUMN),10,6,[TEXT] phrase 'journal entry'; [TEXT] phrase 'journal voucher'; [TEXT] phrase 'gl account'; [TEXT] phrase 'gl account code'; [TEXT] phrase 'general ledger'; [TEXT] word 'debit'; [TEXT] word 'credit'; [TEXT] phrase 'posting date'; [TEXT] word 'narration'; [TEXT] JE number pattern,[LAYOUT] Journal Voucher / Journal Entry title in document header region (p1: HEADER_JER_TITLE); [LAYOUT] Journal Voucher / Journal Entry title in document header region (p1: HEADER_JER_TITLE); [LAYOUT] Journal Entry Number structured in voucher header (p1: JE_NUMBER_IN_HEADER); [LAYOUT] General Ledger Posting Date structured in voucher header (p1: POSTING_DATE_IN_HEADER); [LAYOUT] Horizontally separated Debit and Credit table columns in ledger body (p1: JER_DEBIT_CREDIT_TABLE_COLUMNS); [LAYOUT] GL Account / Account Title column structure in ledger table (p1: JER_GL_ACCOUNT_COLUMN),False,0.0,"{""POI"": 0.0, ""NPO"": 0.0, ""IMA"": 0.0, ""MSI"": 0.075, ""PSI"": 0.0, ""JER"": 1.0, ""BKA"": 0.0, ""DPR"": 0.0, ""LCA"": 0.0}","{""POI"": 0.0, ""NPO"": 0.0, ""IMA"": 0.0, ""MSI"": 0.0, ""PSI"": 0.0, ""JER"": 1.0, ""BKA"": 0.0, ""DPR"": 0.0, ""LCA"": 0.0}","{""POI"": 0.0, ""NPO"": 0.0, ""IMA"": 0.0, ""MSI"": 0.045, ""PSI"": 0.0, ""JER"": 1.0, ""BKA"": 0.0, ""DPR"": 0.0, ""LCA"": 0.0}"
JER_jer_entry_048.pdf,jer_entry_048.pdf,mindweave/accounting-ledger-us,JER,"FACT: Formal double-entry General Ledger Journal Voucher from Mindweave Accounting Ledger with GL accounts, debit/credit balance, and posting date",1,587,JER,1.0,True,10,phrase 'journal entry'; phrase 'journal voucher'; phrase 'gl account'; phrase 'gl account code'; phrase 'general ledger'; word 'debit'; word 'credit'; phrase 'posting date'; word 'narration'; JE number pattern,JER,1.0,True,6,[LAYOUT] Journal Voucher / Journal Entry title in document header region (p1: HEADER_JER_TITLE); [LAYOUT] Journal Voucher / Journal Entry title in document header region (p1: HEADER_JER_TITLE); [LAYOUT] Journal Entry Number structured in voucher header (p1: JE_NUMBER_IN_HEADER); [LAYOUT] General Ledger Posting Date structured in voucher header (p1: POSTING_DATE_IN_HEADER); [LAYOUT] Horizontally separated Debit and Credit table columns in ledger body (p1: JER_DEBIT_CREDIT_TABLE_COLUMNS); [LAYOUT] GL Account / Account Title column structure in ledger table (p1: JER_GL_ACCOUNT_COLUMN),JER,1.0,True,16,[TEXT] phrase 'journal entry'; [TEXT] phrase 'journal voucher'; [TEXT] phrase 'gl account'; [TEXT] phrase 'gl account code'; [TEXT] phrase 'general ledger'; [TEXT] word 'debit'; [TEXT] word 'credit'; [TEXT] phrase 'posting date'; [TEXT] word 'narration'; [TEXT] JE number pattern; [LAYOUT] Journal Voucher / Journal Entry title in document header region (p1: HEADER_JER_TITLE); [LAYOUT] Journal Voucher / Journal Entry title in document header region (p1: HEADER_JER_TITLE); [LAYOUT] Journal Entry Number structured in voucher header (p1: JE_NUMBER_IN_HEADER); [LAYOUT] General Ledger Posting Date structured in voucher header (p1: POSTING_DATE_IN_HEADER); [LAYOUT] Horizontally separated Debit and Credit table columns in ledger body (p1: JER_DEBIT_CREDIT_TABLE_COLUMNS); [LAYOUT] GL Account / Account Title column structure in ledger table (p1: JER_GL_ACCOUNT_COLUMN),10,6,[TEXT] phrase 'journal entry'; [TEXT] phrase 'journal voucher'; [TEXT] phrase 'gl account'; [TEXT] phrase 'gl account code'; [TEXT] phrase 'general ledger'; [TEXT] word 'debit'; [TEXT] word 'credit'; [TEXT] phrase 'posting date'; [TEXT] word 'narration'; [TEXT] JE number pattern,[LAYOUT] Journal Voucher / Journal Entry title in document header region (p1: HEADER_JER_TITLE); [LAYOUT] Journal Voucher / Journal Entry title in document header region (p1: HEADER_JER_TITLE); [LAYOUT] Journal Entry Number structured in voucher header (p1: JE_NUMBER_IN_HEADER); [LAYOUT] General Ledger Posting Date structured in voucher header (p1: POSTING_DATE_IN_HEADER); [LAYOUT] Horizontally separated Debit and Credit table columns in ledger body (p1: JER_DEBIT_CREDIT_TABLE_COLUMNS); [LAYOUT] GL Account / Account Title column structure in ledger table (p1: JER_GL_ACCOUNT_COLUMN),False,0.0,"{""POI"": 0.0, ""NPO"": 0.0, ""IMA"": 0.0, ""MSI"": 0.075, ""PSI"": 0.0, ""JER"": 1.0, ""BKA"": 0.0, ""DPR"": 0.0, ""LCA"": 0.0}","{""POI"": 0.0, ""NPO"": 0.0, ""IMA"": 0.0, ""MSI"": 0.0, ""PSI"": 0.0, ""JER"": 1.0, ""BKA"": 0.0, ""DPR"": 0.0, ""LCA"": 0.0}","{""POI"": 0.0, ""NPO"": 0.0, ""IMA"": 0.0, ""MSI"": 0.045, ""PSI"": 0.0, ""JER"": 1.0, ""BKA"": 0.0, ""DPR"": 0.0, ""LCA"": 0.0}"
JER_jer_entry_049.pdf,jer_entry_049.pdf,mindweave/accounting-ledger-us,JER,"FACT: Formal double-entry General Ledger Journal Voucher from Mindweave Accounting Ledger with GL accounts, debit/credit balance, and posting date",1,587,JER,1.0,True,10,phrase 'journal entry'; phrase 'journal voucher'; phrase 'gl account'; phrase 'gl account code'; phrase 'general ledger'; word 'debit'; word 'credit'; phrase 'posting date'; word 'narration'; JE number pattern,JER,1.0,True,6,[LAYOUT] Journal Voucher / Journal Entry title in document header region (p1: HEADER_JER_TITLE); [LAYOUT] Journal Voucher / Journal Entry title in document header region (p1: HEADER_JER_TITLE); [LAYOUT] Journal Entry Number structured in voucher header (p1: JE_NUMBER_IN_HEADER); [LAYOUT] General Ledger Posting Date structured in voucher header (p1: POSTING_DATE_IN_HEADER); [LAYOUT] Horizontally separated Debit and Credit table columns in ledger body (p1: JER_DEBIT_CREDIT_TABLE_COLUMNS); [LAYOUT] GL Account / Account Title column structure in ledger table (p1: JER_GL_ACCOUNT_COLUMN),JER,1.0,True,16,[TEXT] phrase 'journal entry'; [TEXT] phrase 'journal voucher'; [TEXT] phrase 'gl account'; [TEXT] phrase 'gl account code'; [TEXT] phrase 'general ledger'; [TEXT] word 'debit'; [TEXT] word 'credit'; [TEXT] phrase 'posting date'; [TEXT] word 'narration'; [TEXT] JE number pattern; [LAYOUT] Journal Voucher / Journal Entry title in document header region (p1: HEADER_JER_TITLE); [LAYOUT] Journal Voucher / Journal Entry title in document header region (p1: HEADER_JER_TITLE); [LAYOUT] Journal Entry Number structured in voucher header (p1: JE_NUMBER_IN_HEADER); [LAYOUT] General Ledger Posting Date structured in voucher header (p1: POSTING_DATE_IN_HEADER); [LAYOUT] Horizontally separated Debit and Credit table columns in ledger body (p1: JER_DEBIT_CREDIT_TABLE_COLUMNS); [LAYOUT] GL Account / Account Title column structure in ledger table (p1: JER_GL_ACCOUNT_COLUMN),10,6,[TEXT] phrase 'journal entry'; [TEXT] phrase 'journal voucher'; [TEXT] phrase 'gl account'; [TEXT] phrase 'gl account code'; [TEXT] phrase 'general ledger'; [TEXT] word 'debit'; [TEXT] word 'credit'; [TEXT] phrase 'posting date'; [TEXT] word 'narration'; [TEXT] JE number pattern,[LAYOUT] Journal Voucher / Journal Entry title in document header region (p1: HEADER_JER_TITLE); [LAYOUT] Journal Voucher / Journal Entry title in document header region (p1: HEADER_JER_TITLE); [LAYOUT] Journal Entry Number structured in voucher header (p1: JE_NUMBER_IN_HEADER); [LAYOUT] General Ledger Posting Date structured in voucher header (p1: POSTING_DATE_IN_HEADER); [LAYOUT] Horizontally separated Debit and Credit table columns in ledger body (p1: JER_DEBIT_CREDIT_TABLE_COLUMNS); [LAYOUT] GL Account / Account Title column structure in ledger table (p1: JER_GL_ACCOUNT_COLUMN),False,0.0,"{""POI"": 0.0, ""NPO"": 0.0, ""IMA"": 0.0, ""MSI"": 0.075, ""PSI"": 0.0, ""JER"": 1.0, ""BKA"": 0.0, ""DPR"": 0.0, ""LCA"": 0.0}","{""POI"": 0.0, ""NPO"": 0.0, ""IMA"": 0.0, ""MSI"": 0.0, ""PSI"": 0.0, ""JER"": 1.0, ""BKA"": 0.0, ""DPR"": 0.0, ""LCA"": 0.0}","{""POI"": 0.0, ""NPO"": 0.0, ""IMA"": 0.0, ""MSI"": 0.045, ""PSI"": 0.0, ""JER"": 1.0, ""BKA"": 0.0, ""DPR"": 0.0, ""LCA"": 0.0}"
JER_jer_entry_050.pdf,jer_entry_050.pdf,mindweave/accounting-ledger-us,JER,"FACT: Formal double-entry General Ledger Journal Voucher from Mindweave Accounting Ledger with GL accounts, debit/credit balance, and posting date",1,608,JER,1.0,True,10,phrase 'journal entry'; phrase 'journal voucher'; phrase 'gl account'; phrase 'gl account code'; phrase 'general ledger'; word 'debit'; word 'credit'; phrase 'posting date'; word 'narration'; JE number pattern,JER,1.0,True,6,[LAYOUT] Journal Voucher / Journal Entry title in document header region (p1: HEADER_JER_TITLE); [LAYOUT] Journal Voucher / Journal Entry title in document header region (p1: HEADER_JER_TITLE); [LAYOUT] Journal Entry Number structured in voucher header (p1: JE_NUMBER_IN_HEADER); [LAYOUT] General Ledger Posting Date structured in voucher header (p1: POSTING_DATE_IN_HEADER); [LAYOUT] Horizontally separated Debit and Credit table columns in ledger body (p1: JER_DEBIT_CREDIT_TABLE_COLUMNS); [LAYOUT] GL Account / Account Title column structure in ledger table (p1: JER_GL_ACCOUNT_COLUMN),JER,1.0,True,16,[TEXT] phrase 'journal entry'; [TEXT] phrase 'journal voucher'; [TEXT] phrase 'gl account'; [TEXT] phrase 'gl account code'; [TEXT] phrase 'general ledger'; [TEXT] word 'debit'; [TEXT] word 'credit'; [TEXT] phrase 'posting date'; [TEXT] word 'narration'; [TEXT] JE number pattern; [LAYOUT] Journal Voucher / Journal Entry title in document header region (p1: HEADER_JER_TITLE); [LAYOUT] Journal Voucher / Journal Entry title in document header region (p1: HEADER_JER_TITLE); [LAYOUT] Journal Entry Number structured in voucher header (p1: JE_NUMBER_IN_HEADER); [LAYOUT] General Ledger Posting Date structured in voucher header (p1: POSTING_DATE_IN_HEADER); [LAYOUT] Horizontally separated Debit and Credit table columns in ledger body (p1: JER_DEBIT_CREDIT_TABLE_COLUMNS); [LAYOUT] GL Account / Account Title column structure in ledger table (p1: JER_GL_ACCOUNT_COLUMN),10,6,[TEXT] phrase 'journal entry'; [TEXT] phrase 'journal voucher'; [TEXT] phrase 'gl account'; [TEXT] phrase 'gl account code'; [TEXT] phrase 'general ledger'; [TEXT] word 'debit'; [TEXT] word 'credit'; [TEXT] phrase 'posting date'; [TEXT] word 'narration'; [TEXT] JE number pattern,[LAYOUT] Journal Voucher / Journal Entry title in document header region (p1: HEADER_JER_TITLE); [LAYOUT] Journal Voucher / Journal Entry title in document header region (p1: HEADER_JER_TITLE); [LAYOUT] Journal Entry Number structured in voucher header (p1: JE_NUMBER_IN_HEADER); [LAYOUT] General Ledger Posting Date structured in voucher header (p1: POSTING_DATE_IN_HEADER); [LAYOUT] Horizontally separated Debit and Credit table columns in ledger body (p1: JER_DEBIT_CREDIT_TABLE_COLUMNS); [LAYOUT] GL Account / Account Title column structure in ledger table (p1: JER_GL_ACCOUNT_COLUMN),False,0.0,"{""POI"": 0.0263, ""NPO"": 0.06, ""IMA"": 0.0, ""MSI"": 0.15, ""PSI"": 0.0, ""JER"": 1.0, ""BKA"": 0.0, ""DPR"": 0.0, ""LCA"": 0.0}","{""POI"": 0.0, ""NPO"": 0.0, ""IMA"": 0.0, ""MSI"": 0.25, ""PSI"": 0.0, ""JER"": 1.0, ""BKA"": 0.0, ""DPR"": 0.0, ""LCA"": 0.0}","{""POI"": 0.0047, ""NPO"": 0.0108, ""IMA"": 0.0, ""MSI"": 0.19, ""PSI"": 0.0, ""JER"": 1.0, ""BKA"": 0.0, ""DPR"": 0.0, ""LCA"": 0.0}"
CONTROL_PO_purchase_orders_10248.pdf,purchase_orders_10248.pdf,AyoubChLin/CompanyDocuments/PurchaseOrders,CONTROL_PO,FACT: Standalone Purchase Order procurement document (NOT an invoice),1,237,MSI,0.405,True,3,word 'customer'; phrase 'customer name'; phrase 'order id',UNKNOWN,0.0,True,0,,MSI,0.243,True,3,[TEXT] word 'customer'; [TEXT] phrase 'customer name'; [TEXT] phrase 'order id',3,0,[TEXT] word 'customer'; [TEXT] phrase 'customer name'; [TEXT] phrase 'order id',,False,-0.162,"{""POI"": 0.1316, ""NPO"": 0.0, ""IMA"": 0.0, ""MSI"": 0.405, ""PSI"": 0.0, ""JER"": 0.0, ""BKA"": 0.0, ""DPR"": 0.0, ""LCA"": 0.0}","{""POI"": 0.0, ""NPO"": 0.0, ""IMA"": 0.0, ""MSI"": 0.0, ""PSI"": 0.0, ""JER"": 0.0, ""BKA"": 0.0, ""DPR"": 0.0, ""LCA"": 0.0}","{""POI"": 0.0118, ""NPO"": 0.0, ""IMA"": 0.0, ""MSI"": 0.243, ""PSI"": 0.0, ""JER"": 0.0, ""BKA"": 0.0, ""DPR"": 0.0, ""LCA"": 0.0}"
CONTROL_PO_purchase_orders_10249.pdf,purchase_orders_10249.pdf,AyoubChLin/CompanyDocuments/PurchaseOrders,CONTROL_PO,FACT: Standalone Purchase Order procurement document (NOT an invoice),1,189,MSI,0.405,True,3,word 'customer'; phrase 'customer name'; phrase 'order id',UNKNOWN,0.0,True,0,,MSI,0.243,True,3,[TEXT] word 'customer'; [TEXT] phrase 'customer name'; [TEXT] phrase 'order id',3,0,[TEXT] word 'customer'; [TEXT] phrase 'customer name'; [TEXT] phrase 'order id',,False,-0.162,"{""POI"": 0.1316, ""NPO"": 0.0, ""IMA"": 0.0, ""MSI"": 0.405, ""PSI"": 0.0, ""JER"": 0.0, ""BKA"": 0.0, ""DPR"": 0.0, ""LCA"": 0.0}","{""POI"": 0.0, ""NPO"": 0.0, ""IMA"": 0.0, ""MSI"": 0.0, ""PSI"": 0.0, ""JER"": 0.0, ""BKA"": 0.0, ""DPR"": 0.0, ""LCA"": 0.0}","{""POI"": 0.0118, ""NPO"": 0.0, ""IMA"": 0.0, ""MSI"": 0.243, ""PSI"": 0.0, ""JER"": 0.0, ""BKA"": 0.0, ""DPR"": 0.0, ""LCA"": 0.0}"
CONTROL_PO_purchase_orders_10250.pdf,purchase_orders_10250.pdf,AyoubChLin/CompanyDocuments/PurchaseOrders,CONTROL_PO,FACT: Standalone Purchase Order procurement document (NOT an invoice),1,259,MSI,0.405,True,3,word 'customer'; phrase 'customer name'; phrase 'order id',UNKNOWN,0.0,True,0,,MSI,0.243,True,3,[TEXT] word 'customer'; [TEXT] phrase 'customer name'; [TEXT] phrase 'order id',3,0,[TEXT] word 'customer'; [TEXT] phrase 'customer name'; [TEXT] phrase 'order id',,False,-0.162,"{""POI"": 0.1316, ""NPO"": 0.0, ""IMA"": 0.0, ""MSI"": 0.405, ""PSI"": 0.0, ""JER"": 0.0, ""BKA"": 0.0, ""DPR"": 0.0, ""LCA"": 0.0}","{""POI"": 0.0, ""NPO"": 0.0, ""IMA"": 0.0, ""MSI"": 0.0, ""PSI"": 0.0, ""JER"": 0.0, ""BKA"": 0.0, ""DPR"": 0.0, ""LCA"": 0.0}","{""POI"": 0.0118, ""NPO"": 0.0, ""IMA"": 0.0, ""MSI"": 0.243, ""PSI"": 0.0, ""JER"": 0.0, ""BKA"": 0.0, ""DPR"": 0.0, ""LCA"": 0.0}"
CONTROL_PO_purchase_orders_10251.pdf,purchase_orders_10251.pdf,AyoubChLin/CompanyDocuments/PurchaseOrders,CONTROL_PO,FACT: Standalone Purchase Order procurement document (NOT an invoice),1,240,MSI,0.405,True,3,word 'customer'; phrase 'customer name'; phrase 'order id',UNKNOWN,0.0,True,0,,MSI,0.243,True,3,[TEXT] word 'customer'; [TEXT] phrase 'customer name'; [TEXT] phrase 'order id',3,0,[TEXT] word 'customer'; [TEXT] phrase 'customer name'; [TEXT] phrase 'order id',,False,-0.162,"{""POI"": 0.1316, ""NPO"": 0.0, ""IMA"": 0.0, ""MSI"": 0.405, ""PSI"": 0.0, ""JER"": 0.0, ""BKA"": 0.0, ""DPR"": 0.0, ""LCA"": 0.0}","{""POI"": 0.0, ""NPO"": 0.0, ""IMA"": 0.0, ""MSI"": 0.0, ""PSI"": 0.0, ""JER"": 0.0, ""BKA"": 0.0, ""DPR"": 0.0, ""LCA"": 0.0}","{""POI"": 0.0118, ""NPO"": 0.0, ""IMA"": 0.0, ""MSI"": 0.243, ""PSI"": 0.0, ""JER"": 0.0, ""BKA"": 0.0, ""DPR"": 0.0, ""LCA"": 0.0}"
CONTROL_PO_purchase_orders_10252.pdf,purchase_orders_10252.pdf,AyoubChLin/CompanyDocuments/PurchaseOrders,CONTROL_PO,FACT: Standalone Purchase Order procurement document (NOT an invoice),1,223,MSI,0.405,True,3,word 'customer'; phrase 'customer name'; phrase 'order id',UNKNOWN,0.0,True,0,,MSI,0.243,True,3,[TEXT] word 'customer'; [TEXT] phrase 'customer name'; [TEXT] phrase 'order id',3,0,[TEXT] word 'customer'; [TEXT] phrase 'customer name'; [TEXT] phrase 'order id',,False,-0.162,"{""POI"": 0.1316, ""NPO"": 0.0, ""IMA"": 0.0, ""MSI"": 0.405, ""PSI"": 0.0, ""JER"": 0.0, ""BKA"": 0.0, ""DPR"": 0.0, ""LCA"": 0.0}","{""POI"": 0.0, ""NPO"": 0.0, ""IMA"": 0.0, ""MSI"": 0.0, ""PSI"": 0.0, ""JER"": 0.0, ""BKA"": 0.0, ""DPR"": 0.0, ""LCA"": 0.0}","{""POI"": 0.0118, ""NPO"": 0.0, ""IMA"": 0.0, ""MSI"": 0.243, ""PSI"": 0.0, ""JER"": 0.0, ""BKA"": 0.0, ""DPR"": 0.0, ""LCA"": 0.0}"
CONTROL_PO_purchase_orders_10253.pdf,purchase_orders_10253.pdf,AyoubChLin/CompanyDocuments/PurchaseOrders,CONTROL_PO,FACT: Standalone Purchase Order procurement document (NOT an invoice),1,213,MSI,0.405,True,3,word 'customer'; phrase 'customer name'; phrase 'order id',UNKNOWN,0.0,True,0,,MSI,0.243,True,3,[TEXT] word 'customer'; [TEXT] phrase 'customer name'; [TEXT] phrase 'order id',3,0,[TEXT] word 'customer'; [TEXT] phrase 'customer name'; [TEXT] phrase 'order id',,False,-0.162,"{""POI"": 0.1316, ""NPO"": 0.0, ""IMA"": 0.0, ""MSI"": 0.405, ""PSI"": 0.0, ""JER"": 0.0, ""BKA"": 0.0, ""DPR"": 0.0, ""LCA"": 0.0}","{""POI"": 0.0, ""NPO"": 0.0, ""IMA"": 0.0, ""MSI"": 0.0, ""PSI"": 0.0, ""JER"": 0.0, ""BKA"": 0.0, ""DPR"": 0.0, ""LCA"": 0.0}","{""POI"": 0.0118, ""NPO"": 0.0, ""IMA"": 0.0, ""MSI"": 0.243, ""PSI"": 0.0, ""JER"": 0.0, ""BKA"": 0.0, ""DPR"": 0.0, ""LCA"": 0.0}"
CONTROL_PO_purchase_orders_10254.pdf,purchase_orders_10254.pdf,AyoubChLin/CompanyDocuments/PurchaseOrders,CONTROL_PO,FACT: Standalone Purchase Order procurement document (NOT an invoice),1,212,MSI,0.405,True,3,word 'customer'; phrase 'customer name'; phrase 'order id',UNKNOWN,0.0,True,0,,MSI,0.243,True,3,[TEXT] word 'customer'; [TEXT] phrase 'customer name'; [TEXT] phrase 'order id',3,0,[TEXT] word 'customer'; [TEXT] phrase 'customer name'; [TEXT] phrase 'order id',,False,-0.162,"{""POI"": 0.1316, ""NPO"": 0.0, ""IMA"": 0.0, ""MSI"": 0.405, ""PSI"": 0.0, ""JER"": 0.0, ""BKA"": 0.0, ""DPR"": 0.0, ""LCA"": 0.0}","{""POI"": 0.0, ""NPO"": 0.0, ""IMA"": 0.0, ""MSI"": 0.0, ""PSI"": 0.0, ""JER"": 0.0, ""BKA"": 0.0, ""DPR"": 0.0, ""LCA"": 0.0}","{""POI"": 0.0118, ""NPO"": 0.0, ""IMA"": 0.0, ""MSI"": 0.243, ""PSI"": 0.0, ""JER"": 0.0, ""BKA"": 0.0, ""DPR"": 0.0, ""LCA"": 0.0}"
CONTROL_PO_purchase_orders_10255.pdf,purchase_orders_10255.pdf,AyoubChLin/CompanyDocuments/PurchaseOrders,CONTROL_PO,FACT: Standalone Purchase Order procurement document (NOT an invoice),1,228,MSI,0.405,True,3,word 'customer'; phrase 'customer name'; phrase 'order id',UNKNOWN,0.0,True,0,,MSI,0.243,True,3,[TEXT] word 'customer'; [TEXT] phrase 'customer name'; [TEXT] phrase 'order id',3,0,[TEXT] word 'customer'; [TEXT] phrase 'customer name'; [TEXT] phrase 'order id',,False,-0.162,"{""POI"": 0.1316, ""NPO"": 0.0, ""IMA"": 0.0, ""MSI"": 0.405, ""PSI"": 0.0, ""JER"": 0.0, ""BKA"": 0.0, ""DPR"": 0.0, ""LCA"": 0.0}","{""POI"": 0.0, ""NPO"": 0.0, ""IMA"": 0.0, ""MSI"": 0.0, ""PSI"": 0.0, ""JER"": 0.0, ""BKA"": 0.0, ""DPR"": 0.0, ""LCA"": 0.0}","{""POI"": 0.0118, ""NPO"": 0.0, ""IMA"": 0.0, ""MSI"": 0.243, ""PSI"": 0.0, ""JER"": 0.0, ""BKA"": 0.0, ""DPR"": 0.0, ""LCA"": 0.0}"
CONTROL_PO_purchase_orders_10256.pdf,purchase_orders_10256.pdf,AyoubChLin/CompanyDocuments/PurchaseOrders,CONTROL_PO,FACT: Standalone Purchase Order procurement document (NOT an invoice),1,209,MSI,0.405,True,3,word 'customer'; phrase 'customer name'; phrase 'order id',UNKNOWN,0.0,True,0,,MSI,0.243,True,3,[TEXT] word 'customer'; [TEXT] phrase 'customer name'; [TEXT] phrase 'order id',3,0,[TEXT] word 'customer'; [TEXT] phrase 'customer name'; [TEXT] phrase 'order id',,False,-0.162,"{""POI"": 0.1316, ""NPO"": 0.0, ""IMA"": 0.0, ""MSI"": 0.405, ""PSI"": 0.0, ""JER"": 0.0, ""BKA"": 0.0, ""DPR"": 0.0, ""LCA"": 0.0}","{""POI"": 0.0, ""NPO"": 0.0, ""IMA"": 0.0, ""MSI"": 0.0, ""PSI"": 0.0, ""JER"": 0.0, ""BKA"": 0.0, ""DPR"": 0.0, ""LCA"": 0.0}","{""POI"": 0.0118, ""NPO"": 0.0, ""IMA"": 0.0, ""MSI"": 0.243, ""PSI"": 0.0, ""JER"": 0.0, ""BKA"": 0.0, ""DPR"": 0.0, ""LCA"": 0.0}"
CONTROL_PO_purchase_orders_10257.pdf,purchase_orders_10257.pdf,AyoubChLin/CompanyDocuments/PurchaseOrders,CONTROL_PO,FACT: Standalone Purchase Order procurement document (NOT an invoice),1,244,MSI,0.405,True,3,word 'customer'; phrase 'customer name'; phrase 'order id',UNKNOWN,0.0,True,0,,MSI,0.243,True,3,[TEXT] word 'customer'; [TEXT] phrase 'customer name'; [TEXT] phrase 'order id',3,0,[TEXT] word 'customer'; [TEXT] phrase 'customer name'; [TEXT] phrase 'order id',,False,-0.162,"{""POI"": 0.1316, ""NPO"": 0.0, ""IMA"": 0.0, ""MSI"": 0.405, ""PSI"": 0.0, ""JER"": 0.0, ""BKA"": 0.0, ""DPR"": 0.0, ""LCA"": 0.0}","{""POI"": 0.0, ""NPO"": 0.0, ""IMA"": 0.0, ""MSI"": 0.0, ""PSI"": 0.0, ""JER"": 0.0, ""BKA"": 0.0, ""DPR"": 0.0, ""LCA"": 0.0}","{""POI"": 0.0118, ""NPO"": 0.0, ""IMA"": 0.0, ""MSI"": 0.243, ""PSI"": 0.0, ""JER"": 0.0, ""BKA"": 0.0, ""DPR"": 0.0, ""LCA"": 0.0}"
CONTROL_PO_purchase_orders_10258.pdf,purchase_orders_10258.pdf,AyoubChLin/CompanyDocuments/PurchaseOrders,CONTROL_PO,FACT: Standalone Purchase Order procurement document (NOT an invoice),1,217,MSI,0.405,True,3,word 'customer'; phrase 'customer name'; phrase 'order id',UNKNOWN,0.0,True,0,,MSI,0.243,True,3,[TEXT] word 'customer'; [TEXT] phrase 'customer name'; [TEXT] phrase 'order id',3,0,[TEXT] word 'customer'; [TEXT] phrase 'customer name'; [TEXT] phrase 'order id',,False,-0.162,"{""POI"": 0.1316, ""NPO"": 0.0, ""IMA"": 0.0, ""MSI"": 0.405, ""PSI"": 0.0, ""JER"": 0.0, ""BKA"": 0.0, ""DPR"": 0.0, ""LCA"": 0.0}","{""POI"": 0.0, ""NPO"": 0.0, ""IMA"": 0.0, ""MSI"": 0.0, ""PSI"": 0.0, ""JER"": 0.0, ""BKA"": 0.0, ""DPR"": 0.0, ""LCA"": 0.0}","{""POI"": 0.0118, ""NPO"": 0.0, ""IMA"": 0.0, ""MSI"": 0.243, ""PSI"": 0.0, ""JER"": 0.0, ""BKA"": 0.0, ""DPR"": 0.0, ""LCA"": 0.0}"
CONTROL_PO_purchase_orders_10259.pdf,purchase_orders_10259.pdf,AyoubChLin/CompanyDocuments/PurchaseOrders,CONTROL_PO,FACT: Standalone Purchase Order procurement document (NOT an invoice),1,192,MSI,0.405,True,3,word 'customer'; phrase 'customer name'; phrase 'order id',UNKNOWN,0.0,True,0,,MSI,0.243,True,3,[TEXT] word 'customer'; [TEXT] phrase 'customer name'; [TEXT] phrase 'order id',3,0,[TEXT] word 'customer'; [TEXT] phrase 'customer name'; [TEXT] phrase 'order id',,False,-0.162,"{""POI"": 0.1316, ""NPO"": 0.0, ""IMA"": 0.0, ""MSI"": 0.405, ""PSI"": 0.0, ""JER"": 0.0, ""BKA"": 0.0, ""DPR"": 0.0, ""LCA"": 0.0}","{""POI"": 0.0, ""NPO"": 0.0, ""IMA"": 0.0, ""MSI"": 0.0, ""PSI"": 0.0, ""JER"": 0.0, ""BKA"": 0.0, ""DPR"": 0.0, ""LCA"": 0.0}","{""POI"": 0.0118, ""NPO"": 0.0, ""IMA"": 0.0, ""MSI"": 0.243, ""PSI"": 0.0, ""JER"": 0.0, ""BKA"": 0.0, ""DPR"": 0.0, ""LCA"": 0.0}"
CONTROL_PO_purchase_orders_10260.pdf,purchase_orders_10260.pdf,AyoubChLin/CompanyDocuments/PurchaseOrders,CONTROL_PO,FACT: Standalone Purchase Order procurement document (NOT an invoice),1,264,MSI,0.405,True,3,word 'customer'; phrase 'customer name'; phrase 'order id',UNKNOWN,0.0,True,0,,MSI,0.243,True,3,[TEXT] word 'customer'; [TEXT] phrase 'customer name'; [TEXT] phrase 'order id',3,0,[TEXT] word 'customer'; [TEXT] phrase 'customer name'; [TEXT] phrase 'order id',,False,-0.162,"{""POI"": 0.1316, ""NPO"": 0.0, ""IMA"": 0.0, ""MSI"": 0.405, ""PSI"": 0.0, ""JER"": 0.0, ""BKA"": 0.0, ""DPR"": 0.0, ""LCA"": 0.0}","{""POI"": 0.0, ""NPO"": 0.0, ""IMA"": 0.0, ""MSI"": 0.0, ""PSI"": 0.0, ""JER"": 0.0, ""BKA"": 0.0, ""DPR"": 0.0, ""LCA"": 0.0}","{""POI"": 0.0118, ""NPO"": 0.0, ""IMA"": 0.0, ""MSI"": 0.243, ""PSI"": 0.0, ""JER"": 0.0, ""BKA"": 0.0, ""DPR"": 0.0, ""LCA"": 0.0}"
CONTROL_PO_purchase_orders_10261.pdf,purchase_orders_10261.pdf,AyoubChLin/CompanyDocuments/PurchaseOrders,CONTROL_PO,FACT: Standalone Purchase Order procurement document (NOT an invoice),1,198,MSI,0.405,True,3,word 'customer'; phrase 'customer name'; phrase 'order id',UNKNOWN,0.0,True,0,,MSI,0.243,True,3,[TEXT] word 'customer'; [TEXT] phrase 'customer name'; [TEXT] phrase 'order id',3,0,[TEXT] word 'customer'; [TEXT] phrase 'customer name'; [TEXT] phrase 'order id',,False,-0.162,"{""POI"": 0.1316, ""NPO"": 0.0, ""IMA"": 0.0, ""MSI"": 0.405, ""PSI"": 0.0, ""JER"": 0.0, ""BKA"": 0.0, ""DPR"": 0.0, ""LCA"": 0.0}","{""POI"": 0.0, ""NPO"": 0.0, ""IMA"": 0.0, ""MSI"": 0.0, ""PSI"": 0.0, ""JER"": 0.0, ""BKA"": 0.0, ""DPR"": 0.0, ""LCA"": 0.0}","{""POI"": 0.0118, ""NPO"": 0.0, ""IMA"": 0.0, ""MSI"": 0.243, ""PSI"": 0.0, ""JER"": 0.0, ""BKA"": 0.0, ""DPR"": 0.0, ""LCA"": 0.0}"
CONTROL_PO_purchase_orders_10262.pdf,purchase_orders_10262.pdf,AyoubChLin/CompanyDocuments/PurchaseOrders,CONTROL_PO,FACT: Standalone Purchase Order procurement document (NOT an invoice),1,244,MSI,0.405,True,3,word 'customer'; phrase 'customer name'; phrase 'order id',UNKNOWN,0.0,True,0,,MSI,0.243,True,3,[TEXT] word 'customer'; [TEXT] phrase 'customer name'; [TEXT] phrase 'order id',3,0,[TEXT] word 'customer'; [TEXT] phrase 'customer name'; [TEXT] phrase 'order id',,False,-0.162,"{""POI"": 0.1316, ""NPO"": 0.0, ""IMA"": 0.0, ""MSI"": 0.405, ""PSI"": 0.0, ""JER"": 0.0, ""BKA"": 0.0, ""DPR"": 0.0, ""LCA"": 0.0}","{""POI"": 0.0, ""NPO"": 0.0, ""IMA"": 0.0, ""MSI"": 0.0, ""PSI"": 0.0, ""JER"": 0.0, ""BKA"": 0.0, ""DPR"": 0.0, ""LCA"": 0.0}","{""POI"": 0.0118, ""NPO"": 0.0, ""IMA"": 0.0, ""MSI"": 0.243, ""PSI"": 0.0, ""JER"": 0.0, ""BKA"": 0.0, ""DPR"": 0.0, ""LCA"": 0.0}"
CONTROL_PO_purchase_orders_10263.pdf,purchase_orders_10263.pdf,AyoubChLin/CompanyDocuments/PurchaseOrders,CONTROL_PO,FACT: Standalone Purchase Order procurement document (NOT an invoice),1,244,MSI,0.405,True,3,word 'customer'; phrase 'customer name'; phrase 'order id',UNKNOWN,0.0,True,0,,MSI,0.243,True,3,[TEXT] word 'customer'; [TEXT] phrase 'customer name'; [TEXT] phrase 'order id',3,0,[TEXT] word 'customer'; [TEXT] phrase 'customer name'; [TEXT] phrase 'order id',,False,-0.162,"{""POI"": 0.1316, ""NPO"": 0.0, ""IMA"": 0.0, ""MSI"": 0.405, ""PSI"": 0.0, ""JER"": 0.0, ""BKA"": 0.0, ""DPR"": 0.0, ""LCA"": 0.0}","{""POI"": 0.0, ""NPO"": 0.0, ""IMA"": 0.0, ""MSI"": 0.0, ""PSI"": 0.0, ""JER"": 0.0, ""BKA"": 0.0, ""DPR"": 0.0, ""LCA"": 0.0}","{""POI"": 0.0118, ""NPO"": 0.0, ""IMA"": 0.0, ""MSI"": 0.243, ""PSI"": 0.0, ""JER"": 0.0, ""BKA"": 0.0, ""DPR"": 0.0, ""LCA"": 0.0}"
CONTROL_PO_purchase_orders_10264.pdf,purchase_orders_10264.pdf,AyoubChLin/CompanyDocuments/PurchaseOrders,CONTROL_PO,FACT: Standalone Purchase Order procurement document (NOT an invoice),1,199,MSI,0.405,True,3,word 'customer'; phrase 'customer name'; phrase 'order id',UNKNOWN,0.0,True,0,,MSI,0.243,True,3,[TEXT] word 'customer'; [TEXT] phrase 'customer name'; [TEXT] phrase 'order id',3,0,[TEXT] word 'customer'; [TEXT] phrase 'customer name'; [TEXT] phrase 'order id',,False,-0.162,"{""POI"": 0.1316, ""NPO"": 0.0, ""IMA"": 0.0, ""MSI"": 0.405, ""PSI"": 0.0, ""JER"": 0.0, ""BKA"": 0.0, ""DPR"": 0.0, ""LCA"": 0.0}","{""POI"": 0.0, ""NPO"": 0.0, ""IMA"": 0.0, ""MSI"": 0.0, ""PSI"": 0.0, ""JER"": 0.0, ""BKA"": 0.0, ""DPR"": 0.0, ""LCA"": 0.0}","{""POI"": 0.0118, ""NPO"": 0.0, ""IMA"": 0.0, ""MSI"": 0.243, ""PSI"": 0.0, ""JER"": 0.0, ""BKA"": 0.0, ""DPR"": 0.0, ""LCA"": 0.0}"
CONTROL_PO_purchase_orders_10265.pdf,purchase_orders_10265.pdf,AyoubChLin/CompanyDocuments/PurchaseOrders,CONTROL_PO,FACT: Standalone Purchase Order procurement document (NOT an invoice),1,193,MSI,0.405,True,3,word 'customer'; phrase 'customer name'; phrase 'order id',UNKNOWN,0.0,True,0,,MSI,0.243,True,3,[TEXT] word 'customer'; [TEXT] phrase 'customer name'; [TEXT] phrase 'order id',3,0,[TEXT] word 'customer'; [TEXT] phrase 'customer name'; [TEXT] phrase 'order id',,False,-0.162,"{""POI"": 0.1316, ""NPO"": 0.0, ""IMA"": 0.0, ""MSI"": 0.405, ""PSI"": 0.0, ""JER"": 0.0, ""BKA"": 0.0, ""DPR"": 0.0, ""LCA"": 0.0}","{""POI"": 0.0, ""NPO"": 0.0, ""IMA"": 0.0, ""MSI"": 0.0, ""PSI"": 0.0, ""JER"": 0.0, ""BKA"": 0.0, ""DPR"": 0.0, ""LCA"": 0.0}","{""POI"": 0.0118, ""NPO"": 0.0, ""IMA"": 0.0, ""MSI"": 0.243, ""PSI"": 0.0, ""JER"": 0.0, ""BKA"": 0.0, ""DPR"": 0.0, ""LCA"": 0.0}"
CONTROL_PO_purchase_orders_10266.pdf,purchase_orders_10266.pdf,AyoubChLin/CompanyDocuments/PurchaseOrders,CONTROL_PO,FACT: Standalone Purchase Order procurement document (NOT an invoice),1,181,MSI,0.405,True,3,word 'customer'; phrase 'customer name'; phrase 'order id',UNKNOWN,0.0,True,0,,MSI,0.243,True,3,[TEXT] word 'customer'; [TEXT] phrase 'customer name'; [TEXT] phrase 'order id',3,0,[TEXT] word 'customer'; [TEXT] phrase 'customer name'; [TEXT] phrase 'order id',,False,-0.162,"{""POI"": 0.1316, ""NPO"": 0.0, ""IMA"": 0.0, ""MSI"": 0.405, ""PSI"": 0.0, ""JER"": 0.0, ""BKA"": 0.0, ""DPR"": 0.0, ""LCA"": 0.0}","{""POI"": 0.0, ""NPO"": 0.0, ""IMA"": 0.0, ""MSI"": 0.0, ""PSI"": 0.0, ""JER"": 0.0, ""BKA"": 0.0, ""DPR"": 0.0, ""LCA"": 0.0}","{""POI"": 0.0118, ""NPO"": 0.0, ""IMA"": 0.0, ""MSI"": 0.243, ""PSI"": 0.0, ""JER"": 0.0, ""BKA"": 0.0, ""DPR"": 0.0, ""LCA"": 0.0}"
CONTROL_PO_purchase_orders_10267.pdf,purchase_orders_10267.pdf,AyoubChLin/CompanyDocuments/PurchaseOrders,CONTROL_PO,FACT: Standalone Purchase Order procurement document (NOT an invoice),1,223,MSI,0.405,True,3,word 'customer'; phrase 'customer name'; phrase 'order id',UNKNOWN,0.0,True,0,,MSI,0.243,True,3,[TEXT] word 'customer'; [TEXT] phrase 'customer name'; [TEXT] phrase 'order id',3,0,[TEXT] word 'customer'; [TEXT] phrase 'customer name'; [TEXT] phrase 'order id',,False,-0.162,"{""POI"": 0.1316, ""NPO"": 0.0, ""IMA"": 0.0, ""MSI"": 0.405, ""PSI"": 0.0, ""JER"": 0.0, ""BKA"": 0.0, ""DPR"": 0.0, ""LCA"": 0.0}","{""POI"": 0.0, ""NPO"": 0.0, ""IMA"": 0.0, ""MSI"": 0.0, ""PSI"": 0.0, ""JER"": 0.0, ""BKA"": 0.0, ""DPR"": 0.0, ""LCA"": 0.0}","{""POI"": 0.0118, ""NPO"": 0.0, ""IMA"": 0.0, ""MSI"": 0.243, ""PSI"": 0.0, ""JER"": 0.0, ""BKA"": 0.0, ""DPR"": 0.0, ""LCA"": 0.0}"
CONTROL_PO_purchase_orders_10268.pdf,purchase_orders_10268.pdf,AyoubChLin/CompanyDocuments/PurchaseOrders,CONTROL_PO,FACT: Standalone Purchase Order procurement document (NOT an invoice),1,208,MSI,0.405,True,3,word 'customer'; phrase 'customer name'; phrase 'order id',UNKNOWN,0.0,True,0,,MSI,0.243,True,3,[TEXT] word 'customer'; [TEXT] phrase 'customer name'; [TEXT] phrase 'order id',3,0,[TEXT] word 'customer'; [TEXT] phrase 'customer name'; [TEXT] phrase 'order id',,False,-0.162,"{""POI"": 0.1316, ""NPO"": 0.0, ""IMA"": 0.0, ""MSI"": 0.405, ""PSI"": 0.0, ""JER"": 0.0, ""BKA"": 0.0, ""DPR"": 0.0, ""LCA"": 0.0}","{""POI"": 0.0, ""NPO"": 0.0, ""IMA"": 0.0, ""MSI"": 0.0, ""PSI"": 0.0, ""JER"": 0.0, ""BKA"": 0.0, ""DPR"": 0.0, ""LCA"": 0.0}","{""POI"": 0.0118, ""NPO"": 0.0, ""IMA"": 0.0, ""MSI"": 0.243, ""PSI"": 0.0, ""JER"": 0.0, ""BKA"": 0.0, ""DPR"": 0.0, ""LCA"": 0.0}"
CONTROL_PO_purchase_orders_10269.pdf,purchase_orders_10269.pdf,AyoubChLin/CompanyDocuments/PurchaseOrders,CONTROL_PO,FACT: Standalone Purchase Order procurement document (NOT an invoice),1,192,MSI,0.405,True,3,word 'customer'; phrase 'customer name'; phrase 'order id',UNKNOWN,0.0,True,0,,MSI,0.243,True,3,[TEXT] word 'customer'; [TEXT] phrase 'customer name'; [TEXT] phrase 'order id',3,0,[TEXT] word 'customer'; [TEXT] phrase 'customer name'; [TEXT] phrase 'order id',,False,-0.162,"{""POI"": 0.1316, ""NPO"": 0.0, ""IMA"": 0.0, ""MSI"": 0.405, ""PSI"": 0.0, ""JER"": 0.0, ""BKA"": 0.0, ""DPR"": 0.0, ""LCA"": 0.0}","{""POI"": 0.0, ""NPO"": 0.0, ""IMA"": 0.0, ""MSI"": 0.0, ""PSI"": 0.0, ""JER"": 0.0, ""BKA"": 0.0, ""DPR"": 0.0, ""LCA"": 0.0}","{""POI"": 0.0118, ""NPO"": 0.0, ""IMA"": 0.0, ""MSI"": 0.243, ""PSI"": 0.0, ""JER"": 0.0, ""BKA"": 0.0, ""DPR"": 0.0, ""LCA"": 0.0}"
CONTROL_PO_purchase_orders_10270.pdf,purchase_orders_10270.pdf,AyoubChLin/CompanyDocuments/PurchaseOrders,CONTROL_PO,FACT: Standalone Purchase Order procurement document (NOT an invoice),1,190,MSI,0.405,True,3,word 'customer'; phrase 'customer name'; phrase 'order id',UNKNOWN,0.0,True,0,,MSI,0.243,True,3,[TEXT] word 'customer'; [TEXT] phrase 'customer name'; [TEXT] phrase 'order id',3,0,[TEXT] word 'customer'; [TEXT] phrase 'customer name'; [TEXT] phrase 'order id',,False,-0.162,"{""POI"": 0.1316, ""NPO"": 0.0, ""IMA"": 0.0, ""MSI"": 0.405, ""PSI"": 0.0, ""JER"": 0.0, ""BKA"": 0.0, ""DPR"": 0.0, ""LCA"": 0.0}","{""POI"": 0.0, ""NPO"": 0.0, ""IMA"": 0.0, ""MSI"": 0.0, ""PSI"": 0.0, ""JER"": 0.0, ""BKA"": 0.0, ""DPR"": 0.0, ""LCA"": 0.0}","{""POI"": 0.0118, ""NPO"": 0.0, ""IMA"": 0.0, ""MSI"": 0.243, ""PSI"": 0.0, ""JER"": 0.0, ""BKA"": 0.0, ""DPR"": 0.0, ""LCA"": 0.0}"
CONTROL_PO_purchase_orders_10271.pdf,purchase_orders_10271.pdf,AyoubChLin/CompanyDocuments/PurchaseOrders,CONTROL_PO,FACT: Standalone Purchase Order procurement document (NOT an invoice),1,162,MSI,0.405,True,3,word 'customer'; phrase 'customer name'; phrase 'order id',UNKNOWN,0.0,True,0,,MSI,0.243,True,3,[TEXT] word 'customer'; [TEXT] phrase 'customer name'; [TEXT] phrase 'order id',3,0,[TEXT] word 'customer'; [TEXT] phrase 'customer name'; [TEXT] phrase 'order id',,False,-0.162,"{""POI"": 0.1316, ""NPO"": 0.0, ""IMA"": 0.0, ""MSI"": 0.405, ""PSI"": 0.0, ""JER"": 0.0, ""BKA"": 0.0, ""DPR"": 0.0, ""LCA"": 0.0}","{""POI"": 0.0, ""NPO"": 0.0, ""IMA"": 0.0, ""MSI"": 0.0, ""PSI"": 0.0, ""JER"": 0.0, ""BKA"": 0.0, ""DPR"": 0.0, ""LCA"": 0.0}","{""POI"": 0.0118, ""NPO"": 0.0, ""IMA"": 0.0, ""MSI"": 0.243, ""PSI"": 0.0, ""JER"": 0.0, ""BKA"": 0.0, ""DPR"": 0.0, ""LCA"": 0.0}"
CONTROL_PO_purchase_orders_10272.pdf,purchase_orders_10272.pdf,AyoubChLin/CompanyDocuments/PurchaseOrders,CONTROL_PO,FACT: Standalone Purchase Order procurement document (NOT an invoice),1,234,MSI,0.405,True,3,word 'customer'; phrase 'customer name'; phrase 'order id',UNKNOWN,0.0,True,0,,MSI,0.243,True,3,[TEXT] word 'customer'; [TEXT] phrase 'customer name'; [TEXT] phrase 'order id',3,0,[TEXT] word 'customer'; [TEXT] phrase 'customer name'; [TEXT] phrase 'order id',,False,-0.162,"{""POI"": 0.1316, ""NPO"": 0.0, ""IMA"": 0.0, ""MSI"": 0.405, ""PSI"": 0.0, ""JER"": 0.0, ""BKA"": 0.0, ""DPR"": 0.0, ""LCA"": 0.0}","{""POI"": 0.0, ""NPO"": 0.0, ""IMA"": 0.0, ""MSI"": 0.0, ""PSI"": 0.0, ""JER"": 0.0, ""BKA"": 0.0, ""DPR"": 0.0, ""LCA"": 0.0}","{""POI"": 0.0118, ""NPO"": 0.0, ""IMA"": 0.0, ""MSI"": 0.243, ""PSI"": 0.0, ""JER"": 0.0, ""BKA"": 0.0, ""DPR"": 0.0, ""LCA"": 0.0}"
CONTROL_MSI_company_invoice_10248.pdf,company_invoice_10248.pdf,AyoubChLin/CompanyDocuments/invoices,MSI,FACT: Customer-facing retail sales invoice / shipping order,1,411,MSI,0.27,True,2,word 'customer'; phrase 'order id',MSI,0.625,True,3,[LAYOUT] Customer ID / Details structured in header (p1: CUSTOMER_DETAILS_IN_HEADER); [LAYOUT] Customer ID / Details structured in header (p1: CUSTOMER_DETAILS_IN_HEADER); [LAYOUT] Customer ID / Details structured in header (p1: CUSTOMER_DETAILS_IN_HEADER),MSI,0.412,True,5,[TEXT] word 'customer'; [TEXT] phrase 'order id'; [LAYOUT] Customer ID / Details structured in header (p1: CUSTOMER_DETAILS_IN_HEADER); [LAYOUT] Customer ID / Details structured in header (p1: CUSTOMER_DETAILS_IN_HEADER); [LAYOUT] Customer ID / Details structured in header (p1: CUSTOMER_DETAILS_IN_HEADER),2,3,[TEXT] word 'customer'; [TEXT] phrase 'order id',[LAYOUT] Customer ID / Details structured in header (p1: CUSTOMER_DETAILS_IN_HEADER); [LAYOUT] Customer ID / Details structured in header (p1: CUSTOMER_DETAILS_IN_HEADER); [LAYOUT] Customer ID / Details structured in header (p1: CUSTOMER_DETAILS_IN_HEADER),False,0.142,"{""POI"": 0.0263, ""NPO"": 0.03, ""IMA"": 0.0, ""MSI"": 0.27, ""PSI"": 0.0, ""JER"": 0.0, ""BKA"": 0.0, ""DPR"": 0.0, ""LCA"": 0.0}","{""POI"": 0.0, ""NPO"": 0.0, ""IMA"": 0.0, ""MSI"": 0.625, ""PSI"": 0.0, ""JER"": 0.0, ""BKA"": 0.0, ""DPR"": 0.0, ""LCA"": 0.0}","{""POI"": 0.0158, ""NPO"": 0.018, ""IMA"": 0.0, ""MSI"": 0.412, ""PSI"": 0.0, ""JER"": 0.0, ""BKA"": 0.0, ""DPR"": 0.0, ""LCA"": 0.0}"
CONTROL_MSI_company_invoice_10249.pdf,company_invoice_10249.pdf,AyoubChLin/CompanyDocuments/invoices,MSI,FACT: Customer-facing retail sales invoice / shipping order,1,360,MSI,0.27,True,2,word 'customer'; phrase 'order id',MSI,0.625,True,3,[LAYOUT] Customer ID / Details structured in header (p1: CUSTOMER_DETAILS_IN_HEADER); [LAYOUT] Customer ID / Details structured in header (p1: CUSTOMER_DETAILS_IN_HEADER); [LAYOUT] Customer ID / Details structured in header (p1: CUSTOMER_DETAILS_IN_HEADER),MSI,0.412,True,5,[TEXT] word 'customer'; [TEXT] phrase 'order id'; [LAYOUT] Customer ID / Details structured in header (p1: CUSTOMER_DETAILS_IN_HEADER); [LAYOUT] Customer ID / Details structured in header (p1: CUSTOMER_DETAILS_IN_HEADER); [LAYOUT] Customer ID / Details structured in header (p1: CUSTOMER_DETAILS_IN_HEADER),2,3,[TEXT] word 'customer'; [TEXT] phrase 'order id',[LAYOUT] Customer ID / Details structured in header (p1: CUSTOMER_DETAILS_IN_HEADER); [LAYOUT] Customer ID / Details structured in header (p1: CUSTOMER_DETAILS_IN_HEADER); [LAYOUT] Customer ID / Details structured in header (p1: CUSTOMER_DETAILS_IN_HEADER),False,0.142,"{""POI"": 0.0263, ""NPO"": 0.03, ""IMA"": 0.0, ""MSI"": 0.27, ""PSI"": 0.0, ""JER"": 0.0, ""BKA"": 0.0, ""DPR"": 0.0, ""LCA"": 0.0}","{""POI"": 0.0, ""NPO"": 0.0, ""IMA"": 0.0, ""MSI"": 0.625, ""PSI"": 0.0, ""JER"": 0.0, ""BKA"": 0.0, ""DPR"": 0.0, ""LCA"": 0.0}","{""POI"": 0.0158, ""NPO"": 0.018, ""IMA"": 0.0, ""MSI"": 0.412, ""PSI"": 0.0, ""JER"": 0.0, ""BKA"": 0.0, ""DPR"": 0.0, ""LCA"": 0.0}"
CONTROL_MSI_company_invoice_10250.pdf,company_invoice_10250.pdf,AyoubChLin/CompanyDocuments/invoices,MSI,FACT: Customer-facing retail sales invoice / shipping order,1,446,MSI,0.27,True,2,word 'customer'; phrase 'order id',MSI,0.625,True,3,[LAYOUT] Customer ID / Details structured in header (p1: CUSTOMER_DETAILS_IN_HEADER); [LAYOUT] Customer ID / Details structured in header (p1: CUSTOMER_DETAILS_IN_HEADER); [LAYOUT] Customer ID / Details structured in header (p1: CUSTOMER_DETAILS_IN_HEADER),MSI,0.412,True,5,[TEXT] word 'customer'; [TEXT] phrase 'order id'; [LAYOUT] Customer ID / Details structured in header (p1: CUSTOMER_DETAILS_IN_HEADER); [LAYOUT] Customer ID / Details structured in header (p1: CUSTOMER_DETAILS_IN_HEADER); [LAYOUT] Customer ID / Details structured in header (p1: CUSTOMER_DETAILS_IN_HEADER),2,3,[TEXT] word 'customer'; [TEXT] phrase 'order id',[LAYOUT] Customer ID / Details structured in header (p1: CUSTOMER_DETAILS_IN_HEADER); [LAYOUT] Customer ID / Details structured in header (p1: CUSTOMER_DETAILS_IN_HEADER); [LAYOUT] Customer ID / Details structured in header (p1: CUSTOMER_DETAILS_IN_HEADER),False,0.142,"{""POI"": 0.0263, ""NPO"": 0.03, ""IMA"": 0.0, ""MSI"": 0.27, ""PSI"": 0.0, ""JER"": 0.0, ""BKA"": 0.0, ""DPR"": 0.0, ""LCA"": 0.0}","{""POI"": 0.0, ""NPO"": 0.0, ""IMA"": 0.0, ""MSI"": 0.625, ""PSI"": 0.0, ""JER"": 0.0, ""BKA"": 0.0, ""DPR"": 0.0, ""LCA"": 0.0}","{""POI"": 0.0158, ""NPO"": 0.018, ""IMA"": 0.0, ""MSI"": 0.412, ""PSI"": 0.0, ""JER"": 0.0, ""BKA"": 0.0, ""DPR"": 0.0, ""LCA"": 0.0}"
CONTROL_MSI_company_invoice_10251.pdf,company_invoice_10251.pdf,AyoubChLin/CompanyDocuments/invoices,MSI,FACT: Customer-facing retail sales invoice / shipping order,1,411,MSI,0.27,True,2,word 'customer'; phrase 'order id',MSI,0.625,True,3,[LAYOUT] Customer ID / Details structured in header (p1: CUSTOMER_DETAILS_IN_HEADER); [LAYOUT] Customer ID / Details structured in header (p1: CUSTOMER_DETAILS_IN_HEADER); [LAYOUT] Customer ID / Details structured in header (p1: CUSTOMER_DETAILS_IN_HEADER),MSI,0.412,True,5,[TEXT] word 'customer'; [TEXT] phrase 'order id'; [LAYOUT] Customer ID / Details structured in header (p1: CUSTOMER_DETAILS_IN_HEADER); [LAYOUT] Customer ID / Details structured in header (p1: CUSTOMER_DETAILS_IN_HEADER); [LAYOUT] Customer ID / Details structured in header (p1: CUSTOMER_DETAILS_IN_HEADER),2,3,[TEXT] word 'customer'; [TEXT] phrase 'order id',[LAYOUT] Customer ID / Details structured in header (p1: CUSTOMER_DETAILS_IN_HEADER); [LAYOUT] Customer ID / Details structured in header (p1: CUSTOMER_DETAILS_IN_HEADER); [LAYOUT] Customer ID / Details structured in header (p1: CUSTOMER_DETAILS_IN_HEADER),False,0.142,"{""POI"": 0.0263, ""NPO"": 0.03, ""IMA"": 0.0, ""MSI"": 0.27, ""PSI"": 0.0, ""JER"": 0.0, ""BKA"": 0.0, ""DPR"": 0.0, ""LCA"": 0.0}","{""POI"": 0.0, ""NPO"": 0.0, ""IMA"": 0.0, ""MSI"": 0.625, ""PSI"": 0.0, ""JER"": 0.0, ""BKA"": 0.0, ""DPR"": 0.0, ""LCA"": 0.0}","{""POI"": 0.0158, ""NPO"": 0.018, ""IMA"": 0.0, ""MSI"": 0.412, ""PSI"": 0.0, ""JER"": 0.0, ""BKA"": 0.0, ""DPR"": 0.0, ""LCA"": 0.0}"
CONTROL_MSI_company_invoice_10252.pdf,company_invoice_10252.pdf,AyoubChLin/CompanyDocuments/invoices,MSI,FACT: Customer-facing retail sales invoice / shipping order,1,418,MSI,0.27,True,2,word 'customer'; phrase 'order id',MSI,0.625,True,3,[LAYOUT] Customer ID / Details structured in header (p1: CUSTOMER_DETAILS_IN_HEADER); [LAYOUT] Customer ID / Details structured in header (p1: CUSTOMER_DETAILS_IN_HEADER); [LAYOUT] Customer ID / Details structured in header (p1: CUSTOMER_DETAILS_IN_HEADER),MSI,0.412,True,5,[TEXT] word 'customer'; [TEXT] phrase 'order id'; [LAYOUT] Customer ID / Details structured in header (p1: CUSTOMER_DETAILS_IN_HEADER); [LAYOUT] Customer ID / Details structured in header (p1: CUSTOMER_DETAILS_IN_HEADER); [LAYOUT] Customer ID / Details structured in header (p1: CUSTOMER_DETAILS_IN_HEADER),2,3,[TEXT] word 'customer'; [TEXT] phrase 'order id',[LAYOUT] Customer ID / Details structured in header (p1: CUSTOMER_DETAILS_IN_HEADER); [LAYOUT] Customer ID / Details structured in header (p1: CUSTOMER_DETAILS_IN_HEADER); [LAYOUT] Customer ID / Details structured in header (p1: CUSTOMER_DETAILS_IN_HEADER),False,0.142,"{""POI"": 0.0263, ""NPO"": 0.03, ""IMA"": 0.0, ""MSI"": 0.27, ""PSI"": 0.0, ""JER"": 0.0, ""BKA"": 0.0, ""DPR"": 0.0, ""LCA"": 0.0}","{""POI"": 0.0, ""NPO"": 0.0, ""IMA"": 0.0, ""MSI"": 0.625, ""PSI"": 0.0, ""JER"": 0.0, ""BKA"": 0.0, ""DPR"": 0.0, ""LCA"": 0.0}","{""POI"": 0.0158, ""NPO"": 0.018, ""IMA"": 0.0, ""MSI"": 0.412, ""PSI"": 0.0, ""JER"": 0.0, ""BKA"": 0.0, ""DPR"": 0.0, ""LCA"": 0.0}"
CONTROL_MSI_company_invoice_10253.pdf,company_invoice_10253.pdf,AyoubChLin/CompanyDocuments/invoices,MSI,FACT: Customer-facing retail sales invoice / shipping order,1,416,MSI,0.27,True,2,word 'customer'; phrase 'order id',MSI,0.625,True,3,[LAYOUT] Customer ID / Details structured in header (p1: CUSTOMER_DETAILS_IN_HEADER); [LAYOUT] Customer ID / Details structured in header (p1: CUSTOMER_DETAILS_IN_HEADER); [LAYOUT] Customer ID / Details structured in header (p1: CUSTOMER_DETAILS_IN_HEADER),MSI,0.412,True,5,[TEXT] word 'customer'; [TEXT] phrase 'order id'; [LAYOUT] Customer ID / Details structured in header (p1: CUSTOMER_DETAILS_IN_HEADER); [LAYOUT] Customer ID / Details structured in header (p1: CUSTOMER_DETAILS_IN_HEADER); [LAYOUT] Customer ID / Details structured in header (p1: CUSTOMER_DETAILS_IN_HEADER),2,3,[TEXT] word 'customer'; [TEXT] phrase 'order id',[LAYOUT] Customer ID / Details structured in header (p1: CUSTOMER_DETAILS_IN_HEADER); [LAYOUT] Customer ID / Details structured in header (p1: CUSTOMER_DETAILS_IN_HEADER); [LAYOUT] Customer ID / Details structured in header (p1: CUSTOMER_DETAILS_IN_HEADER),False,0.142,"{""POI"": 0.0263, ""NPO"": 0.03, ""IMA"": 0.0, ""MSI"": 0.27, ""PSI"": 0.0, ""JER"": 0.0, ""BKA"": 0.0, ""DPR"": 0.0, ""LCA"": 0.0}","{""POI"": 0.0, ""NPO"": 0.0, ""IMA"": 0.0, ""MSI"": 0.625, ""PSI"": 0.0, ""JER"": 0.0, ""BKA"": 0.0, ""DPR"": 0.0, ""LCA"": 0.0}","{""POI"": 0.0158, ""NPO"": 0.018, ""IMA"": 0.0, ""MSI"": 0.412, ""PSI"": 0.0, ""JER"": 0.0, ""BKA"": 0.0, ""DPR"": 0.0, ""LCA"": 0.0}"
CONTROL_MSI_company_invoice_10254.pdf,company_invoice_10254.pdf,AyoubChLin/CompanyDocuments/invoices,MSI,FACT: Customer-facing retail sales invoice / shipping order,1,376,MSI,0.27,True,2,word 'customer'; phrase 'order id',MSI,0.625,True,3,[LAYOUT] Customer ID / Details structured in header (p1: CUSTOMER_DETAILS_IN_HEADER); [LAYOUT] Customer ID / Details structured in header (p1: CUSTOMER_DETAILS_IN_HEADER); [LAYOUT] Customer ID / Details structured in header (p1: CUSTOMER_DETAILS_IN_HEADER),MSI,0.412,True,5,[TEXT] word 'customer'; [TEXT] phrase 'order id'; [LAYOUT] Customer ID / Details structured in header (p1: CUSTOMER_DETAILS_IN_HEADER); [LAYOUT] Customer ID / Details structured in header (p1: CUSTOMER_DETAILS_IN_HEADER); [LAYOUT] Customer ID / Details structured in header (p1: CUSTOMER_DETAILS_IN_HEADER),2,3,[TEXT] word 'customer'; [TEXT] phrase 'order id',[LAYOUT] Customer ID / Details structured in header (p1: CUSTOMER_DETAILS_IN_HEADER); [LAYOUT] Customer ID / Details structured in header (p1: CUSTOMER_DETAILS_IN_HEADER); [LAYOUT] Customer ID / Details structured in header (p1: CUSTOMER_DETAILS_IN_HEADER),False,0.142,"{""POI"": 0.0263, ""NPO"": 0.03, ""IMA"": 0.0, ""MSI"": 0.27, ""PSI"": 0.0, ""JER"": 0.0, ""BKA"": 0.0, ""DPR"": 0.0, ""LCA"": 0.0}","{""POI"": 0.0, ""NPO"": 0.0, ""IMA"": 0.0, ""MSI"": 0.625, ""PSI"": 0.0, ""JER"": 0.0, ""BKA"": 0.0, ""DPR"": 0.0, ""LCA"": 0.0}","{""POI"": 0.0158, ""NPO"": 0.018, ""IMA"": 0.0, ""MSI"": 0.412, ""PSI"": 0.0, ""JER"": 0.0, ""BKA"": 0.0, ""DPR"": 0.0, ""LCA"": 0.0}"
CONTROL_MSI_company_invoice_10255.pdf,company_invoice_10255.pdf,AyoubChLin/CompanyDocuments/invoices,MSI,FACT: Customer-facing retail sales invoice / shipping order,1,400,MSI,0.27,True,2,word 'customer'; phrase 'order id',MSI,0.625,True,3,[LAYOUT] Customer ID / Details structured in header (p1: CUSTOMER_DETAILS_IN_HEADER); [LAYOUT] Customer ID / Details structured in header (p1: CUSTOMER_DETAILS_IN_HEADER); [LAYOUT] Customer ID / Details structured in header (p1: CUSTOMER_DETAILS_IN_HEADER),MSI,0.412,True,5,[TEXT] word 'customer'; [TEXT] phrase 'order id'; [LAYOUT] Customer ID / Details structured in header (p1: CUSTOMER_DETAILS_IN_HEADER); [LAYOUT] Customer ID / Details structured in header (p1: CUSTOMER_DETAILS_IN_HEADER); [LAYOUT] Customer ID / Details structured in header (p1: CUSTOMER_DETAILS_IN_HEADER),2,3,[TEXT] word 'customer'; [TEXT] phrase 'order id',[LAYOUT] Customer ID / Details structured in header (p1: CUSTOMER_DETAILS_IN_HEADER); [LAYOUT] Customer ID / Details structured in header (p1: CUSTOMER_DETAILS_IN_HEADER); [LAYOUT] Customer ID / Details structured in header (p1: CUSTOMER_DETAILS_IN_HEADER),False,0.142,"{""POI"": 0.0263, ""NPO"": 0.03, ""IMA"": 0.0, ""MSI"": 0.27, ""PSI"": 0.0, ""JER"": 0.0, ""BKA"": 0.0, ""DPR"": 0.0, ""LCA"": 0.0}","{""POI"": 0.0, ""NPO"": 0.0, ""IMA"": 0.0, ""MSI"": 0.625, ""PSI"": 0.0, ""JER"": 0.0, ""BKA"": 0.0, ""DPR"": 0.0, ""LCA"": 0.0}","{""POI"": 0.0158, ""NPO"": 0.018, ""IMA"": 0.0, ""MSI"": 0.412, ""PSI"": 0.0, ""JER"": 0.0, ""BKA"": 0.0, ""DPR"": 0.0, ""LCA"": 0.0}"
CONTROL_MSI_company_invoice_10256.pdf,company_invoice_10256.pdf,AyoubChLin/CompanyDocuments/invoices,MSI,FACT: Customer-facing retail sales invoice / shipping order,1,382,MSI,0.27,True,2,word 'customer'; phrase 'order id',MSI,0.625,True,3,[LAYOUT] Customer ID / Details structured in header (p1: CUSTOMER_DETAILS_IN_HEADER); [LAYOUT] Customer ID / Details structured in header (p1: CUSTOMER_DETAILS_IN_HEADER); [LAYOUT] Customer ID / Details structured in header (p1: CUSTOMER_DETAILS_IN_HEADER),MSI,0.412,True,5,[TEXT] word 'customer'; [TEXT] phrase 'order id'; [LAYOUT] Customer ID / Details structured in header (p1: CUSTOMER_DETAILS_IN_HEADER); [LAYOUT] Customer ID / Details structured in header (p1: CUSTOMER_DETAILS_IN_HEADER); [LAYOUT] Customer ID / Details structured in header (p1: CUSTOMER_DETAILS_IN_HEADER),2,3,[TEXT] word 'customer'; [TEXT] phrase 'order id',[LAYOUT] Customer ID / Details structured in header (p1: CUSTOMER_DETAILS_IN_HEADER); [LAYOUT] Customer ID / Details structured in header (p1: CUSTOMER_DETAILS_IN_HEADER); [LAYOUT] Customer ID / Details structured in header (p1: CUSTOMER_DETAILS_IN_HEADER),False,0.142,"{""POI"": 0.0263, ""NPO"": 0.03, ""IMA"": 0.0, ""MSI"": 0.27, ""PSI"": 0.0, ""JER"": 0.0, ""BKA"": 0.0, ""DPR"": 0.0, ""LCA"": 0.0}","{""POI"": 0.0, ""NPO"": 0.0, ""IMA"": 0.0, ""MSI"": 0.625, ""PSI"": 0.0, ""JER"": 0.0, ""BKA"": 0.0, ""DPR"": 0.0, ""LCA"": 0.0}","{""POI"": 0.0158, ""NPO"": 0.018, ""IMA"": 0.0, ""MSI"": 0.412, ""PSI"": 0.0, ""JER"": 0.0, ""BKA"": 0.0, ""DPR"": 0.0, ""LCA"": 0.0}"
CONTROL_MSI_company_invoice_10257.pdf,company_invoice_10257.pdf,AyoubChLin/CompanyDocuments/invoices,MSI,FACT: Customer-facing retail sales invoice / shipping order,1,453,MSI,0.27,True,2,word 'customer'; phrase 'order id',MSI,0.625,True,3,[LAYOUT] Customer ID / Details structured in header (p1: CUSTOMER_DETAILS_IN_HEADER); [LAYOUT] Customer ID / Details structured in header (p1: CUSTOMER_DETAILS_IN_HEADER); [LAYOUT] Customer ID / Details structured in header (p1: CUSTOMER_DETAILS_IN_HEADER),MSI,0.412,True,5,[TEXT] word 'customer'; [TEXT] phrase 'order id'; [LAYOUT] Customer ID / Details structured in header (p1: CUSTOMER_DETAILS_IN_HEADER); [LAYOUT] Customer ID / Details structured in header (p1: CUSTOMER_DETAILS_IN_HEADER); [LAYOUT] Customer ID / Details structured in header (p1: CUSTOMER_DETAILS_IN_HEADER),2,3,[TEXT] word 'customer'; [TEXT] phrase 'order id',[LAYOUT] Customer ID / Details structured in header (p1: CUSTOMER_DETAILS_IN_HEADER); [LAYOUT] Customer ID / Details structured in header (p1: CUSTOMER_DETAILS_IN_HEADER); [LAYOUT] Customer ID / Details structured in header (p1: CUSTOMER_DETAILS_IN_HEADER),False,0.142,"{""POI"": 0.0263, ""NPO"": 0.03, ""IMA"": 0.0, ""MSI"": 0.27, ""PSI"": 0.0, ""JER"": 0.0, ""BKA"": 0.0, ""DPR"": 0.0, ""LCA"": 0.0}","{""POI"": 0.0, ""NPO"": 0.0, ""IMA"": 0.0, ""MSI"": 0.625, ""PSI"": 0.0, ""JER"": 0.0, ""BKA"": 0.0, ""DPR"": 0.0, ""LCA"": 0.0}","{""POI"": 0.0158, ""NPO"": 0.018, ""IMA"": 0.0, ""MSI"": 0.412, ""PSI"": 0.0, ""JER"": 0.0, ""BKA"": 0.0, ""DPR"": 0.0, ""LCA"": 0.0}"
CONTROL_MSI_company_invoice_10258.pdf,company_invoice_10258.pdf,AyoubChLin/CompanyDocuments/invoices,MSI,FACT: Customer-facing retail sales invoice / shipping order,1,381,MSI,0.27,True,2,word 'customer'; phrase 'order id',MSI,0.625,True,3,[LAYOUT] Customer ID / Details structured in header (p1: CUSTOMER_DETAILS_IN_HEADER); [LAYOUT] Customer ID / Details structured in header (p1: CUSTOMER_DETAILS_IN_HEADER); [LAYOUT] Customer ID / Details structured in header (p1: CUSTOMER_DETAILS_IN_HEADER),MSI,0.412,True,5,[TEXT] word 'customer'; [TEXT] phrase 'order id'; [LAYOUT] Customer ID / Details structured in header (p1: CUSTOMER_DETAILS_IN_HEADER); [LAYOUT] Customer ID / Details structured in header (p1: CUSTOMER_DETAILS_IN_HEADER); [LAYOUT] Customer ID / Details structured in header (p1: CUSTOMER_DETAILS_IN_HEADER),2,3,[TEXT] word 'customer'; [TEXT] phrase 'order id',[LAYOUT] Customer ID / Details structured in header (p1: CUSTOMER_DETAILS_IN_HEADER); [LAYOUT] Customer ID / Details structured in header (p1: CUSTOMER_DETAILS_IN_HEADER); [LAYOUT] Customer ID / Details structured in header (p1: CUSTOMER_DETAILS_IN_HEADER),False,0.142,"{""POI"": 0.0263, ""NPO"": 0.03, ""IMA"": 0.0, ""MSI"": 0.27, ""PSI"": 0.0, ""JER"": 0.0, ""BKA"": 0.0, ""DPR"": 0.0, ""LCA"": 0.0}","{""POI"": 0.0, ""NPO"": 0.0, ""IMA"": 0.0, ""MSI"": 0.625, ""PSI"": 0.0, ""JER"": 0.0, ""BKA"": 0.0, ""DPR"": 0.0, ""LCA"": 0.0}","{""POI"": 0.0158, ""NPO"": 0.018, ""IMA"": 0.0, ""MSI"": 0.412, ""PSI"": 0.0, ""JER"": 0.0, ""BKA"": 0.0, ""DPR"": 0.0, ""LCA"": 0.0}"
CONTROL_MSI_company_invoice_10259.pdf,company_invoice_10259.pdf,AyoubChLin/CompanyDocuments/invoices,MSI,FACT: Customer-facing retail sales invoice / shipping order,1,379,MSI,0.27,True,2,word 'customer'; phrase 'order id',MSI,0.625,True,3,[LAYOUT] Customer ID / Details structured in header (p1: CUSTOMER_DETAILS_IN_HEADER); [LAYOUT] Customer ID / Details structured in header (p1: CUSTOMER_DETAILS_IN_HEADER); [LAYOUT] Customer ID / Details structured in header (p1: CUSTOMER_DETAILS_IN_HEADER),MSI,0.412,True,5,[TEXT] word 'customer'; [TEXT] phrase 'order id'; [LAYOUT] Customer ID / Details structured in header (p1: CUSTOMER_DETAILS_IN_HEADER); [LAYOUT] Customer ID / Details structured in header (p1: CUSTOMER_DETAILS_IN_HEADER); [LAYOUT] Customer ID / Details structured in header (p1: CUSTOMER_DETAILS_IN_HEADER),2,3,[TEXT] word 'customer'; [TEXT] phrase 'order id',[LAYOUT] Customer ID / Details structured in header (p1: CUSTOMER_DETAILS_IN_HEADER); [LAYOUT] Customer ID / Details structured in header (p1: CUSTOMER_DETAILS_IN_HEADER); [LAYOUT] Customer ID / Details structured in header (p1: CUSTOMER_DETAILS_IN_HEADER),False,0.142,"{""POI"": 0.0263, ""NPO"": 0.03, ""IMA"": 0.0, ""MSI"": 0.27, ""PSI"": 0.0, ""JER"": 0.0, ""BKA"": 0.0, ""DPR"": 0.0, ""LCA"": 0.0}","{""POI"": 0.0, ""NPO"": 0.0, ""IMA"": 0.0, ""MSI"": 0.625, ""PSI"": 0.0, ""JER"": 0.0, ""BKA"": 0.0, ""DPR"": 0.0, ""LCA"": 0.0}","{""POI"": 0.0158, ""NPO"": 0.018, ""IMA"": 0.0, ""MSI"": 0.412, ""PSI"": 0.0, ""JER"": 0.0, ""BKA"": 0.0, ""DPR"": 0.0, ""LCA"": 0.0}"
CONTROL_MSI_company_invoice_10260.pdf,company_invoice_10260.pdf,AyoubChLin/CompanyDocuments/invoices,MSI,FACT: Customer-facing retail sales invoice / shipping order,1,441,MSI,0.27,True,2,word 'customer'; phrase 'order id',MSI,0.625,True,3,[LAYOUT] Customer ID / Details structured in header (p1: CUSTOMER_DETAILS_IN_HEADER); [LAYOUT] Customer ID / Details structured in header (p1: CUSTOMER_DETAILS_IN_HEADER); [LAYOUT] Customer ID / Details structured in header (p1: CUSTOMER_DETAILS_IN_HEADER),MSI,0.412,True,5,[TEXT] word 'customer'; [TEXT] phrase 'order id'; [LAYOUT] Customer ID / Details structured in header (p1: CUSTOMER_DETAILS_IN_HEADER); [LAYOUT] Customer ID / Details structured in header (p1: CUSTOMER_DETAILS_IN_HEADER); [LAYOUT] Customer ID / Details structured in header (p1: CUSTOMER_DETAILS_IN_HEADER),2,3,[TEXT] word 'customer'; [TEXT] phrase 'order id',[LAYOUT] Customer ID / Details structured in header (p1: CUSTOMER_DETAILS_IN_HEADER); [LAYOUT] Customer ID / Details structured in header (p1: CUSTOMER_DETAILS_IN_HEADER); [LAYOUT] Customer ID / Details structured in header (p1: CUSTOMER_DETAILS_IN_HEADER),False,0.142,"{""POI"": 0.0263, ""NPO"": 0.03, ""IMA"": 0.0, ""MSI"": 0.27, ""PSI"": 0.0, ""JER"": 0.0, ""BKA"": 0.0, ""DPR"": 0.0, ""LCA"": 0.0}","{""POI"": 0.0, ""NPO"": 0.0, ""IMA"": 0.0, ""MSI"": 0.625, ""PSI"": 0.0, ""JER"": 0.0, ""BKA"": 0.0, ""DPR"": 0.0, ""LCA"": 0.0}","{""POI"": 0.0158, ""NPO"": 0.018, ""IMA"": 0.0, ""MSI"": 0.412, ""PSI"": 0.0, ""JER"": 0.0, ""BKA"": 0.0, ""DPR"": 0.0, ""LCA"": 0.0}"
CONTROL_MSI_company_invoice_10261.pdf,company_invoice_10261.pdf,AyoubChLin/CompanyDocuments/invoices,MSI,FACT: Customer-facing retail sales invoice / shipping order,1,394,MSI,0.27,True,2,word 'customer'; phrase 'order id',MSI,0.625,True,3,[LAYOUT] Customer ID / Details structured in header (p1: CUSTOMER_DETAILS_IN_HEADER); [LAYOUT] Customer ID / Details structured in header (p1: CUSTOMER_DETAILS_IN_HEADER); [LAYOUT] Customer ID / Details structured in header (p1: CUSTOMER_DETAILS_IN_HEADER),MSI,0.412,True,5,[TEXT] word 'customer'; [TEXT] phrase 'order id'; [LAYOUT] Customer ID / Details structured in header (p1: CUSTOMER_DETAILS_IN_HEADER); [LAYOUT] Customer ID / Details structured in header (p1: CUSTOMER_DETAILS_IN_HEADER); [LAYOUT] Customer ID / Details structured in header (p1: CUSTOMER_DETAILS_IN_HEADER),2,3,[TEXT] word 'customer'; [TEXT] phrase 'order id',[LAYOUT] Customer ID / Details structured in header (p1: CUSTOMER_DETAILS_IN_HEADER); [LAYOUT] Customer ID / Details structured in header (p1: CUSTOMER_DETAILS_IN_HEADER); [LAYOUT] Customer ID / Details structured in header (p1: CUSTOMER_DETAILS_IN_HEADER),False,0.142,"{""POI"": 0.0263, ""NPO"": 0.03, ""IMA"": 0.0, ""MSI"": 0.27, ""PSI"": 0.0, ""JER"": 0.0, ""BKA"": 0.0, ""DPR"": 0.0, ""LCA"": 0.0}","{""POI"": 0.0, ""NPO"": 0.0, ""IMA"": 0.0, ""MSI"": 0.625, ""PSI"": 0.0, ""JER"": 0.0, ""BKA"": 0.0, ""DPR"": 0.0, ""LCA"": 0.0}","{""POI"": 0.0158, ""NPO"": 0.018, ""IMA"": 0.0, ""MSI"": 0.412, ""PSI"": 0.0, ""JER"": 0.0, ""BKA"": 0.0, ""DPR"": 0.0, ""LCA"": 0.0}"
CONTROL_MSI_company_invoice_10262.pdf,company_invoice_10262.pdf,AyoubChLin/CompanyDocuments/invoices,MSI,FACT: Customer-facing retail sales invoice / shipping order,1,426,MSI,0.27,True,2,word 'customer'; phrase 'order id',MSI,0.625,True,3,[LAYOUT] Customer ID / Details structured in header (p1: CUSTOMER_DETAILS_IN_HEADER); [LAYOUT] Customer ID / Details structured in header (p1: CUSTOMER_DETAILS_IN_HEADER); [LAYOUT] Customer ID / Details structured in header (p1: CUSTOMER_DETAILS_IN_HEADER),MSI,0.412,True,5,[TEXT] word 'customer'; [TEXT] phrase 'order id'; [LAYOUT] Customer ID / Details structured in header (p1: CUSTOMER_DETAILS_IN_HEADER); [LAYOUT] Customer ID / Details structured in header (p1: CUSTOMER_DETAILS_IN_HEADER); [LAYOUT] Customer ID / Details structured in header (p1: CUSTOMER_DETAILS_IN_HEADER),2,3,[TEXT] word 'customer'; [TEXT] phrase 'order id',[LAYOUT] Customer ID / Details structured in header (p1: CUSTOMER_DETAILS_IN_HEADER); [LAYOUT] Customer ID / Details structured in header (p1: CUSTOMER_DETAILS_IN_HEADER); [LAYOUT] Customer ID / Details structured in header (p1: CUSTOMER_DETAILS_IN_HEADER),False,0.142,"{""POI"": 0.0263, ""NPO"": 0.03, ""IMA"": 0.0, ""MSI"": 0.27, ""PSI"": 0.0, ""JER"": 0.0, ""BKA"": 0.0, ""DPR"": 0.0, ""LCA"": 0.0}","{""POI"": 0.0, ""NPO"": 0.0, ""IMA"": 0.0, ""MSI"": 0.625, ""PSI"": 0.0, ""JER"": 0.0, ""BKA"": 0.0, ""DPR"": 0.0, ""LCA"": 0.0}","{""POI"": 0.0158, ""NPO"": 0.018, ""IMA"": 0.0, ""MSI"": 0.412, ""PSI"": 0.0, ""JER"": 0.0, ""BKA"": 0.0, ""DPR"": 0.0, ""LCA"": 0.0}"
CONTROL_MSI_company_invoice_10263.pdf,company_invoice_10263.pdf,AyoubChLin/CompanyDocuments/invoices,MSI,FACT: Customer-facing retail sales invoice / shipping order,1,408,MSI,0.27,True,2,word 'customer'; phrase 'order id',MSI,0.625,True,3,[LAYOUT] Customer ID / Details structured in header (p1: CUSTOMER_DETAILS_IN_HEADER); [LAYOUT] Customer ID / Details structured in header (p1: CUSTOMER_DETAILS_IN_HEADER); [LAYOUT] Customer ID / Details structured in header (p1: CUSTOMER_DETAILS_IN_HEADER),MSI,0.412,True,5,[TEXT] word 'customer'; [TEXT] phrase 'order id'; [LAYOUT] Customer ID / Details structured in header (p1: CUSTOMER_DETAILS_IN_HEADER); [LAYOUT] Customer ID / Details structured in header (p1: CUSTOMER_DETAILS_IN_HEADER); [LAYOUT] Customer ID / Details structured in header (p1: CUSTOMER_DETAILS_IN_HEADER),2,3,[TEXT] word 'customer'; [TEXT] phrase 'order id',[LAYOUT] Customer ID / Details structured in header (p1: CUSTOMER_DETAILS_IN_HEADER); [LAYOUT] Customer ID / Details structured in header (p1: CUSTOMER_DETAILS_IN_HEADER); [LAYOUT] Customer ID / Details structured in header (p1: CUSTOMER_DETAILS_IN_HEADER),False,0.142,"{""POI"": 0.0263, ""NPO"": 0.03, ""IMA"": 0.0, ""MSI"": 0.27, ""PSI"": 0.0, ""JER"": 0.0, ""BKA"": 0.0, ""DPR"": 0.0, ""LCA"": 0.0}","{""POI"": 0.0, ""NPO"": 0.0, ""IMA"": 0.0, ""MSI"": 0.625, ""PSI"": 0.0, ""JER"": 0.0, ""BKA"": 0.0, ""DPR"": 0.0, ""LCA"": 0.0}","{""POI"": 0.0158, ""NPO"": 0.018, ""IMA"": 0.0, ""MSI"": 0.412, ""PSI"": 0.0, ""JER"": 0.0, ""BKA"": 0.0, ""DPR"": 0.0, ""LCA"": 0.0}"
CONTROL_MSI_company_invoice_10264.pdf,company_invoice_10264.pdf,AyoubChLin/CompanyDocuments/invoices,MSI,FACT: Customer-facing retail sales invoice / shipping order,1,364,MSI,0.27,True,2,word 'customer'; phrase 'order id',MSI,0.625,True,3,[LAYOUT] Customer ID / Details structured in header (p1: CUSTOMER_DETAILS_IN_HEADER); [LAYOUT] Customer ID / Details structured in header (p1: CUSTOMER_DETAILS_IN_HEADER); [LAYOUT] Customer ID / Details structured in header (p1: CUSTOMER_DETAILS_IN_HEADER),MSI,0.412,True,5,[TEXT] word 'customer'; [TEXT] phrase 'order id'; [LAYOUT] Customer ID / Details structured in header (p1: CUSTOMER_DETAILS_IN_HEADER); [LAYOUT] Customer ID / Details structured in header (p1: CUSTOMER_DETAILS_IN_HEADER); [LAYOUT] Customer ID / Details structured in header (p1: CUSTOMER_DETAILS_IN_HEADER),2,3,[TEXT] word 'customer'; [TEXT] phrase 'order id',[LAYOUT] Customer ID / Details structured in header (p1: CUSTOMER_DETAILS_IN_HEADER); [LAYOUT] Customer ID / Details structured in header (p1: CUSTOMER_DETAILS_IN_HEADER); [LAYOUT] Customer ID / Details structured in header (p1: CUSTOMER_DETAILS_IN_HEADER),False,0.142,"{""POI"": 0.0263, ""NPO"": 0.03, ""IMA"": 0.0, ""MSI"": 0.27, ""PSI"": 0.0, ""JER"": 0.0, ""BKA"": 0.0, ""DPR"": 0.0, ""LCA"": 0.0}","{""POI"": 0.0, ""NPO"": 0.0, ""IMA"": 0.0, ""MSI"": 0.625, ""PSI"": 0.0, ""JER"": 0.0, ""BKA"": 0.0, ""DPR"": 0.0, ""LCA"": 0.0}","{""POI"": 0.0158, ""NPO"": 0.018, ""IMA"": 0.0, ""MSI"": 0.412, ""PSI"": 0.0, ""JER"": 0.0, ""BKA"": 0.0, ""DPR"": 0.0, ""LCA"": 0.0}"
CONTROL_MSI_company_invoice_10265.pdf,company_invoice_10265.pdf,AyoubChLin/CompanyDocuments/invoices,MSI,FACT: Customer-facing retail sales invoice / shipping order,1,371,MSI,0.27,True,2,word 'customer'; phrase 'order id',MSI,0.625,True,3,[LAYOUT] Customer ID / Details structured in header (p1: CUSTOMER_DETAILS_IN_HEADER); [LAYOUT] Customer ID / Details structured in header (p1: CUSTOMER_DETAILS_IN_HEADER); [LAYOUT] Customer ID / Details structured in header (p1: CUSTOMER_DETAILS_IN_HEADER),MSI,0.412,True,5,[TEXT] word 'customer'; [TEXT] phrase 'order id'; [LAYOUT] Customer ID / Details structured in header (p1: CUSTOMER_DETAILS_IN_HEADER); [LAYOUT] Customer ID / Details structured in header (p1: CUSTOMER_DETAILS_IN_HEADER); [LAYOUT] Customer ID / Details structured in header (p1: CUSTOMER_DETAILS_IN_HEADER),2,3,[TEXT] word 'customer'; [TEXT] phrase 'order id',[LAYOUT] Customer ID / Details structured in header (p1: CUSTOMER_DETAILS_IN_HEADER); [LAYOUT] Customer ID / Details structured in header (p1: CUSTOMER_DETAILS_IN_HEADER); [LAYOUT] Customer ID / Details structured in header (p1: CUSTOMER_DETAILS_IN_HEADER),False,0.142,"{""POI"": 0.0263, ""NPO"": 0.03, ""IMA"": 0.0, ""MSI"": 0.27, ""PSI"": 0.0, ""JER"": 0.0, ""BKA"": 0.0, ""DPR"": 0.0, ""LCA"": 0.0}","{""POI"": 0.0, ""NPO"": 0.0, ""IMA"": 0.0, ""MSI"": 0.625, ""PSI"": 0.0, ""JER"": 0.0, ""BKA"": 0.0, ""DPR"": 0.0, ""LCA"": 0.0}","{""POI"": 0.0158, ""NPO"": 0.018, ""IMA"": 0.0, ""MSI"": 0.412, ""PSI"": 0.0, ""JER"": 0.0, ""BKA"": 0.0, ""DPR"": 0.0, ""LCA"": 0.0}"
CONTROL_MSI_company_invoice_10266.pdf,company_invoice_10266.pdf,AyoubChLin/CompanyDocuments/invoices,MSI,FACT: Customer-facing retail sales invoice / shipping order,1,357,MSI,0.27,True,2,word 'customer'; phrase 'order id',MSI,0.625,True,3,[LAYOUT] Customer ID / Details structured in header (p1: CUSTOMER_DETAILS_IN_HEADER); [LAYOUT] Customer ID / Details structured in header (p1: CUSTOMER_DETAILS_IN_HEADER); [LAYOUT] Customer ID / Details structured in header (p1: CUSTOMER_DETAILS_IN_HEADER),MSI,0.412,True,5,[TEXT] word 'customer'; [TEXT] phrase 'order id'; [LAYOUT] Customer ID / Details structured in header (p1: CUSTOMER_DETAILS_IN_HEADER); [LAYOUT] Customer ID / Details structured in header (p1: CUSTOMER_DETAILS_IN_HEADER); [LAYOUT] Customer ID / Details structured in header (p1: CUSTOMER_DETAILS_IN_HEADER),2,3,[TEXT] word 'customer'; [TEXT] phrase 'order id',[LAYOUT] Customer ID / Details structured in header (p1: CUSTOMER_DETAILS_IN_HEADER); [LAYOUT] Customer ID / Details structured in header (p1: CUSTOMER_DETAILS_IN_HEADER); [LAYOUT] Customer ID / Details structured in header (p1: CUSTOMER_DETAILS_IN_HEADER),False,0.142,"{""POI"": 0.0263, ""NPO"": 0.03, ""IMA"": 0.0, ""MSI"": 0.27, ""PSI"": 0.0, ""JER"": 0.0, ""BKA"": 0.0, ""DPR"": 0.0, ""LCA"": 0.0}","{""POI"": 0.0, ""NPO"": 0.0, ""IMA"": 0.0, ""MSI"": 0.625, ""PSI"": 0.0, ""JER"": 0.0, ""BKA"": 0.0, ""DPR"": 0.0, ""LCA"": 0.0}","{""POI"": 0.0158, ""NPO"": 0.018, ""IMA"": 0.0, ""MSI"": 0.412, ""PSI"": 0.0, ""JER"": 0.0, ""BKA"": 0.0, ""DPR"": 0.0, ""LCA"": 0.0}"
CONTROL_MSI_company_invoice_10267.pdf,company_invoice_10267.pdf,AyoubChLin/CompanyDocuments/invoices,MSI,FACT: Customer-facing retail sales invoice / shipping order,1,400,MSI,0.27,True,2,word 'customer'; phrase 'order id',MSI,0.625,True,3,[LAYOUT] Customer ID / Details structured in header (p1: CUSTOMER_DETAILS_IN_HEADER); [LAYOUT] Customer ID / Details structured in header (p1: CUSTOMER_DETAILS_IN_HEADER); [LAYOUT] Customer ID / Details structured in header (p1: CUSTOMER_DETAILS_IN_HEADER),MSI,0.412,True,5,[TEXT] word 'customer'; [TEXT] phrase 'order id'; [LAYOUT] Customer ID / Details structured in header (p1: CUSTOMER_DETAILS_IN_HEADER); [LAYOUT] Customer ID / Details structured in header (p1: CUSTOMER_DETAILS_IN_HEADER); [LAYOUT] Customer ID / Details structured in header (p1: CUSTOMER_DETAILS_IN_HEADER),2,3,[TEXT] word 'customer'; [TEXT] phrase 'order id',[LAYOUT] Customer ID / Details structured in header (p1: CUSTOMER_DETAILS_IN_HEADER); [LAYOUT] Customer ID / Details structured in header (p1: CUSTOMER_DETAILS_IN_HEADER); [LAYOUT] Customer ID / Details structured in header (p1: CUSTOMER_DETAILS_IN_HEADER),False,0.142,"{""POI"": 0.0263, ""NPO"": 0.03, ""IMA"": 0.0, ""MSI"": 0.27, ""PSI"": 0.0, ""JER"": 0.0, ""BKA"": 0.0, ""DPR"": 0.0, ""LCA"": 0.0}","{""POI"": 0.0, ""NPO"": 0.0, ""IMA"": 0.0, ""MSI"": 0.625, ""PSI"": 0.0, ""JER"": 0.0, ""BKA"": 0.0, ""DPR"": 0.0, ""LCA"": 0.0}","{""POI"": 0.0158, ""NPO"": 0.018, ""IMA"": 0.0, ""MSI"": 0.412, ""PSI"": 0.0, ""JER"": 0.0, ""BKA"": 0.0, ""DPR"": 0.0, ""LCA"": 0.0}"
CONTROL_MSI_company_invoice_10268.pdf,company_invoice_10268.pdf,AyoubChLin/CompanyDocuments/invoices,MSI,FACT: Customer-facing retail sales invoice / shipping order,1,396,MSI,0.27,True,2,word 'customer'; phrase 'order id',MSI,0.625,True,3,[LAYOUT] Customer ID / Details structured in header (p1: CUSTOMER_DETAILS_IN_HEADER); [LAYOUT] Customer ID / Details structured in header (p1: CUSTOMER_DETAILS_IN_HEADER); [LAYOUT] Customer ID / Details structured in header (p1: CUSTOMER_DETAILS_IN_HEADER),MSI,0.412,True,5,[TEXT] word 'customer'; [TEXT] phrase 'order id'; [LAYOUT] Customer ID / Details structured in header (p1: CUSTOMER_DETAILS_IN_HEADER); [LAYOUT] Customer ID / Details structured in header (p1: CUSTOMER_DETAILS_IN_HEADER); [LAYOUT] Customer ID / Details structured in header (p1: CUSTOMER_DETAILS_IN_HEADER),2,3,[TEXT] word 'customer'; [TEXT] phrase 'order id',[LAYOUT] Customer ID / Details structured in header (p1: CUSTOMER_DETAILS_IN_HEADER); [LAYOUT] Customer ID / Details structured in header (p1: CUSTOMER_DETAILS_IN_HEADER); [LAYOUT] Customer ID / Details structured in header (p1: CUSTOMER_DETAILS_IN_HEADER),False,0.142,"{""POI"": 0.0263, ""NPO"": 0.03, ""IMA"": 0.0, ""MSI"": 0.27, ""PSI"": 0.0, ""JER"": 0.0, ""BKA"": 0.0, ""DPR"": 0.0, ""LCA"": 0.0}","{""POI"": 0.0, ""NPO"": 0.0, ""IMA"": 0.0, ""MSI"": 0.625, ""PSI"": 0.0, ""JER"": 0.0, ""BKA"": 0.0, ""DPR"": 0.0, ""LCA"": 0.0}","{""POI"": 0.0158, ""NPO"": 0.018, ""IMA"": 0.0, ""MSI"": 0.412, ""PSI"": 0.0, ""JER"": 0.0, ""BKA"": 0.0, ""DPR"": 0.0, ""LCA"": 0.0}"
CONTROL_MSI_company_invoice_10269.pdf,company_invoice_10269.pdf,AyoubChLin/CompanyDocuments/invoices,MSI,FACT: Customer-facing retail sales invoice / shipping order,1,380,MSI,0.27,True,2,word 'customer'; phrase 'order id',MSI,0.625,True,3,[LAYOUT] Customer ID / Details structured in header (p1: CUSTOMER_DETAILS_IN_HEADER); [LAYOUT] Customer ID / Details structured in header (p1: CUSTOMER_DETAILS_IN_HEADER); [LAYOUT] Customer ID / Details structured in header (p1: CUSTOMER_DETAILS_IN_HEADER),MSI,0.412,True,5,[TEXT] word 'customer'; [TEXT] phrase 'order id'; [LAYOUT] Customer ID / Details structured in header (p1: CUSTOMER_DETAILS_IN_HEADER); [LAYOUT] Customer ID / Details structured in header (p1: CUSTOMER_DETAILS_IN_HEADER); [LAYOUT] Customer ID / Details structured in header (p1: CUSTOMER_DETAILS_IN_HEADER),2,3,[TEXT] word 'customer'; [TEXT] phrase 'order id',[LAYOUT] Customer ID / Details structured in header (p1: CUSTOMER_DETAILS_IN_HEADER); [LAYOUT] Customer ID / Details structured in header (p1: CUSTOMER_DETAILS_IN_HEADER); [LAYOUT] Customer ID / Details structured in header (p1: CUSTOMER_DETAILS_IN_HEADER),False,0.142,"{""POI"": 0.0263, ""NPO"": 0.03, ""IMA"": 0.0, ""MSI"": 0.27, ""PSI"": 0.0, ""JER"": 0.0, ""BKA"": 0.0, ""DPR"": 0.0, ""LCA"": 0.0}","{""POI"": 0.0, ""NPO"": 0.0, ""IMA"": 0.0, ""MSI"": 0.625, ""PSI"": 0.0, ""JER"": 0.0, ""BKA"": 0.0, ""DPR"": 0.0, ""LCA"": 0.0}","{""POI"": 0.0158, ""NPO"": 0.018, ""IMA"": 0.0, ""MSI"": 0.412, ""PSI"": 0.0, ""JER"": 0.0, ""BKA"": 0.0, ""DPR"": 0.0, ""LCA"": 0.0}"
CONTROL_MSI_company_invoice_10270.pdf,company_invoice_10270.pdf,AyoubChLin/CompanyDocuments/invoices,MSI,FACT: Customer-facing retail sales invoice / shipping order,1,354,MSI,0.27,True,2,word 'customer'; phrase 'order id',MSI,0.625,True,3,[LAYOUT] Customer ID / Details structured in header (p1: CUSTOMER_DETAILS_IN_HEADER); [LAYOUT] Customer ID / Details structured in header (p1: CUSTOMER_DETAILS_IN_HEADER); [LAYOUT] Customer ID / Details structured in header (p1: CUSTOMER_DETAILS_IN_HEADER),MSI,0.412,True,5,[TEXT] word 'customer'; [TEXT] phrase 'order id'; [LAYOUT] Customer ID / Details structured in header (p1: CUSTOMER_DETAILS_IN_HEADER); [LAYOUT] Customer ID / Details structured in header (p1: CUSTOMER_DETAILS_IN_HEADER); [LAYOUT] Customer ID / Details structured in header (p1: CUSTOMER_DETAILS_IN_HEADER),2,3,[TEXT] word 'customer'; [TEXT] phrase 'order id',[LAYOUT] Customer ID / Details structured in header (p1: CUSTOMER_DETAILS_IN_HEADER); [LAYOUT] Customer ID / Details structured in header (p1: CUSTOMER_DETAILS_IN_HEADER); [LAYOUT] Customer ID / Details structured in header (p1: CUSTOMER_DETAILS_IN_HEADER),False,0.142,"{""POI"": 0.0263, ""NPO"": 0.03, ""IMA"": 0.0, ""MSI"": 0.27, ""PSI"": 0.0, ""JER"": 0.0, ""BKA"": 0.0, ""DPR"": 0.0, ""LCA"": 0.0}","{""POI"": 0.0, ""NPO"": 0.0, ""IMA"": 0.0, ""MSI"": 0.625, ""PSI"": 0.0, ""JER"": 0.0, ""BKA"": 0.0, ""DPR"": 0.0, ""LCA"": 0.0}","{""POI"": 0.0158, ""NPO"": 0.018, ""IMA"": 0.0, ""MSI"": 0.412, ""PSI"": 0.0, ""JER"": 0.0, ""BKA"": 0.0, ""DPR"": 0.0, ""LCA"": 0.0}"
CONTROL_MSI_company_invoice_10271.pdf,company_invoice_10271.pdf,AyoubChLin/CompanyDocuments/invoices,MSI,FACT: Customer-facing retail sales invoice / shipping order,1,333,MSI,0.27,True,2,word 'customer'; phrase 'order id',MSI,0.625,True,3,[LAYOUT] Customer ID / Details structured in header (p1: CUSTOMER_DETAILS_IN_HEADER); [LAYOUT] Customer ID / Details structured in header (p1: CUSTOMER_DETAILS_IN_HEADER); [LAYOUT] Customer ID / Details structured in header (p1: CUSTOMER_DETAILS_IN_HEADER),MSI,0.412,True,5,[TEXT] word 'customer'; [TEXT] phrase 'order id'; [LAYOUT] Customer ID / Details structured in header (p1: CUSTOMER_DETAILS_IN_HEADER); [LAYOUT] Customer ID / Details structured in header (p1: CUSTOMER_DETAILS_IN_HEADER); [LAYOUT] Customer ID / Details structured in header (p1: CUSTOMER_DETAILS_IN_HEADER),2,3,[TEXT] word 'customer'; [TEXT] phrase 'order id',[LAYOUT] Customer ID / Details structured in header (p1: CUSTOMER_DETAILS_IN_HEADER); [LAYOUT] Customer ID / Details structured in header (p1: CUSTOMER_DETAILS_IN_HEADER); [LAYOUT] Customer ID / Details structured in header (p1: CUSTOMER_DETAILS_IN_HEADER),False,0.142,"{""POI"": 0.0263, ""NPO"": 0.03, ""IMA"": 0.0, ""MSI"": 0.27, ""PSI"": 0.0, ""JER"": 0.0, ""BKA"": 0.0, ""DPR"": 0.0, ""LCA"": 0.0}","{""POI"": 0.0, ""NPO"": 0.0, ""IMA"": 0.0, ""MSI"": 0.625, ""PSI"": 0.0, ""JER"": 0.0, ""BKA"": 0.0, ""DPR"": 0.0, ""LCA"": 0.0}","{""POI"": 0.0158, ""NPO"": 0.018, ""IMA"": 0.0, ""MSI"": 0.412, ""PSI"": 0.0, ""JER"": 0.0, ""BKA"": 0.0, ""DPR"": 0.0, ""LCA"": 0.0}"
CONTROL_MSI_company_invoice_10272.pdf,company_invoice_10272.pdf,AyoubChLin/CompanyDocuments/invoices,MSI,FACT: Customer-facing retail sales invoice / shipping order,1,415,MSI,0.27,True,2,word 'customer'; phrase 'order id',MSI,0.625,True,3,[LAYOUT] Customer ID / Details structured in header (p1: CUSTOMER_DETAILS_IN_HEADER); [LAYOUT] Customer ID / Details structured in header (p1: CUSTOMER_DETAILS_IN_HEADER); [LAYOUT] Customer ID / Details structured in header (p1: CUSTOMER_DETAILS_IN_HEADER),MSI,0.412,True,5,[TEXT] word 'customer'; [TEXT] phrase 'order id'; [LAYOUT] Customer ID / Details structured in header (p1: CUSTOMER_DETAILS_IN_HEADER); [LAYOUT] Customer ID / Details structured in header (p1: CUSTOMER_DETAILS_IN_HEADER); [LAYOUT] Customer ID / Details structured in header (p1: CUSTOMER_DETAILS_IN_HEADER),2,3,[TEXT] word 'customer'; [TEXT] phrase 'order id',[LAYOUT] Customer ID / Details structured in header (p1: CUSTOMER_DETAILS_IN_HEADER); [LAYOUT] Customer ID / Details structured in header (p1: CUSTOMER_DETAILS_IN_HEADER); [LAYOUT] Customer ID / Details structured in header (p1: CUSTOMER_DETAILS_IN_HEADER),False,0.142,"{""POI"": 0.0263, ""NPO"": 0.03, ""IMA"": 0.0, ""MSI"": 0.27, ""PSI"": 0.0, ""JER"": 0.0, ""BKA"": 0.0, ""DPR"": 0.0, ""LCA"": 0.0}","{""POI"": 0.0, ""NPO"": 0.0, ""IMA"": 0.0, ""MSI"": 0.625, ""PSI"": 0.0, ""JER"": 0.0, ""BKA"": 0.0, ""DPR"": 0.0, ""LCA"": 0.0}","{""POI"": 0.0158, ""NPO"": 0.018, ""IMA"": 0.0, ""MSI"": 0.412, ""PSI"": 0.0, ""JER"": 0.0, ""BKA"": 0.0, ""DPR"": 0.0, ""LCA"": 0.0}"
NPO_BATCH1_invoice_51109301.pdf,invoice_51109301.pdf,EFDI Batch 1 Invoices (Full 100 Documents),NPO,FACT: Non-PO commercial vendor invoice without purchase order reference,1,749,NPO,0.68,True,9,invoice number pattern; phrase 'invoice no'; word 'invoice'; phrase 'bill to / client'; word 'vendor / seller'; term 'GSTIN'; term 'Tax Id'; phrase 'date of issue'; phrase 'amount due / total summary',NPO,0.7083,True,4,[LAYOUT] Invoice Number structured in header metadata band (p1: INVOICE_LABEL_VALUE_IN_HEADER); [LAYOUT] GSTIN / Tax ID tax registration in header band (p1: GSTIN_TAX_ID_IN_HEADER); [LAYOUT] GSTIN / Tax ID tax registration in header band (p1: GSTIN_TAX_ID_IN_HEADER); [LAYOUT] Vendor Invoice header without Purchase Order reference (p1: NPO_PURE_INVOICE_HEADER),NPO,0.795,True,13,[TEXT] invoice number pattern; [TEXT] phrase 'invoice no'; [TEXT] word 'invoice'; [TEXT] phrase 'bill to / client'; [TEXT] word 'vendor / seller'; [TEXT] term 'GSTIN'; [TEXT] term 'Tax Id'; [TEXT] phrase 'date of issue'; [TEXT] phrase 'amount due / total summary'; [LAYOUT] Invoice Number structured in header metadata band (p1: INVOICE_LABEL_VALUE_IN_HEADER); [LAYOUT] GSTIN / Tax ID tax registration in header band (p1: GSTIN_TAX_ID_IN_HEADER); [LAYOUT] GSTIN / Tax ID tax registration in header band (p1: GSTIN_TAX_ID_IN_HEADER); [LAYOUT] Vendor Invoice header without Purchase Order reference (p1: NPO_PURE_INVOICE_HEADER),9,4,[TEXT] invoice number pattern; [TEXT] phrase 'invoice no'; [TEXT] word 'invoice'; [TEXT] phrase 'bill to / client'; [TEXT] word 'vendor / seller'; [TEXT] term 'GSTIN'; [TEXT] term 'Tax Id'; [TEXT] phrase 'date of issue'; [TEXT] phrase 'amount due / total summary',[LAYOUT] Invoice Number structured in header metadata band (p1: INVOICE_LABEL_VALUE_IN_HEADER); [LAYOUT] GSTIN / Tax ID tax registration in header band (p1: GSTIN_TAX_ID_IN_HEADER); [LAYOUT] GSTIN / Tax ID tax registration in header band (p1: GSTIN_TAX_ID_IN_HEADER); [LAYOUT] Vendor Invoice header without Purchase Order reference (p1: NPO_PURE_INVOICE_HEADER),False,0.115,"{""POI"": 0.1579, ""NPO"": 0.68, ""IMA"": 0.0, ""MSI"": 0.0, ""PSI"": 0.0, ""JER"": 0.0, ""BKA"": 0.0, ""DPR"": 0.0, ""LCA"": 0.0}","{""POI"": 0.3667, ""NPO"": 0.7083, ""IMA"": 0.0, ""MSI"": 0.0, ""PSI"": 0.0, ""JER"": 0.0, ""BKA"": 0.0, ""DPR"": 0.0, ""LCA"": 0.0}","{""POI"": 0.0966, ""NPO"": 0.795, ""IMA"": 0.0, ""MSI"": 0.0, ""PSI"": 0.0, ""JER"": 0.0, ""BKA"": 0.0, ""DPR"": 0.0, ""LCA"": 0.0}"
NPO_BATCH1_invoice_51109302.pdf,invoice_51109302.pdf,EFDI Batch 1 Invoices (Full 100 Documents),NPO,FACT: Non-PO commercial vendor invoice without purchase order reference,1,1013,NPO,0.68,True,9,invoice number pattern; phrase 'invoice no'; word 'invoice'; phrase 'bill to / client'; word 'vendor / seller'; term 'GSTIN'; term 'Tax Id'; phrase 'date of issue'; phrase 'amount due / total summary',NPO,0.7083,True,4,[LAYOUT] Invoice Number structured in header metadata band (p1: INVOICE_LABEL_VALUE_IN_HEADER); [LAYOUT] GSTIN / Tax ID tax registration in header band (p1: GSTIN_TAX_ID_IN_HEADER); [LAYOUT] GSTIN / Tax ID tax registration in header band (p1: GSTIN_TAX_ID_IN_HEADER); [LAYOUT] Vendor Invoice header without Purchase Order reference (p1: NPO_PURE_INVOICE_HEADER),NPO,0.795,True,13,[TEXT] invoice number pattern; [TEXT] phrase 'invoice no'; [TEXT] word 'invoice'; [TEXT] phrase 'bill to / client'; [TEXT] word 'vendor / seller'; [TEXT] term 'GSTIN'; [TEXT] term 'Tax Id'; [TEXT] phrase 'date of issue'; [TEXT] phrase 'amount due / total summary'; [LAYOUT] Invoice Number structured in header metadata band (p1: INVOICE_LABEL_VALUE_IN_HEADER); [LAYOUT] GSTIN / Tax ID tax registration in header band (p1: GSTIN_TAX_ID_IN_HEADER); [LAYOUT] GSTIN / Tax ID tax registration in header band (p1: GSTIN_TAX_ID_IN_HEADER); [LAYOUT] Vendor Invoice header without Purchase Order reference (p1: NPO_PURE_INVOICE_HEADER),9,4,[TEXT] invoice number pattern; [TEXT] phrase 'invoice no'; [TEXT] word 'invoice'; [TEXT] phrase 'bill to / client'; [TEXT] word 'vendor / seller'; [TEXT] term 'GSTIN'; [TEXT] term 'Tax Id'; [TEXT] phrase 'date of issue'; [TEXT] phrase 'amount due / total summary',[LAYOUT] Invoice Number structured in header metadata band (p1: INVOICE_LABEL_VALUE_IN_HEADER); [LAYOUT] GSTIN / Tax ID tax registration in header band (p1: GSTIN_TAX_ID_IN_HEADER); [LAYOUT] GSTIN / Tax ID tax registration in header band (p1: GSTIN_TAX_ID_IN_HEADER); [LAYOUT] Vendor Invoice header without Purchase Order reference (p1: NPO_PURE_INVOICE_HEADER),False,0.115,"{""POI"": 0.1579, ""NPO"": 0.68, ""IMA"": 0.0, ""MSI"": 0.0, ""PSI"": 0.0, ""JER"": 0.0, ""BKA"": 0.0, ""DPR"": 0.0, ""LCA"": 0.0}","{""POI"": 0.3667, ""NPO"": 0.7083, ""IMA"": 0.0, ""MSI"": 0.0, ""PSI"": 0.0, ""JER"": 0.0, ""BKA"": 0.0, ""DPR"": 0.0, ""LCA"": 0.0}","{""POI"": 0.0966, ""NPO"": 0.795, ""IMA"": 0.0, ""MSI"": 0.0, ""PSI"": 0.0, ""JER"": 0.0, ""BKA"": 0.0, ""DPR"": 0.0, ""LCA"": 0.0}"
NPO_BATCH1_invoice_51109303.pdf,invoice_51109303.pdf,EFDI Batch 1 Invoices (Full 100 Documents),NPO,FACT: Non-PO commercial vendor invoice without purchase order reference,1,841,NPO,0.68,True,9,invoice number pattern; phrase 'invoice no'; word 'invoice'; phrase 'bill to / client'; word 'vendor / seller'; term 'GSTIN'; term 'Tax Id'; phrase 'date of issue'; phrase 'amount due / total summary',NPO,0.7083,True,4,[LAYOUT] Invoice Number structured in header metadata band (p1: INVOICE_LABEL_VALUE_IN_HEADER); [LAYOUT] GSTIN / Tax ID tax registration in header band (p1: GSTIN_TAX_ID_IN_HEADER); [LAYOUT] GSTIN / Tax ID tax registration in header band (p1: GSTIN_TAX_ID_IN_HEADER); [LAYOUT] Vendor Invoice header without Purchase Order reference (p1: NPO_PURE_INVOICE_HEADER),NPO,0.795,True,13,[TEXT] invoice number pattern; [TEXT] phrase 'invoice no'; [TEXT] word 'invoice'; [TEXT] phrase 'bill to / client'; [TEXT] word 'vendor / seller'; [TEXT] term 'GSTIN'; [TEXT] term 'Tax Id'; [TEXT] phrase 'date of issue'; [TEXT] phrase 'amount due / total summary'; [LAYOUT] Invoice Number structured in header metadata band (p1: INVOICE_LABEL_VALUE_IN_HEADER); [LAYOUT] GSTIN / Tax ID tax registration in header band (p1: GSTIN_TAX_ID_IN_HEADER); [LAYOUT] GSTIN / Tax ID tax registration in header band (p1: GSTIN_TAX_ID_IN_HEADER); [LAYOUT] Vendor Invoice header without Purchase Order reference (p1: NPO_PURE_INVOICE_HEADER),9,4,[TEXT] invoice number pattern; [TEXT] phrase 'invoice no'; [TEXT] word 'invoice'; [TEXT] phrase 'bill to / client'; [TEXT] word 'vendor / seller'; [TEXT] term 'GSTIN'; [TEXT] term 'Tax Id'; [TEXT] phrase 'date of issue'; [TEXT] phrase 'amount due / total summary',[LAYOUT] Invoice Number structured in header metadata band (p1: INVOICE_LABEL_VALUE_IN_HEADER); [LAYOUT] GSTIN / Tax ID tax registration in header band (p1: GSTIN_TAX_ID_IN_HEADER); [LAYOUT] GSTIN / Tax ID tax registration in header band (p1: GSTIN_TAX_ID_IN_HEADER); [LAYOUT] Vendor Invoice header without Purchase Order reference (p1: NPO_PURE_INVOICE_HEADER),False,0.115,"{""POI"": 0.1579, ""NPO"": 0.68, ""IMA"": 0.0, ""MSI"": 0.0, ""PSI"": 0.0, ""JER"": 0.0, ""BKA"": 0.0, ""DPR"": 0.0, ""LCA"": 0.0}","{""POI"": 0.3667, ""NPO"": 0.7083, ""IMA"": 0.0, ""MSI"": 0.0, ""PSI"": 0.0, ""JER"": 0.0, ""BKA"": 0.0, ""DPR"": 0.0, ""LCA"": 0.0}","{""POI"": 0.0966, ""NPO"": 0.795, ""IMA"": 0.0, ""MSI"": 0.0, ""PSI"": 0.0, ""JER"": 0.0, ""BKA"": 0.0, ""DPR"": 0.0, ""LCA"": 0.0}"
NPO_BATCH1_invoice_51109304.pdf,invoice_51109304.pdf,EFDI Batch 1 Invoices (Full 100 Documents),NPO,FACT: Non-PO commercial vendor invoice without purchase order reference,1,1001,NPO,0.68,True,9,invoice number pattern; phrase 'invoice no'; word 'invoice'; phrase 'bill to / client'; word 'vendor / seller'; term 'GSTIN'; term 'Tax Id'; phrase 'date of issue'; phrase 'amount due / total summary',NPO,0.7083,True,4,[LAYOUT] Invoice Number structured in header metadata band (p1: INVOICE_LABEL_VALUE_IN_HEADER); [LAYOUT] GSTIN / Tax ID tax registration in header band (p1: GSTIN_TAX_ID_IN_HEADER); [LAYOUT] GSTIN / Tax ID tax registration in header band (p1: GSTIN_TAX_ID_IN_HEADER); [LAYOUT] Vendor Invoice header without Purchase Order reference (p1: NPO_PURE_INVOICE_HEADER),NPO,0.795,True,13,[TEXT] invoice number pattern; [TEXT] phrase 'invoice no'; [TEXT] word 'invoice'; [TEXT] phrase 'bill to / client'; [TEXT] word 'vendor / seller'; [TEXT] term 'GSTIN'; [TEXT] term 'Tax Id'; [TEXT] phrase 'date of issue'; [TEXT] phrase 'amount due / total summary'; [LAYOUT] Invoice Number structured in header metadata band (p1: INVOICE_LABEL_VALUE_IN_HEADER); [LAYOUT] GSTIN / Tax ID tax registration in header band (p1: GSTIN_TAX_ID_IN_HEADER); [LAYOUT] GSTIN / Tax ID tax registration in header band (p1: GSTIN_TAX_ID_IN_HEADER); [LAYOUT] Vendor Invoice header without Purchase Order reference (p1: NPO_PURE_INVOICE_HEADER),9,4,[TEXT] invoice number pattern; [TEXT] phrase 'invoice no'; [TEXT] word 'invoice'; [TEXT] phrase 'bill to / client'; [TEXT] word 'vendor / seller'; [TEXT] term 'GSTIN'; [TEXT] term 'Tax Id'; [TEXT] phrase 'date of issue'; [TEXT] phrase 'amount due / total summary',[LAYOUT] Invoice Number structured in header metadata band (p1: INVOICE_LABEL_VALUE_IN_HEADER); [LAYOUT] GSTIN / Tax ID tax registration in header band (p1: GSTIN_TAX_ID_IN_HEADER); [LAYOUT] GSTIN / Tax ID tax registration in header band (p1: GSTIN_TAX_ID_IN_HEADER); [LAYOUT] Vendor Invoice header without Purchase Order reference (p1: NPO_PURE_INVOICE_HEADER),False,0.115,"{""POI"": 0.1579, ""NPO"": 0.68, ""IMA"": 0.0, ""MSI"": 0.0, ""PSI"": 0.0, ""JER"": 0.0, ""BKA"": 0.0, ""DPR"": 0.0, ""LCA"": 0.0}","{""POI"": 0.3667, ""NPO"": 0.7083, ""IMA"": 0.0, ""MSI"": 0.0, ""PSI"": 0.0, ""JER"": 0.0, ""BKA"": 0.0, ""DPR"": 0.0, ""LCA"": 0.0}","{""POI"": 0.0966, ""NPO"": 0.795, ""IMA"": 0.0, ""MSI"": 0.0, ""PSI"": 0.0, ""JER"": 0.0, ""BKA"": 0.0, ""DPR"": 0.0, ""LCA"": 0.0}"
NPO_BATCH1_invoice_51109305.pdf,invoice_51109305.pdf,EFDI Batch 1 Invoices (Full 100 Documents),NPO,FACT: Non-PO commercial vendor invoice without purchase order reference,1,1009,NPO,0.68,True,9,invoice number pattern; phrase 'invoice no'; word 'invoice'; phrase 'bill to / client'; word 'vendor / seller'; term 'GSTIN'; term 'Tax Id'; phrase 'date of issue'; phrase 'amount due / total summary',NPO,0.7083,True,4,[LAYOUT] Invoice Number structured in header metadata band (p1: INVOICE_LABEL_VALUE_IN_HEADER); [LAYOUT] GSTIN / Tax ID tax registration in header band (p1: GSTIN_TAX_ID_IN_HEADER); [LAYOUT] GSTIN / Tax ID tax registration in header band (p1: GSTIN_TAX_ID_IN_HEADER); [LAYOUT] Vendor Invoice header without Purchase Order reference (p1: NPO_PURE_INVOICE_HEADER),NPO,0.795,True,13,[TEXT] invoice number pattern; [TEXT] phrase 'invoice no'; [TEXT] word 'invoice'; [TEXT] phrase 'bill to / client'; [TEXT] word 'vendor / seller'; [TEXT] term 'GSTIN'; [TEXT] term 'Tax Id'; [TEXT] phrase 'date of issue'; [TEXT] phrase 'amount due / total summary'; [LAYOUT] Invoice Number structured in header metadata band (p1: INVOICE_LABEL_VALUE_IN_HEADER); [LAYOUT] GSTIN / Tax ID tax registration in header band (p1: GSTIN_TAX_ID_IN_HEADER); [LAYOUT] GSTIN / Tax ID tax registration in header band (p1: GSTIN_TAX_ID_IN_HEADER); [LAYOUT] Vendor Invoice header without Purchase Order reference (p1: NPO_PURE_INVOICE_HEADER),9,4,[TEXT] invoice number pattern; [TEXT] phrase 'invoice no'; [TEXT] word 'invoice'; [TEXT] phrase 'bill to / client'; [TEXT] word 'vendor / seller'; [TEXT] term 'GSTIN'; [TEXT] term 'Tax Id'; [TEXT] phrase 'date of issue'; [TEXT] phrase 'amount due / total summary',[LAYOUT] Invoice Number structured in header metadata band (p1: INVOICE_LABEL_VALUE_IN_HEADER); [LAYOUT] GSTIN / Tax ID tax registration in header band (p1: GSTIN_TAX_ID_IN_HEADER); [LAYOUT] GSTIN / Tax ID tax registration in header band (p1: GSTIN_TAX_ID_IN_HEADER); [LAYOUT] Vendor Invoice header without Purchase Order reference (p1: NPO_PURE_INVOICE_HEADER),False,0.115,"{""POI"": 0.1579, ""NPO"": 0.68, ""IMA"": 0.0, ""MSI"": 0.0, ""PSI"": 0.0, ""JER"": 0.0, ""BKA"": 0.0, ""DPR"": 0.0, ""LCA"": 0.0}","{""POI"": 0.3667, ""NPO"": 0.7083, ""IMA"": 0.0, ""MSI"": 0.0, ""PSI"": 0.0, ""JER"": 0.0, ""BKA"": 0.0, ""DPR"": 0.0, ""LCA"": 0.0}","{""POI"": 0.0966, ""NPO"": 0.795, ""IMA"": 0.0, ""MSI"": 0.0, ""PSI"": 0.0, ""JER"": 0.0, ""BKA"": 0.0, ""DPR"": 0.0, ""LCA"": 0.0}"
NPO_BATCH1_invoice_51109306.pdf,invoice_51109306.pdf,EFDI Batch 1 Invoices (Full 100 Documents),NPO,FACT: Non-PO commercial vendor invoice without purchase order reference,1,581,NPO,0.68,True,9,invoice number pattern; phrase 'invoice no'; word 'invoice'; phrase 'bill to / client'; word 'vendor / seller'; term 'GSTIN'; term 'Tax Id'; phrase 'date of issue'; phrase 'amount due / total summary',NPO,0.7083,True,4,[LAYOUT] Invoice Number structured in header metadata band (p1: INVOICE_LABEL_VALUE_IN_HEADER); [LAYOUT] GSTIN / Tax ID tax registration in header band (p1: GSTIN_TAX_ID_IN_HEADER); [LAYOUT] GSTIN / Tax ID tax registration in header band (p1: GSTIN_TAX_ID_IN_HEADER); [LAYOUT] Vendor Invoice header without Purchase Order reference (p1: NPO_PURE_INVOICE_HEADER),NPO,0.795,True,13,[TEXT] invoice number pattern; [TEXT] phrase 'invoice no'; [TEXT] word 'invoice'; [TEXT] phrase 'bill to / client'; [TEXT] word 'vendor / seller'; [TEXT] term 'GSTIN'; [TEXT] term 'Tax Id'; [TEXT] phrase 'date of issue'; [TEXT] phrase 'amount due / total summary'; [LAYOUT] Invoice Number structured in header metadata band (p1: INVOICE_LABEL_VALUE_IN_HEADER); [LAYOUT] GSTIN / Tax ID tax registration in header band (p1: GSTIN_TAX_ID_IN_HEADER); [LAYOUT] GSTIN / Tax ID tax registration in header band (p1: GSTIN_TAX_ID_IN_HEADER); [LAYOUT] Vendor Invoice header without Purchase Order reference (p1: NPO_PURE_INVOICE_HEADER),9,4,[TEXT] invoice number pattern; [TEXT] phrase 'invoice no'; [TEXT] word 'invoice'; [TEXT] phrase 'bill to / client'; [TEXT] word 'vendor / seller'; [TEXT] term 'GSTIN'; [TEXT] term 'Tax Id'; [TEXT] phrase 'date of issue'; [TEXT] phrase 'amount due / total summary',[LAYOUT] Invoice Number structured in header metadata band (p1: INVOICE_LABEL_VALUE_IN_HEADER); [LAYOUT] GSTIN / Tax ID tax registration in header band (p1: GSTIN_TAX_ID_IN_HEADER); [LAYOUT] GSTIN / Tax ID tax registration in header band (p1: GSTIN_TAX_ID_IN_HEADER); [LAYOUT] Vendor Invoice header without Purchase Order reference (p1: NPO_PURE_INVOICE_HEADER),False,0.115,"{""POI"": 0.1579, ""NPO"": 0.68, ""IMA"": 0.0, ""MSI"": 0.0, ""PSI"": 0.0, ""JER"": 0.0, ""BKA"": 0.0, ""DPR"": 0.0, ""LCA"": 0.0}","{""POI"": 0.3667, ""NPO"": 0.7083, ""IMA"": 0.0, ""MSI"": 0.0, ""PSI"": 0.0, ""JER"": 0.0, ""BKA"": 0.0, ""DPR"": 0.0, ""LCA"": 0.0}","{""POI"": 0.0966, ""NPO"": 0.795, ""IMA"": 0.0, ""MSI"": 0.0, ""PSI"": 0.0, ""JER"": 0.0, ""BKA"": 0.0, ""DPR"": 0.0, ""LCA"": 0.0}"
NPO_BATCH1_invoice_51109307.pdf,invoice_51109307.pdf,EFDI Batch 1 Invoices (Full 100 Documents),NPO,FACT: Non-PO commercial vendor invoice without purchase order reference,1,895,NPO,0.68,True,9,invoice number pattern; phrase 'invoice no'; word 'invoice'; phrase 'bill to / client'; word 'vendor / seller'; term 'GSTIN'; term 'Tax Id'; phrase 'date of issue'; phrase 'amount due / total summary',NPO,0.7083,True,4,[LAYOUT] Invoice Number structured in header metadata band (p1: INVOICE_LABEL_VALUE_IN_HEADER); [LAYOUT] GSTIN / Tax ID tax registration in header band (p1: GSTIN_TAX_ID_IN_HEADER); [LAYOUT] GSTIN / Tax ID tax registration in header band (p1: GSTIN_TAX_ID_IN_HEADER); [LAYOUT] Vendor Invoice header without Purchase Order reference (p1: NPO_PURE_INVOICE_HEADER),NPO,0.795,True,13,[TEXT] invoice number pattern; [TEXT] phrase 'invoice no'; [TEXT] word 'invoice'; [TEXT] phrase 'bill to / client'; [TEXT] word 'vendor / seller'; [TEXT] term 'GSTIN'; [TEXT] term 'Tax Id'; [TEXT] phrase 'date of issue'; [TEXT] phrase 'amount due / total summary'; [LAYOUT] Invoice Number structured in header metadata band (p1: INVOICE_LABEL_VALUE_IN_HEADER); [LAYOUT] GSTIN / Tax ID tax registration in header band (p1: GSTIN_TAX_ID_IN_HEADER); [LAYOUT] GSTIN / Tax ID tax registration in header band (p1: GSTIN_TAX_ID_IN_HEADER); [LAYOUT] Vendor Invoice header without Purchase Order reference (p1: NPO_PURE_INVOICE_HEADER),9,4,[TEXT] invoice number pattern; [TEXT] phrase 'invoice no'; [TEXT] word 'invoice'; [TEXT] phrase 'bill to / client'; [TEXT] word 'vendor / seller'; [TEXT] term 'GSTIN'; [TEXT] term 'Tax Id'; [TEXT] phrase 'date of issue'; [TEXT] phrase 'amount due / total summary',[LAYOUT] Invoice Number structured in header metadata band (p1: INVOICE_LABEL_VALUE_IN_HEADER); [LAYOUT] GSTIN / Tax ID tax registration in header band (p1: GSTIN_TAX_ID_IN_HEADER); [LAYOUT] GSTIN / Tax ID tax registration in header band (p1: GSTIN_TAX_ID_IN_HEADER); [LAYOUT] Vendor Invoice header without Purchase Order reference (p1: NPO_PURE_INVOICE_HEADER),False,0.115,"{""POI"": 0.1579, ""NPO"": 0.68, ""IMA"": 0.0, ""MSI"": 0.0, ""PSI"": 0.0, ""JER"": 0.0, ""BKA"": 0.0, ""DPR"": 0.0, ""LCA"": 0.0}","{""POI"": 0.3667, ""NPO"": 0.7083, ""IMA"": 0.0, ""MSI"": 0.0, ""PSI"": 0.0, ""JER"": 0.0, ""BKA"": 0.0, ""DPR"": 0.0, ""LCA"": 0.0}","{""POI"": 0.0966, ""NPO"": 0.795, ""IMA"": 0.0, ""MSI"": 0.0, ""PSI"": 0.0, ""JER"": 0.0, ""BKA"": 0.0, ""DPR"": 0.0, ""LCA"": 0.0}"
NPO_BATCH1_invoice_51109308.pdf,invoice_51109308.pdf,EFDI Batch 1 Invoices (Full 100 Documents),NPO,FACT: Non-PO commercial vendor invoice without purchase order reference,1,826,NPO,0.68,True,9,invoice number pattern; phrase 'invoice no'; word 'invoice'; phrase 'bill to / client'; word 'vendor / seller'; term 'GSTIN'; term 'Tax Id'; phrase 'date of issue'; phrase 'amount due / total summary',NPO,0.7083,True,4,[LAYOUT] Invoice Number structured in header metadata band (p1: INVOICE_LABEL_VALUE_IN_HEADER); [LAYOUT] GSTIN / Tax ID tax registration in header band (p1: GSTIN_TAX_ID_IN_HEADER); [LAYOUT] GSTIN / Tax ID tax registration in header band (p1: GSTIN_TAX_ID_IN_HEADER); [LAYOUT] Vendor Invoice header without Purchase Order reference (p1: NPO_PURE_INVOICE_HEADER),NPO,0.795,True,13,[TEXT] invoice number pattern; [TEXT] phrase 'invoice no'; [TEXT] word 'invoice'; [TEXT] phrase 'bill to / client'; [TEXT] word 'vendor / seller'; [TEXT] term 'GSTIN'; [TEXT] term 'Tax Id'; [TEXT] phrase 'date of issue'; [TEXT] phrase 'amount due / total summary'; [LAYOUT] Invoice Number structured in header metadata band (p1: INVOICE_LABEL_VALUE_IN_HEADER); [LAYOUT] GSTIN / Tax ID tax registration in header band (p1: GSTIN_TAX_ID_IN_HEADER); [LAYOUT] GSTIN / Tax ID tax registration in header band (p1: GSTIN_TAX_ID_IN_HEADER); [LAYOUT] Vendor Invoice header without Purchase Order reference (p1: NPO_PURE_INVOICE_HEADER),9,4,[TEXT] invoice number pattern; [TEXT] phrase 'invoice no'; [TEXT] word 'invoice'; [TEXT] phrase 'bill to / client'; [TEXT] word 'vendor / seller'; [TEXT] term 'GSTIN'; [TEXT] term 'Tax Id'; [TEXT] phrase 'date of issue'; [TEXT] phrase 'amount due / total summary',[LAYOUT] Invoice Number structured in header metadata band (p1: INVOICE_LABEL_VALUE_IN_HEADER); [LAYOUT] GSTIN / Tax ID tax registration in header band (p1: GSTIN_TAX_ID_IN_HEADER); [LAYOUT] GSTIN / Tax ID tax registration in header band (p1: GSTIN_TAX_ID_IN_HEADER); [LAYOUT] Vendor Invoice header without Purchase Order reference (p1: NPO_PURE_INVOICE_HEADER),False,0.115,"{""POI"": 0.1579, ""NPO"": 0.68, ""IMA"": 0.0, ""MSI"": 0.0, ""PSI"": 0.0, ""JER"": 0.0, ""BKA"": 0.0, ""DPR"": 0.0, ""LCA"": 0.0}","{""POI"": 0.3667, ""NPO"": 0.7083, ""IMA"": 0.0, ""MSI"": 0.0, ""PSI"": 0.0, ""JER"": 0.0, ""BKA"": 0.0, ""DPR"": 0.0, ""LCA"": 0.0}","{""POI"": 0.0966, ""NPO"": 0.795, ""IMA"": 0.0, ""MSI"": 0.0, ""PSI"": 0.0, ""JER"": 0.0, ""BKA"": 0.0, ""DPR"": 0.0, ""LCA"": 0.0}"
NPO_BATCH1_invoice_51109309.pdf,invoice_51109309.pdf,EFDI Batch 1 Invoices (Full 100 Documents),NPO,FACT: Non-PO commercial vendor invoice without purchase order reference,1,568,NPO,0.68,True,9,invoice number pattern; phrase 'invoice no'; word 'invoice'; phrase 'bill to / client'; word 'vendor / seller'; term 'GSTIN'; term 'Tax Id'; phrase 'date of issue'; phrase 'amount due / total summary',NPO,0.7083,True,4,[LAYOUT] Invoice Number structured in header metadata band (p1: INVOICE_LABEL_VALUE_IN_HEADER); [LAYOUT] GSTIN / Tax ID tax registration in header band (p1: GSTIN_TAX_ID_IN_HEADER); [LAYOUT] GSTIN / Tax ID tax registration in header band (p1: GSTIN_TAX_ID_IN_HEADER); [LAYOUT] Vendor Invoice header without Purchase Order reference (p1: NPO_PURE_INVOICE_HEADER),NPO,0.795,True,13,[TEXT] invoice number pattern; [TEXT] phrase 'invoice no'; [TEXT] word 'invoice'; [TEXT] phrase 'bill to / client'; [TEXT] word 'vendor / seller'; [TEXT] term 'GSTIN'; [TEXT] term 'Tax Id'; [TEXT] phrase 'date of issue'; [TEXT] phrase 'amount due / total summary'; [LAYOUT] Invoice Number structured in header metadata band (p1: INVOICE_LABEL_VALUE_IN_HEADER); [LAYOUT] GSTIN / Tax ID tax registration in header band (p1: GSTIN_TAX_ID_IN_HEADER); [LAYOUT] GSTIN / Tax ID tax registration in header band (p1: GSTIN_TAX_ID_IN_HEADER); [LAYOUT] Vendor Invoice header without Purchase Order reference (p1: NPO_PURE_INVOICE_HEADER),9,4,[TEXT] invoice number pattern; [TEXT] phrase 'invoice no'; [TEXT] word 'invoice'; [TEXT] phrase 'bill to / client'; [TEXT] word 'vendor / seller'; [TEXT] term 'GSTIN'; [TEXT] term 'Tax Id'; [TEXT] phrase 'date of issue'; [TEXT] phrase 'amount due / total summary',[LAYOUT] Invoice Number structured in header metadata band (p1: INVOICE_LABEL_VALUE_IN_HEADER); [LAYOUT] GSTIN / Tax ID tax registration in header band (p1: GSTIN_TAX_ID_IN_HEADER); [LAYOUT] GSTIN / Tax ID tax registration in header band (p1: GSTIN_TAX_ID_IN_HEADER); [LAYOUT] Vendor Invoice header without Purchase Order reference (p1: NPO_PURE_INVOICE_HEADER),False,0.115,"{""POI"": 0.1579, ""NPO"": 0.68, ""IMA"": 0.0, ""MSI"": 0.0, ""PSI"": 0.0, ""JER"": 0.0, ""BKA"": 0.0, ""DPR"": 0.0, ""LCA"": 0.0}","{""POI"": 0.3667, ""NPO"": 0.7083, ""IMA"": 0.0, ""MSI"": 0.0, ""PSI"": 0.0, ""JER"": 0.0, ""BKA"": 0.0, ""DPR"": 0.0, ""LCA"": 0.0}","{""POI"": 0.0966, ""NPO"": 0.795, ""IMA"": 0.0, ""MSI"": 0.0, ""PSI"": 0.0, ""JER"": 0.0, ""BKA"": 0.0, ""DPR"": 0.0, ""LCA"": 0.0}"
NPO_BATCH1_invoice_51109310.pdf,invoice_51109310.pdf,EFDI Batch 1 Invoices (Full 100 Documents),NPO,FACT: Non-PO commercial vendor invoice without purchase order reference,1,821,NPO,0.68,True,9,invoice number pattern; phrase 'invoice no'; word 'invoice'; phrase 'bill to / client'; word 'vendor / seller'; term 'GSTIN'; term 'Tax Id'; phrase 'date of issue'; phrase 'amount due / total summary',NPO,0.7083,True,4,[LAYOUT] Invoice Number structured in header metadata band (p1: INVOICE_LABEL_VALUE_IN_HEADER); [LAYOUT] GSTIN / Tax ID tax registration in header band (p1: GSTIN_TAX_ID_IN_HEADER); [LAYOUT] GSTIN / Tax ID tax registration in header band (p1: GSTIN_TAX_ID_IN_HEADER); [LAYOUT] Vendor Invoice header without Purchase Order reference (p1: NPO_PURE_INVOICE_HEADER),NPO,0.795,True,13,[TEXT] invoice number pattern; [TEXT] phrase 'invoice no'; [TEXT] word 'invoice'; [TEXT] phrase 'bill to / client'; [TEXT] word 'vendor / seller'; [TEXT] term 'GSTIN'; [TEXT] term 'Tax Id'; [TEXT] phrase 'date of issue'; [TEXT] phrase 'amount due / total summary'; [LAYOUT] Invoice Number structured in header metadata band (p1: INVOICE_LABEL_VALUE_IN_HEADER); [LAYOUT] GSTIN / Tax ID tax registration in header band (p1: GSTIN_TAX_ID_IN_HEADER); [LAYOUT] GSTIN / Tax ID tax registration in header band (p1: GSTIN_TAX_ID_IN_HEADER); [LAYOUT] Vendor Invoice header without Purchase Order reference (p1: NPO_PURE_INVOICE_HEADER),9,4,[TEXT] invoice number pattern; [TEXT] phrase 'invoice no'; [TEXT] word 'invoice'; [TEXT] phrase 'bill to / client'; [TEXT] word 'vendor / seller'; [TEXT] term 'GSTIN'; [TEXT] term 'Tax Id'; [TEXT] phrase 'date of issue'; [TEXT] phrase 'amount due / total summary',[LAYOUT] Invoice Number structured in header metadata band (p1: INVOICE_LABEL_VALUE_IN_HEADER); [LAYOUT] GSTIN / Tax ID tax registration in header band (p1: GSTIN_TAX_ID_IN_HEADER); [LAYOUT] GSTIN / Tax ID tax registration in header band (p1: GSTIN_TAX_ID_IN_HEADER); [LAYOUT] Vendor Invoice header without Purchase Order reference (p1: NPO_PURE_INVOICE_HEADER),False,0.115,"{""POI"": 0.1579, ""NPO"": 0.68, ""IMA"": 0.0, ""MSI"": 0.0, ""PSI"": 0.0, ""JER"": 0.0, ""BKA"": 0.0, ""DPR"": 0.0, ""LCA"": 0.0}","{""POI"": 0.3667, ""NPO"": 0.7083, ""IMA"": 0.0, ""MSI"": 0.0, ""PSI"": 0.0, ""JER"": 0.0, ""BKA"": 0.0, ""DPR"": 0.0, ""LCA"": 0.0}","{""POI"": 0.0966, ""NPO"": 0.795, ""IMA"": 0.0, ""MSI"": 0.0, ""PSI"": 0.0, ""JER"": 0.0, ""BKA"": 0.0, ""DPR"": 0.0, ""LCA"": 0.0}"
NPO_BATCH1_invoice_51109311.pdf,invoice_51109311.pdf,EFDI Batch 1 Invoices (Full 100 Documents),NPO,FACT: Non-PO commercial vendor invoice without purchase order reference,1,580,NPO,0.68,True,9,invoice number pattern; phrase 'invoice no'; word 'invoice'; phrase 'bill to / client'; word 'vendor / seller'; term 'GSTIN'; term 'Tax Id'; phrase 'date of issue'; phrase 'amount due / total summary',NPO,0.7083,True,4,[LAYOUT] Invoice Number structured in header metadata band (p1: INVOICE_LABEL_VALUE_IN_HEADER); [LAYOUT] GSTIN / Tax ID tax registration in header band (p1: GSTIN_TAX_ID_IN_HEADER); [LAYOUT] GSTIN / Tax ID tax registration in header band (p1: GSTIN_TAX_ID_IN_HEADER); [LAYOUT] Vendor Invoice header without Purchase Order reference (p1: NPO_PURE_INVOICE_HEADER),NPO,0.795,True,13,[TEXT] invoice number pattern; [TEXT] phrase 'invoice no'; [TEXT] word 'invoice'; [TEXT] phrase 'bill to / client'; [TEXT] word 'vendor / seller'; [TEXT] term 'GSTIN'; [TEXT] term 'Tax Id'; [TEXT] phrase 'date of issue'; [TEXT] phrase 'amount due / total summary'; [LAYOUT] Invoice Number structured in header metadata band (p1: INVOICE_LABEL_VALUE_IN_HEADER); [LAYOUT] GSTIN / Tax ID tax registration in header band (p1: GSTIN_TAX_ID_IN_HEADER); [LAYOUT] GSTIN / Tax ID tax registration in header band (p1: GSTIN_TAX_ID_IN_HEADER); [LAYOUT] Vendor Invoice header without Purchase Order reference (p1: NPO_PURE_INVOICE_HEADER),9,4,[TEXT] invoice number pattern; [TEXT] phrase 'invoice no'; [TEXT] word 'invoice'; [TEXT] phrase 'bill to / client'; [TEXT] word 'vendor / seller'; [TEXT] term 'GSTIN'; [TEXT] term 'Tax Id'; [TEXT] phrase 'date of issue'; [TEXT] phrase 'amount due / total summary',[LAYOUT] Invoice Number structured in header metadata band (p1: INVOICE_LABEL_VALUE_IN_HEADER); [LAYOUT] GSTIN / Tax ID tax registration in header band (p1: GSTIN_TAX_ID_IN_HEADER); [LAYOUT] GSTIN / Tax ID tax registration in header band (p1: GSTIN_TAX_ID_IN_HEADER); [LAYOUT] Vendor Invoice header without Purchase Order reference (p1: NPO_PURE_INVOICE_HEADER),False,0.115,"{""POI"": 0.1579, ""NPO"": 0.68, ""IMA"": 0.0, ""MSI"": 0.0, ""PSI"": 0.0, ""JER"": 0.0, ""BKA"": 0.0, ""DPR"": 0.0, ""LCA"": 0.0}","{""POI"": 0.3667, ""NPO"": 0.7083, ""IMA"": 0.0, ""MSI"": 0.0, ""PSI"": 0.0, ""JER"": 0.0, ""BKA"": 0.0, ""DPR"": 0.0, ""LCA"": 0.0}","{""POI"": 0.0966, ""NPO"": 0.795, ""IMA"": 0.0, ""MSI"": 0.0, ""PSI"": 0.0, ""JER"": 0.0, ""BKA"": 0.0, ""DPR"": 0.0, ""LCA"": 0.0}"
NPO_BATCH1_invoice_51109312.pdf,invoice_51109312.pdf,EFDI Batch 1 Invoices (Full 100 Documents),NPO,FACT: Non-PO commercial vendor invoice without purchase order reference,1,1061,NPO,0.68,True,9,invoice number pattern; phrase 'invoice no'; word 'invoice'; phrase 'bill to / client'; word 'vendor / seller'; term 'GSTIN'; term 'Tax Id'; phrase 'date of issue'; phrase 'amount due / total summary',NPO,0.7083,True,4,[LAYOUT] Invoice Number structured in header metadata band (p1: INVOICE_LABEL_VALUE_IN_HEADER); [LAYOUT] GSTIN / Tax ID tax registration in header band (p1: GSTIN_TAX_ID_IN_HEADER); [LAYOUT] GSTIN / Tax ID tax registration in header band (p1: GSTIN_TAX_ID_IN_HEADER); [LAYOUT] Vendor Invoice header without Purchase Order reference (p1: NPO_PURE_INVOICE_HEADER),NPO,0.795,True,13,[TEXT] invoice number pattern; [TEXT] phrase 'invoice no'; [TEXT] word 'invoice'; [TEXT] phrase 'bill to / client'; [TEXT] word 'vendor / seller'; [TEXT] term 'GSTIN'; [TEXT] term 'Tax Id'; [TEXT] phrase 'date of issue'; [TEXT] phrase 'amount due / total summary'; [LAYOUT] Invoice Number structured in header metadata band (p1: INVOICE_LABEL_VALUE_IN_HEADER); [LAYOUT] GSTIN / Tax ID tax registration in header band (p1: GSTIN_TAX_ID_IN_HEADER); [LAYOUT] GSTIN / Tax ID tax registration in header band (p1: GSTIN_TAX_ID_IN_HEADER); [LAYOUT] Vendor Invoice header without Purchase Order reference (p1: NPO_PURE_INVOICE_HEADER),9,4,[TEXT] invoice number pattern; [TEXT] phrase 'invoice no'; [TEXT] word 'invoice'; [TEXT] phrase 'bill to / client'; [TEXT] word 'vendor / seller'; [TEXT] term 'GSTIN'; [TEXT] term 'Tax Id'; [TEXT] phrase 'date of issue'; [TEXT] phrase 'amount due / total summary',[LAYOUT] Invoice Number structured in header metadata band (p1: INVOICE_LABEL_VALUE_IN_HEADER); [LAYOUT] GSTIN / Tax ID tax registration in header band (p1: GSTIN_TAX_ID_IN_HEADER); [LAYOUT] GSTIN / Tax ID tax registration in header band (p1: GSTIN_TAX_ID_IN_HEADER); [LAYOUT] Vendor Invoice header without Purchase Order reference (p1: NPO_PURE_INVOICE_HEADER),False,0.115,"{""POI"": 0.1579, ""NPO"": 0.68, ""IMA"": 0.0, ""MSI"": 0.0, ""PSI"": 0.0, ""JER"": 0.0, ""BKA"": 0.0, ""DPR"": 0.0, ""LCA"": 0.0}","{""POI"": 0.3667, ""NPO"": 0.7083, ""IMA"": 0.0, ""MSI"": 0.0, ""PSI"": 0.0, ""JER"": 0.0, ""BKA"": 0.0, ""DPR"": 0.0, ""LCA"": 0.0}","{""POI"": 0.0966, ""NPO"": 0.795, ""IMA"": 0.0, ""MSI"": 0.0, ""PSI"": 0.0, ""JER"": 0.0, ""BKA"": 0.0, ""DPR"": 0.0, ""LCA"": 0.0}"
NPO_BATCH1_invoice_51109313.pdf,invoice_51109313.pdf,EFDI Batch 1 Invoices (Full 100 Documents),NPO,FACT: Non-PO commercial vendor invoice without purchase order reference,1,1171,NPO,0.68,True,9,invoice number pattern; phrase 'invoice no'; word 'invoice'; phrase 'bill to / client'; word 'vendor / seller'; term 'GSTIN'; term 'Tax Id'; phrase 'date of issue'; phrase 'amount due / total summary',NPO,0.7083,True,4,[LAYOUT] Invoice Number structured in header metadata band (p1: INVOICE_LABEL_VALUE_IN_HEADER); [LAYOUT] GSTIN / Tax ID tax registration in header band (p1: GSTIN_TAX_ID_IN_HEADER); [LAYOUT] GSTIN / Tax ID tax registration in header band (p1: GSTIN_TAX_ID_IN_HEADER); [LAYOUT] Vendor Invoice header without Purchase Order reference (p1: NPO_PURE_INVOICE_HEADER),NPO,0.795,True,13,[TEXT] invoice number pattern; [TEXT] phrase 'invoice no'; [TEXT] word 'invoice'; [TEXT] phrase 'bill to / client'; [TEXT] word 'vendor / seller'; [TEXT] term 'GSTIN'; [TEXT] term 'Tax Id'; [TEXT] phrase 'date of issue'; [TEXT] phrase 'amount due / total summary'; [LAYOUT] Invoice Number structured in header metadata band (p1: INVOICE_LABEL_VALUE_IN_HEADER); [LAYOUT] GSTIN / Tax ID tax registration in header band (p1: GSTIN_TAX_ID_IN_HEADER); [LAYOUT] GSTIN / Tax ID tax registration in header band (p1: GSTIN_TAX_ID_IN_HEADER); [LAYOUT] Vendor Invoice header without Purchase Order reference (p1: NPO_PURE_INVOICE_HEADER),9,4,[TEXT] invoice number pattern; [TEXT] phrase 'invoice no'; [TEXT] word 'invoice'; [TEXT] phrase 'bill to / client'; [TEXT] word 'vendor / seller'; [TEXT] term 'GSTIN'; [TEXT] term 'Tax Id'; [TEXT] phrase 'date of issue'; [TEXT] phrase 'amount due / total summary',[LAYOUT] Invoice Number structured in header metadata band (p1: INVOICE_LABEL_VALUE_IN_HEADER); [LAYOUT] GSTIN / Tax ID tax registration in header band (p1: GSTIN_TAX_ID_IN_HEADER); [LAYOUT] GSTIN / Tax ID tax registration in header band (p1: GSTIN_TAX_ID_IN_HEADER); [LAYOUT] Vendor Invoice header without Purchase Order reference (p1: NPO_PURE_INVOICE_HEADER),False,0.115,"{""POI"": 0.1579, ""NPO"": 0.68, ""IMA"": 0.0, ""MSI"": 0.0, ""PSI"": 0.0, ""JER"": 0.0, ""BKA"": 0.0, ""DPR"": 0.0, ""LCA"": 0.0}","{""POI"": 0.3667, ""NPO"": 0.7083, ""IMA"": 0.0, ""MSI"": 0.0, ""PSI"": 0.0, ""JER"": 0.0, ""BKA"": 0.0, ""DPR"": 0.0, ""LCA"": 0.0}","{""POI"": 0.0966, ""NPO"": 0.795, ""IMA"": 0.0, ""MSI"": 0.0, ""PSI"": 0.0, ""JER"": 0.0, ""BKA"": 0.0, ""DPR"": 0.0, ""LCA"": 0.0}"
NPO_BATCH1_invoice_51109314.pdf,invoice_51109314.pdf,EFDI Batch 1 Invoices (Full 100 Documents),NPO,FACT: Non-PO commercial vendor invoice without purchase order reference,1,665,NPO,0.68,True,9,invoice number pattern; phrase 'invoice no'; word 'invoice'; phrase 'bill to / client'; word 'vendor / seller'; term 'GSTIN'; term 'Tax Id'; phrase 'date of issue'; phrase 'amount due / total summary',NPO,0.7083,True,4,[LAYOUT] Invoice Number structured in header metadata band (p1: INVOICE_LABEL_VALUE_IN_HEADER); [LAYOUT] GSTIN / Tax ID tax registration in header band (p1: GSTIN_TAX_ID_IN_HEADER); [LAYOUT] GSTIN / Tax ID tax registration in header band (p1: GSTIN_TAX_ID_IN_HEADER); [LAYOUT] Vendor Invoice header without Purchase Order reference (p1: NPO_PURE_INVOICE_HEADER),NPO,0.795,True,13,[TEXT] invoice number pattern; [TEXT] phrase 'invoice no'; [TEXT] word 'invoice'; [TEXT] phrase 'bill to / client'; [TEXT] word 'vendor / seller'; [TEXT] term 'GSTIN'; [TEXT] term 'Tax Id'; [TEXT] phrase 'date of issue'; [TEXT] phrase 'amount due / total summary'; [LAYOUT] Invoice Number structured in header metadata band (p1: INVOICE_LABEL_VALUE_IN_HEADER); [LAYOUT] GSTIN / Tax ID tax registration in header band (p1: GSTIN_TAX_ID_IN_HEADER); [LAYOUT] GSTIN / Tax ID tax registration in header band (p1: GSTIN_TAX_ID_IN_HEADER); [LAYOUT] Vendor Invoice header without Purchase Order reference (p1: NPO_PURE_INVOICE_HEADER),9,4,[TEXT] invoice number pattern; [TEXT] phrase 'invoice no'; [TEXT] word 'invoice'; [TEXT] phrase 'bill to / client'; [TEXT] word 'vendor / seller'; [TEXT] term 'GSTIN'; [TEXT] term 'Tax Id'; [TEXT] phrase 'date of issue'; [TEXT] phrase 'amount due / total summary',[LAYOUT] Invoice Number structured in header metadata band (p1: INVOICE_LABEL_VALUE_IN_HEADER); [LAYOUT] GSTIN / Tax ID tax registration in header band (p1: GSTIN_TAX_ID_IN_HEADER); [LAYOUT] GSTIN / Tax ID tax registration in header band (p1: GSTIN_TAX_ID_IN_HEADER); [LAYOUT] Vendor Invoice header without Purchase Order reference (p1: NPO_PURE_INVOICE_HEADER),False,0.115,"{""POI"": 0.1579, ""NPO"": 0.68, ""IMA"": 0.0, ""MSI"": 0.0, ""PSI"": 0.0, ""JER"": 0.0, ""BKA"": 0.0, ""DPR"": 0.0, ""LCA"": 0.0}","{""POI"": 0.3667, ""NPO"": 0.7083, ""IMA"": 0.0, ""MSI"": 0.0, ""PSI"": 0.0, ""JER"": 0.0, ""BKA"": 0.0, ""DPR"": 0.0, ""LCA"": 0.0}","{""POI"": 0.0966, ""NPO"": 0.795, ""IMA"": 0.0, ""MSI"": 0.0, ""PSI"": 0.0, ""JER"": 0.0, ""BKA"": 0.0, ""DPR"": 0.0, ""LCA"": 0.0}"
NPO_BATCH1_invoice_51109315.pdf,invoice_51109315.pdf,EFDI Batch 1 Invoices (Full 100 Documents),NPO,FACT: Non-PO commercial vendor invoice without purchase order reference,1,1174,NPO,0.68,True,9,invoice number pattern; phrase 'invoice no'; word 'invoice'; phrase 'bill to / client'; word 'vendor / seller'; term 'GSTIN'; term 'Tax Id'; phrase 'date of issue'; phrase 'amount due / total summary',NPO,0.7083,True,4,[LAYOUT] Invoice Number structured in header metadata band (p1: INVOICE_LABEL_VALUE_IN_HEADER); [LAYOUT] GSTIN / Tax ID tax registration in header band (p1: GSTIN_TAX_ID_IN_HEADER); [LAYOUT] GSTIN / Tax ID tax registration in header band (p1: GSTIN_TAX_ID_IN_HEADER); [LAYOUT] Vendor Invoice header without Purchase Order reference (p1: NPO_PURE_INVOICE_HEADER),NPO,0.795,True,13,[TEXT] invoice number pattern; [TEXT] phrase 'invoice no'; [TEXT] word 'invoice'; [TEXT] phrase 'bill to / client'; [TEXT] word 'vendor / seller'; [TEXT] term 'GSTIN'; [TEXT] term 'Tax Id'; [TEXT] phrase 'date of issue'; [TEXT] phrase 'amount due / total summary'; [LAYOUT] Invoice Number structured in header metadata band (p1: INVOICE_LABEL_VALUE_IN_HEADER); [LAYOUT] GSTIN / Tax ID tax registration in header band (p1: GSTIN_TAX_ID_IN_HEADER); [LAYOUT] GSTIN / Tax ID tax registration in header band (p1: GSTIN_TAX_ID_IN_HEADER); [LAYOUT] Vendor Invoice header without Purchase Order reference (p1: NPO_PURE_INVOICE_HEADER),9,4,[TEXT] invoice number pattern; [TEXT] phrase 'invoice no'; [TEXT] word 'invoice'; [TEXT] phrase 'bill to / client'; [TEXT] word 'vendor / seller'; [TEXT] term 'GSTIN'; [TEXT] term 'Tax Id'; [TEXT] phrase 'date of issue'; [TEXT] phrase 'amount due / total summary',[LAYOUT] Invoice Number structured in header metadata band (p1: INVOICE_LABEL_VALUE_IN_HEADER); [LAYOUT] GSTIN / Tax ID tax registration in header band (p1: GSTIN_TAX_ID_IN_HEADER); [LAYOUT] GSTIN / Tax ID tax registration in header band (p1: GSTIN_TAX_ID_IN_HEADER); [LAYOUT] Vendor Invoice header without Purchase Order reference (p1: NPO_PURE_INVOICE_HEADER),False,0.115,"{""POI"": 0.1579, ""NPO"": 0.68, ""IMA"": 0.0, ""MSI"": 0.0, ""PSI"": 0.0, ""JER"": 0.0, ""BKA"": 0.0, ""DPR"": 0.0, ""LCA"": 0.0}","{""POI"": 0.3667, ""NPO"": 0.7083, ""IMA"": 0.0, ""MSI"": 0.0, ""PSI"": 0.0, ""JER"": 0.0, ""BKA"": 0.0, ""DPR"": 0.0, ""LCA"": 0.0}","{""POI"": 0.0966, ""NPO"": 0.795, ""IMA"": 0.0, ""MSI"": 0.0, ""PSI"": 0.0, ""JER"": 0.0, ""BKA"": 0.0, ""DPR"": 0.0, ""LCA"": 0.0}"
NPO_BATCH1_invoice_51109316.pdf,invoice_51109316.pdf,EFDI Batch 1 Invoices (Full 100 Documents),NPO,FACT: Non-PO commercial vendor invoice without purchase order reference,1,662,NPO,0.68,True,9,invoice number pattern; phrase 'invoice no'; word 'invoice'; phrase 'bill to / client'; word 'vendor / seller'; term 'GSTIN'; term 'Tax Id'; phrase 'date of issue'; phrase 'amount due / total summary',NPO,0.7083,True,4,[LAYOUT] Invoice Number structured in header metadata band (p1: INVOICE_LABEL_VALUE_IN_HEADER); [LAYOUT] GSTIN / Tax ID tax registration in header band (p1: GSTIN_TAX_ID_IN_HEADER); [LAYOUT] GSTIN / Tax ID tax registration in header band (p1: GSTIN_TAX_ID_IN_HEADER); [LAYOUT] Vendor Invoice header without Purchase Order reference (p1: NPO_PURE_INVOICE_HEADER),NPO,0.795,True,13,[TEXT] invoice number pattern; [TEXT] phrase 'invoice no'; [TEXT] word 'invoice'; [TEXT] phrase 'bill to / client'; [TEXT] word 'vendor / seller'; [TEXT] term 'GSTIN'; [TEXT] term 'Tax Id'; [TEXT] phrase 'date of issue'; [TEXT] phrase 'amount due / total summary'; [LAYOUT] Invoice Number structured in header metadata band (p1: INVOICE_LABEL_VALUE_IN_HEADER); [LAYOUT] GSTIN / Tax ID tax registration in header band (p1: GSTIN_TAX_ID_IN_HEADER); [LAYOUT] GSTIN / Tax ID tax registration in header band (p1: GSTIN_TAX_ID_IN_HEADER); [LAYOUT] Vendor Invoice header without Purchase Order reference (p1: NPO_PURE_INVOICE_HEADER),9,4,[TEXT] invoice number pattern; [TEXT] phrase 'invoice no'; [TEXT] word 'invoice'; [TEXT] phrase 'bill to / client'; [TEXT] word 'vendor / seller'; [TEXT] term 'GSTIN'; [TEXT] term 'Tax Id'; [TEXT] phrase 'date of issue'; [TEXT] phrase 'amount due / total summary',[LAYOUT] Invoice Number structured in header metadata band (p1: INVOICE_LABEL_VALUE_IN_HEADER); [LAYOUT] GSTIN / Tax ID tax registration in header band (p1: GSTIN_TAX_ID_IN_HEADER); [LAYOUT] GSTIN / Tax ID tax registration in header band (p1: GSTIN_TAX_ID_IN_HEADER); [LAYOUT] Vendor Invoice header without Purchase Order reference (p1: NPO_PURE_INVOICE_HEADER),False,0.115,"{""POI"": 0.1579, ""NPO"": 0.68, ""IMA"": 0.0, ""MSI"": 0.0, ""PSI"": 0.0, ""JER"": 0.0, ""BKA"": 0.0, ""DPR"": 0.0, ""LCA"": 0.0}","{""POI"": 0.3667, ""NPO"": 0.7083, ""IMA"": 0.0, ""MSI"": 0.0, ""PSI"": 0.0, ""JER"": 0.0, ""BKA"": 0.0, ""DPR"": 0.0, ""LCA"": 0.0}","{""POI"": 0.0966, ""NPO"": 0.795, ""IMA"": 0.0, ""MSI"": 0.0, ""PSI"": 0.0, ""JER"": 0.0, ""BKA"": 0.0, ""DPR"": 0.0, ""LCA"": 0.0}"
NPO_BATCH1_invoice_51109317.pdf,invoice_51109317.pdf,EFDI Batch 1 Invoices (Full 100 Documents),NPO,FACT: Non-PO commercial vendor invoice without purchase order reference,1,926,NPO,0.68,True,9,invoice number pattern; phrase 'invoice no'; word 'invoice'; phrase 'bill to / client'; word 'vendor / seller'; term 'GSTIN'; term 'Tax Id'; phrase 'date of issue'; phrase 'amount due / total summary',NPO,0.7083,True,4,[LAYOUT] Invoice Number structured in header metadata band (p1: INVOICE_LABEL_VALUE_IN_HEADER); [LAYOUT] GSTIN / Tax ID tax registration in header band (p1: GSTIN_TAX_ID_IN_HEADER); [LAYOUT] GSTIN / Tax ID tax registration in header band (p1: GSTIN_TAX_ID_IN_HEADER); [LAYOUT] Vendor Invoice header without Purchase Order reference (p1: NPO_PURE_INVOICE_HEADER),NPO,0.795,True,13,[TEXT] invoice number pattern; [TEXT] phrase 'invoice no'; [TEXT] word 'invoice'; [TEXT] phrase 'bill to / client'; [TEXT] word 'vendor / seller'; [TEXT] term 'GSTIN'; [TEXT] term 'Tax Id'; [TEXT] phrase 'date of issue'; [TEXT] phrase 'amount due / total summary'; [LAYOUT] Invoice Number structured in header metadata band (p1: INVOICE_LABEL_VALUE_IN_HEADER); [LAYOUT] GSTIN / Tax ID tax registration in header band (p1: GSTIN_TAX_ID_IN_HEADER); [LAYOUT] GSTIN / Tax ID tax registration in header band (p1: GSTIN_TAX_ID_IN_HEADER); [LAYOUT] Vendor Invoice header without Purchase Order reference (p1: NPO_PURE_INVOICE_HEADER),9,4,[TEXT] invoice number pattern; [TEXT] phrase 'invoice no'; [TEXT] word 'invoice'; [TEXT] phrase 'bill to / client'; [TEXT] word 'vendor / seller'; [TEXT] term 'GSTIN'; [TEXT] term 'Tax Id'; [TEXT] phrase 'date of issue'; [TEXT] phrase 'amount due / total summary',[LAYOUT] Invoice Number structured in header metadata band (p1: INVOICE_LABEL_VALUE_IN_HEADER); [LAYOUT] GSTIN / Tax ID tax registration in header band (p1: GSTIN_TAX_ID_IN_HEADER); [LAYOUT] GSTIN / Tax ID tax registration in header band (p1: GSTIN_TAX_ID_IN_HEADER); [LAYOUT] Vendor Invoice header without Purchase Order reference (p1: NPO_PURE_INVOICE_HEADER),False,0.115,"{""POI"": 0.1579, ""NPO"": 0.68, ""IMA"": 0.0, ""MSI"": 0.0, ""PSI"": 0.0, ""JER"": 0.0, ""BKA"": 0.0, ""DPR"": 0.0, ""LCA"": 0.0}","{""POI"": 0.3667, ""NPO"": 0.7083, ""IMA"": 0.0, ""MSI"": 0.0, ""PSI"": 0.0, ""JER"": 0.0, ""BKA"": 0.0, ""DPR"": 0.0, ""LCA"": 0.0}","{""POI"": 0.0966, ""NPO"": 0.795, ""IMA"": 0.0, ""MSI"": 0.0, ""PSI"": 0.0, ""JER"": 0.0, ""BKA"": 0.0, ""DPR"": 0.0, ""LCA"": 0.0}"
NPO_BATCH1_invoice_51109318.pdf,invoice_51109318.pdf,EFDI Batch 1 Invoices (Full 100 Documents),NPO,FACT: Non-PO commercial vendor invoice without purchase order reference,1,580,NPO,0.68,True,9,invoice number pattern; phrase 'invoice no'; word 'invoice'; phrase 'bill to / client'; word 'vendor / seller'; term 'GSTIN'; term 'Tax Id'; phrase 'date of issue'; phrase 'amount due / total summary',NPO,0.7083,True,4,[LAYOUT] Invoice Number structured in header metadata band (p1: INVOICE_LABEL_VALUE_IN_HEADER); [LAYOUT] GSTIN / Tax ID tax registration in header band (p1: GSTIN_TAX_ID_IN_HEADER); [LAYOUT] GSTIN / Tax ID tax registration in header band (p1: GSTIN_TAX_ID_IN_HEADER); [LAYOUT] Vendor Invoice header without Purchase Order reference (p1: NPO_PURE_INVOICE_HEADER),NPO,0.795,True,13,[TEXT] invoice number pattern; [TEXT] phrase 'invoice no'; [TEXT] word 'invoice'; [TEXT] phrase 'bill to / client'; [TEXT] word 'vendor / seller'; [TEXT] term 'GSTIN'; [TEXT] term 'Tax Id'; [TEXT] phrase 'date of issue'; [TEXT] phrase 'amount due / total summary'; [LAYOUT] Invoice Number structured in header metadata band (p1: INVOICE_LABEL_VALUE_IN_HEADER); [LAYOUT] GSTIN / Tax ID tax registration in header band (p1: GSTIN_TAX_ID_IN_HEADER); [LAYOUT] GSTIN / Tax ID tax registration in header band (p1: GSTIN_TAX_ID_IN_HEADER); [LAYOUT] Vendor Invoice header without Purchase Order reference (p1: NPO_PURE_INVOICE_HEADER),9,4,[TEXT] invoice number pattern; [TEXT] phrase 'invoice no'; [TEXT] word 'invoice'; [TEXT] phrase 'bill to / client'; [TEXT] word 'vendor / seller'; [TEXT] term 'GSTIN'; [TEXT] term 'Tax Id'; [TEXT] phrase 'date of issue'; [TEXT] phrase 'amount due / total summary',[LAYOUT] Invoice Number structured in header metadata band (p1: INVOICE_LABEL_VALUE_IN_HEADER); [LAYOUT] GSTIN / Tax ID tax registration in header band (p1: GSTIN_TAX_ID_IN_HEADER); [LAYOUT] GSTIN / Tax ID tax registration in header band (p1: GSTIN_TAX_ID_IN_HEADER); [LAYOUT] Vendor Invoice header without Purchase Order reference (p1: NPO_PURE_INVOICE_HEADER),False,0.115,"{""POI"": 0.1579, ""NPO"": 0.68, ""IMA"": 0.0, ""MSI"": 0.0, ""PSI"": 0.0, ""JER"": 0.0, ""BKA"": 0.0, ""DPR"": 0.0, ""LCA"": 0.0}","{""POI"": 0.3667, ""NPO"": 0.7083, ""IMA"": 0.0, ""MSI"": 0.0, ""PSI"": 0.0, ""JER"": 0.0, ""BKA"": 0.0, ""DPR"": 0.0, ""LCA"": 0.0}","{""POI"": 0.0966, ""NPO"": 0.795, ""IMA"": 0.0, ""MSI"": 0.0, ""PSI"": 0.0, ""JER"": 0.0, ""BKA"": 0.0, ""DPR"": 0.0, ""LCA"": 0.0}"
NPO_BATCH1_invoice_51109319.pdf,invoice_51109319.pdf,EFDI Batch 1 Invoices (Full 100 Documents),NPO,FACT: Non-PO commercial vendor invoice without purchase order reference,1,646,NPO,0.68,True,9,invoice number pattern; phrase 'invoice no'; word 'invoice'; phrase 'bill to / client'; word 'vendor / seller'; term 'GSTIN'; term 'Tax Id'; phrase 'date of issue'; phrase 'amount due / total summary',NPO,0.7083,True,4,[LAYOUT] Invoice Number structured in header metadata band (p1: INVOICE_LABEL_VALUE_IN_HEADER); [LAYOUT] GSTIN / Tax ID tax registration in header band (p1: GSTIN_TAX_ID_IN_HEADER); [LAYOUT] GSTIN / Tax ID tax registration in header band (p1: GSTIN_TAX_ID_IN_HEADER); [LAYOUT] Vendor Invoice header without Purchase Order reference (p1: NPO_PURE_INVOICE_HEADER),NPO,0.795,True,13,[TEXT] invoice number pattern; [TEXT] phrase 'invoice no'; [TEXT] word 'invoice'; [TEXT] phrase 'bill to / client'; [TEXT] word 'vendor / seller'; [TEXT] term 'GSTIN'; [TEXT] term 'Tax Id'; [TEXT] phrase 'date of issue'; [TEXT] phrase 'amount due / total summary'; [LAYOUT] Invoice Number structured in header metadata band (p1: INVOICE_LABEL_VALUE_IN_HEADER); [LAYOUT] GSTIN / Tax ID tax registration in header band (p1: GSTIN_TAX_ID_IN_HEADER); [LAYOUT] GSTIN / Tax ID tax registration in header band (p1: GSTIN_TAX_ID_IN_HEADER); [LAYOUT] Vendor Invoice header without Purchase Order reference (p1: NPO_PURE_INVOICE_HEADER),9,4,[TEXT] invoice number pattern; [TEXT] phrase 'invoice no'; [TEXT] word 'invoice'; [TEXT] phrase 'bill to / client'; [TEXT] word 'vendor / seller'; [TEXT] term 'GSTIN'; [TEXT] term 'Tax Id'; [TEXT] phrase 'date of issue'; [TEXT] phrase 'amount due / total summary',[LAYOUT] Invoice Number structured in header metadata band (p1: INVOICE_LABEL_VALUE_IN_HEADER); [LAYOUT] GSTIN / Tax ID tax registration in header band (p1: GSTIN_TAX_ID_IN_HEADER); [LAYOUT] GSTIN / Tax ID tax registration in header band (p1: GSTIN_TAX_ID_IN_HEADER); [LAYOUT] Vendor Invoice header without Purchase Order reference (p1: NPO_PURE_INVOICE_HEADER),False,0.115,"{""POI"": 0.1579, ""NPO"": 0.68, ""IMA"": 0.0, ""MSI"": 0.0, ""PSI"": 0.0, ""JER"": 0.0, ""BKA"": 0.0, ""DPR"": 0.0, ""LCA"": 0.0}","{""POI"": 0.3667, ""NPO"": 0.7083, ""IMA"": 0.0, ""MSI"": 0.0, ""PSI"": 0.0, ""JER"": 0.0, ""BKA"": 0.0, ""DPR"": 0.0, ""LCA"": 0.0}","{""POI"": 0.0966, ""NPO"": 0.795, ""IMA"": 0.0, ""MSI"": 0.0, ""PSI"": 0.0, ""JER"": 0.0, ""BKA"": 0.0, ""DPR"": 0.0, ""LCA"": 0.0}"
NPO_BATCH1_invoice_51109320.pdf,invoice_51109320.pdf,EFDI Batch 1 Invoices (Full 100 Documents),NPO,FACT: Non-PO commercial vendor invoice without purchase order reference,1,1168,NPO,0.68,True,9,invoice number pattern; phrase 'invoice no'; word 'invoice'; phrase 'bill to / client'; word 'vendor / seller'; term 'GSTIN'; term 'Tax Id'; phrase 'date of issue'; phrase 'amount due / total summary',NPO,0.7083,True,4,[LAYOUT] Invoice Number structured in header metadata band (p1: INVOICE_LABEL_VALUE_IN_HEADER); [LAYOUT] GSTIN / Tax ID tax registration in header band (p1: GSTIN_TAX_ID_IN_HEADER); [LAYOUT] GSTIN / Tax ID tax registration in header band (p1: GSTIN_TAX_ID_IN_HEADER); [LAYOUT] Vendor Invoice header without Purchase Order reference (p1: NPO_PURE_INVOICE_HEADER),NPO,0.795,True,13,[TEXT] invoice number pattern; [TEXT] phrase 'invoice no'; [TEXT] word 'invoice'; [TEXT] phrase 'bill to / client'; [TEXT] word 'vendor / seller'; [TEXT] term 'GSTIN'; [TEXT] term 'Tax Id'; [TEXT] phrase 'date of issue'; [TEXT] phrase 'amount due / total summary'; [LAYOUT] Invoice Number structured in header metadata band (p1: INVOICE_LABEL_VALUE_IN_HEADER); [LAYOUT] GSTIN / Tax ID tax registration in header band (p1: GSTIN_TAX_ID_IN_HEADER); [LAYOUT] GSTIN / Tax ID tax registration in header band (p1: GSTIN_TAX_ID_IN_HEADER); [LAYOUT] Vendor Invoice header without Purchase Order reference (p1: NPO_PURE_INVOICE_HEADER),9,4,[TEXT] invoice number pattern; [TEXT] phrase 'invoice no'; [TEXT] word 'invoice'; [TEXT] phrase 'bill to / client'; [TEXT] word 'vendor / seller'; [TEXT] term 'GSTIN'; [TEXT] term 'Tax Id'; [TEXT] phrase 'date of issue'; [TEXT] phrase 'amount due / total summary',[LAYOUT] Invoice Number structured in header metadata band (p1: INVOICE_LABEL_VALUE_IN_HEADER); [LAYOUT] GSTIN / Tax ID tax registration in header band (p1: GSTIN_TAX_ID_IN_HEADER); [LAYOUT] GSTIN / Tax ID tax registration in header band (p1: GSTIN_TAX_ID_IN_HEADER); [LAYOUT] Vendor Invoice header without Purchase Order reference (p1: NPO_PURE_INVOICE_HEADER),False,0.115,"{""POI"": 0.1579, ""NPO"": 0.68, ""IMA"": 0.0, ""MSI"": 0.0, ""PSI"": 0.0, ""JER"": 0.0, ""BKA"": 0.0, ""DPR"": 0.0, ""LCA"": 0.0}","{""POI"": 0.3667, ""NPO"": 0.7083, ""IMA"": 0.0, ""MSI"": 0.0, ""PSI"": 0.0, ""JER"": 0.0, ""BKA"": 0.0, ""DPR"": 0.0, ""LCA"": 0.0}","{""POI"": 0.0966, ""NPO"": 0.795, ""IMA"": 0.0, ""MSI"": 0.0, ""PSI"": 0.0, ""JER"": 0.0, ""BKA"": 0.0, ""DPR"": 0.0, ""LCA"": 0.0}"
NPO_BATCH1_invoice_51109321.pdf,invoice_51109321.pdf,EFDI Batch 1 Invoices (Full 100 Documents),NPO,FACT: Non-PO commercial vendor invoice without purchase order reference,1,833,NPO,0.68,True,9,invoice number pattern; phrase 'invoice no'; word 'invoice'; phrase 'bill to / client'; word 'vendor / seller'; term 'GSTIN'; term 'Tax Id'; phrase 'date of issue'; phrase 'amount due / total summary',NPO,0.7083,True,4,[LAYOUT] Invoice Number structured in header metadata band (p1: INVOICE_LABEL_VALUE_IN_HEADER); [LAYOUT] GSTIN / Tax ID tax registration in header band (p1: GSTIN_TAX_ID_IN_HEADER); [LAYOUT] GSTIN / Tax ID tax registration in header band (p1: GSTIN_TAX_ID_IN_HEADER); [LAYOUT] Vendor Invoice header without Purchase Order reference (p1: NPO_PURE_INVOICE_HEADER),NPO,0.795,True,13,[TEXT] invoice number pattern; [TEXT] phrase 'invoice no'; [TEXT] word 'invoice'; [TEXT] phrase 'bill to / client'; [TEXT] word 'vendor / seller'; [TEXT] term 'GSTIN'; [TEXT] term 'Tax Id'; [TEXT] phrase 'date of issue'; [TEXT] phrase 'amount due / total summary'; [LAYOUT] Invoice Number structured in header metadata band (p1: INVOICE_LABEL_VALUE_IN_HEADER); [LAYOUT] GSTIN / Tax ID tax registration in header band (p1: GSTIN_TAX_ID_IN_HEADER); [LAYOUT] GSTIN / Tax ID tax registration in header band (p1: GSTIN_TAX_ID_IN_HEADER); [LAYOUT] Vendor Invoice header without Purchase Order reference (p1: NPO_PURE_INVOICE_HEADER),9,4,[TEXT] invoice number pattern; [TEXT] phrase 'invoice no'; [TEXT] word 'invoice'; [TEXT] phrase 'bill to / client'; [TEXT] word 'vendor / seller'; [TEXT] term 'GSTIN'; [TEXT] term 'Tax Id'; [TEXT] phrase 'date of issue'; [TEXT] phrase 'amount due / total summary',[LAYOUT] Invoice Number structured in header metadata band (p1: INVOICE_LABEL_VALUE_IN_HEADER); [LAYOUT] GSTIN / Tax ID tax registration in header band (p1: GSTIN_TAX_ID_IN_HEADER); [LAYOUT] GSTIN / Tax ID tax registration in header band (p1: GSTIN_TAX_ID_IN_HEADER); [LAYOUT] Vendor Invoice header without Purchase Order reference (p1: NPO_PURE_INVOICE_HEADER),False,0.115,"{""POI"": 0.1579, ""NPO"": 0.68, ""IMA"": 0.0, ""MSI"": 0.0, ""PSI"": 0.0, ""JER"": 0.0, ""BKA"": 0.0, ""DPR"": 0.0, ""LCA"": 0.0}","{""POI"": 0.3667, ""NPO"": 0.7083, ""IMA"": 0.0, ""MSI"": 0.0, ""PSI"": 0.0, ""JER"": 0.0, ""BKA"": 0.0, ""DPR"": 0.0, ""LCA"": 0.0}","{""POI"": 0.0966, ""NPO"": 0.795, ""IMA"": 0.0, ""MSI"": 0.0, ""PSI"": 0.0, ""JER"": 0.0, ""BKA"": 0.0, ""DPR"": 0.0, ""LCA"": 0.0}"
NPO_BATCH1_invoice_51109322.pdf,invoice_51109322.pdf,EFDI Batch 1 Invoices (Full 100 Documents),NPO,FACT: Non-PO commercial vendor invoice without purchase order reference,1,582,NPO,0.68,True,9,invoice number pattern; phrase 'invoice no'; word 'invoice'; phrase 'bill to / client'; word 'vendor / seller'; term 'GSTIN'; term 'Tax Id'; phrase 'date of issue'; phrase 'amount due / total summary',NPO,0.7083,True,4,[LAYOUT] Invoice Number structured in header metadata band (p1: INVOICE_LABEL_VALUE_IN_HEADER); [LAYOUT] GSTIN / Tax ID tax registration in header band (p1: GSTIN_TAX_ID_IN_HEADER); [LAYOUT] GSTIN / Tax ID tax registration in header band (p1: GSTIN_TAX_ID_IN_HEADER); [LAYOUT] Vendor Invoice header without Purchase Order reference (p1: NPO_PURE_INVOICE_HEADER),NPO,0.795,True,13,[TEXT] invoice number pattern; [TEXT] phrase 'invoice no'; [TEXT] word 'invoice'; [TEXT] phrase 'bill to / client'; [TEXT] word 'vendor / seller'; [TEXT] term 'GSTIN'; [TEXT] term 'Tax Id'; [TEXT] phrase 'date of issue'; [TEXT] phrase 'amount due / total summary'; [LAYOUT] Invoice Number structured in header metadata band (p1: INVOICE_LABEL_VALUE_IN_HEADER); [LAYOUT] GSTIN / Tax ID tax registration in header band (p1: GSTIN_TAX_ID_IN_HEADER); [LAYOUT] GSTIN / Tax ID tax registration in header band (p1: GSTIN_TAX_ID_IN_HEADER); [LAYOUT] Vendor Invoice header without Purchase Order reference (p1: NPO_PURE_INVOICE_HEADER),9,4,[TEXT] invoice number pattern; [TEXT] phrase 'invoice no'; [TEXT] word 'invoice'; [TEXT] phrase 'bill to / client'; [TEXT] word 'vendor / seller'; [TEXT] term 'GSTIN'; [TEXT] term 'Tax Id'; [TEXT] phrase 'date of issue'; [TEXT] phrase 'amount due / total summary',[LAYOUT] Invoice Number structured in header metadata band (p1: INVOICE_LABEL_VALUE_IN_HEADER); [LAYOUT] GSTIN / Tax ID tax registration in header band (p1: GSTIN_TAX_ID_IN_HEADER); [LAYOUT] GSTIN / Tax ID tax registration in header band (p1: GSTIN_TAX_ID_IN_HEADER); [LAYOUT] Vendor Invoice header without Purchase Order reference (p1: NPO_PURE_INVOICE_HEADER),False,0.115,"{""POI"": 0.1579, ""NPO"": 0.68, ""IMA"": 0.0, ""MSI"": 0.0, ""PSI"": 0.0, ""JER"": 0.0, ""BKA"": 0.0, ""DPR"": 0.0, ""LCA"": 0.0}","{""POI"": 0.3667, ""NPO"": 0.7083, ""IMA"": 0.0, ""MSI"": 0.0, ""PSI"": 0.0, ""JER"": 0.0, ""BKA"": 0.0, ""DPR"": 0.0, ""LCA"": 0.0}","{""POI"": 0.0966, ""NPO"": 0.795, ""IMA"": 0.0, ""MSI"": 0.0, ""PSI"": 0.0, ""JER"": 0.0, ""BKA"": 0.0, ""DPR"": 0.0, ""LCA"": 0.0}"
NPO_BATCH1_invoice_51109323.pdf,invoice_51109323.pdf,EFDI Batch 1 Invoices (Full 100 Documents),NPO,FACT: Non-PO commercial vendor invoice without purchase order reference,1,836,NPO,0.68,True,9,invoice number pattern; phrase 'invoice no'; word 'invoice'; phrase 'bill to / client'; word 'vendor / seller'; term 'GSTIN'; term 'Tax Id'; phrase 'date of issue'; phrase 'amount due / total summary',NPO,0.7083,True,4,[LAYOUT] Invoice Number structured in header metadata band (p1: INVOICE_LABEL_VALUE_IN_HEADER); [LAYOUT] GSTIN / Tax ID tax registration in header band (p1: GSTIN_TAX_ID_IN_HEADER); [LAYOUT] GSTIN / Tax ID tax registration in header band (p1: GSTIN_TAX_ID_IN_HEADER); [LAYOUT] Vendor Invoice header without Purchase Order reference (p1: NPO_PURE_INVOICE_HEADER),NPO,0.795,True,13,[TEXT] invoice number pattern; [TEXT] phrase 'invoice no'; [TEXT] word 'invoice'; [TEXT] phrase 'bill to / client'; [TEXT] word 'vendor / seller'; [TEXT] term 'GSTIN'; [TEXT] term 'Tax Id'; [TEXT] phrase 'date of issue'; [TEXT] phrase 'amount due / total summary'; [LAYOUT] Invoice Number structured in header metadata band (p1: INVOICE_LABEL_VALUE_IN_HEADER); [LAYOUT] GSTIN / Tax ID tax registration in header band (p1: GSTIN_TAX_ID_IN_HEADER); [LAYOUT] GSTIN / Tax ID tax registration in header band (p1: GSTIN_TAX_ID_IN_HEADER); [LAYOUT] Vendor Invoice header without Purchase Order reference (p1: NPO_PURE_INVOICE_HEADER),9,4,[TEXT] invoice number pattern; [TEXT] phrase 'invoice no'; [TEXT] word 'invoice'; [TEXT] phrase 'bill to / client'; [TEXT] word 'vendor / seller'; [TEXT] term 'GSTIN'; [TEXT] term 'Tax Id'; [TEXT] phrase 'date of issue'; [TEXT] phrase 'amount due / total summary',[LAYOUT] Invoice Number structured in header metadata band (p1: INVOICE_LABEL_VALUE_IN_HEADER); [LAYOUT] GSTIN / Tax ID tax registration in header band (p1: GSTIN_TAX_ID_IN_HEADER); [LAYOUT] GSTIN / Tax ID tax registration in header band (p1: GSTIN_TAX_ID_IN_HEADER); [LAYOUT] Vendor Invoice header without Purchase Order reference (p1: NPO_PURE_INVOICE_HEADER),False,0.115,"{""POI"": 0.1579, ""NPO"": 0.68, ""IMA"": 0.0, ""MSI"": 0.0, ""PSI"": 0.0, ""JER"": 0.0, ""BKA"": 0.0, ""DPR"": 0.0, ""LCA"": 0.0}","{""POI"": 0.3667, ""NPO"": 0.7083, ""IMA"": 0.0, ""MSI"": 0.0, ""PSI"": 0.0, ""JER"": 0.0, ""BKA"": 0.0, ""DPR"": 0.0, ""LCA"": 0.0}","{""POI"": 0.0966, ""NPO"": 0.795, ""IMA"": 0.0, ""MSI"": 0.0, ""PSI"": 0.0, ""JER"": 0.0, ""BKA"": 0.0, ""DPR"": 0.0, ""LCA"": 0.0}"
NPO_BATCH1_invoice_51109324.pdf,invoice_51109324.pdf,EFDI Batch 1 Invoices (Full 100 Documents),NPO,FACT: Non-PO commercial vendor invoice without purchase order reference,1,840,NPO,0.68,True,9,invoice number pattern; phrase 'invoice no'; word 'invoice'; phrase 'bill to / client'; word 'vendor / seller'; term 'GSTIN'; term 'Tax Id'; phrase 'date of issue'; phrase 'amount due / total summary',NPO,0.7083,True,4,[LAYOUT] Invoice Number structured in header metadata band (p1: INVOICE_LABEL_VALUE_IN_HEADER); [LAYOUT] GSTIN / Tax ID tax registration in header band (p1: GSTIN_TAX_ID_IN_HEADER); [LAYOUT] GSTIN / Tax ID tax registration in header band (p1: GSTIN_TAX_ID_IN_HEADER); [LAYOUT] Vendor Invoice header without Purchase Order reference (p1: NPO_PURE_INVOICE_HEADER),NPO,0.795,True,13,[TEXT] invoice number pattern; [TEXT] phrase 'invoice no'; [TEXT] word 'invoice'; [TEXT] phrase 'bill to / client'; [TEXT] word 'vendor / seller'; [TEXT] term 'GSTIN'; [TEXT] term 'Tax Id'; [TEXT] phrase 'date of issue'; [TEXT] phrase 'amount due / total summary'; [LAYOUT] Invoice Number structured in header metadata band (p1: INVOICE_LABEL_VALUE_IN_HEADER); [LAYOUT] GSTIN / Tax ID tax registration in header band (p1: GSTIN_TAX_ID_IN_HEADER); [LAYOUT] GSTIN / Tax ID tax registration in header band (p1: GSTIN_TAX_ID_IN_HEADER); [LAYOUT] Vendor Invoice header without Purchase Order reference (p1: NPO_PURE_INVOICE_HEADER),9,4,[TEXT] invoice number pattern; [TEXT] phrase 'invoice no'; [TEXT] word 'invoice'; [TEXT] phrase 'bill to / client'; [TEXT] word 'vendor / seller'; [TEXT] term 'GSTIN'; [TEXT] term 'Tax Id'; [TEXT] phrase 'date of issue'; [TEXT] phrase 'amount due / total summary',[LAYOUT] Invoice Number structured in header metadata band (p1: INVOICE_LABEL_VALUE_IN_HEADER); [LAYOUT] GSTIN / Tax ID tax registration in header band (p1: GSTIN_TAX_ID_IN_HEADER); [LAYOUT] GSTIN / Tax ID tax registration in header band (p1: GSTIN_TAX_ID_IN_HEADER); [LAYOUT] Vendor Invoice header without Purchase Order reference (p1: NPO_PURE_INVOICE_HEADER),False,0.115,"{""POI"": 0.1579, ""NPO"": 0.68, ""IMA"": 0.0, ""MSI"": 0.0, ""PSI"": 0.0, ""JER"": 0.0, ""BKA"": 0.0, ""DPR"": 0.0, ""LCA"": 0.0}","{""POI"": 0.3667, ""NPO"": 0.7083, ""IMA"": 0.0, ""MSI"": 0.0, ""PSI"": 0.0, ""JER"": 0.0, ""BKA"": 0.0, ""DPR"": 0.0, ""LCA"": 0.0}","{""POI"": 0.0966, ""NPO"": 0.795, ""IMA"": 0.0, ""MSI"": 0.0, ""PSI"": 0.0, ""JER"": 0.0, ""BKA"": 0.0, ""DPR"": 0.0, ""LCA"": 0.0}"
NPO_BATCH1_invoice_51109325.pdf,invoice_51109325.pdf,EFDI Batch 1 Invoices (Full 100 Documents),NPO,FACT: Non-PO commercial vendor invoice without purchase order reference,1,1158,NPO,0.68,True,9,invoice number pattern; phrase 'invoice no'; word 'invoice'; phrase 'bill to / client'; word 'vendor / seller'; term 'GSTIN'; term 'Tax Id'; phrase 'date of issue'; phrase 'amount due / total summary',NPO,0.7083,True,4,[LAYOUT] Invoice Number structured in header metadata band (p1: INVOICE_LABEL_VALUE_IN_HEADER); [LAYOUT] GSTIN / Tax ID tax registration in header band (p1: GSTIN_TAX_ID_IN_HEADER); [LAYOUT] GSTIN / Tax ID tax registration in header band (p1: GSTIN_TAX_ID_IN_HEADER); [LAYOUT] Vendor Invoice header without Purchase Order reference (p1: NPO_PURE_INVOICE_HEADER),NPO,0.795,True,13,[TEXT] invoice number pattern; [TEXT] phrase 'invoice no'; [TEXT] word 'invoice'; [TEXT] phrase 'bill to / client'; [TEXT] word 'vendor / seller'; [TEXT] term 'GSTIN'; [TEXT] term 'Tax Id'; [TEXT] phrase 'date of issue'; [TEXT] phrase 'amount due / total summary'; [LAYOUT] Invoice Number structured in header metadata band (p1: INVOICE_LABEL_VALUE_IN_HEADER); [LAYOUT] GSTIN / Tax ID tax registration in header band (p1: GSTIN_TAX_ID_IN_HEADER); [LAYOUT] GSTIN / Tax ID tax registration in header band (p1: GSTIN_TAX_ID_IN_HEADER); [LAYOUT] Vendor Invoice header without Purchase Order reference (p1: NPO_PURE_INVOICE_HEADER),9,4,[TEXT] invoice number pattern; [TEXT] phrase 'invoice no'; [TEXT] word 'invoice'; [TEXT] phrase 'bill to / client'; [TEXT] word 'vendor / seller'; [TEXT] term 'GSTIN'; [TEXT] term 'Tax Id'; [TEXT] phrase 'date of issue'; [TEXT] phrase 'amount due / total summary',[LAYOUT] Invoice Number structured in header metadata band (p1: INVOICE_LABEL_VALUE_IN_HEADER); [LAYOUT] GSTIN / Tax ID tax registration in header band (p1: GSTIN_TAX_ID_IN_HEADER); [LAYOUT] GSTIN / Tax ID tax registration in header band (p1: GSTIN_TAX_ID_IN_HEADER); [LAYOUT] Vendor Invoice header without Purchase Order reference (p1: NPO_PURE_INVOICE_HEADER),False,0.115,"{""POI"": 0.1579, ""NPO"": 0.68, ""IMA"": 0.0, ""MSI"": 0.0, ""PSI"": 0.0, ""JER"": 0.0, ""BKA"": 0.0, ""DPR"": 0.0, ""LCA"": 0.0}","{""POI"": 0.3667, ""NPO"": 0.7083, ""IMA"": 0.0, ""MSI"": 0.0, ""PSI"": 0.0, ""JER"": 0.0, ""BKA"": 0.0, ""DPR"": 0.0, ""LCA"": 0.0}","{""POI"": 0.0966, ""NPO"": 0.795, ""IMA"": 0.0, ""MSI"": 0.0, ""PSI"": 0.0, ""JER"": 0.0, ""BKA"": 0.0, ""DPR"": 0.0, ""LCA"": 0.0}"
NPO_BATCH1_invoice_51109326.pdf,invoice_51109326.pdf,EFDI Batch 1 Invoices (Full 100 Documents),NPO,FACT: Non-PO commercial vendor invoice without purchase order reference,1,580,NPO,0.68,True,9,invoice number pattern; phrase 'invoice no'; word 'invoice'; phrase 'bill to / client'; word 'vendor / seller'; term 'GSTIN'; term 'Tax Id'; phrase 'date of issue'; phrase 'amount due / total summary',NPO,0.7083,True,4,[LAYOUT] Invoice Number structured in header metadata band (p1: INVOICE_LABEL_VALUE_IN_HEADER); [LAYOUT] GSTIN / Tax ID tax registration in header band (p1: GSTIN_TAX_ID_IN_HEADER); [LAYOUT] GSTIN / Tax ID tax registration in header band (p1: GSTIN_TAX_ID_IN_HEADER); [LAYOUT] Vendor Invoice header without Purchase Order reference (p1: NPO_PURE_INVOICE_HEADER),NPO,0.795,True,13,[TEXT] invoice number pattern; [TEXT] phrase 'invoice no'; [TEXT] word 'invoice'; [TEXT] phrase 'bill to / client'; [TEXT] word 'vendor / seller'; [TEXT] term 'GSTIN'; [TEXT] term 'Tax Id'; [TEXT] phrase 'date of issue'; [TEXT] phrase 'amount due / total summary'; [LAYOUT] Invoice Number structured in header metadata band (p1: INVOICE_LABEL_VALUE_IN_HEADER); [LAYOUT] GSTIN / Tax ID tax registration in header band (p1: GSTIN_TAX_ID_IN_HEADER); [LAYOUT] GSTIN / Tax ID tax registration in header band (p1: GSTIN_TAX_ID_IN_HEADER); [LAYOUT] Vendor Invoice header without Purchase Order reference (p1: NPO_PURE_INVOICE_HEADER),9,4,[TEXT] invoice number pattern; [TEXT] phrase 'invoice no'; [TEXT] word 'invoice'; [TEXT] phrase 'bill to / client'; [TEXT] word 'vendor / seller'; [TEXT] term 'GSTIN'; [TEXT] term 'Tax Id'; [TEXT] phrase 'date of issue'; [TEXT] phrase 'amount due / total summary',[LAYOUT] Invoice Number structured in header metadata band (p1: INVOICE_LABEL_VALUE_IN_HEADER); [LAYOUT] GSTIN / Tax ID tax registration in header band (p1: GSTIN_TAX_ID_IN_HEADER); [LAYOUT] GSTIN / Tax ID tax registration in header band (p1: GSTIN_TAX_ID_IN_HEADER); [LAYOUT] Vendor Invoice header without Purchase Order reference (p1: NPO_PURE_INVOICE_HEADER),False,0.115,"{""POI"": 0.1579, ""NPO"": 0.68, ""IMA"": 0.0, ""MSI"": 0.0, ""PSI"": 0.0, ""JER"": 0.0, ""BKA"": 0.0, ""DPR"": 0.0, ""LCA"": 0.0}","{""POI"": 0.3667, ""NPO"": 0.7083, ""IMA"": 0.0, ""MSI"": 0.0, ""PSI"": 0.0, ""JER"": 0.0, ""BKA"": 0.0, ""DPR"": 0.0, ""LCA"": 0.0}","{""POI"": 0.0966, ""NPO"": 0.795, ""IMA"": 0.0, ""MSI"": 0.0, ""PSI"": 0.0, ""JER"": 0.0, ""BKA"": 0.0, ""DPR"": 0.0, ""LCA"": 0.0}"
NPO_BATCH1_invoice_51109327.pdf,invoice_51109327.pdf,EFDI Batch 1 Invoices (Full 100 Documents),NPO,FACT: Non-PO commercial vendor invoice without purchase order reference,1,913,NPO,0.68,True,9,invoice number pattern; phrase 'invoice no'; word 'invoice'; phrase 'bill to / client'; word 'vendor / seller'; term 'GSTIN'; term 'Tax Id'; phrase 'date of issue'; phrase 'amount due / total summary',NPO,0.7083,True,4,[LAYOUT] Invoice Number structured in header metadata band (p1: INVOICE_LABEL_VALUE_IN_HEADER); [LAYOUT] GSTIN / Tax ID tax registration in header band (p1: GSTIN_TAX_ID_IN_HEADER); [LAYOUT] GSTIN / Tax ID tax registration in header band (p1: GSTIN_TAX_ID_IN_HEADER); [LAYOUT] Vendor Invoice header without Purchase Order reference (p1: NPO_PURE_INVOICE_HEADER),NPO,0.795,True,13,[TEXT] invoice number pattern; [TEXT] phrase 'invoice no'; [TEXT] word 'invoice'; [TEXT] phrase 'bill to / client'; [TEXT] word 'vendor / seller'; [TEXT] term 'GSTIN'; [TEXT] term 'Tax Id'; [TEXT] phrase 'date of issue'; [TEXT] phrase 'amount due / total summary'; [LAYOUT] Invoice Number structured in header metadata band (p1: INVOICE_LABEL_VALUE_IN_HEADER); [LAYOUT] GSTIN / Tax ID tax registration in header band (p1: GSTIN_TAX_ID_IN_HEADER); [LAYOUT] GSTIN / Tax ID tax registration in header band (p1: GSTIN_TAX_ID_IN_HEADER); [LAYOUT] Vendor Invoice header without Purchase Order reference (p1: NPO_PURE_INVOICE_HEADER),9,4,[TEXT] invoice number pattern; [TEXT] phrase 'invoice no'; [TEXT] word 'invoice'; [TEXT] phrase 'bill to / client'; [TEXT] word 'vendor / seller'; [TEXT] term 'GSTIN'; [TEXT] term 'Tax Id'; [TEXT] phrase 'date of issue'; [TEXT] phrase 'amount due / total summary',[LAYOUT] Invoice Number structured in header metadata band (p1: INVOICE_LABEL_VALUE_IN_HEADER); [LAYOUT] GSTIN / Tax ID tax registration in header band (p1: GSTIN_TAX_ID_IN_HEADER); [LAYOUT] GSTIN / Tax ID tax registration in header band (p1: GSTIN_TAX_ID_IN_HEADER); [LAYOUT] Vendor Invoice header without Purchase Order reference (p1: NPO_PURE_INVOICE_HEADER),False,0.115,"{""POI"": 0.1579, ""NPO"": 0.68, ""IMA"": 0.0, ""MSI"": 0.0, ""PSI"": 0.0, ""JER"": 0.0, ""BKA"": 0.0, ""DPR"": 0.0, ""LCA"": 0.0}","{""POI"": 0.3667, ""NPO"": 0.7083, ""IMA"": 0.0, ""MSI"": 0.0, ""PSI"": 0.0, ""JER"": 0.0, ""BKA"": 0.0, ""DPR"": 0.0, ""LCA"": 0.0}","{""POI"": 0.0966, ""NPO"": 0.795, ""IMA"": 0.0, ""MSI"": 0.0, ""PSI"": 0.0, ""JER"": 0.0, ""BKA"": 0.0, ""DPR"": 0.0, ""LCA"": 0.0}"
NPO_BATCH1_invoice_51109328.pdf,invoice_51109328.pdf,EFDI Batch 1 Invoices (Full 100 Documents),NPO,FACT: Non-PO commercial vendor invoice without purchase order reference,1,1005,NPO,0.68,True,9,invoice number pattern; phrase 'invoice no'; word 'invoice'; phrase 'bill to / client'; word 'vendor / seller'; term 'GSTIN'; term 'Tax Id'; phrase 'date of issue'; phrase 'amount due / total summary',NPO,0.7083,True,4,[LAYOUT] Invoice Number structured in header metadata band (p1: INVOICE_LABEL_VALUE_IN_HEADER); [LAYOUT] GSTIN / Tax ID tax registration in header band (p1: GSTIN_TAX_ID_IN_HEADER); [LAYOUT] GSTIN / Tax ID tax registration in header band (p1: GSTIN_TAX_ID_IN_HEADER); [LAYOUT] Vendor Invoice header without Purchase Order reference (p1: NPO_PURE_INVOICE_HEADER),NPO,0.795,True,13,[TEXT] invoice number pattern; [TEXT] phrase 'invoice no'; [TEXT] word 'invoice'; [TEXT] phrase 'bill to / client'; [TEXT] word 'vendor / seller'; [TEXT] term 'GSTIN'; [TEXT] term 'Tax Id'; [TEXT] phrase 'date of issue'; [TEXT] phrase 'amount due / total summary'; [LAYOUT] Invoice Number structured in header metadata band (p1: INVOICE_LABEL_VALUE_IN_HEADER); [LAYOUT] GSTIN / Tax ID tax registration in header band (p1: GSTIN_TAX_ID_IN_HEADER); [LAYOUT] GSTIN / Tax ID tax registration in header band (p1: GSTIN_TAX_ID_IN_HEADER); [LAYOUT] Vendor Invoice header without Purchase Order reference (p1: NPO_PURE_INVOICE_HEADER),9,4,[TEXT] invoice number pattern; [TEXT] phrase 'invoice no'; [TEXT] word 'invoice'; [TEXT] phrase 'bill to / client'; [TEXT] word 'vendor / seller'; [TEXT] term 'GSTIN'; [TEXT] term 'Tax Id'; [TEXT] phrase 'date of issue'; [TEXT] phrase 'amount due / total summary',[LAYOUT] Invoice Number structured in header metadata band (p1: INVOICE_LABEL_VALUE_IN_HEADER); [LAYOUT] GSTIN / Tax ID tax registration in header band (p1: GSTIN_TAX_ID_IN_HEADER); [LAYOUT] GSTIN / Tax ID tax registration in header band (p1: GSTIN_TAX_ID_IN_HEADER); [LAYOUT] Vendor Invoice header without Purchase Order reference (p1: NPO_PURE_INVOICE_HEADER),False,0.115,"{""POI"": 0.1579, ""NPO"": 0.68, ""IMA"": 0.0, ""MSI"": 0.0, ""PSI"": 0.0, ""JER"": 0.0, ""BKA"": 0.0, ""DPR"": 0.0, ""LCA"": 0.0}","{""POI"": 0.3667, ""NPO"": 0.7083, ""IMA"": 0.0, ""MSI"": 0.0, ""PSI"": 0.0, ""JER"": 0.0, ""BKA"": 0.0, ""DPR"": 0.0, ""LCA"": 0.0}","{""POI"": 0.0966, ""NPO"": 0.795, ""IMA"": 0.0, ""MSI"": 0.0, ""PSI"": 0.0, ""JER"": 0.0, ""BKA"": 0.0, ""DPR"": 0.0, ""LCA"": 0.0}"
NPO_BATCH1_invoice_51109329.pdf,invoice_51109329.pdf,EFDI Batch 1 Invoices (Full 100 Documents),NPO,FACT: Non-PO commercial vendor invoice without purchase order reference,1,1083,NPO,0.68,True,9,invoice number pattern; phrase 'invoice no'; word 'invoice'; phrase 'bill to / client'; word 'vendor / seller'; term 'GSTIN'; term 'Tax Id'; phrase 'date of issue'; phrase 'amount due / total summary',NPO,0.7083,True,4,[LAYOUT] Invoice Number structured in header metadata band (p1: INVOICE_LABEL_VALUE_IN_HEADER); [LAYOUT] GSTIN / Tax ID tax registration in header band (p1: GSTIN_TAX_ID_IN_HEADER); [LAYOUT] GSTIN / Tax ID tax registration in header band (p1: GSTIN_TAX_ID_IN_HEADER); [LAYOUT] Vendor Invoice header without Purchase Order reference (p1: NPO_PURE_INVOICE_HEADER),NPO,0.795,True,13,[TEXT] invoice number pattern; [TEXT] phrase 'invoice no'; [TEXT] word 'invoice'; [TEXT] phrase 'bill to / client'; [TEXT] word 'vendor / seller'; [TEXT] term 'GSTIN'; [TEXT] term 'Tax Id'; [TEXT] phrase 'date of issue'; [TEXT] phrase 'amount due / total summary'; [LAYOUT] Invoice Number structured in header metadata band (p1: INVOICE_LABEL_VALUE_IN_HEADER); [LAYOUT] GSTIN / Tax ID tax registration in header band (p1: GSTIN_TAX_ID_IN_HEADER); [LAYOUT] GSTIN / Tax ID tax registration in header band (p1: GSTIN_TAX_ID_IN_HEADER); [LAYOUT] Vendor Invoice header without Purchase Order reference (p1: NPO_PURE_INVOICE_HEADER),9,4,[TEXT] invoice number pattern; [TEXT] phrase 'invoice no'; [TEXT] word 'invoice'; [TEXT] phrase 'bill to / client'; [TEXT] word 'vendor / seller'; [TEXT] term 'GSTIN'; [TEXT] term 'Tax Id'; [TEXT] phrase 'date of issue'; [TEXT] phrase 'amount due / total summary',[LAYOUT] Invoice Number structured in header metadata band (p1: INVOICE_LABEL_VALUE_IN_HEADER); [LAYOUT] GSTIN / Tax ID tax registration in header band (p1: GSTIN_TAX_ID_IN_HEADER); [LAYOUT] GSTIN / Tax ID tax registration in header band (p1: GSTIN_TAX_ID_IN_HEADER); [LAYOUT] Vendor Invoice header without Purchase Order reference (p1: NPO_PURE_INVOICE_HEADER),False,0.115,"{""POI"": 0.1579, ""NPO"": 0.68, ""IMA"": 0.0, ""MSI"": 0.0, ""PSI"": 0.0, ""JER"": 0.0, ""BKA"": 0.0, ""DPR"": 0.0, ""LCA"": 0.0}","{""POI"": 0.3667, ""NPO"": 0.7083, ""IMA"": 0.0, ""MSI"": 0.0, ""PSI"": 0.0, ""JER"": 0.0, ""BKA"": 0.0, ""DPR"": 0.0, ""LCA"": 0.0}","{""POI"": 0.0966, ""NPO"": 0.795, ""IMA"": 0.0, ""MSI"": 0.0, ""PSI"": 0.0, ""JER"": 0.0, ""BKA"": 0.0, ""DPR"": 0.0, ""LCA"": 0.0}"
NPO_BATCH1_invoice_51109330.pdf,invoice_51109330.pdf,EFDI Batch 1 Invoices (Full 100 Documents),NPO,FACT: Non-PO commercial vendor invoice without purchase order reference,1,747,NPO,0.68,True,9,invoice number pattern; phrase 'invoice no'; word 'invoice'; phrase 'bill to / client'; word 'vendor / seller'; term 'GSTIN'; term 'Tax Id'; phrase 'date of issue'; phrase 'amount due / total summary',NPO,0.7083,True,4,[LAYOUT] Invoice Number structured in header metadata band (p1: INVOICE_LABEL_VALUE_IN_HEADER); [LAYOUT] GSTIN / Tax ID tax registration in header band (p1: GSTIN_TAX_ID_IN_HEADER); [LAYOUT] GSTIN / Tax ID tax registration in header band (p1: GSTIN_TAX_ID_IN_HEADER); [LAYOUT] Vendor Invoice header without Purchase Order reference (p1: NPO_PURE_INVOICE_HEADER),NPO,0.795,True,13,[TEXT] invoice number pattern; [TEXT] phrase 'invoice no'; [TEXT] word 'invoice'; [TEXT] phrase 'bill to / client'; [TEXT] word 'vendor / seller'; [TEXT] term 'GSTIN'; [TEXT] term 'Tax Id'; [TEXT] phrase 'date of issue'; [TEXT] phrase 'amount due / total summary'; [LAYOUT] Invoice Number structured in header metadata band (p1: INVOICE_LABEL_VALUE_IN_HEADER); [LAYOUT] GSTIN / Tax ID tax registration in header band (p1: GSTIN_TAX_ID_IN_HEADER); [LAYOUT] GSTIN / Tax ID tax registration in header band (p1: GSTIN_TAX_ID_IN_HEADER); [LAYOUT] Vendor Invoice header without Purchase Order reference (p1: NPO_PURE_INVOICE_HEADER),9,4,[TEXT] invoice number pattern; [TEXT] phrase 'invoice no'; [TEXT] word 'invoice'; [TEXT] phrase 'bill to / client'; [TEXT] word 'vendor / seller'; [TEXT] term 'GSTIN'; [TEXT] term 'Tax Id'; [TEXT] phrase 'date of issue'; [TEXT] phrase 'amount due / total summary',[LAYOUT] Invoice Number structured in header metadata band (p1: INVOICE_LABEL_VALUE_IN_HEADER); [LAYOUT] GSTIN / Tax ID tax registration in header band (p1: GSTIN_TAX_ID_IN_HEADER); [LAYOUT] GSTIN / Tax ID tax registration in header band (p1: GSTIN_TAX_ID_IN_HEADER); [LAYOUT] Vendor Invoice header without Purchase Order reference (p1: NPO_PURE_INVOICE_HEADER),False,0.115,"{""POI"": 0.1579, ""NPO"": 0.68, ""IMA"": 0.0, ""MSI"": 0.0, ""PSI"": 0.0, ""JER"": 0.0, ""BKA"": 0.0, ""DPR"": 0.0, ""LCA"": 0.0}","{""POI"": 0.3667, ""NPO"": 0.7083, ""IMA"": 0.0, ""MSI"": 0.0, ""PSI"": 0.0, ""JER"": 0.0, ""BKA"": 0.0, ""DPR"": 0.0, ""LCA"": 0.0}","{""POI"": 0.0966, ""NPO"": 0.795, ""IMA"": 0.0, ""MSI"": 0.0, ""PSI"": 0.0, ""JER"": 0.0, ""BKA"": 0.0, ""DPR"": 0.0, ""LCA"": 0.0}"
NPO_BATCH1_invoice_51109331.pdf,invoice_51109331.pdf,EFDI Batch 1 Invoices (Full 100 Documents),NPO,FACT: Non-PO commercial vendor invoice without purchase order reference,1,1087,NPO,0.68,True,9,invoice number pattern; phrase 'invoice no'; word 'invoice'; phrase 'bill to / client'; word 'vendor / seller'; term 'GSTIN'; term 'Tax Id'; phrase 'date of issue'; phrase 'amount due / total summary',NPO,0.7083,True,4,[LAYOUT] Invoice Number structured in header metadata band (p1: INVOICE_LABEL_VALUE_IN_HEADER); [LAYOUT] GSTIN / Tax ID tax registration in header band (p1: GSTIN_TAX_ID_IN_HEADER); [LAYOUT] GSTIN / Tax ID tax registration in header band (p1: GSTIN_TAX_ID_IN_HEADER); [LAYOUT] Vendor Invoice header without Purchase Order reference (p1: NPO_PURE_INVOICE_HEADER),NPO,0.795,True,13,[TEXT] invoice number pattern; [TEXT] phrase 'invoice no'; [TEXT] word 'invoice'; [TEXT] phrase 'bill to / client'; [TEXT] word 'vendor / seller'; [TEXT] term 'GSTIN'; [TEXT] term 'Tax Id'; [TEXT] phrase 'date of issue'; [TEXT] phrase 'amount due / total summary'; [LAYOUT] Invoice Number structured in header metadata band (p1: INVOICE_LABEL_VALUE_IN_HEADER); [LAYOUT] GSTIN / Tax ID tax registration in header band (p1: GSTIN_TAX_ID_IN_HEADER); [LAYOUT] GSTIN / Tax ID tax registration in header band (p1: GSTIN_TAX_ID_IN_HEADER); [LAYOUT] Vendor Invoice header without Purchase Order reference (p1: NPO_PURE_INVOICE_HEADER),9,4,[TEXT] invoice number pattern; [TEXT] phrase 'invoice no'; [TEXT] word 'invoice'; [TEXT] phrase 'bill to / client'; [TEXT] word 'vendor / seller'; [TEXT] term 'GSTIN'; [TEXT] term 'Tax Id'; [TEXT] phrase 'date of issue'; [TEXT] phrase 'amount due / total summary',[LAYOUT] Invoice Number structured in header metadata band (p1: INVOICE_LABEL_VALUE_IN_HEADER); [LAYOUT] GSTIN / Tax ID tax registration in header band (p1: GSTIN_TAX_ID_IN_HEADER); [LAYOUT] GSTIN / Tax ID tax registration in header band (p1: GSTIN_TAX_ID_IN_HEADER); [LAYOUT] Vendor Invoice header without Purchase Order reference (p1: NPO_PURE_INVOICE_HEADER),False,0.115,"{""POI"": 0.1579, ""NPO"": 0.68, ""IMA"": 0.0, ""MSI"": 0.0, ""PSI"": 0.0, ""JER"": 0.0, ""BKA"": 0.0, ""DPR"": 0.0, ""LCA"": 0.0}","{""POI"": 0.3667, ""NPO"": 0.7083, ""IMA"": 0.0, ""MSI"": 0.0, ""PSI"": 0.0, ""JER"": 0.0, ""BKA"": 0.0, ""DPR"": 0.0, ""LCA"": 0.0}","{""POI"": 0.0966, ""NPO"": 0.795, ""IMA"": 0.0, ""MSI"": 0.0, ""PSI"": 0.0, ""JER"": 0.0, ""BKA"": 0.0, ""DPR"": 0.0, ""LCA"": 0.0}"
NPO_BATCH1_invoice_51109332.pdf,invoice_51109332.pdf,EFDI Batch 1 Invoices (Full 100 Documents),NPO,FACT: Non-PO commercial vendor invoice without purchase order reference,1,1010,NPO,0.68,True,9,invoice number pattern; phrase 'invoice no'; word 'invoice'; phrase 'bill to / client'; word 'vendor / seller'; term 'GSTIN'; term 'Tax Id'; phrase 'date of issue'; phrase 'amount due / total summary',NPO,0.7083,True,4,[LAYOUT] Invoice Number structured in header metadata band (p1: INVOICE_LABEL_VALUE_IN_HEADER); [LAYOUT] GSTIN / Tax ID tax registration in header band (p1: GSTIN_TAX_ID_IN_HEADER); [LAYOUT] GSTIN / Tax ID tax registration in header band (p1: GSTIN_TAX_ID_IN_HEADER); [LAYOUT] Vendor Invoice header without Purchase Order reference (p1: NPO_PURE_INVOICE_HEADER),NPO,0.795,True,13,[TEXT] invoice number pattern; [TEXT] phrase 'invoice no'; [TEXT] word 'invoice'; [TEXT] phrase 'bill to / client'; [TEXT] word 'vendor / seller'; [TEXT] term 'GSTIN'; [TEXT] term 'Tax Id'; [TEXT] phrase 'date of issue'; [TEXT] phrase 'amount due / total summary'; [LAYOUT] Invoice Number structured in header metadata band (p1: INVOICE_LABEL_VALUE_IN_HEADER); [LAYOUT] GSTIN / Tax ID tax registration in header band (p1: GSTIN_TAX_ID_IN_HEADER); [LAYOUT] GSTIN / Tax ID tax registration in header band (p1: GSTIN_TAX_ID_IN_HEADER); [LAYOUT] Vendor Invoice header without Purchase Order reference (p1: NPO_PURE_INVOICE_HEADER),9,4,[TEXT] invoice number pattern; [TEXT] phrase 'invoice no'; [TEXT] word 'invoice'; [TEXT] phrase 'bill to / client'; [TEXT] word 'vendor / seller'; [TEXT] term 'GSTIN'; [TEXT] term 'Tax Id'; [TEXT] phrase 'date of issue'; [TEXT] phrase 'amount due / total summary',[LAYOUT] Invoice Number structured in header metadata band (p1: INVOICE_LABEL_VALUE_IN_HEADER); [LAYOUT] GSTIN / Tax ID tax registration in header band (p1: GSTIN_TAX_ID_IN_HEADER); [LAYOUT] GSTIN / Tax ID tax registration in header band (p1: GSTIN_TAX_ID_IN_HEADER); [LAYOUT] Vendor Invoice header without Purchase Order reference (p1: NPO_PURE_INVOICE_HEADER),False,0.115,"{""POI"": 0.1579, ""NPO"": 0.68, ""IMA"": 0.0, ""MSI"": 0.0, ""PSI"": 0.0, ""JER"": 0.0, ""BKA"": 0.0, ""DPR"": 0.0, ""LCA"": 0.0}","{""POI"": 0.3667, ""NPO"": 0.7083, ""IMA"": 0.0, ""MSI"": 0.0, ""PSI"": 0.0, ""JER"": 0.0, ""BKA"": 0.0, ""DPR"": 0.0, ""LCA"": 0.0}","{""POI"": 0.0966, ""NPO"": 0.795, ""IMA"": 0.0, ""MSI"": 0.0, ""PSI"": 0.0, ""JER"": 0.0, ""BKA"": 0.0, ""DPR"": 0.0, ""LCA"": 0.0}"
NPO_BATCH1_invoice_51109333.pdf,invoice_51109333.pdf,EFDI Batch 1 Invoices (Full 100 Documents),NPO,FACT: Non-PO commercial vendor invoice without purchase order reference,1,779,NPO,0.68,True,9,invoice number pattern; phrase 'invoice no'; word 'invoice'; phrase 'bill to / client'; word 'vendor / seller'; term 'GSTIN'; term 'Tax Id'; phrase 'date of issue'; phrase 'amount due / total summary',NPO,0.7083,True,4,[LAYOUT] Invoice Number structured in header metadata band (p1: INVOICE_LABEL_VALUE_IN_HEADER); [LAYOUT] GSTIN / Tax ID tax registration in header band (p1: GSTIN_TAX_ID_IN_HEADER); [LAYOUT] GSTIN / Tax ID tax registration in header band (p1: GSTIN_TAX_ID_IN_HEADER); [LAYOUT] Vendor Invoice header without Purchase Order reference (p1: NPO_PURE_INVOICE_HEADER),NPO,0.795,True,13,[TEXT] invoice number pattern; [TEXT] phrase 'invoice no'; [TEXT] word 'invoice'; [TEXT] phrase 'bill to / client'; [TEXT] word 'vendor / seller'; [TEXT] term 'GSTIN'; [TEXT] term 'Tax Id'; [TEXT] phrase 'date of issue'; [TEXT] phrase 'amount due / total summary'; [LAYOUT] Invoice Number structured in header metadata band (p1: INVOICE_LABEL_VALUE_IN_HEADER); [LAYOUT] GSTIN / Tax ID tax registration in header band (p1: GSTIN_TAX_ID_IN_HEADER); [LAYOUT] GSTIN / Tax ID tax registration in header band (p1: GSTIN_TAX_ID_IN_HEADER); [LAYOUT] Vendor Invoice header without Purchase Order reference (p1: NPO_PURE_INVOICE_HEADER),9,4,[TEXT] invoice number pattern; [TEXT] phrase 'invoice no'; [TEXT] word 'invoice'; [TEXT] phrase 'bill to / client'; [TEXT] word 'vendor / seller'; [TEXT] term 'GSTIN'; [TEXT] term 'Tax Id'; [TEXT] phrase 'date of issue'; [TEXT] phrase 'amount due / total summary',[LAYOUT] Invoice Number structured in header metadata band (p1: INVOICE_LABEL_VALUE_IN_HEADER); [LAYOUT] GSTIN / Tax ID tax registration in header band (p1: GSTIN_TAX_ID_IN_HEADER); [LAYOUT] GSTIN / Tax ID tax registration in header band (p1: GSTIN_TAX_ID_IN_HEADER); [LAYOUT] Vendor Invoice header without Purchase Order reference (p1: NPO_PURE_INVOICE_HEADER),False,0.115,"{""POI"": 0.1579, ""NPO"": 0.68, ""IMA"": 0.0, ""MSI"": 0.0, ""PSI"": 0.0, ""JER"": 0.0, ""BKA"": 0.0, ""DPR"": 0.0, ""LCA"": 0.0}","{""POI"": 0.3667, ""NPO"": 0.7083, ""IMA"": 0.0, ""MSI"": 0.0, ""PSI"": 0.0, ""JER"": 0.0, ""BKA"": 0.0, ""DPR"": 0.0, ""LCA"": 0.0}","{""POI"": 0.0966, ""NPO"": 0.795, ""IMA"": 0.0, ""MSI"": 0.0, ""PSI"": 0.0, ""JER"": 0.0, ""BKA"": 0.0, ""DPR"": 0.0, ""LCA"": 0.0}"
NPO_BATCH1_invoice_51109334.pdf,invoice_51109334.pdf,EFDI Batch 1 Invoices (Full 100 Documents),NPO,FACT: Non-PO commercial vendor invoice without purchase order reference,1,1009,NPO,0.68,True,9,invoice number pattern; phrase 'invoice no'; word 'invoice'; phrase 'bill to / client'; word 'vendor / seller'; term 'GSTIN'; term 'Tax Id'; phrase 'date of issue'; phrase 'amount due / total summary',NPO,0.7083,True,4,[LAYOUT] Invoice Number structured in header metadata band (p1: INVOICE_LABEL_VALUE_IN_HEADER); [LAYOUT] GSTIN / Tax ID tax registration in header band (p1: GSTIN_TAX_ID_IN_HEADER); [LAYOUT] GSTIN / Tax ID tax registration in header band (p1: GSTIN_TAX_ID_IN_HEADER); [LAYOUT] Vendor Invoice header without Purchase Order reference (p1: NPO_PURE_INVOICE_HEADER),NPO,0.795,True,13,[TEXT] invoice number pattern; [TEXT] phrase 'invoice no'; [TEXT] word 'invoice'; [TEXT] phrase 'bill to / client'; [TEXT] word 'vendor / seller'; [TEXT] term 'GSTIN'; [TEXT] term 'Tax Id'; [TEXT] phrase 'date of issue'; [TEXT] phrase 'amount due / total summary'; [LAYOUT] Invoice Number structured in header metadata band (p1: INVOICE_LABEL_VALUE_IN_HEADER); [LAYOUT] GSTIN / Tax ID tax registration in header band (p1: GSTIN_TAX_ID_IN_HEADER); [LAYOUT] GSTIN / Tax ID tax registration in header band (p1: GSTIN_TAX_ID_IN_HEADER); [LAYOUT] Vendor Invoice header without Purchase Order reference (p1: NPO_PURE_INVOICE_HEADER),9,4,[TEXT] invoice number pattern; [TEXT] phrase 'invoice no'; [TEXT] word 'invoice'; [TEXT] phrase 'bill to / client'; [TEXT] word 'vendor / seller'; [TEXT] term 'GSTIN'; [TEXT] term 'Tax Id'; [TEXT] phrase 'date of issue'; [TEXT] phrase 'amount due / total summary',[LAYOUT] Invoice Number structured in header metadata band (p1: INVOICE_LABEL_VALUE_IN_HEADER); [LAYOUT] GSTIN / Tax ID tax registration in header band (p1: GSTIN_TAX_ID_IN_HEADER); [LAYOUT] GSTIN / Tax ID tax registration in header band (p1: GSTIN_TAX_ID_IN_HEADER); [LAYOUT] Vendor Invoice header without Purchase Order reference (p1: NPO_PURE_INVOICE_HEADER),False,0.115,"{""POI"": 0.1579, ""NPO"": 0.68, ""IMA"": 0.0, ""MSI"": 0.0, ""PSI"": 0.0, ""JER"": 0.0, ""BKA"": 0.0, ""DPR"": 0.0, ""LCA"": 0.0}","{""POI"": 0.3667, ""NPO"": 0.7083, ""IMA"": 0.0, ""MSI"": 0.0, ""PSI"": 0.0, ""JER"": 0.0, ""BKA"": 0.0, ""DPR"": 0.0, ""LCA"": 0.0}","{""POI"": 0.0966, ""NPO"": 0.795, ""IMA"": 0.0, ""MSI"": 0.0, ""PSI"": 0.0, ""JER"": 0.0, ""BKA"": 0.0, ""DPR"": 0.0, ""LCA"": 0.0}"
NPO_BATCH1_invoice_51109335.pdf,invoice_51109335.pdf,EFDI Batch 1 Invoices (Full 100 Documents),NPO,FACT: Non-PO commercial vendor invoice without purchase order reference,1,732,NPO,0.68,True,9,invoice number pattern; phrase 'invoice no'; word 'invoice'; phrase 'bill to / client'; word 'vendor / seller'; term 'GSTIN'; term 'Tax Id'; phrase 'date of issue'; phrase 'amount due / total summary',NPO,0.7083,True,4,[LAYOUT] Invoice Number structured in header metadata band (p1: INVOICE_LABEL_VALUE_IN_HEADER); [LAYOUT] GSTIN / Tax ID tax registration in header band (p1: GSTIN_TAX_ID_IN_HEADER); [LAYOUT] GSTIN / Tax ID tax registration in header band (p1: GSTIN_TAX_ID_IN_HEADER); [LAYOUT] Vendor Invoice header without Purchase Order reference (p1: NPO_PURE_INVOICE_HEADER),NPO,0.795,True,13,[TEXT] invoice number pattern; [TEXT] phrase 'invoice no'; [TEXT] word 'invoice'; [TEXT] phrase 'bill to / client'; [TEXT] word 'vendor / seller'; [TEXT] term 'GSTIN'; [TEXT] term 'Tax Id'; [TEXT] phrase 'date of issue'; [TEXT] phrase 'amount due / total summary'; [LAYOUT] Invoice Number structured in header metadata band (p1: INVOICE_LABEL_VALUE_IN_HEADER); [LAYOUT] GSTIN / Tax ID tax registration in header band (p1: GSTIN_TAX_ID_IN_HEADER); [LAYOUT] GSTIN / Tax ID tax registration in header band (p1: GSTIN_TAX_ID_IN_HEADER); [LAYOUT] Vendor Invoice header without Purchase Order reference (p1: NPO_PURE_INVOICE_HEADER),9,4,[TEXT] invoice number pattern; [TEXT] phrase 'invoice no'; [TEXT] word 'invoice'; [TEXT] phrase 'bill to / client'; [TEXT] word 'vendor / seller'; [TEXT] term 'GSTIN'; [TEXT] term 'Tax Id'; [TEXT] phrase 'date of issue'; [TEXT] phrase 'amount due / total summary',[LAYOUT] Invoice Number structured in header metadata band (p1: INVOICE_LABEL_VALUE_IN_HEADER); [LAYOUT] GSTIN / Tax ID tax registration in header band (p1: GSTIN_TAX_ID_IN_HEADER); [LAYOUT] GSTIN / Tax ID tax registration in header band (p1: GSTIN_TAX_ID_IN_HEADER); [LAYOUT] Vendor Invoice header without Purchase Order reference (p1: NPO_PURE_INVOICE_HEADER),False,0.115,"{""POI"": 0.1579, ""NPO"": 0.68, ""IMA"": 0.0, ""MSI"": 0.0, ""PSI"": 0.0, ""JER"": 0.0, ""BKA"": 0.0, ""DPR"": 0.0, ""LCA"": 0.0}","{""POI"": 0.3667, ""NPO"": 0.7083, ""IMA"": 0.0, ""MSI"": 0.0, ""PSI"": 0.0, ""JER"": 0.0, ""BKA"": 0.0, ""DPR"": 0.0, ""LCA"": 0.0}","{""POI"": 0.0966, ""NPO"": 0.795, ""IMA"": 0.0, ""MSI"": 0.0, ""PSI"": 0.0, ""JER"": 0.0, ""BKA"": 0.0, ""DPR"": 0.0, ""LCA"": 0.0}"
NPO_BATCH1_invoice_51109336.pdf,invoice_51109336.pdf,EFDI Batch 1 Invoices (Full 100 Documents),NPO,FACT: Non-PO commercial vendor invoice without purchase order reference,1,987,NPO,0.68,True,9,invoice number pattern; phrase 'invoice no'; word 'invoice'; phrase 'bill to / client'; word 'vendor / seller'; term 'GSTIN'; term 'Tax Id'; phrase 'date of issue'; phrase 'amount due / total summary',NPO,0.7083,True,4,[LAYOUT] Invoice Number structured in header metadata band (p1: INVOICE_LABEL_VALUE_IN_HEADER); [LAYOUT] GSTIN / Tax ID tax registration in header band (p1: GSTIN_TAX_ID_IN_HEADER); [LAYOUT] GSTIN / Tax ID tax registration in header band (p1: GSTIN_TAX_ID_IN_HEADER); [LAYOUT] Vendor Invoice header without Purchase Order reference (p1: NPO_PURE_INVOICE_HEADER),NPO,0.795,True,13,[TEXT] invoice number pattern; [TEXT] phrase 'invoice no'; [TEXT] word 'invoice'; [TEXT] phrase 'bill to / client'; [TEXT] word 'vendor / seller'; [TEXT] term 'GSTIN'; [TEXT] term 'Tax Id'; [TEXT] phrase 'date of issue'; [TEXT] phrase 'amount due / total summary'; [LAYOUT] Invoice Number structured in header metadata band (p1: INVOICE_LABEL_VALUE_IN_HEADER); [LAYOUT] GSTIN / Tax ID tax registration in header band (p1: GSTIN_TAX_ID_IN_HEADER); [LAYOUT] GSTIN / Tax ID tax registration in header band (p1: GSTIN_TAX_ID_IN_HEADER); [LAYOUT] Vendor Invoice header without Purchase Order reference (p1: NPO_PURE_INVOICE_HEADER),9,4,[TEXT] invoice number pattern; [TEXT] phrase 'invoice no'; [TEXT] word 'invoice'; [TEXT] phrase 'bill to / client'; [TEXT] word 'vendor / seller'; [TEXT] term 'GSTIN'; [TEXT] term 'Tax Id'; [TEXT] phrase 'date of issue'; [TEXT] phrase 'amount due / total summary',[LAYOUT] Invoice Number structured in header metadata band (p1: INVOICE_LABEL_VALUE_IN_HEADER); [LAYOUT] GSTIN / Tax ID tax registration in header band (p1: GSTIN_TAX_ID_IN_HEADER); [LAYOUT] GSTIN / Tax ID tax registration in header band (p1: GSTIN_TAX_ID_IN_HEADER); [LAYOUT] Vendor Invoice header without Purchase Order reference (p1: NPO_PURE_INVOICE_HEADER),False,0.115,"{""POI"": 0.1579, ""NPO"": 0.68, ""IMA"": 0.0, ""MSI"": 0.0, ""PSI"": 0.0, ""JER"": 0.0, ""BKA"": 0.0, ""DPR"": 0.0, ""LCA"": 0.0}","{""POI"": 0.3667, ""NPO"": 0.7083, ""IMA"": 0.0, ""MSI"": 0.0, ""PSI"": 0.0, ""JER"": 0.0, ""BKA"": 0.0, ""DPR"": 0.0, ""LCA"": 0.0}","{""POI"": 0.0966, ""NPO"": 0.795, ""IMA"": 0.0, ""MSI"": 0.0, ""PSI"": 0.0, ""JER"": 0.0, ""BKA"": 0.0, ""DPR"": 0.0, ""LCA"": 0.0}"
NPO_BATCH1_invoice_51109337.pdf,invoice_51109337.pdf,EFDI Batch 1 Invoices (Full 100 Documents),NPO,FACT: Non-PO commercial vendor invoice without purchase order reference,1,1017,NPO,0.68,True,9,invoice number pattern; phrase 'invoice no'; word 'invoice'; phrase 'bill to / client'; word 'vendor / seller'; term 'GSTIN'; term 'Tax Id'; phrase 'date of issue'; phrase 'amount due / total summary',NPO,0.7083,True,4,[LAYOUT] Invoice Number structured in header metadata band (p1: INVOICE_LABEL_VALUE_IN_HEADER); [LAYOUT] GSTIN / Tax ID tax registration in header band (p1: GSTIN_TAX_ID_IN_HEADER); [LAYOUT] GSTIN / Tax ID tax registration in header band (p1: GSTIN_TAX_ID_IN_HEADER); [LAYOUT] Vendor Invoice header without Purchase Order reference (p1: NPO_PURE_INVOICE_HEADER),NPO,0.795,True,13,[TEXT] invoice number pattern; [TEXT] phrase 'invoice no'; [TEXT] word 'invoice'; [TEXT] phrase 'bill to / client'; [TEXT] word 'vendor / seller'; [TEXT] term 'GSTIN'; [TEXT] term 'Tax Id'; [TEXT] phrase 'date of issue'; [TEXT] phrase 'amount due / total summary'; [LAYOUT] Invoice Number structured in header metadata band (p1: INVOICE_LABEL_VALUE_IN_HEADER); [LAYOUT] GSTIN / Tax ID tax registration in header band (p1: GSTIN_TAX_ID_IN_HEADER); [LAYOUT] GSTIN / Tax ID tax registration in header band (p1: GSTIN_TAX_ID_IN_HEADER); [LAYOUT] Vendor Invoice header without Purchase Order reference (p1: NPO_PURE_INVOICE_HEADER),9,4,[TEXT] invoice number pattern; [TEXT] phrase 'invoice no'; [TEXT] word 'invoice'; [TEXT] phrase 'bill to / client'; [TEXT] word 'vendor / seller'; [TEXT] term 'GSTIN'; [TEXT] term 'Tax Id'; [TEXT] phrase 'date of issue'; [TEXT] phrase 'amount due / total summary',[LAYOUT] Invoice Number structured in header metadata band (p1: INVOICE_LABEL_VALUE_IN_HEADER); [LAYOUT] GSTIN / Tax ID tax registration in header band (p1: GSTIN_TAX_ID_IN_HEADER); [LAYOUT] GSTIN / Tax ID tax registration in header band (p1: GSTIN_TAX_ID_IN_HEADER); [LAYOUT] Vendor Invoice header without Purchase Order reference (p1: NPO_PURE_INVOICE_HEADER),False,0.115,"{""POI"": 0.1579, ""NPO"": 0.68, ""IMA"": 0.0, ""MSI"": 0.0, ""PSI"": 0.0, ""JER"": 0.0, ""BKA"": 0.0, ""DPR"": 0.0, ""LCA"": 0.0}","{""POI"": 0.3667, ""NPO"": 0.7083, ""IMA"": 0.0, ""MSI"": 0.0, ""PSI"": 0.0, ""JER"": 0.0, ""BKA"": 0.0, ""DPR"": 0.0, ""LCA"": 0.0}","{""POI"": 0.0966, ""NPO"": 0.795, ""IMA"": 0.0, ""MSI"": 0.0, ""PSI"": 0.0, ""JER"": 0.0, ""BKA"": 0.0, ""DPR"": 0.0, ""LCA"": 0.0}"
NPO_BATCH1_invoice_51109338.pdf,invoice_51109338.pdf,EFDI Batch 1 Invoices (Full 100 Documents),NPO,FACT: Non-PO commercial vendor invoice without purchase order reference,1,930,NPO,0.68,True,9,invoice number pattern; phrase 'invoice no'; word 'invoice'; phrase 'bill to / client'; word 'vendor / seller'; term 'GSTIN'; term 'Tax Id'; phrase 'date of issue'; phrase 'amount due / total summary',NPO,0.7083,True,4,[LAYOUT] Invoice Number structured in header metadata band (p1: INVOICE_LABEL_VALUE_IN_HEADER); [LAYOUT] GSTIN / Tax ID tax registration in header band (p1: GSTIN_TAX_ID_IN_HEADER); [LAYOUT] GSTIN / Tax ID tax registration in header band (p1: GSTIN_TAX_ID_IN_HEADER); [LAYOUT] Vendor Invoice header without Purchase Order reference (p1: NPO_PURE_INVOICE_HEADER),NPO,0.795,True,13,[TEXT] invoice number pattern; [TEXT] phrase 'invoice no'; [TEXT] word 'invoice'; [TEXT] phrase 'bill to / client'; [TEXT] word 'vendor / seller'; [TEXT] term 'GSTIN'; [TEXT] term 'Tax Id'; [TEXT] phrase 'date of issue'; [TEXT] phrase 'amount due / total summary'; [LAYOUT] Invoice Number structured in header metadata band (p1: INVOICE_LABEL_VALUE_IN_HEADER); [LAYOUT] GSTIN / Tax ID tax registration in header band (p1: GSTIN_TAX_ID_IN_HEADER); [LAYOUT] GSTIN / Tax ID tax registration in header band (p1: GSTIN_TAX_ID_IN_HEADER); [LAYOUT] Vendor Invoice header without Purchase Order reference (p1: NPO_PURE_INVOICE_HEADER),9,4,[TEXT] invoice number pattern; [TEXT] phrase 'invoice no'; [TEXT] word 'invoice'; [TEXT] phrase 'bill to / client'; [TEXT] word 'vendor / seller'; [TEXT] term 'GSTIN'; [TEXT] term 'Tax Id'; [TEXT] phrase 'date of issue'; [TEXT] phrase 'amount due / total summary',[LAYOUT] Invoice Number structured in header metadata band (p1: INVOICE_LABEL_VALUE_IN_HEADER); [LAYOUT] GSTIN / Tax ID tax registration in header band (p1: GSTIN_TAX_ID_IN_HEADER); [LAYOUT] GSTIN / Tax ID tax registration in header band (p1: GSTIN_TAX_ID_IN_HEADER); [LAYOUT] Vendor Invoice header without Purchase Order reference (p1: NPO_PURE_INVOICE_HEADER),False,0.115,"{""POI"": 0.1579, ""NPO"": 0.68, ""IMA"": 0.0, ""MSI"": 0.0, ""PSI"": 0.0, ""JER"": 0.0, ""BKA"": 0.0, ""DPR"": 0.0, ""LCA"": 0.0}","{""POI"": 0.3667, ""NPO"": 0.7083, ""IMA"": 0.0, ""MSI"": 0.0, ""PSI"": 0.0, ""JER"": 0.0, ""BKA"": 0.0, ""DPR"": 0.0, ""LCA"": 0.0}","{""POI"": 0.0966, ""NPO"": 0.795, ""IMA"": 0.0, ""MSI"": 0.0, ""PSI"": 0.0, ""JER"": 0.0, ""BKA"": 0.0, ""DPR"": 0.0, ""LCA"": 0.0}"
NPO_BATCH1_invoice_51109339.pdf,invoice_51109339.pdf,EFDI Batch 1 Invoices (Full 100 Documents),NPO,FACT: Non-PO commercial vendor invoice without purchase order reference,1,573,NPO,0.68,True,9,invoice number pattern; phrase 'invoice no'; word 'invoice'; phrase 'bill to / client'; word 'vendor / seller'; term 'GSTIN'; term 'Tax Id'; phrase 'date of issue'; phrase 'amount due / total summary',NPO,0.7083,True,4,[LAYOUT] Invoice Number structured in header metadata band (p1: INVOICE_LABEL_VALUE_IN_HEADER); [LAYOUT] GSTIN / Tax ID tax registration in header band (p1: GSTIN_TAX_ID_IN_HEADER); [LAYOUT] GSTIN / Tax ID tax registration in header band (p1: GSTIN_TAX_ID_IN_HEADER); [LAYOUT] Vendor Invoice header without Purchase Order reference (p1: NPO_PURE_INVOICE_HEADER),NPO,0.795,True,13,[TEXT] invoice number pattern; [TEXT] phrase 'invoice no'; [TEXT] word 'invoice'; [TEXT] phrase 'bill to / client'; [TEXT] word 'vendor / seller'; [TEXT] term 'GSTIN'; [TEXT] term 'Tax Id'; [TEXT] phrase 'date of issue'; [TEXT] phrase 'amount due / total summary'; [LAYOUT] Invoice Number structured in header metadata band (p1: INVOICE_LABEL_VALUE_IN_HEADER); [LAYOUT] GSTIN / Tax ID tax registration in header band (p1: GSTIN_TAX_ID_IN_HEADER); [LAYOUT] GSTIN / Tax ID tax registration in header band (p1: GSTIN_TAX_ID_IN_HEADER); [LAYOUT] Vendor Invoice header without Purchase Order reference (p1: NPO_PURE_INVOICE_HEADER),9,4,[TEXT] invoice number pattern; [TEXT] phrase 'invoice no'; [TEXT] word 'invoice'; [TEXT] phrase 'bill to / client'; [TEXT] word 'vendor / seller'; [TEXT] term 'GSTIN'; [TEXT] term 'Tax Id'; [TEXT] phrase 'date of issue'; [TEXT] phrase 'amount due / total summary',[LAYOUT] Invoice Number structured in header metadata band (p1: INVOICE_LABEL_VALUE_IN_HEADER); [LAYOUT] GSTIN / Tax ID tax registration in header band (p1: GSTIN_TAX_ID_IN_HEADER); [LAYOUT] GSTIN / Tax ID tax registration in header band (p1: GSTIN_TAX_ID_IN_HEADER); [LAYOUT] Vendor Invoice header without Purchase Order reference (p1: NPO_PURE_INVOICE_HEADER),False,0.115,"{""POI"": 0.1579, ""NPO"": 0.68, ""IMA"": 0.0, ""MSI"": 0.0, ""PSI"": 0.0, ""JER"": 0.0, ""BKA"": 0.0, ""DPR"": 0.0, ""LCA"": 0.0}","{""POI"": 0.3667, ""NPO"": 0.7083, ""IMA"": 0.0, ""MSI"": 0.0, ""PSI"": 0.0, ""JER"": 0.0, ""BKA"": 0.0, ""DPR"": 0.0, ""LCA"": 0.0}","{""POI"": 0.0966, ""NPO"": 0.795, ""IMA"": 0.0, ""MSI"": 0.0, ""PSI"": 0.0, ""JER"": 0.0, ""BKA"": 0.0, ""DPR"": 0.0, ""LCA"": 0.0}"
NPO_BATCH1_invoice_51109340.pdf,invoice_51109340.pdf,EFDI Batch 1 Invoices (Full 100 Documents),NPO,FACT: Non-PO commercial vendor invoice without purchase order reference,1,1023,NPO,0.68,True,9,invoice number pattern; phrase 'invoice no'; word 'invoice'; phrase 'bill to / client'; word 'vendor / seller'; term 'GSTIN'; term 'Tax Id'; phrase 'date of issue'; phrase 'amount due / total summary',NPO,0.7083,True,4,[LAYOUT] Invoice Number structured in header metadata band (p1: INVOICE_LABEL_VALUE_IN_HEADER); [LAYOUT] GSTIN / Tax ID tax registration in header band (p1: GSTIN_TAX_ID_IN_HEADER); [LAYOUT] GSTIN / Tax ID tax registration in header band (p1: GSTIN_TAX_ID_IN_HEADER); [LAYOUT] Vendor Invoice header without Purchase Order reference (p1: NPO_PURE_INVOICE_HEADER),NPO,0.795,True,13,[TEXT] invoice number pattern; [TEXT] phrase 'invoice no'; [TEXT] word 'invoice'; [TEXT] phrase 'bill to / client'; [TEXT] word 'vendor / seller'; [TEXT] term 'GSTIN'; [TEXT] term 'Tax Id'; [TEXT] phrase 'date of issue'; [TEXT] phrase 'amount due / total summary'; [LAYOUT] Invoice Number structured in header metadata band (p1: INVOICE_LABEL_VALUE_IN_HEADER); [LAYOUT] GSTIN / Tax ID tax registration in header band (p1: GSTIN_TAX_ID_IN_HEADER); [LAYOUT] GSTIN / Tax ID tax registration in header band (p1: GSTIN_TAX_ID_IN_HEADER); [LAYOUT] Vendor Invoice header without Purchase Order reference (p1: NPO_PURE_INVOICE_HEADER),9,4,[TEXT] invoice number pattern; [TEXT] phrase 'invoice no'; [TEXT] word 'invoice'; [TEXT] phrase 'bill to / client'; [TEXT] word 'vendor / seller'; [TEXT] term 'GSTIN'; [TEXT] term 'Tax Id'; [TEXT] phrase 'date of issue'; [TEXT] phrase 'amount due / total summary',[LAYOUT] Invoice Number structured in header metadata band (p1: INVOICE_LABEL_VALUE_IN_HEADER); [LAYOUT] GSTIN / Tax ID tax registration in header band (p1: GSTIN_TAX_ID_IN_HEADER); [LAYOUT] GSTIN / Tax ID tax registration in header band (p1: GSTIN_TAX_ID_IN_HEADER); [LAYOUT] Vendor Invoice header without Purchase Order reference (p1: NPO_PURE_INVOICE_HEADER),False,0.115,"{""POI"": 0.1579, ""NPO"": 0.68, ""IMA"": 0.0, ""MSI"": 0.0, ""PSI"": 0.0, ""JER"": 0.0, ""BKA"": 0.0, ""DPR"": 0.0, ""LCA"": 0.0}","{""POI"": 0.3667, ""NPO"": 0.7083, ""IMA"": 0.0, ""MSI"": 0.0, ""PSI"": 0.0, ""JER"": 0.0, ""BKA"": 0.0, ""DPR"": 0.0, ""LCA"": 0.0}","{""POI"": 0.0966, ""NPO"": 0.795, ""IMA"": 0.0, ""MSI"": 0.0, ""PSI"": 0.0, ""JER"": 0.0, ""BKA"": 0.0, ""DPR"": 0.0, ""LCA"": 0.0}"
NPO_BATCH1_invoice_51109341.pdf,invoice_51109341.pdf,EFDI Batch 1 Invoices (Full 100 Documents),NPO,FACT: Non-PO commercial vendor invoice without purchase order reference,1,589,NPO,0.68,True,9,invoice number pattern; phrase 'invoice no'; word 'invoice'; phrase 'bill to / client'; word 'vendor / seller'; term 'GSTIN'; term 'Tax Id'; phrase 'date of issue'; phrase 'amount due / total summary',NPO,0.7083,True,4,[LAYOUT] Invoice Number structured in header metadata band (p1: INVOICE_LABEL_VALUE_IN_HEADER); [LAYOUT] GSTIN / Tax ID tax registration in header band (p1: GSTIN_TAX_ID_IN_HEADER); [LAYOUT] GSTIN / Tax ID tax registration in header band (p1: GSTIN_TAX_ID_IN_HEADER); [LAYOUT] Vendor Invoice header without Purchase Order reference (p1: NPO_PURE_INVOICE_HEADER),NPO,0.795,True,13,[TEXT] invoice number pattern; [TEXT] phrase 'invoice no'; [TEXT] word 'invoice'; [TEXT] phrase 'bill to / client'; [TEXT] word 'vendor / seller'; [TEXT] term 'GSTIN'; [TEXT] term 'Tax Id'; [TEXT] phrase 'date of issue'; [TEXT] phrase 'amount due / total summary'; [LAYOUT] Invoice Number structured in header metadata band (p1: INVOICE_LABEL_VALUE_IN_HEADER); [LAYOUT] GSTIN / Tax ID tax registration in header band (p1: GSTIN_TAX_ID_IN_HEADER); [LAYOUT] GSTIN / Tax ID tax registration in header band (p1: GSTIN_TAX_ID_IN_HEADER); [LAYOUT] Vendor Invoice header without Purchase Order reference (p1: NPO_PURE_INVOICE_HEADER),9,4,[TEXT] invoice number pattern; [TEXT] phrase 'invoice no'; [TEXT] word 'invoice'; [TEXT] phrase 'bill to / client'; [TEXT] word 'vendor / seller'; [TEXT] term 'GSTIN'; [TEXT] term 'Tax Id'; [TEXT] phrase 'date of issue'; [TEXT] phrase 'amount due / total summary',[LAYOUT] Invoice Number structured in header metadata band (p1: INVOICE_LABEL_VALUE_IN_HEADER); [LAYOUT] GSTIN / Tax ID tax registration in header band (p1: GSTIN_TAX_ID_IN_HEADER); [LAYOUT] GSTIN / Tax ID tax registration in header band (p1: GSTIN_TAX_ID_IN_HEADER); [LAYOUT] Vendor Invoice header without Purchase Order reference (p1: NPO_PURE_INVOICE_HEADER),False,0.115,"{""POI"": 0.1579, ""NPO"": 0.68, ""IMA"": 0.0, ""MSI"": 0.0, ""PSI"": 0.0, ""JER"": 0.0, ""BKA"": 0.0, ""DPR"": 0.0, ""LCA"": 0.0}","{""POI"": 0.3667, ""NPO"": 0.7083, ""IMA"": 0.0, ""MSI"": 0.0, ""PSI"": 0.0, ""JER"": 0.0, ""BKA"": 0.0, ""DPR"": 0.0, ""LCA"": 0.0}","{""POI"": 0.0966, ""NPO"": 0.795, ""IMA"": 0.0, ""MSI"": 0.0, ""PSI"": 0.0, ""JER"": 0.0, ""BKA"": 0.0, ""DPR"": 0.0, ""LCA"": 0.0}"
NPO_BATCH1_invoice_51109342.pdf,invoice_51109342.pdf,EFDI Batch 1 Invoices (Full 100 Documents),NPO,FACT: Non-PO commercial vendor invoice without purchase order reference,1,930,NPO,0.68,True,9,invoice number pattern; phrase 'invoice no'; word 'invoice'; phrase 'bill to / client'; word 'vendor / seller'; term 'GSTIN'; term 'Tax Id'; phrase 'date of issue'; phrase 'amount due / total summary',NPO,0.7083,True,4,[LAYOUT] Invoice Number structured in header metadata band (p1: INVOICE_LABEL_VALUE_IN_HEADER); [LAYOUT] GSTIN / Tax ID tax registration in header band (p1: GSTIN_TAX_ID_IN_HEADER); [LAYOUT] GSTIN / Tax ID tax registration in header band (p1: GSTIN_TAX_ID_IN_HEADER); [LAYOUT] Vendor Invoice header without Purchase Order reference (p1: NPO_PURE_INVOICE_HEADER),NPO,0.795,True,13,[TEXT] invoice number pattern; [TEXT] phrase 'invoice no'; [TEXT] word 'invoice'; [TEXT] phrase 'bill to / client'; [TEXT] word 'vendor / seller'; [TEXT] term 'GSTIN'; [TEXT] term 'Tax Id'; [TEXT] phrase 'date of issue'; [TEXT] phrase 'amount due / total summary'; [LAYOUT] Invoice Number structured in header metadata band (p1: INVOICE_LABEL_VALUE_IN_HEADER); [LAYOUT] GSTIN / Tax ID tax registration in header band (p1: GSTIN_TAX_ID_IN_HEADER); [LAYOUT] GSTIN / Tax ID tax registration in header band (p1: GSTIN_TAX_ID_IN_HEADER); [LAYOUT] Vendor Invoice header without Purchase Order reference (p1: NPO_PURE_INVOICE_HEADER),9,4,[TEXT] invoice number pattern; [TEXT] phrase 'invoice no'; [TEXT] word 'invoice'; [TEXT] phrase 'bill to / client'; [TEXT] word 'vendor / seller'; [TEXT] term 'GSTIN'; [TEXT] term 'Tax Id'; [TEXT] phrase 'date of issue'; [TEXT] phrase 'amount due / total summary',[LAYOUT] Invoice Number structured in header metadata band (p1: INVOICE_LABEL_VALUE_IN_HEADER); [LAYOUT] GSTIN / Tax ID tax registration in header band (p1: GSTIN_TAX_ID_IN_HEADER); [LAYOUT] GSTIN / Tax ID tax registration in header band (p1: GSTIN_TAX_ID_IN_HEADER); [LAYOUT] Vendor Invoice header without Purchase Order reference (p1: NPO_PURE_INVOICE_HEADER),False,0.115,"{""POI"": 0.1579, ""NPO"": 0.68, ""IMA"": 0.0, ""MSI"": 0.0, ""PSI"": 0.0, ""JER"": 0.0, ""BKA"": 0.0, ""DPR"": 0.0, ""LCA"": 0.0}","{""POI"": 0.3667, ""NPO"": 0.7083, ""IMA"": 0.0, ""MSI"": 0.0, ""PSI"": 0.0, ""JER"": 0.0, ""BKA"": 0.0, ""DPR"": 0.0, ""LCA"": 0.0}","{""POI"": 0.0966, ""NPO"": 0.795, ""IMA"": 0.0, ""MSI"": 0.0, ""PSI"": 0.0, ""JER"": 0.0, ""BKA"": 0.0, ""DPR"": 0.0, ""LCA"": 0.0}"
NPO_BATCH1_invoice_51109343.pdf,invoice_51109343.pdf,EFDI Batch 1 Invoices (Full 100 Documents),NPO,FACT: Non-PO commercial vendor invoice without purchase order reference,1,783,NPO,0.68,True,9,invoice number pattern; phrase 'invoice no'; word 'invoice'; phrase 'bill to / client'; word 'vendor / seller'; term 'GSTIN'; term 'Tax Id'; phrase 'date of issue'; phrase 'amount due / total summary',NPO,0.7083,True,4,[LAYOUT] Invoice Number structured in header metadata band (p1: INVOICE_LABEL_VALUE_IN_HEADER); [LAYOUT] GSTIN / Tax ID tax registration in header band (p1: GSTIN_TAX_ID_IN_HEADER); [LAYOUT] GSTIN / Tax ID tax registration in header band (p1: GSTIN_TAX_ID_IN_HEADER); [LAYOUT] Vendor Invoice header without Purchase Order reference (p1: NPO_PURE_INVOICE_HEADER),NPO,0.795,True,13,[TEXT] invoice number pattern; [TEXT] phrase 'invoice no'; [TEXT] word 'invoice'; [TEXT] phrase 'bill to / client'; [TEXT] word 'vendor / seller'; [TEXT] term 'GSTIN'; [TEXT] term 'Tax Id'; [TEXT] phrase 'date of issue'; [TEXT] phrase 'amount due / total summary'; [LAYOUT] Invoice Number structured in header metadata band (p1: INVOICE_LABEL_VALUE_IN_HEADER); [LAYOUT] GSTIN / Tax ID tax registration in header band (p1: GSTIN_TAX_ID_IN_HEADER); [LAYOUT] GSTIN / Tax ID tax registration in header band (p1: GSTIN_TAX_ID_IN_HEADER); [LAYOUT] Vendor Invoice header without Purchase Order reference (p1: NPO_PURE_INVOICE_HEADER),9,4,[TEXT] invoice number pattern; [TEXT] phrase 'invoice no'; [TEXT] word 'invoice'; [TEXT] phrase 'bill to / client'; [TEXT] word 'vendor / seller'; [TEXT] term 'GSTIN'; [TEXT] term 'Tax Id'; [TEXT] phrase 'date of issue'; [TEXT] phrase 'amount due / total summary',[LAYOUT] Invoice Number structured in header metadata band (p1: INVOICE_LABEL_VALUE_IN_HEADER); [LAYOUT] GSTIN / Tax ID tax registration in header band (p1: GSTIN_TAX_ID_IN_HEADER); [LAYOUT] GSTIN / Tax ID tax registration in header band (p1: GSTIN_TAX_ID_IN_HEADER); [LAYOUT] Vendor Invoice header without Purchase Order reference (p1: NPO_PURE_INVOICE_HEADER),False,0.115,"{""POI"": 0.1579, ""NPO"": 0.68, ""IMA"": 0.0, ""MSI"": 0.0, ""PSI"": 0.0, ""JER"": 0.0, ""BKA"": 0.0, ""DPR"": 0.0, ""LCA"": 0.0}","{""POI"": 0.3667, ""NPO"": 0.7083, ""IMA"": 0.0, ""MSI"": 0.0, ""PSI"": 0.0, ""JER"": 0.0, ""BKA"": 0.0, ""DPR"": 0.0, ""LCA"": 0.0}","{""POI"": 0.0966, ""NPO"": 0.795, ""IMA"": 0.0, ""MSI"": 0.0, ""PSI"": 0.0, ""JER"": 0.0, ""BKA"": 0.0, ""DPR"": 0.0, ""LCA"": 0.0}"
NPO_BATCH1_invoice_51109344.pdf,invoice_51109344.pdf,EFDI Batch 1 Invoices (Full 100 Documents),NPO,FACT: Non-PO commercial vendor invoice without purchase order reference,1,849,NPO,0.68,True,9,invoice number pattern; phrase 'invoice no'; word 'invoice'; phrase 'bill to / client'; word 'vendor / seller'; term 'GSTIN'; term 'Tax Id'; phrase 'date of issue'; phrase 'amount due / total summary',NPO,0.7083,True,4,[LAYOUT] Invoice Number structured in header metadata band (p1: INVOICE_LABEL_VALUE_IN_HEADER); [LAYOUT] GSTIN / Tax ID tax registration in header band (p1: GSTIN_TAX_ID_IN_HEADER); [LAYOUT] GSTIN / Tax ID tax registration in header band (p1: GSTIN_TAX_ID_IN_HEADER); [LAYOUT] Vendor Invoice header without Purchase Order reference (p1: NPO_PURE_INVOICE_HEADER),NPO,0.795,True,13,[TEXT] invoice number pattern; [TEXT] phrase 'invoice no'; [TEXT] word 'invoice'; [TEXT] phrase 'bill to / client'; [TEXT] word 'vendor / seller'; [TEXT] term 'GSTIN'; [TEXT] term 'Tax Id'; [TEXT] phrase 'date of issue'; [TEXT] phrase 'amount due / total summary'; [LAYOUT] Invoice Number structured in header metadata band (p1: INVOICE_LABEL_VALUE_IN_HEADER); [LAYOUT] GSTIN / Tax ID tax registration in header band (p1: GSTIN_TAX_ID_IN_HEADER); [LAYOUT] GSTIN / Tax ID tax registration in header band (p1: GSTIN_TAX_ID_IN_HEADER); [LAYOUT] Vendor Invoice header without Purchase Order reference (p1: NPO_PURE_INVOICE_HEADER),9,4,[TEXT] invoice number pattern; [TEXT] phrase 'invoice no'; [TEXT] word 'invoice'; [TEXT] phrase 'bill to / client'; [TEXT] word 'vendor / seller'; [TEXT] term 'GSTIN'; [TEXT] term 'Tax Id'; [TEXT] phrase 'date of issue'; [TEXT] phrase 'amount due / total summary',[LAYOUT] Invoice Number structured in header metadata band (p1: INVOICE_LABEL_VALUE_IN_HEADER); [LAYOUT] GSTIN / Tax ID tax registration in header band (p1: GSTIN_TAX_ID_IN_HEADER); [LAYOUT] GSTIN / Tax ID tax registration in header band (p1: GSTIN_TAX_ID_IN_HEADER); [LAYOUT] Vendor Invoice header without Purchase Order reference (p1: NPO_PURE_INVOICE_HEADER),False,0.115,"{""POI"": 0.1579, ""NPO"": 0.68, ""IMA"": 0.0, ""MSI"": 0.0, ""PSI"": 0.0, ""JER"": 0.0, ""BKA"": 0.0, ""DPR"": 0.0, ""LCA"": 0.0}","{""POI"": 0.3667, ""NPO"": 0.7083, ""IMA"": 0.0, ""MSI"": 0.0, ""PSI"": 0.0, ""JER"": 0.0, ""BKA"": 0.0, ""DPR"": 0.0, ""LCA"": 0.0}","{""POI"": 0.0966, ""NPO"": 0.795, ""IMA"": 0.0, ""MSI"": 0.0, ""PSI"": 0.0, ""JER"": 0.0, ""BKA"": 0.0, ""DPR"": 0.0, ""LCA"": 0.0}"
NPO_BATCH1_invoice_51109345.pdf,invoice_51109345.pdf,EFDI Batch 1 Invoices (Full 100 Documents),NPO,FACT: Non-PO commercial vendor invoice without purchase order reference,1,911,NPO,0.68,True,9,invoice number pattern; phrase 'invoice no'; word 'invoice'; phrase 'bill to / client'; word 'vendor / seller'; term 'GSTIN'; term 'Tax Id'; phrase 'date of issue'; phrase 'amount due / total summary',NPO,0.7083,True,4,[LAYOUT] Invoice Number structured in header metadata band (p1: INVOICE_LABEL_VALUE_IN_HEADER); [LAYOUT] GSTIN / Tax ID tax registration in header band (p1: GSTIN_TAX_ID_IN_HEADER); [LAYOUT] GSTIN / Tax ID tax registration in header band (p1: GSTIN_TAX_ID_IN_HEADER); [LAYOUT] Vendor Invoice header without Purchase Order reference (p1: NPO_PURE_INVOICE_HEADER),NPO,0.795,True,13,[TEXT] invoice number pattern; [TEXT] phrase 'invoice no'; [TEXT] word 'invoice'; [TEXT] phrase 'bill to / client'; [TEXT] word 'vendor / seller'; [TEXT] term 'GSTIN'; [TEXT] term 'Tax Id'; [TEXT] phrase 'date of issue'; [TEXT] phrase 'amount due / total summary'; [LAYOUT] Invoice Number structured in header metadata band (p1: INVOICE_LABEL_VALUE_IN_HEADER); [LAYOUT] GSTIN / Tax ID tax registration in header band (p1: GSTIN_TAX_ID_IN_HEADER); [LAYOUT] GSTIN / Tax ID tax registration in header band (p1: GSTIN_TAX_ID_IN_HEADER); [LAYOUT] Vendor Invoice header without Purchase Order reference (p1: NPO_PURE_INVOICE_HEADER),9,4,[TEXT] invoice number pattern; [TEXT] phrase 'invoice no'; [TEXT] word 'invoice'; [TEXT] phrase 'bill to / client'; [TEXT] word 'vendor / seller'; [TEXT] term 'GSTIN'; [TEXT] term 'Tax Id'; [TEXT] phrase 'date of issue'; [TEXT] phrase 'amount due / total summary',[LAYOUT] Invoice Number structured in header metadata band (p1: INVOICE_LABEL_VALUE_IN_HEADER); [LAYOUT] GSTIN / Tax ID tax registration in header band (p1: GSTIN_TAX_ID_IN_HEADER); [LAYOUT] GSTIN / Tax ID tax registration in header band (p1: GSTIN_TAX_ID_IN_HEADER); [LAYOUT] Vendor Invoice header without Purchase Order reference (p1: NPO_PURE_INVOICE_HEADER),False,0.115,"{""POI"": 0.1579, ""NPO"": 0.68, ""IMA"": 0.0, ""MSI"": 0.0, ""PSI"": 0.0, ""JER"": 0.0, ""BKA"": 0.0, ""DPR"": 0.0, ""LCA"": 0.0}","{""POI"": 0.3667, ""NPO"": 0.7083, ""IMA"": 0.0, ""MSI"": 0.0, ""PSI"": 0.0, ""JER"": 0.0, ""BKA"": 0.0, ""DPR"": 0.0, ""LCA"": 0.0}","{""POI"": 0.0966, ""NPO"": 0.795, ""IMA"": 0.0, ""MSI"": 0.0, ""PSI"": 0.0, ""JER"": 0.0, ""BKA"": 0.0, ""DPR"": 0.0, ""LCA"": 0.0}"
NPO_BATCH1_invoice_51109346.pdf,invoice_51109346.pdf,EFDI Batch 1 Invoices (Full 100 Documents),NPO,FACT: Non-PO commercial vendor invoice without purchase order reference,1,1160,NPO,0.68,True,9,invoice number pattern; phrase 'invoice no'; word 'invoice'; phrase 'bill to / client'; word 'vendor / seller'; term 'GSTIN'; term 'Tax Id'; phrase 'date of issue'; phrase 'amount due / total summary',NPO,0.7083,True,4,[LAYOUT] Invoice Number structured in header metadata band (p1: INVOICE_LABEL_VALUE_IN_HEADER); [LAYOUT] GSTIN / Tax ID tax registration in header band (p1: GSTIN_TAX_ID_IN_HEADER); [LAYOUT] GSTIN / Tax ID tax registration in header band (p1: GSTIN_TAX_ID_IN_HEADER); [LAYOUT] Vendor Invoice header without Purchase Order reference (p1: NPO_PURE_INVOICE_HEADER),NPO,0.795,True,13,[TEXT] invoice number pattern; [TEXT] phrase 'invoice no'; [TEXT] word 'invoice'; [TEXT] phrase 'bill to / client'; [TEXT] word 'vendor / seller'; [TEXT] term 'GSTIN'; [TEXT] term 'Tax Id'; [TEXT] phrase 'date of issue'; [TEXT] phrase 'amount due / total summary'; [LAYOUT] Invoice Number structured in header metadata band (p1: INVOICE_LABEL_VALUE_IN_HEADER); [LAYOUT] GSTIN / Tax ID tax registration in header band (p1: GSTIN_TAX_ID_IN_HEADER); [LAYOUT] GSTIN / Tax ID tax registration in header band (p1: GSTIN_TAX_ID_IN_HEADER); [LAYOUT] Vendor Invoice header without Purchase Order reference (p1: NPO_PURE_INVOICE_HEADER),9,4,[TEXT] invoice number pattern; [TEXT] phrase 'invoice no'; [TEXT] word 'invoice'; [TEXT] phrase 'bill to / client'; [TEXT] word 'vendor / seller'; [TEXT] term 'GSTIN'; [TEXT] term 'Tax Id'; [TEXT] phrase 'date of issue'; [TEXT] phrase 'amount due / total summary',[LAYOUT] Invoice Number structured in header metadata band (p1: INVOICE_LABEL_VALUE_IN_HEADER); [LAYOUT] GSTIN / Tax ID tax registration in header band (p1: GSTIN_TAX_ID_IN_HEADER); [LAYOUT] GSTIN / Tax ID tax registration in header band (p1: GSTIN_TAX_ID_IN_HEADER); [LAYOUT] Vendor Invoice header without Purchase Order reference (p1: NPO_PURE_INVOICE_HEADER),False,0.115,"{""POI"": 0.1579, ""NPO"": 0.68, ""IMA"": 0.0, ""MSI"": 0.0, ""PSI"": 0.0, ""JER"": 0.0, ""BKA"": 0.0, ""DPR"": 0.0, ""LCA"": 0.0}","{""POI"": 0.3667, ""NPO"": 0.7083, ""IMA"": 0.0, ""MSI"": 0.0, ""PSI"": 0.0, ""JER"": 0.0, ""BKA"": 0.0, ""DPR"": 0.0, ""LCA"": 0.0}","{""POI"": 0.0966, ""NPO"": 0.795, ""IMA"": 0.0, ""MSI"": 0.0, ""PSI"": 0.0, ""JER"": 0.0, ""BKA"": 0.0, ""DPR"": 0.0, ""LCA"": 0.0}"
NPO_BATCH1_invoice_51109347.pdf,invoice_51109347.pdf,EFDI Batch 1 Invoices (Full 100 Documents),NPO,FACT: Non-PO commercial vendor invoice without purchase order reference,1,747,NPO,0.68,True,9,invoice number pattern; phrase 'invoice no'; word 'invoice'; phrase 'bill to / client'; word 'vendor / seller'; term 'GSTIN'; term 'Tax Id'; phrase 'date of issue'; phrase 'amount due / total summary',NPO,0.7083,True,4,[LAYOUT] Invoice Number structured in header metadata band (p1: INVOICE_LABEL_VALUE_IN_HEADER); [LAYOUT] GSTIN / Tax ID tax registration in header band (p1: GSTIN_TAX_ID_IN_HEADER); [LAYOUT] GSTIN / Tax ID tax registration in header band (p1: GSTIN_TAX_ID_IN_HEADER); [LAYOUT] Vendor Invoice header without Purchase Order reference (p1: NPO_PURE_INVOICE_HEADER),NPO,0.795,True,13,[TEXT] invoice number pattern; [TEXT] phrase 'invoice no'; [TEXT] word 'invoice'; [TEXT] phrase 'bill to / client'; [TEXT] word 'vendor / seller'; [TEXT] term 'GSTIN'; [TEXT] term 'Tax Id'; [TEXT] phrase 'date of issue'; [TEXT] phrase 'amount due / total summary'; [LAYOUT] Invoice Number structured in header metadata band (p1: INVOICE_LABEL_VALUE_IN_HEADER); [LAYOUT] GSTIN / Tax ID tax registration in header band (p1: GSTIN_TAX_ID_IN_HEADER); [LAYOUT] GSTIN / Tax ID tax registration in header band (p1: GSTIN_TAX_ID_IN_HEADER); [LAYOUT] Vendor Invoice header without Purchase Order reference (p1: NPO_PURE_INVOICE_HEADER),9,4,[TEXT] invoice number pattern; [TEXT] phrase 'invoice no'; [TEXT] word 'invoice'; [TEXT] phrase 'bill to / client'; [TEXT] word 'vendor / seller'; [TEXT] term 'GSTIN'; [TEXT] term 'Tax Id'; [TEXT] phrase 'date of issue'; [TEXT] phrase 'amount due / total summary',[LAYOUT] Invoice Number structured in header metadata band (p1: INVOICE_LABEL_VALUE_IN_HEADER); [LAYOUT] GSTIN / Tax ID tax registration in header band (p1: GSTIN_TAX_ID_IN_HEADER); [LAYOUT] GSTIN / Tax ID tax registration in header band (p1: GSTIN_TAX_ID_IN_HEADER); [LAYOUT] Vendor Invoice header without Purchase Order reference (p1: NPO_PURE_INVOICE_HEADER),False,0.115,"{""POI"": 0.1579, ""NPO"": 0.68, ""IMA"": 0.0, ""MSI"": 0.0, ""PSI"": 0.0, ""JER"": 0.0, ""BKA"": 0.0, ""DPR"": 0.0, ""LCA"": 0.0}","{""POI"": 0.3667, ""NPO"": 0.7083, ""IMA"": 0.0, ""MSI"": 0.0, ""PSI"": 0.0, ""JER"": 0.0, ""BKA"": 0.0, ""DPR"": 0.0, ""LCA"": 0.0}","{""POI"": 0.0966, ""NPO"": 0.795, ""IMA"": 0.0, ""MSI"": 0.0, ""PSI"": 0.0, ""JER"": 0.0, ""BKA"": 0.0, ""DPR"": 0.0, ""LCA"": 0.0}"
NPO_BATCH1_invoice_51109348.pdf,invoice_51109348.pdf,EFDI Batch 1 Invoices (Full 100 Documents),NPO,FACT: Non-PO commercial vendor invoice without purchase order reference,1,825,NPO,0.68,True,9,invoice number pattern; phrase 'invoice no'; word 'invoice'; phrase 'bill to / client'; word 'vendor / seller'; term 'GSTIN'; term 'Tax Id'; phrase 'date of issue'; phrase 'amount due / total summary',NPO,0.7083,True,4,[LAYOUT] Invoice Number structured in header metadata band (p1: INVOICE_LABEL_VALUE_IN_HEADER); [LAYOUT] GSTIN / Tax ID tax registration in header band (p1: GSTIN_TAX_ID_IN_HEADER); [LAYOUT] GSTIN / Tax ID tax registration in header band (p1: GSTIN_TAX_ID_IN_HEADER); [LAYOUT] Vendor Invoice header without Purchase Order reference (p1: NPO_PURE_INVOICE_HEADER),NPO,0.795,True,13,[TEXT] invoice number pattern; [TEXT] phrase 'invoice no'; [TEXT] word 'invoice'; [TEXT] phrase 'bill to / client'; [TEXT] word 'vendor / seller'; [TEXT] term 'GSTIN'; [TEXT] term 'Tax Id'; [TEXT] phrase 'date of issue'; [TEXT] phrase 'amount due / total summary'; [LAYOUT] Invoice Number structured in header metadata band (p1: INVOICE_LABEL_VALUE_IN_HEADER); [LAYOUT] GSTIN / Tax ID tax registration in header band (p1: GSTIN_TAX_ID_IN_HEADER); [LAYOUT] GSTIN / Tax ID tax registration in header band (p1: GSTIN_TAX_ID_IN_HEADER); [LAYOUT] Vendor Invoice header without Purchase Order reference (p1: NPO_PURE_INVOICE_HEADER),9,4,[TEXT] invoice number pattern; [TEXT] phrase 'invoice no'; [TEXT] word 'invoice'; [TEXT] phrase 'bill to / client'; [TEXT] word 'vendor / seller'; [TEXT] term 'GSTIN'; [TEXT] term 'Tax Id'; [TEXT] phrase 'date of issue'; [TEXT] phrase 'amount due / total summary',[LAYOUT] Invoice Number structured in header metadata band (p1: INVOICE_LABEL_VALUE_IN_HEADER); [LAYOUT] GSTIN / Tax ID tax registration in header band (p1: GSTIN_TAX_ID_IN_HEADER); [LAYOUT] GSTIN / Tax ID tax registration in header band (p1: GSTIN_TAX_ID_IN_HEADER); [LAYOUT] Vendor Invoice header without Purchase Order reference (p1: NPO_PURE_INVOICE_HEADER),False,0.115,"{""POI"": 0.1579, ""NPO"": 0.68, ""IMA"": 0.0, ""MSI"": 0.0, ""PSI"": 0.0, ""JER"": 0.0, ""BKA"": 0.0, ""DPR"": 0.0, ""LCA"": 0.0}","{""POI"": 0.3667, ""NPO"": 0.7083, ""IMA"": 0.0, ""MSI"": 0.0, ""PSI"": 0.0, ""JER"": 0.0, ""BKA"": 0.0, ""DPR"": 0.0, ""LCA"": 0.0}","{""POI"": 0.0966, ""NPO"": 0.795, ""IMA"": 0.0, ""MSI"": 0.0, ""PSI"": 0.0, ""JER"": 0.0, ""BKA"": 0.0, ""DPR"": 0.0, ""LCA"": 0.0}"
NPO_BATCH1_invoice_51109349.pdf,invoice_51109349.pdf,EFDI Batch 1 Invoices (Full 100 Documents),NPO,FACT: Non-PO commercial vendor invoice without purchase order reference,1,765,NPO,0.68,True,9,invoice number pattern; phrase 'invoice no'; word 'invoice'; phrase 'bill to / client'; word 'vendor / seller'; term 'GSTIN'; term 'Tax Id'; phrase 'date of issue'; phrase 'amount due / total summary',NPO,0.7083,True,4,[LAYOUT] Invoice Number structured in header metadata band (p1: INVOICE_LABEL_VALUE_IN_HEADER); [LAYOUT] GSTIN / Tax ID tax registration in header band (p1: GSTIN_TAX_ID_IN_HEADER); [LAYOUT] GSTIN / Tax ID tax registration in header band (p1: GSTIN_TAX_ID_IN_HEADER); [LAYOUT] Vendor Invoice header without Purchase Order reference (p1: NPO_PURE_INVOICE_HEADER),NPO,0.795,True,13,[TEXT] invoice number pattern; [TEXT] phrase 'invoice no'; [TEXT] word 'invoice'; [TEXT] phrase 'bill to / client'; [TEXT] word 'vendor / seller'; [TEXT] term 'GSTIN'; [TEXT] term 'Tax Id'; [TEXT] phrase 'date of issue'; [TEXT] phrase 'amount due / total summary'; [LAYOUT] Invoice Number structured in header metadata band (p1: INVOICE_LABEL_VALUE_IN_HEADER); [LAYOUT] GSTIN / Tax ID tax registration in header band (p1: GSTIN_TAX_ID_IN_HEADER); [LAYOUT] GSTIN / Tax ID tax registration in header band (p1: GSTIN_TAX_ID_IN_HEADER); [LAYOUT] Vendor Invoice header without Purchase Order reference (p1: NPO_PURE_INVOICE_HEADER),9,4,[TEXT] invoice number pattern; [TEXT] phrase 'invoice no'; [TEXT] word 'invoice'; [TEXT] phrase 'bill to / client'; [TEXT] word 'vendor / seller'; [TEXT] term 'GSTIN'; [TEXT] term 'Tax Id'; [TEXT] phrase 'date of issue'; [TEXT] phrase 'amount due / total summary',[LAYOUT] Invoice Number structured in header metadata band (p1: INVOICE_LABEL_VALUE_IN_HEADER); [LAYOUT] GSTIN / Tax ID tax registration in header band (p1: GSTIN_TAX_ID_IN_HEADER); [LAYOUT] GSTIN / Tax ID tax registration in header band (p1: GSTIN_TAX_ID_IN_HEADER); [LAYOUT] Vendor Invoice header without Purchase Order reference (p1: NPO_PURE_INVOICE_HEADER),False,0.115,"{""POI"": 0.1579, ""NPO"": 0.68, ""IMA"": 0.0, ""MSI"": 0.0, ""PSI"": 0.0, ""JER"": 0.0, ""BKA"": 0.0, ""DPR"": 0.0, ""LCA"": 0.0}","{""POI"": 0.3667, ""NPO"": 0.7083, ""IMA"": 0.0, ""MSI"": 0.0, ""PSI"": 0.0, ""JER"": 0.0, ""BKA"": 0.0, ""DPR"": 0.0, ""LCA"": 0.0}","{""POI"": 0.0966, ""NPO"": 0.795, ""IMA"": 0.0, ""MSI"": 0.0, ""PSI"": 0.0, ""JER"": 0.0, ""BKA"": 0.0, ""DPR"": 0.0, ""LCA"": 0.0}"
NPO_BATCH1_invoice_51109350.pdf,invoice_51109350.pdf,EFDI Batch 1 Invoices (Full 100 Documents),NPO,FACT: Non-PO commercial vendor invoice without purchase order reference,1,584,NPO,0.68,True,9,invoice number pattern; phrase 'invoice no'; word 'invoice'; phrase 'bill to / client'; word 'vendor / seller'; term 'GSTIN'; term 'Tax Id'; phrase 'date of issue'; phrase 'amount due / total summary',NPO,0.7083,True,4,[LAYOUT] Invoice Number structured in header metadata band (p1: INVOICE_LABEL_VALUE_IN_HEADER); [LAYOUT] GSTIN / Tax ID tax registration in header band (p1: GSTIN_TAX_ID_IN_HEADER); [LAYOUT] GSTIN / Tax ID tax registration in header band (p1: GSTIN_TAX_ID_IN_HEADER); [LAYOUT] Vendor Invoice header without Purchase Order reference (p1: NPO_PURE_INVOICE_HEADER),NPO,0.795,True,13,[TEXT] invoice number pattern; [TEXT] phrase 'invoice no'; [TEXT] word 'invoice'; [TEXT] phrase 'bill to / client'; [TEXT] word 'vendor / seller'; [TEXT] term 'GSTIN'; [TEXT] term 'Tax Id'; [TEXT] phrase 'date of issue'; [TEXT] phrase 'amount due / total summary'; [LAYOUT] Invoice Number structured in header metadata band (p1: INVOICE_LABEL_VALUE_IN_HEADER); [LAYOUT] GSTIN / Tax ID tax registration in header band (p1: GSTIN_TAX_ID_IN_HEADER); [LAYOUT] GSTIN / Tax ID tax registration in header band (p1: GSTIN_TAX_ID_IN_HEADER); [LAYOUT] Vendor Invoice header without Purchase Order reference (p1: NPO_PURE_INVOICE_HEADER),9,4,[TEXT] invoice number pattern; [TEXT] phrase 'invoice no'; [TEXT] word 'invoice'; [TEXT] phrase 'bill to / client'; [TEXT] word 'vendor / seller'; [TEXT] term 'GSTIN'; [TEXT] term 'Tax Id'; [TEXT] phrase 'date of issue'; [TEXT] phrase 'amount due / total summary',[LAYOUT] Invoice Number structured in header metadata band (p1: INVOICE_LABEL_VALUE_IN_HEADER); [LAYOUT] GSTIN / Tax ID tax registration in header band (p1: GSTIN_TAX_ID_IN_HEADER); [LAYOUT] GSTIN / Tax ID tax registration in header band (p1: GSTIN_TAX_ID_IN_HEADER); [LAYOUT] Vendor Invoice header without Purchase Order reference (p1: NPO_PURE_INVOICE_HEADER),False,0.115,"{""POI"": 0.1579, ""NPO"": 0.68, ""IMA"": 0.0, ""MSI"": 0.0, ""PSI"": 0.0, ""JER"": 0.0, ""BKA"": 0.0, ""DPR"": 0.0, ""LCA"": 0.0}","{""POI"": 0.3667, ""NPO"": 0.7083, ""IMA"": 0.0, ""MSI"": 0.0, ""PSI"": 0.0, ""JER"": 0.0, ""BKA"": 0.0, ""DPR"": 0.0, ""LCA"": 0.0}","{""POI"": 0.0966, ""NPO"": 0.795, ""IMA"": 0.0, ""MSI"": 0.0, ""PSI"": 0.0, ""JER"": 0.0, ""BKA"": 0.0, ""DPR"": 0.0, ""LCA"": 0.0}"
NPO_BATCH1_invoice_51109351.pdf,invoice_51109351.pdf,EFDI Batch 1 Invoices (Full 100 Documents),NPO,FACT: Non-PO commercial vendor invoice without purchase order reference,1,668,NPO,0.68,True,9,invoice number pattern; phrase 'invoice no'; word 'invoice'; phrase 'bill to / client'; word 'vendor / seller'; term 'GSTIN'; term 'Tax Id'; phrase 'date of issue'; phrase 'amount due / total summary',NPO,0.7083,True,4,[LAYOUT] Invoice Number structured in header metadata band (p1: INVOICE_LABEL_VALUE_IN_HEADER); [LAYOUT] GSTIN / Tax ID tax registration in header band (p1: GSTIN_TAX_ID_IN_HEADER); [LAYOUT] GSTIN / Tax ID tax registration in header band (p1: GSTIN_TAX_ID_IN_HEADER); [LAYOUT] Vendor Invoice header without Purchase Order reference (p1: NPO_PURE_INVOICE_HEADER),NPO,0.795,True,13,[TEXT] invoice number pattern; [TEXT] phrase 'invoice no'; [TEXT] word 'invoice'; [TEXT] phrase 'bill to / client'; [TEXT] word 'vendor / seller'; [TEXT] term 'GSTIN'; [TEXT] term 'Tax Id'; [TEXT] phrase 'date of issue'; [TEXT] phrase 'amount due / total summary'; [LAYOUT] Invoice Number structured in header metadata band (p1: INVOICE_LABEL_VALUE_IN_HEADER); [LAYOUT] GSTIN / Tax ID tax registration in header band (p1: GSTIN_TAX_ID_IN_HEADER); [LAYOUT] GSTIN / Tax ID tax registration in header band (p1: GSTIN_TAX_ID_IN_HEADER); [LAYOUT] Vendor Invoice header without Purchase Order reference (p1: NPO_PURE_INVOICE_HEADER),9,4,[TEXT] invoice number pattern; [TEXT] phrase 'invoice no'; [TEXT] word 'invoice'; [TEXT] phrase 'bill to / client'; [TEXT] word 'vendor / seller'; [TEXT] term 'GSTIN'; [TEXT] term 'Tax Id'; [TEXT] phrase 'date of issue'; [TEXT] phrase 'amount due / total summary',[LAYOUT] Invoice Number structured in header metadata band (p1: INVOICE_LABEL_VALUE_IN_HEADER); [LAYOUT] GSTIN / Tax ID tax registration in header band (p1: GSTIN_TAX_ID_IN_HEADER); [LAYOUT] GSTIN / Tax ID tax registration in header band (p1: GSTIN_TAX_ID_IN_HEADER); [LAYOUT] Vendor Invoice header without Purchase Order reference (p1: NPO_PURE_INVOICE_HEADER),False,0.115,"{""POI"": 0.1579, ""NPO"": 0.68, ""IMA"": 0.0, ""MSI"": 0.0, ""PSI"": 0.0, ""JER"": 0.0, ""BKA"": 0.0, ""DPR"": 0.0, ""LCA"": 0.0}","{""POI"": 0.3667, ""NPO"": 0.7083, ""IMA"": 0.0, ""MSI"": 0.0, ""PSI"": 0.0, ""JER"": 0.0, ""BKA"": 0.0, ""DPR"": 0.0, ""LCA"": 0.0}","{""POI"": 0.0966, ""NPO"": 0.795, ""IMA"": 0.0, ""MSI"": 0.0, ""PSI"": 0.0, ""JER"": 0.0, ""BKA"": 0.0, ""DPR"": 0.0, ""LCA"": 0.0}"
NPO_BATCH1_invoice_51109352.pdf,invoice_51109352.pdf,EFDI Batch 1 Invoices (Full 100 Documents),NPO,FACT: Non-PO commercial vendor invoice without purchase order reference,1,751,NPO,0.68,True,9,invoice number pattern; phrase 'invoice no'; word 'invoice'; phrase 'bill to / client'; word 'vendor / seller'; term 'GSTIN'; term 'Tax Id'; phrase 'date of issue'; phrase 'amount due / total summary',NPO,0.7083,True,4,[LAYOUT] Invoice Number structured in header metadata band (p1: INVOICE_LABEL_VALUE_IN_HEADER); [LAYOUT] GSTIN / Tax ID tax registration in header band (p1: GSTIN_TAX_ID_IN_HEADER); [LAYOUT] GSTIN / Tax ID tax registration in header band (p1: GSTIN_TAX_ID_IN_HEADER); [LAYOUT] Vendor Invoice header without Purchase Order reference (p1: NPO_PURE_INVOICE_HEADER),NPO,0.795,True,13,[TEXT] invoice number pattern; [TEXT] phrase 'invoice no'; [TEXT] word 'invoice'; [TEXT] phrase 'bill to / client'; [TEXT] word 'vendor / seller'; [TEXT] term 'GSTIN'; [TEXT] term 'Tax Id'; [TEXT] phrase 'date of issue'; [TEXT] phrase 'amount due / total summary'; [LAYOUT] Invoice Number structured in header metadata band (p1: INVOICE_LABEL_VALUE_IN_HEADER); [LAYOUT] GSTIN / Tax ID tax registration in header band (p1: GSTIN_TAX_ID_IN_HEADER); [LAYOUT] GSTIN / Tax ID tax registration in header band (p1: GSTIN_TAX_ID_IN_HEADER); [LAYOUT] Vendor Invoice header without Purchase Order reference (p1: NPO_PURE_INVOICE_HEADER),9,4,[TEXT] invoice number pattern; [TEXT] phrase 'invoice no'; [TEXT] word 'invoice'; [TEXT] phrase 'bill to / client'; [TEXT] word 'vendor / seller'; [TEXT] term 'GSTIN'; [TEXT] term 'Tax Id'; [TEXT] phrase 'date of issue'; [TEXT] phrase 'amount due / total summary',[LAYOUT] Invoice Number structured in header metadata band (p1: INVOICE_LABEL_VALUE_IN_HEADER); [LAYOUT] GSTIN / Tax ID tax registration in header band (p1: GSTIN_TAX_ID_IN_HEADER); [LAYOUT] GSTIN / Tax ID tax registration in header band (p1: GSTIN_TAX_ID_IN_HEADER); [LAYOUT] Vendor Invoice header without Purchase Order reference (p1: NPO_PURE_INVOICE_HEADER),False,0.115,"{""POI"": 0.1579, ""NPO"": 0.68, ""IMA"": 0.0, ""MSI"": 0.0, ""PSI"": 0.0, ""JER"": 0.0, ""BKA"": 0.0, ""DPR"": 0.0, ""LCA"": 0.0}","{""POI"": 0.3667, ""NPO"": 0.7083, ""IMA"": 0.0, ""MSI"": 0.0, ""PSI"": 0.0, ""JER"": 0.0, ""BKA"": 0.0, ""DPR"": 0.0, ""LCA"": 0.0}","{""POI"": 0.0966, ""NPO"": 0.795, ""IMA"": 0.0, ""MSI"": 0.0, ""PSI"": 0.0, ""JER"": 0.0, ""BKA"": 0.0, ""DPR"": 0.0, ""LCA"": 0.0}"
NPO_BATCH1_invoice_51109353.pdf,invoice_51109353.pdf,EFDI Batch 1 Invoices (Full 100 Documents),NPO,FACT: Non-PO commercial vendor invoice without purchase order reference,1,903,NPO,0.68,True,9,invoice number pattern; phrase 'invoice no'; word 'invoice'; phrase 'bill to / client'; word 'vendor / seller'; term 'GSTIN'; term 'Tax Id'; phrase 'date of issue'; phrase 'amount due / total summary',NPO,0.7083,True,4,[LAYOUT] Invoice Number structured in header metadata band (p1: INVOICE_LABEL_VALUE_IN_HEADER); [LAYOUT] GSTIN / Tax ID tax registration in header band (p1: GSTIN_TAX_ID_IN_HEADER); [LAYOUT] GSTIN / Tax ID tax registration in header band (p1: GSTIN_TAX_ID_IN_HEADER); [LAYOUT] Vendor Invoice header without Purchase Order reference (p1: NPO_PURE_INVOICE_HEADER),NPO,0.795,True,13,[TEXT] invoice number pattern; [TEXT] phrase 'invoice no'; [TEXT] word 'invoice'; [TEXT] phrase 'bill to / client'; [TEXT] word 'vendor / seller'; [TEXT] term 'GSTIN'; [TEXT] term 'Tax Id'; [TEXT] phrase 'date of issue'; [TEXT] phrase 'amount due / total summary'; [LAYOUT] Invoice Number structured in header metadata band (p1: INVOICE_LABEL_VALUE_IN_HEADER); [LAYOUT] GSTIN / Tax ID tax registration in header band (p1: GSTIN_TAX_ID_IN_HEADER); [LAYOUT] GSTIN / Tax ID tax registration in header band (p1: GSTIN_TAX_ID_IN_HEADER); [LAYOUT] Vendor Invoice header without Purchase Order reference (p1: NPO_PURE_INVOICE_HEADER),9,4,[TEXT] invoice number pattern; [TEXT] phrase 'invoice no'; [TEXT] word 'invoice'; [TEXT] phrase 'bill to / client'; [TEXT] word 'vendor / seller'; [TEXT] term 'GSTIN'; [TEXT] term 'Tax Id'; [TEXT] phrase 'date of issue'; [TEXT] phrase 'amount due / total summary',[LAYOUT] Invoice Number structured in header metadata band (p1: INVOICE_LABEL_VALUE_IN_HEADER); [LAYOUT] GSTIN / Tax ID tax registration in header band (p1: GSTIN_TAX_ID_IN_HEADER); [LAYOUT] GSTIN / Tax ID tax registration in header band (p1: GSTIN_TAX_ID_IN_HEADER); [LAYOUT] Vendor Invoice header without Purchase Order reference (p1: NPO_PURE_INVOICE_HEADER),False,0.115,"{""POI"": 0.1579, ""NPO"": 0.68, ""IMA"": 0.0, ""MSI"": 0.0, ""PSI"": 0.0, ""JER"": 0.0, ""BKA"": 0.0, ""DPR"": 0.0, ""LCA"": 0.0}","{""POI"": 0.3667, ""NPO"": 0.7083, ""IMA"": 0.0, ""MSI"": 0.0, ""PSI"": 0.0, ""JER"": 0.0, ""BKA"": 0.0, ""DPR"": 0.0, ""LCA"": 0.0}","{""POI"": 0.0966, ""NPO"": 0.795, ""IMA"": 0.0, ""MSI"": 0.0, ""PSI"": 0.0, ""JER"": 0.0, ""BKA"": 0.0, ""DPR"": 0.0, ""LCA"": 0.0}"
NPO_BATCH1_invoice_51109354.pdf,invoice_51109354.pdf,EFDI Batch 1 Invoices (Full 100 Documents),NPO,FACT: Non-PO commercial vendor invoice without purchase order reference,1,814,NPO,0.68,True,9,invoice number pattern; phrase 'invoice no'; word 'invoice'; phrase 'bill to / client'; word 'vendor / seller'; term 'GSTIN'; term 'Tax Id'; phrase 'date of issue'; phrase 'amount due / total summary',NPO,0.7083,True,4,[LAYOUT] Invoice Number structured in header metadata band (p1: INVOICE_LABEL_VALUE_IN_HEADER); [LAYOUT] GSTIN / Tax ID tax registration in header band (p1: GSTIN_TAX_ID_IN_HEADER); [LAYOUT] GSTIN / Tax ID tax registration in header band (p1: GSTIN_TAX_ID_IN_HEADER); [LAYOUT] Vendor Invoice header without Purchase Order reference (p1: NPO_PURE_INVOICE_HEADER),NPO,0.795,True,13,[TEXT] invoice number pattern; [TEXT] phrase 'invoice no'; [TEXT] word 'invoice'; [TEXT] phrase 'bill to / client'; [TEXT] word 'vendor / seller'; [TEXT] term 'GSTIN'; [TEXT] term 'Tax Id'; [TEXT] phrase 'date of issue'; [TEXT] phrase 'amount due / total summary'; [LAYOUT] Invoice Number structured in header metadata band (p1: INVOICE_LABEL_VALUE_IN_HEADER); [LAYOUT] GSTIN / Tax ID tax registration in header band (p1: GSTIN_TAX_ID_IN_HEADER); [LAYOUT] GSTIN / Tax ID tax registration in header band (p1: GSTIN_TAX_ID_IN_HEADER); [LAYOUT] Vendor Invoice header without Purchase Order reference (p1: NPO_PURE_INVOICE_HEADER),9,4,[TEXT] invoice number pattern; [TEXT] phrase 'invoice no'; [TEXT] word 'invoice'; [TEXT] phrase 'bill to / client'; [TEXT] word 'vendor / seller'; [TEXT] term 'GSTIN'; [TEXT] term 'Tax Id'; [TEXT] phrase 'date of issue'; [TEXT] phrase 'amount due / total summary',[LAYOUT] Invoice Number structured in header metadata band (p1: INVOICE_LABEL_VALUE_IN_HEADER); [LAYOUT] GSTIN / Tax ID tax registration in header band (p1: GSTIN_TAX_ID_IN_HEADER); [LAYOUT] GSTIN / Tax ID tax registration in header band (p1: GSTIN_TAX_ID_IN_HEADER); [LAYOUT] Vendor Invoice header without Purchase Order reference (p1: NPO_PURE_INVOICE_HEADER),False,0.115,"{""POI"": 0.1579, ""NPO"": 0.68, ""IMA"": 0.0, ""MSI"": 0.0, ""PSI"": 0.0, ""JER"": 0.0, ""BKA"": 0.0, ""DPR"": 0.0, ""LCA"": 0.0}","{""POI"": 0.3667, ""NPO"": 0.7083, ""IMA"": 0.0, ""MSI"": 0.0, ""PSI"": 0.0, ""JER"": 0.0, ""BKA"": 0.0, ""DPR"": 0.0, ""LCA"": 0.0}","{""POI"": 0.0966, ""NPO"": 0.795, ""IMA"": 0.0, ""MSI"": 0.0, ""PSI"": 0.0, ""JER"": 0.0, ""BKA"": 0.0, ""DPR"": 0.0, ""LCA"": 0.0}"
NPO_BATCH1_invoice_51109355.pdf,invoice_51109355.pdf,EFDI Batch 1 Invoices (Full 100 Documents),NPO,FACT: Non-PO commercial vendor invoice without purchase order reference,1,1003,NPO,0.68,True,9,invoice number pattern; phrase 'invoice no'; word 'invoice'; phrase 'bill to / client'; word 'vendor / seller'; term 'GSTIN'; term 'Tax Id'; phrase 'date of issue'; phrase 'amount due / total summary',NPO,0.7083,True,4,[LAYOUT] Invoice Number structured in header metadata band (p1: INVOICE_LABEL_VALUE_IN_HEADER); [LAYOUT] GSTIN / Tax ID tax registration in header band (p1: GSTIN_TAX_ID_IN_HEADER); [LAYOUT] GSTIN / Tax ID tax registration in header band (p1: GSTIN_TAX_ID_IN_HEADER); [LAYOUT] Vendor Invoice header without Purchase Order reference (p1: NPO_PURE_INVOICE_HEADER),NPO,0.795,True,13,[TEXT] invoice number pattern; [TEXT] phrase 'invoice no'; [TEXT] word 'invoice'; [TEXT] phrase 'bill to / client'; [TEXT] word 'vendor / seller'; [TEXT] term 'GSTIN'; [TEXT] term 'Tax Id'; [TEXT] phrase 'date of issue'; [TEXT] phrase 'amount due / total summary'; [LAYOUT] Invoice Number structured in header metadata band (p1: INVOICE_LABEL_VALUE_IN_HEADER); [LAYOUT] GSTIN / Tax ID tax registration in header band (p1: GSTIN_TAX_ID_IN_HEADER); [LAYOUT] GSTIN / Tax ID tax registration in header band (p1: GSTIN_TAX_ID_IN_HEADER); [LAYOUT] Vendor Invoice header without Purchase Order reference (p1: NPO_PURE_INVOICE_HEADER),9,4,[TEXT] invoice number pattern; [TEXT] phrase 'invoice no'; [TEXT] word 'invoice'; [TEXT] phrase 'bill to / client'; [TEXT] word 'vendor / seller'; [TEXT] term 'GSTIN'; [TEXT] term 'Tax Id'; [TEXT] phrase 'date of issue'; [TEXT] phrase 'amount due / total summary',[LAYOUT] Invoice Number structured in header metadata band (p1: INVOICE_LABEL_VALUE_IN_HEADER); [LAYOUT] GSTIN / Tax ID tax registration in header band (p1: GSTIN_TAX_ID_IN_HEADER); [LAYOUT] GSTIN / Tax ID tax registration in header band (p1: GSTIN_TAX_ID_IN_HEADER); [LAYOUT] Vendor Invoice header without Purchase Order reference (p1: NPO_PURE_INVOICE_HEADER),False,0.115,"{""POI"": 0.1579, ""NPO"": 0.68, ""IMA"": 0.0, ""MSI"": 0.0, ""PSI"": 0.0, ""JER"": 0.0, ""BKA"": 0.0, ""DPR"": 0.0, ""LCA"": 0.0}","{""POI"": 0.3667, ""NPO"": 0.7083, ""IMA"": 0.0, ""MSI"": 0.0, ""PSI"": 0.0, ""JER"": 0.0, ""BKA"": 0.0, ""DPR"": 0.0, ""LCA"": 0.0}","{""POI"": 0.0966, ""NPO"": 0.795, ""IMA"": 0.0, ""MSI"": 0.0, ""PSI"": 0.0, ""JER"": 0.0, ""BKA"": 0.0, ""DPR"": 0.0, ""LCA"": 0.0}"
NPO_BATCH1_invoice_51109356.pdf,invoice_51109356.pdf,EFDI Batch 1 Invoices (Full 100 Documents),NPO,FACT: Non-PO commercial vendor invoice without purchase order reference,1,1091,NPO,0.68,True,9,invoice number pattern; phrase 'invoice no'; word 'invoice'; phrase 'bill to / client'; word 'vendor / seller'; term 'GSTIN'; term 'Tax Id'; phrase 'date of issue'; phrase 'amount due / total summary',NPO,0.7083,True,4,[LAYOUT] Invoice Number structured in header metadata band (p1: INVOICE_LABEL_VALUE_IN_HEADER); [LAYOUT] GSTIN / Tax ID tax registration in header band (p1: GSTIN_TAX_ID_IN_HEADER); [LAYOUT] GSTIN / Tax ID tax registration in header band (p1: GSTIN_TAX_ID_IN_HEADER); [LAYOUT] Vendor Invoice header without Purchase Order reference (p1: NPO_PURE_INVOICE_HEADER),NPO,0.795,True,13,[TEXT] invoice number pattern; [TEXT] phrase 'invoice no'; [TEXT] word 'invoice'; [TEXT] phrase 'bill to / client'; [TEXT] word 'vendor / seller'; [TEXT] term 'GSTIN'; [TEXT] term 'Tax Id'; [TEXT] phrase 'date of issue'; [TEXT] phrase 'amount due / total summary'; [LAYOUT] Invoice Number structured in header metadata band (p1: INVOICE_LABEL_VALUE_IN_HEADER); [LAYOUT] GSTIN / Tax ID tax registration in header band (p1: GSTIN_TAX_ID_IN_HEADER); [LAYOUT] GSTIN / Tax ID tax registration in header band (p1: GSTIN_TAX_ID_IN_HEADER); [LAYOUT] Vendor Invoice header without Purchase Order reference (p1: NPO_PURE_INVOICE_HEADER),9,4,[TEXT] invoice number pattern; [TEXT] phrase 'invoice no'; [TEXT] word 'invoice'; [TEXT] phrase 'bill to / client'; [TEXT] word 'vendor / seller'; [TEXT] term 'GSTIN'; [TEXT] term 'Tax Id'; [TEXT] phrase 'date of issue'; [TEXT] phrase 'amount due / total summary',[LAYOUT] Invoice Number structured in header metadata band (p1: INVOICE_LABEL_VALUE_IN_HEADER); [LAYOUT] GSTIN / Tax ID tax registration in header band (p1: GSTIN_TAX_ID_IN_HEADER); [LAYOUT] GSTIN / Tax ID tax registration in header band (p1: GSTIN_TAX_ID_IN_HEADER); [LAYOUT] Vendor Invoice header without Purchase Order reference (p1: NPO_PURE_INVOICE_HEADER),False,0.115,"{""POI"": 0.1579, ""NPO"": 0.68, ""IMA"": 0.0, ""MSI"": 0.0, ""PSI"": 0.0, ""JER"": 0.0, ""BKA"": 0.0, ""DPR"": 0.0, ""LCA"": 0.0}","{""POI"": 0.3667, ""NPO"": 0.7083, ""IMA"": 0.0, ""MSI"": 0.0, ""PSI"": 0.0, ""JER"": 0.0, ""BKA"": 0.0, ""DPR"": 0.0, ""LCA"": 0.0}","{""POI"": 0.0966, ""NPO"": 0.795, ""IMA"": 0.0, ""MSI"": 0.0, ""PSI"": 0.0, ""JER"": 0.0, ""BKA"": 0.0, ""DPR"": 0.0, ""LCA"": 0.0}"
NPO_BATCH1_invoice_51109357.pdf,invoice_51109357.pdf,EFDI Batch 1 Invoices (Full 100 Documents),NPO,FACT: Non-PO commercial vendor invoice without purchase order reference,1,995,NPO,0.68,True,9,invoice number pattern; phrase 'invoice no'; word 'invoice'; phrase 'bill to / client'; word 'vendor / seller'; term 'GSTIN'; term 'Tax Id'; phrase 'date of issue'; phrase 'amount due / total summary',NPO,0.7083,True,4,[LAYOUT] Invoice Number structured in header metadata band (p1: INVOICE_LABEL_VALUE_IN_HEADER); [LAYOUT] GSTIN / Tax ID tax registration in header band (p1: GSTIN_TAX_ID_IN_HEADER); [LAYOUT] GSTIN / Tax ID tax registration in header band (p1: GSTIN_TAX_ID_IN_HEADER); [LAYOUT] Vendor Invoice header without Purchase Order reference (p1: NPO_PURE_INVOICE_HEADER),NPO,0.795,True,13,[TEXT] invoice number pattern; [TEXT] phrase 'invoice no'; [TEXT] word 'invoice'; [TEXT] phrase 'bill to / client'; [TEXT] word 'vendor / seller'; [TEXT] term 'GSTIN'; [TEXT] term 'Tax Id'; [TEXT] phrase 'date of issue'; [TEXT] phrase 'amount due / total summary'; [LAYOUT] Invoice Number structured in header metadata band (p1: INVOICE_LABEL_VALUE_IN_HEADER); [LAYOUT] GSTIN / Tax ID tax registration in header band (p1: GSTIN_TAX_ID_IN_HEADER); [LAYOUT] GSTIN / Tax ID tax registration in header band (p1: GSTIN_TAX_ID_IN_HEADER); [LAYOUT] Vendor Invoice header without Purchase Order reference (p1: NPO_PURE_INVOICE_HEADER),9,4,[TEXT] invoice number pattern; [TEXT] phrase 'invoice no'; [TEXT] word 'invoice'; [TEXT] phrase 'bill to / client'; [TEXT] word 'vendor / seller'; [TEXT] term 'GSTIN'; [TEXT] term 'Tax Id'; [TEXT] phrase 'date of issue'; [TEXT] phrase 'amount due / total summary',[LAYOUT] Invoice Number structured in header metadata band (p1: INVOICE_LABEL_VALUE_IN_HEADER); [LAYOUT] GSTIN / Tax ID tax registration in header band (p1: GSTIN_TAX_ID_IN_HEADER); [LAYOUT] GSTIN / Tax ID tax registration in header band (p1: GSTIN_TAX_ID_IN_HEADER); [LAYOUT] Vendor Invoice header without Purchase Order reference (p1: NPO_PURE_INVOICE_HEADER),False,0.115,"{""POI"": 0.1579, ""NPO"": 0.68, ""IMA"": 0.0, ""MSI"": 0.0, ""PSI"": 0.0, ""JER"": 0.0, ""BKA"": 0.0, ""DPR"": 0.0, ""LCA"": 0.0}","{""POI"": 0.3667, ""NPO"": 0.7083, ""IMA"": 0.0, ""MSI"": 0.0, ""PSI"": 0.0, ""JER"": 0.0, ""BKA"": 0.0, ""DPR"": 0.0, ""LCA"": 0.0}","{""POI"": 0.0966, ""NPO"": 0.795, ""IMA"": 0.0, ""MSI"": 0.0, ""PSI"": 0.0, ""JER"": 0.0, ""BKA"": 0.0, ""DPR"": 0.0, ""LCA"": 0.0}"
NPO_BATCH1_invoice_51109358.pdf,invoice_51109358.pdf,EFDI Batch 1 Invoices (Full 100 Documents),NPO,FACT: Non-PO commercial vendor invoice without purchase order reference,1,996,NPO,0.68,True,9,invoice number pattern; phrase 'invoice no'; word 'invoice'; phrase 'bill to / client'; word 'vendor / seller'; term 'GSTIN'; term 'Tax Id'; phrase 'date of issue'; phrase 'amount due / total summary',NPO,0.7083,True,4,[LAYOUT] Invoice Number structured in header metadata band (p1: INVOICE_LABEL_VALUE_IN_HEADER); [LAYOUT] GSTIN / Tax ID tax registration in header band (p1: GSTIN_TAX_ID_IN_HEADER); [LAYOUT] GSTIN / Tax ID tax registration in header band (p1: GSTIN_TAX_ID_IN_HEADER); [LAYOUT] Vendor Invoice header without Purchase Order reference (p1: NPO_PURE_INVOICE_HEADER),NPO,0.795,True,13,[TEXT] invoice number pattern; [TEXT] phrase 'invoice no'; [TEXT] word 'invoice'; [TEXT] phrase 'bill to / client'; [TEXT] word 'vendor / seller'; [TEXT] term 'GSTIN'; [TEXT] term 'Tax Id'; [TEXT] phrase 'date of issue'; [TEXT] phrase 'amount due / total summary'; [LAYOUT] Invoice Number structured in header metadata band (p1: INVOICE_LABEL_VALUE_IN_HEADER); [LAYOUT] GSTIN / Tax ID tax registration in header band (p1: GSTIN_TAX_ID_IN_HEADER); [LAYOUT] GSTIN / Tax ID tax registration in header band (p1: GSTIN_TAX_ID_IN_HEADER); [LAYOUT] Vendor Invoice header without Purchase Order reference (p1: NPO_PURE_INVOICE_HEADER),9,4,[TEXT] invoice number pattern; [TEXT] phrase 'invoice no'; [TEXT] word 'invoice'; [TEXT] phrase 'bill to / client'; [TEXT] word 'vendor / seller'; [TEXT] term 'GSTIN'; [TEXT] term 'Tax Id'; [TEXT] phrase 'date of issue'; [TEXT] phrase 'amount due / total summary',[LAYOUT] Invoice Number structured in header metadata band (p1: INVOICE_LABEL_VALUE_IN_HEADER); [LAYOUT] GSTIN / Tax ID tax registration in header band (p1: GSTIN_TAX_ID_IN_HEADER); [LAYOUT] GSTIN / Tax ID tax registration in header band (p1: GSTIN_TAX_ID_IN_HEADER); [LAYOUT] Vendor Invoice header without Purchase Order reference (p1: NPO_PURE_INVOICE_HEADER),False,0.115,"{""POI"": 0.1579, ""NPO"": 0.68, ""IMA"": 0.0, ""MSI"": 0.0, ""PSI"": 0.0, ""JER"": 0.0, ""BKA"": 0.0, ""DPR"": 0.0, ""LCA"": 0.0}","{""POI"": 0.3667, ""NPO"": 0.7083, ""IMA"": 0.0, ""MSI"": 0.0, ""PSI"": 0.0, ""JER"": 0.0, ""BKA"": 0.0, ""DPR"": 0.0, ""LCA"": 0.0}","{""POI"": 0.0966, ""NPO"": 0.795, ""IMA"": 0.0, ""MSI"": 0.0, ""PSI"": 0.0, ""JER"": 0.0, ""BKA"": 0.0, ""DPR"": 0.0, ""LCA"": 0.0}"
NPO_BATCH1_invoice_51109359.pdf,invoice_51109359.pdf,EFDI Batch 1 Invoices (Full 100 Documents),NPO,FACT: Non-PO commercial vendor invoice without purchase order reference,1,721,NPO,0.68,True,9,invoice number pattern; phrase 'invoice no'; word 'invoice'; phrase 'bill to / client'; word 'vendor / seller'; term 'GSTIN'; term 'Tax Id'; phrase 'date of issue'; phrase 'amount due / total summary',NPO,0.7083,True,4,[LAYOUT] Invoice Number structured in header metadata band (p1: INVOICE_LABEL_VALUE_IN_HEADER); [LAYOUT] GSTIN / Tax ID tax registration in header band (p1: GSTIN_TAX_ID_IN_HEADER); [LAYOUT] GSTIN / Tax ID tax registration in header band (p1: GSTIN_TAX_ID_IN_HEADER); [LAYOUT] Vendor Invoice header without Purchase Order reference (p1: NPO_PURE_INVOICE_HEADER),NPO,0.795,True,13,[TEXT] invoice number pattern; [TEXT] phrase 'invoice no'; [TEXT] word 'invoice'; [TEXT] phrase 'bill to / client'; [TEXT] word 'vendor / seller'; [TEXT] term 'GSTIN'; [TEXT] term 'Tax Id'; [TEXT] phrase 'date of issue'; [TEXT] phrase 'amount due / total summary'; [LAYOUT] Invoice Number structured in header metadata band (p1: INVOICE_LABEL_VALUE_IN_HEADER); [LAYOUT] GSTIN / Tax ID tax registration in header band (p1: GSTIN_TAX_ID_IN_HEADER); [LAYOUT] GSTIN / Tax ID tax registration in header band (p1: GSTIN_TAX_ID_IN_HEADER); [LAYOUT] Vendor Invoice header without Purchase Order reference (p1: NPO_PURE_INVOICE_HEADER),9,4,[TEXT] invoice number pattern; [TEXT] phrase 'invoice no'; [TEXT] word 'invoice'; [TEXT] phrase 'bill to / client'; [TEXT] word 'vendor / seller'; [TEXT] term 'GSTIN'; [TEXT] term 'Tax Id'; [TEXT] phrase 'date of issue'; [TEXT] phrase 'amount due / total summary',[LAYOUT] Invoice Number structured in header metadata band (p1: INVOICE_LABEL_VALUE_IN_HEADER); [LAYOUT] GSTIN / Tax ID tax registration in header band (p1: GSTIN_TAX_ID_IN_HEADER); [LAYOUT] GSTIN / Tax ID tax registration in header band (p1: GSTIN_TAX_ID_IN_HEADER); [LAYOUT] Vendor Invoice header without Purchase Order reference (p1: NPO_PURE_INVOICE_HEADER),False,0.115,"{""POI"": 0.1579, ""NPO"": 0.68, ""IMA"": 0.0, ""MSI"": 0.0, ""PSI"": 0.0, ""JER"": 0.0, ""BKA"": 0.0, ""DPR"": 0.0, ""LCA"": 0.0}","{""POI"": 0.3667, ""NPO"": 0.7083, ""IMA"": 0.0, ""MSI"": 0.0, ""PSI"": 0.0, ""JER"": 0.0, ""BKA"": 0.0, ""DPR"": 0.0, ""LCA"": 0.0}","{""POI"": 0.0966, ""NPO"": 0.795, ""IMA"": 0.0, ""MSI"": 0.0, ""PSI"": 0.0, ""JER"": 0.0, ""BKA"": 0.0, ""DPR"": 0.0, ""LCA"": 0.0}"
NPO_BATCH1_invoice_51109360.pdf,invoice_51109360.pdf,EFDI Batch 1 Invoices (Full 100 Documents),NPO,FACT: Non-PO commercial vendor invoice without purchase order reference,1,1074,NPO,0.68,True,9,invoice number pattern; phrase 'invoice no'; word 'invoice'; phrase 'bill to / client'; word 'vendor / seller'; term 'GSTIN'; term 'Tax Id'; phrase 'date of issue'; phrase 'amount due / total summary',NPO,0.7083,True,4,[LAYOUT] Invoice Number structured in header metadata band (p1: INVOICE_LABEL_VALUE_IN_HEADER); [LAYOUT] GSTIN / Tax ID tax registration in header band (p1: GSTIN_TAX_ID_IN_HEADER); [LAYOUT] GSTIN / Tax ID tax registration in header band (p1: GSTIN_TAX_ID_IN_HEADER); [LAYOUT] Vendor Invoice header without Purchase Order reference (p1: NPO_PURE_INVOICE_HEADER),NPO,0.795,True,13,[TEXT] invoice number pattern; [TEXT] phrase 'invoice no'; [TEXT] word 'invoice'; [TEXT] phrase 'bill to / client'; [TEXT] word 'vendor / seller'; [TEXT] term 'GSTIN'; [TEXT] term 'Tax Id'; [TEXT] phrase 'date of issue'; [TEXT] phrase 'amount due / total summary'; [LAYOUT] Invoice Number structured in header metadata band (p1: INVOICE_LABEL_VALUE_IN_HEADER); [LAYOUT] GSTIN / Tax ID tax registration in header band (p1: GSTIN_TAX_ID_IN_HEADER); [LAYOUT] GSTIN / Tax ID tax registration in header band (p1: GSTIN_TAX_ID_IN_HEADER); [LAYOUT] Vendor Invoice header without Purchase Order reference (p1: NPO_PURE_INVOICE_HEADER),9,4,[TEXT] invoice number pattern; [TEXT] phrase 'invoice no'; [TEXT] word 'invoice'; [TEXT] phrase 'bill to / client'; [TEXT] word 'vendor / seller'; [TEXT] term 'GSTIN'; [TEXT] term 'Tax Id'; [TEXT] phrase 'date of issue'; [TEXT] phrase 'amount due / total summary',[LAYOUT] Invoice Number structured in header metadata band (p1: INVOICE_LABEL_VALUE_IN_HEADER); [LAYOUT] GSTIN / Tax ID tax registration in header band (p1: GSTIN_TAX_ID_IN_HEADER); [LAYOUT] GSTIN / Tax ID tax registration in header band (p1: GSTIN_TAX_ID_IN_HEADER); [LAYOUT] Vendor Invoice header without Purchase Order reference (p1: NPO_PURE_INVOICE_HEADER),False,0.115,"{""POI"": 0.1579, ""NPO"": 0.68, ""IMA"": 0.0, ""MSI"": 0.0, ""PSI"": 0.0, ""JER"": 0.0, ""BKA"": 0.0, ""DPR"": 0.0, ""LCA"": 0.0}","{""POI"": 0.3667, ""NPO"": 0.7083, ""IMA"": 0.0, ""MSI"": 0.0, ""PSI"": 0.0, ""JER"": 0.0, ""BKA"": 0.0, ""DPR"": 0.0, ""LCA"": 0.0}","{""POI"": 0.0966, ""NPO"": 0.795, ""IMA"": 0.0, ""MSI"": 0.0, ""PSI"": 0.0, ""JER"": 0.0, ""BKA"": 0.0, ""DPR"": 0.0, ""LCA"": 0.0}"
NPO_BATCH1_invoice_51109361.pdf,invoice_51109361.pdf,EFDI Batch 1 Invoices (Full 100 Documents),NPO,FACT: Non-PO commercial vendor invoice without purchase order reference,1,1085,NPO,0.68,True,9,invoice number pattern; phrase 'invoice no'; word 'invoice'; phrase 'bill to / client'; word 'vendor / seller'; term 'GSTIN'; term 'Tax Id'; phrase 'date of issue'; phrase 'amount due / total summary',NPO,0.7083,True,4,[LAYOUT] Invoice Number structured in header metadata band (p1: INVOICE_LABEL_VALUE_IN_HEADER); [LAYOUT] GSTIN / Tax ID tax registration in header band (p1: GSTIN_TAX_ID_IN_HEADER); [LAYOUT] GSTIN / Tax ID tax registration in header band (p1: GSTIN_TAX_ID_IN_HEADER); [LAYOUT] Vendor Invoice header without Purchase Order reference (p1: NPO_PURE_INVOICE_HEADER),NPO,0.795,True,13,[TEXT] invoice number pattern; [TEXT] phrase 'invoice no'; [TEXT] word 'invoice'; [TEXT] phrase 'bill to / client'; [TEXT] word 'vendor / seller'; [TEXT] term 'GSTIN'; [TEXT] term 'Tax Id'; [TEXT] phrase 'date of issue'; [TEXT] phrase 'amount due / total summary'; [LAYOUT] Invoice Number structured in header metadata band (p1: INVOICE_LABEL_VALUE_IN_HEADER); [LAYOUT] GSTIN / Tax ID tax registration in header band (p1: GSTIN_TAX_ID_IN_HEADER); [LAYOUT] GSTIN / Tax ID tax registration in header band (p1: GSTIN_TAX_ID_IN_HEADER); [LAYOUT] Vendor Invoice header without Purchase Order reference (p1: NPO_PURE_INVOICE_HEADER),9,4,[TEXT] invoice number pattern; [TEXT] phrase 'invoice no'; [TEXT] word 'invoice'; [TEXT] phrase 'bill to / client'; [TEXT] word 'vendor / seller'; [TEXT] term 'GSTIN'; [TEXT] term 'Tax Id'; [TEXT] phrase 'date of issue'; [TEXT] phrase 'amount due / total summary',[LAYOUT] Invoice Number structured in header metadata band (p1: INVOICE_LABEL_VALUE_IN_HEADER); [LAYOUT] GSTIN / Tax ID tax registration in header band (p1: GSTIN_TAX_ID_IN_HEADER); [LAYOUT] GSTIN / Tax ID tax registration in header band (p1: GSTIN_TAX_ID_IN_HEADER); [LAYOUT] Vendor Invoice header without Purchase Order reference (p1: NPO_PURE_INVOICE_HEADER),False,0.115,"{""POI"": 0.1579, ""NPO"": 0.68, ""IMA"": 0.0, ""MSI"": 0.0, ""PSI"": 0.0, ""JER"": 0.0, ""BKA"": 0.0, ""DPR"": 0.0, ""LCA"": 0.0}","{""POI"": 0.3667, ""NPO"": 0.7083, ""IMA"": 0.0, ""MSI"": 0.0, ""PSI"": 0.0, ""JER"": 0.0, ""BKA"": 0.0, ""DPR"": 0.0, ""LCA"": 0.0}","{""POI"": 0.0966, ""NPO"": 0.795, ""IMA"": 0.0, ""MSI"": 0.0, ""PSI"": 0.0, ""JER"": 0.0, ""BKA"": 0.0, ""DPR"": 0.0, ""LCA"": 0.0}"
NPO_BATCH1_invoice_51109362.pdf,invoice_51109362.pdf,EFDI Batch 1 Invoices (Full 100 Documents),NPO,FACT: Non-PO commercial vendor invoice without purchase order reference,1,827,NPO,0.68,True,9,invoice number pattern; phrase 'invoice no'; word 'invoice'; phrase 'bill to / client'; word 'vendor / seller'; term 'GSTIN'; term 'Tax Id'; phrase 'date of issue'; phrase 'amount due / total summary',NPO,0.7083,True,4,[LAYOUT] Invoice Number structured in header metadata band (p1: INVOICE_LABEL_VALUE_IN_HEADER); [LAYOUT] GSTIN / Tax ID tax registration in header band (p1: GSTIN_TAX_ID_IN_HEADER); [LAYOUT] GSTIN / Tax ID tax registration in header band (p1: GSTIN_TAX_ID_IN_HEADER); [LAYOUT] Vendor Invoice header without Purchase Order reference (p1: NPO_PURE_INVOICE_HEADER),NPO,0.795,True,13,[TEXT] invoice number pattern; [TEXT] phrase 'invoice no'; [TEXT] word 'invoice'; [TEXT] phrase 'bill to / client'; [TEXT] word 'vendor / seller'; [TEXT] term 'GSTIN'; [TEXT] term 'Tax Id'; [TEXT] phrase 'date of issue'; [TEXT] phrase 'amount due / total summary'; [LAYOUT] Invoice Number structured in header metadata band (p1: INVOICE_LABEL_VALUE_IN_HEADER); [LAYOUT] GSTIN / Tax ID tax registration in header band (p1: GSTIN_TAX_ID_IN_HEADER); [LAYOUT] GSTIN / Tax ID tax registration in header band (p1: GSTIN_TAX_ID_IN_HEADER); [LAYOUT] Vendor Invoice header without Purchase Order reference (p1: NPO_PURE_INVOICE_HEADER),9,4,[TEXT] invoice number pattern; [TEXT] phrase 'invoice no'; [TEXT] word 'invoice'; [TEXT] phrase 'bill to / client'; [TEXT] word 'vendor / seller'; [TEXT] term 'GSTIN'; [TEXT] term 'Tax Id'; [TEXT] phrase 'date of issue'; [TEXT] phrase 'amount due / total summary',[LAYOUT] Invoice Number structured in header metadata band (p1: INVOICE_LABEL_VALUE_IN_HEADER); [LAYOUT] GSTIN / Tax ID tax registration in header band (p1: GSTIN_TAX_ID_IN_HEADER); [LAYOUT] GSTIN / Tax ID tax registration in header band (p1: GSTIN_TAX_ID_IN_HEADER); [LAYOUT] Vendor Invoice header without Purchase Order reference (p1: NPO_PURE_INVOICE_HEADER),False,0.115,"{""POI"": 0.1579, ""NPO"": 0.68, ""IMA"": 0.0, ""MSI"": 0.0, ""PSI"": 0.0, ""JER"": 0.0, ""BKA"": 0.0, ""DPR"": 0.0, ""LCA"": 0.0}","{""POI"": 0.3667, ""NPO"": 0.7083, ""IMA"": 0.0, ""MSI"": 0.0, ""PSI"": 0.0, ""JER"": 0.0, ""BKA"": 0.0, ""DPR"": 0.0, ""LCA"": 0.0}","{""POI"": 0.0966, ""NPO"": 0.795, ""IMA"": 0.0, ""MSI"": 0.0, ""PSI"": 0.0, ""JER"": 0.0, ""BKA"": 0.0, ""DPR"": 0.0, ""LCA"": 0.0}"
NPO_BATCH1_invoice_51109363.pdf,invoice_51109363.pdf,EFDI Batch 1 Invoices (Full 100 Documents),NPO,FACT: Non-PO commercial vendor invoice without purchase order reference,1,1150,NPO,0.68,True,9,invoice number pattern; phrase 'invoice no'; word 'invoice'; phrase 'bill to / client'; word 'vendor / seller'; term 'GSTIN'; term 'Tax Id'; phrase 'date of issue'; phrase 'amount due / total summary',NPO,0.7083,True,4,[LAYOUT] Invoice Number structured in header metadata band (p1: INVOICE_LABEL_VALUE_IN_HEADER); [LAYOUT] GSTIN / Tax ID tax registration in header band (p1: GSTIN_TAX_ID_IN_HEADER); [LAYOUT] GSTIN / Tax ID tax registration in header band (p1: GSTIN_TAX_ID_IN_HEADER); [LAYOUT] Vendor Invoice header without Purchase Order reference (p1: NPO_PURE_INVOICE_HEADER),NPO,0.795,True,13,[TEXT] invoice number pattern; [TEXT] phrase 'invoice no'; [TEXT] word 'invoice'; [TEXT] phrase 'bill to / client'; [TEXT] word 'vendor / seller'; [TEXT] term 'GSTIN'; [TEXT] term 'Tax Id'; [TEXT] phrase 'date of issue'; [TEXT] phrase 'amount due / total summary'; [LAYOUT] Invoice Number structured in header metadata band (p1: INVOICE_LABEL_VALUE_IN_HEADER); [LAYOUT] GSTIN / Tax ID tax registration in header band (p1: GSTIN_TAX_ID_IN_HEADER); [LAYOUT] GSTIN / Tax ID tax registration in header band (p1: GSTIN_TAX_ID_IN_HEADER); [LAYOUT] Vendor Invoice header without Purchase Order reference (p1: NPO_PURE_INVOICE_HEADER),9,4,[TEXT] invoice number pattern; [TEXT] phrase 'invoice no'; [TEXT] word 'invoice'; [TEXT] phrase 'bill to / client'; [TEXT] word 'vendor / seller'; [TEXT] term 'GSTIN'; [TEXT] term 'Tax Id'; [TEXT] phrase 'date of issue'; [TEXT] phrase 'amount due / total summary',[LAYOUT] Invoice Number structured in header metadata band (p1: INVOICE_LABEL_VALUE_IN_HEADER); [LAYOUT] GSTIN / Tax ID tax registration in header band (p1: GSTIN_TAX_ID_IN_HEADER); [LAYOUT] GSTIN / Tax ID tax registration in header band (p1: GSTIN_TAX_ID_IN_HEADER); [LAYOUT] Vendor Invoice header without Purchase Order reference (p1: NPO_PURE_INVOICE_HEADER),False,0.115,"{""POI"": 0.1579, ""NPO"": 0.68, ""IMA"": 0.0, ""MSI"": 0.0, ""PSI"": 0.0, ""JER"": 0.0, ""BKA"": 0.0, ""DPR"": 0.0, ""LCA"": 0.0}","{""POI"": 0.3667, ""NPO"": 0.7083, ""IMA"": 0.0, ""MSI"": 0.0, ""PSI"": 0.0, ""JER"": 0.0, ""BKA"": 0.0, ""DPR"": 0.0, ""LCA"": 0.0}","{""POI"": 0.0966, ""NPO"": 0.795, ""IMA"": 0.0, ""MSI"": 0.0, ""PSI"": 0.0, ""JER"": 0.0, ""BKA"": 0.0, ""DPR"": 0.0, ""LCA"": 0.0}"
NPO_BATCH1_invoice_51109364.pdf,invoice_51109364.pdf,EFDI Batch 1 Invoices (Full 100 Documents),NPO,FACT: Non-PO commercial vendor invoice without purchase order reference,1,651,NPO,0.68,True,9,invoice number pattern; phrase 'invoice no'; word 'invoice'; phrase 'bill to / client'; word 'vendor / seller'; term 'GSTIN'; term 'Tax Id'; phrase 'date of issue'; phrase 'amount due / total summary',NPO,0.7083,True,4,[LAYOUT] Invoice Number structured in header metadata band (p1: INVOICE_LABEL_VALUE_IN_HEADER); [LAYOUT] GSTIN / Tax ID tax registration in header band (p1: GSTIN_TAX_ID_IN_HEADER); [LAYOUT] GSTIN / Tax ID tax registration in header band (p1: GSTIN_TAX_ID_IN_HEADER); [LAYOUT] Vendor Invoice header without Purchase Order reference (p1: NPO_PURE_INVOICE_HEADER),NPO,0.795,True,13,[TEXT] invoice number pattern; [TEXT] phrase 'invoice no'; [TEXT] word 'invoice'; [TEXT] phrase 'bill to / client'; [TEXT] word 'vendor / seller'; [TEXT] term 'GSTIN'; [TEXT] term 'Tax Id'; [TEXT] phrase 'date of issue'; [TEXT] phrase 'amount due / total summary'; [LAYOUT] Invoice Number structured in header metadata band (p1: INVOICE_LABEL_VALUE_IN_HEADER); [LAYOUT] GSTIN / Tax ID tax registration in header band (p1: GSTIN_TAX_ID_IN_HEADER); [LAYOUT] GSTIN / Tax ID tax registration in header band (p1: GSTIN_TAX_ID_IN_HEADER); [LAYOUT] Vendor Invoice header without Purchase Order reference (p1: NPO_PURE_INVOICE_HEADER),9,4,[TEXT] invoice number pattern; [TEXT] phrase 'invoice no'; [TEXT] word 'invoice'; [TEXT] phrase 'bill to / client'; [TEXT] word 'vendor / seller'; [TEXT] term 'GSTIN'; [TEXT] term 'Tax Id'; [TEXT] phrase 'date of issue'; [TEXT] phrase 'amount due / total summary',[LAYOUT] Invoice Number structured in header metadata band (p1: INVOICE_LABEL_VALUE_IN_HEADER); [LAYOUT] GSTIN / Tax ID tax registration in header band (p1: GSTIN_TAX_ID_IN_HEADER); [LAYOUT] GSTIN / Tax ID tax registration in header band (p1: GSTIN_TAX_ID_IN_HEADER); [LAYOUT] Vendor Invoice header without Purchase Order reference (p1: NPO_PURE_INVOICE_HEADER),False,0.115,"{""POI"": 0.1579, ""NPO"": 0.68, ""IMA"": 0.0, ""MSI"": 0.0, ""PSI"": 0.0, ""JER"": 0.0, ""BKA"": 0.0, ""DPR"": 0.0, ""LCA"": 0.0}","{""POI"": 0.3667, ""NPO"": 0.7083, ""IMA"": 0.0, ""MSI"": 0.0, ""PSI"": 0.0, ""JER"": 0.0, ""BKA"": 0.0, ""DPR"": 0.0, ""LCA"": 0.0}","{""POI"": 0.0966, ""NPO"": 0.795, ""IMA"": 0.0, ""MSI"": 0.0, ""PSI"": 0.0, ""JER"": 0.0, ""BKA"": 0.0, ""DPR"": 0.0, ""LCA"": 0.0}"
NPO_BATCH1_invoice_51109365.pdf,invoice_51109365.pdf,EFDI Batch 1 Invoices (Full 100 Documents),NPO,FACT: Non-PO commercial vendor invoice without purchase order reference,1,910,NPO,0.68,True,9,invoice number pattern; phrase 'invoice no'; word 'invoice'; phrase 'bill to / client'; word 'vendor / seller'; term 'GSTIN'; term 'Tax Id'; phrase 'date of issue'; phrase 'amount due / total summary',NPO,0.7083,True,4,[LAYOUT] Invoice Number structured in header metadata band (p1: INVOICE_LABEL_VALUE_IN_HEADER); [LAYOUT] GSTIN / Tax ID tax registration in header band (p1: GSTIN_TAX_ID_IN_HEADER); [LAYOUT] GSTIN / Tax ID tax registration in header band (p1: GSTIN_TAX_ID_IN_HEADER); [LAYOUT] Vendor Invoice header without Purchase Order reference (p1: NPO_PURE_INVOICE_HEADER),NPO,0.795,True,13,[TEXT] invoice number pattern; [TEXT] phrase 'invoice no'; [TEXT] word 'invoice'; [TEXT] phrase 'bill to / client'; [TEXT] word 'vendor / seller'; [TEXT] term 'GSTIN'; [TEXT] term 'Tax Id'; [TEXT] phrase 'date of issue'; [TEXT] phrase 'amount due / total summary'; [LAYOUT] Invoice Number structured in header metadata band (p1: INVOICE_LABEL_VALUE_IN_HEADER); [LAYOUT] GSTIN / Tax ID tax registration in header band (p1: GSTIN_TAX_ID_IN_HEADER); [LAYOUT] GSTIN / Tax ID tax registration in header band (p1: GSTIN_TAX_ID_IN_HEADER); [LAYOUT] Vendor Invoice header without Purchase Order reference (p1: NPO_PURE_INVOICE_HEADER),9,4,[TEXT] invoice number pattern; [TEXT] phrase 'invoice no'; [TEXT] word 'invoice'; [TEXT] phrase 'bill to / client'; [TEXT] word 'vendor / seller'; [TEXT] term 'GSTIN'; [TEXT] term 'Tax Id'; [TEXT] phrase 'date of issue'; [TEXT] phrase 'amount due / total summary',[LAYOUT] Invoice Number structured in header metadata band (p1: INVOICE_LABEL_VALUE_IN_HEADER); [LAYOUT] GSTIN / Tax ID tax registration in header band (p1: GSTIN_TAX_ID_IN_HEADER); [LAYOUT] GSTIN / Tax ID tax registration in header band (p1: GSTIN_TAX_ID_IN_HEADER); [LAYOUT] Vendor Invoice header without Purchase Order reference (p1: NPO_PURE_INVOICE_HEADER),False,0.115,"{""POI"": 0.1579, ""NPO"": 0.68, ""IMA"": 0.0, ""MSI"": 0.0, ""PSI"": 0.0, ""JER"": 0.0, ""BKA"": 0.0, ""DPR"": 0.0, ""LCA"": 0.0}","{""POI"": 0.3667, ""NPO"": 0.7083, ""IMA"": 0.0, ""MSI"": 0.0, ""PSI"": 0.0, ""JER"": 0.0, ""BKA"": 0.0, ""DPR"": 0.0, ""LCA"": 0.0}","{""POI"": 0.0966, ""NPO"": 0.795, ""IMA"": 0.0, ""MSI"": 0.0, ""PSI"": 0.0, ""JER"": 0.0, ""BKA"": 0.0, ""DPR"": 0.0, ""LCA"": 0.0}"
NPO_BATCH1_invoice_51109366.pdf,invoice_51109366.pdf,EFDI Batch 1 Invoices (Full 100 Documents),NPO,FACT: Non-PO commercial vendor invoice without purchase order reference,1,1072,NPO,0.68,True,9,invoice number pattern; phrase 'invoice no'; word 'invoice'; phrase 'bill to / client'; word 'vendor / seller'; term 'GSTIN'; term 'Tax Id'; phrase 'date of issue'; phrase 'amount due / total summary',NPO,0.7083,True,4,[LAYOUT] Invoice Number structured in header metadata band (p1: INVOICE_LABEL_VALUE_IN_HEADER); [LAYOUT] GSTIN / Tax ID tax registration in header band (p1: GSTIN_TAX_ID_IN_HEADER); [LAYOUT] GSTIN / Tax ID tax registration in header band (p1: GSTIN_TAX_ID_IN_HEADER); [LAYOUT] Vendor Invoice header without Purchase Order reference (p1: NPO_PURE_INVOICE_HEADER),NPO,0.795,True,13,[TEXT] invoice number pattern; [TEXT] phrase 'invoice no'; [TEXT] word 'invoice'; [TEXT] phrase 'bill to / client'; [TEXT] word 'vendor / seller'; [TEXT] term 'GSTIN'; [TEXT] term 'Tax Id'; [TEXT] phrase 'date of issue'; [TEXT] phrase 'amount due / total summary'; [LAYOUT] Invoice Number structured in header metadata band (p1: INVOICE_LABEL_VALUE_IN_HEADER); [LAYOUT] GSTIN / Tax ID tax registration in header band (p1: GSTIN_TAX_ID_IN_HEADER); [LAYOUT] GSTIN / Tax ID tax registration in header band (p1: GSTIN_TAX_ID_IN_HEADER); [LAYOUT] Vendor Invoice header without Purchase Order reference (p1: NPO_PURE_INVOICE_HEADER),9,4,[TEXT] invoice number pattern; [TEXT] phrase 'invoice no'; [TEXT] word 'invoice'; [TEXT] phrase 'bill to / client'; [TEXT] word 'vendor / seller'; [TEXT] term 'GSTIN'; [TEXT] term 'Tax Id'; [TEXT] phrase 'date of issue'; [TEXT] phrase 'amount due / total summary',[LAYOUT] Invoice Number structured in header metadata band (p1: INVOICE_LABEL_VALUE_IN_HEADER); [LAYOUT] GSTIN / Tax ID tax registration in header band (p1: GSTIN_TAX_ID_IN_HEADER); [LAYOUT] GSTIN / Tax ID tax registration in header band (p1: GSTIN_TAX_ID_IN_HEADER); [LAYOUT] Vendor Invoice header without Purchase Order reference (p1: NPO_PURE_INVOICE_HEADER),False,0.115,"{""POI"": 0.1579, ""NPO"": 0.68, ""IMA"": 0.0, ""MSI"": 0.0, ""PSI"": 0.0, ""JER"": 0.0, ""BKA"": 0.0, ""DPR"": 0.0, ""LCA"": 0.0}","{""POI"": 0.3667, ""NPO"": 0.7083, ""IMA"": 0.0, ""MSI"": 0.0, ""PSI"": 0.0, ""JER"": 0.0, ""BKA"": 0.0, ""DPR"": 0.0, ""LCA"": 0.0}","{""POI"": 0.0966, ""NPO"": 0.795, ""IMA"": 0.0, ""MSI"": 0.0, ""PSI"": 0.0, ""JER"": 0.0, ""BKA"": 0.0, ""DPR"": 0.0, ""LCA"": 0.0}"
NPO_BATCH1_invoice_51109367.pdf,invoice_51109367.pdf,EFDI Batch 1 Invoices (Full 100 Documents),NPO,FACT: Non-PO commercial vendor invoice without purchase order reference,1,848,NPO,0.68,True,9,invoice number pattern; phrase 'invoice no'; word 'invoice'; phrase 'bill to / client'; word 'vendor / seller'; term 'GSTIN'; term 'Tax Id'; phrase 'date of issue'; phrase 'amount due / total summary',NPO,0.7083,True,4,[LAYOUT] Invoice Number structured in header metadata band (p1: INVOICE_LABEL_VALUE_IN_HEADER); [LAYOUT] GSTIN / Tax ID tax registration in header band (p1: GSTIN_TAX_ID_IN_HEADER); [LAYOUT] GSTIN / Tax ID tax registration in header band (p1: GSTIN_TAX_ID_IN_HEADER); [LAYOUT] Vendor Invoice header without Purchase Order reference (p1: NPO_PURE_INVOICE_HEADER),NPO,0.795,True,13,[TEXT] invoice number pattern; [TEXT] phrase 'invoice no'; [TEXT] word 'invoice'; [TEXT] phrase 'bill to / client'; [TEXT] word 'vendor / seller'; [TEXT] term 'GSTIN'; [TEXT] term 'Tax Id'; [TEXT] phrase 'date of issue'; [TEXT] phrase 'amount due / total summary'; [LAYOUT] Invoice Number structured in header metadata band (p1: INVOICE_LABEL_VALUE_IN_HEADER); [LAYOUT] GSTIN / Tax ID tax registration in header band (p1: GSTIN_TAX_ID_IN_HEADER); [LAYOUT] GSTIN / Tax ID tax registration in header band (p1: GSTIN_TAX_ID_IN_HEADER); [LAYOUT] Vendor Invoice header without Purchase Order reference (p1: NPO_PURE_INVOICE_HEADER),9,4,[TEXT] invoice number pattern; [TEXT] phrase 'invoice no'; [TEXT] word 'invoice'; [TEXT] phrase 'bill to / client'; [TEXT] word 'vendor / seller'; [TEXT] term 'GSTIN'; [TEXT] term 'Tax Id'; [TEXT] phrase 'date of issue'; [TEXT] phrase 'amount due / total summary',[LAYOUT] Invoice Number structured in header metadata band (p1: INVOICE_LABEL_VALUE_IN_HEADER); [LAYOUT] GSTIN / Tax ID tax registration in header band (p1: GSTIN_TAX_ID_IN_HEADER); [LAYOUT] GSTIN / Tax ID tax registration in header band (p1: GSTIN_TAX_ID_IN_HEADER); [LAYOUT] Vendor Invoice header without Purchase Order reference (p1: NPO_PURE_INVOICE_HEADER),False,0.115,"{""POI"": 0.1579, ""NPO"": 0.68, ""IMA"": 0.0, ""MSI"": 0.0, ""PSI"": 0.0, ""JER"": 0.0, ""BKA"": 0.0, ""DPR"": 0.0, ""LCA"": 0.0}","{""POI"": 0.3667, ""NPO"": 0.7083, ""IMA"": 0.0, ""MSI"": 0.0, ""PSI"": 0.0, ""JER"": 0.0, ""BKA"": 0.0, ""DPR"": 0.0, ""LCA"": 0.0}","{""POI"": 0.0966, ""NPO"": 0.795, ""IMA"": 0.0, ""MSI"": 0.0, ""PSI"": 0.0, ""JER"": 0.0, ""BKA"": 0.0, ""DPR"": 0.0, ""LCA"": 0.0}"
NPO_BATCH1_invoice_51109368.pdf,invoice_51109368.pdf,EFDI Batch 1 Invoices (Full 100 Documents),NPO,FACT: Non-PO commercial vendor invoice without purchase order reference,1,1175,NPO,0.68,True,9,invoice number pattern; phrase 'invoice no'; word 'invoice'; phrase 'bill to / client'; word 'vendor / seller'; term 'GSTIN'; term 'Tax Id'; phrase 'date of issue'; phrase 'amount due / total summary',NPO,0.7083,True,4,[LAYOUT] Invoice Number structured in header metadata band (p1: INVOICE_LABEL_VALUE_IN_HEADER); [LAYOUT] GSTIN / Tax ID tax registration in header band (p1: GSTIN_TAX_ID_IN_HEADER); [LAYOUT] GSTIN / Tax ID tax registration in header band (p1: GSTIN_TAX_ID_IN_HEADER); [LAYOUT] Vendor Invoice header without Purchase Order reference (p1: NPO_PURE_INVOICE_HEADER),NPO,0.795,True,13,[TEXT] invoice number pattern; [TEXT] phrase 'invoice no'; [TEXT] word 'invoice'; [TEXT] phrase 'bill to / client'; [TEXT] word 'vendor / seller'; [TEXT] term 'GSTIN'; [TEXT] term 'Tax Id'; [TEXT] phrase 'date of issue'; [TEXT] phrase 'amount due / total summary'; [LAYOUT] Invoice Number structured in header metadata band (p1: INVOICE_LABEL_VALUE_IN_HEADER); [LAYOUT] GSTIN / Tax ID tax registration in header band (p1: GSTIN_TAX_ID_IN_HEADER); [LAYOUT] GSTIN / Tax ID tax registration in header band (p1: GSTIN_TAX_ID_IN_HEADER); [LAYOUT] Vendor Invoice header without Purchase Order reference (p1: NPO_PURE_INVOICE_HEADER),9,4,[TEXT] invoice number pattern; [TEXT] phrase 'invoice no'; [TEXT] word 'invoice'; [TEXT] phrase 'bill to / client'; [TEXT] word 'vendor / seller'; [TEXT] term 'GSTIN'; [TEXT] term 'Tax Id'; [TEXT] phrase 'date of issue'; [TEXT] phrase 'amount due / total summary',[LAYOUT] Invoice Number structured in header metadata band (p1: INVOICE_LABEL_VALUE_IN_HEADER); [LAYOUT] GSTIN / Tax ID tax registration in header band (p1: GSTIN_TAX_ID_IN_HEADER); [LAYOUT] GSTIN / Tax ID tax registration in header band (p1: GSTIN_TAX_ID_IN_HEADER); [LAYOUT] Vendor Invoice header without Purchase Order reference (p1: NPO_PURE_INVOICE_HEADER),False,0.115,"{""POI"": 0.1579, ""NPO"": 0.68, ""IMA"": 0.0, ""MSI"": 0.0, ""PSI"": 0.0, ""JER"": 0.0, ""BKA"": 0.0, ""DPR"": 0.0, ""LCA"": 0.0}","{""POI"": 0.3667, ""NPO"": 0.7083, ""IMA"": 0.0, ""MSI"": 0.0, ""PSI"": 0.0, ""JER"": 0.0, ""BKA"": 0.0, ""DPR"": 0.0, ""LCA"": 0.0}","{""POI"": 0.0966, ""NPO"": 0.795, ""IMA"": 0.0, ""MSI"": 0.0, ""PSI"": 0.0, ""JER"": 0.0, ""BKA"": 0.0, ""DPR"": 0.0, ""LCA"": 0.0}"
NPO_BATCH1_invoice_51109369.pdf,invoice_51109369.pdf,EFDI Batch 1 Invoices (Full 100 Documents),NPO,FACT: Non-PO commercial vendor invoice without purchase order reference,1,832,NPO,0.68,True,9,invoice number pattern; phrase 'invoice no'; word 'invoice'; phrase 'bill to / client'; word 'vendor / seller'; term 'GSTIN'; term 'Tax Id'; phrase 'date of issue'; phrase 'amount due / total summary',NPO,0.7083,True,4,[LAYOUT] Invoice Number structured in header metadata band (p1: INVOICE_LABEL_VALUE_IN_HEADER); [LAYOUT] GSTIN / Tax ID tax registration in header band (p1: GSTIN_TAX_ID_IN_HEADER); [LAYOUT] GSTIN / Tax ID tax registration in header band (p1: GSTIN_TAX_ID_IN_HEADER); [LAYOUT] Vendor Invoice header without Purchase Order reference (p1: NPO_PURE_INVOICE_HEADER),NPO,0.795,True,13,[TEXT] invoice number pattern; [TEXT] phrase 'invoice no'; [TEXT] word 'invoice'; [TEXT] phrase 'bill to / client'; [TEXT] word 'vendor / seller'; [TEXT] term 'GSTIN'; [TEXT] term 'Tax Id'; [TEXT] phrase 'date of issue'; [TEXT] phrase 'amount due / total summary'; [LAYOUT] Invoice Number structured in header metadata band (p1: INVOICE_LABEL_VALUE_IN_HEADER); [LAYOUT] GSTIN / Tax ID tax registration in header band (p1: GSTIN_TAX_ID_IN_HEADER); [LAYOUT] GSTIN / Tax ID tax registration in header band (p1: GSTIN_TAX_ID_IN_HEADER); [LAYOUT] Vendor Invoice header without Purchase Order reference (p1: NPO_PURE_INVOICE_HEADER),9,4,[TEXT] invoice number pattern; [TEXT] phrase 'invoice no'; [TEXT] word 'invoice'; [TEXT] phrase 'bill to / client'; [TEXT] word 'vendor / seller'; [TEXT] term 'GSTIN'; [TEXT] term 'Tax Id'; [TEXT] phrase 'date of issue'; [TEXT] phrase 'amount due / total summary',[LAYOUT] Invoice Number structured in header metadata band (p1: INVOICE_LABEL_VALUE_IN_HEADER); [LAYOUT] GSTIN / Tax ID tax registration in header band (p1: GSTIN_TAX_ID_IN_HEADER); [LAYOUT] GSTIN / Tax ID tax registration in header band (p1: GSTIN_TAX_ID_IN_HEADER); [LAYOUT] Vendor Invoice header without Purchase Order reference (p1: NPO_PURE_INVOICE_HEADER),False,0.115,"{""POI"": 0.1579, ""NPO"": 0.68, ""IMA"": 0.0, ""MSI"": 0.0, ""PSI"": 0.0, ""JER"": 0.0, ""BKA"": 0.0, ""DPR"": 0.0, ""LCA"": 0.0}","{""POI"": 0.3667, ""NPO"": 0.7083, ""IMA"": 0.0, ""MSI"": 0.0, ""PSI"": 0.0, ""JER"": 0.0, ""BKA"": 0.0, ""DPR"": 0.0, ""LCA"": 0.0}","{""POI"": 0.0966, ""NPO"": 0.795, ""IMA"": 0.0, ""MSI"": 0.0, ""PSI"": 0.0, ""JER"": 0.0, ""BKA"": 0.0, ""DPR"": 0.0, ""LCA"": 0.0}"
NPO_BATCH1_invoice_51109370.pdf,invoice_51109370.pdf,EFDI Batch 1 Invoices (Full 100 Documents),NPO,FACT: Non-PO commercial vendor invoice without purchase order reference,1,920,NPO,0.68,True,9,invoice number pattern; phrase 'invoice no'; word 'invoice'; phrase 'bill to / client'; word 'vendor / seller'; term 'GSTIN'; term 'Tax Id'; phrase 'date of issue'; phrase 'amount due / total summary',NPO,0.7083,True,4,[LAYOUT] Invoice Number structured in header metadata band (p1: INVOICE_LABEL_VALUE_IN_HEADER); [LAYOUT] GSTIN / Tax ID tax registration in header band (p1: GSTIN_TAX_ID_IN_HEADER); [LAYOUT] GSTIN / Tax ID tax registration in header band (p1: GSTIN_TAX_ID_IN_HEADER); [LAYOUT] Vendor Invoice header without Purchase Order reference (p1: NPO_PURE_INVOICE_HEADER),NPO,0.795,True,13,[TEXT] invoice number pattern; [TEXT] phrase 'invoice no'; [TEXT] word 'invoice'; [TEXT] phrase 'bill to / client'; [TEXT] word 'vendor / seller'; [TEXT] term 'GSTIN'; [TEXT] term 'Tax Id'; [TEXT] phrase 'date of issue'; [TEXT] phrase 'amount due / total summary'; [LAYOUT] Invoice Number structured in header metadata band (p1: INVOICE_LABEL_VALUE_IN_HEADER); [LAYOUT] GSTIN / Tax ID tax registration in header band (p1: GSTIN_TAX_ID_IN_HEADER); [LAYOUT] GSTIN / Tax ID tax registration in header band (p1: GSTIN_TAX_ID_IN_HEADER); [LAYOUT] Vendor Invoice header without Purchase Order reference (p1: NPO_PURE_INVOICE_HEADER),9,4,[TEXT] invoice number pattern; [TEXT] phrase 'invoice no'; [TEXT] word 'invoice'; [TEXT] phrase 'bill to / client'; [TEXT] word 'vendor / seller'; [TEXT] term 'GSTIN'; [TEXT] term 'Tax Id'; [TEXT] phrase 'date of issue'; [TEXT] phrase 'amount due / total summary',[LAYOUT] Invoice Number structured in header metadata band (p1: INVOICE_LABEL_VALUE_IN_HEADER); [LAYOUT] GSTIN / Tax ID tax registration in header band (p1: GSTIN_TAX_ID_IN_HEADER); [LAYOUT] GSTIN / Tax ID tax registration in header band (p1: GSTIN_TAX_ID_IN_HEADER); [LAYOUT] Vendor Invoice header without Purchase Order reference (p1: NPO_PURE_INVOICE_HEADER),False,0.115,"{""POI"": 0.1579, ""NPO"": 0.68, ""IMA"": 0.0, ""MSI"": 0.0, ""PSI"": 0.0, ""JER"": 0.0, ""BKA"": 0.0, ""DPR"": 0.0, ""LCA"": 0.0}","{""POI"": 0.3667, ""NPO"": 0.7083, ""IMA"": 0.0, ""MSI"": 0.0, ""PSI"": 0.0, ""JER"": 0.0, ""BKA"": 0.0, ""DPR"": 0.0, ""LCA"": 0.0}","{""POI"": 0.0966, ""NPO"": 0.795, ""IMA"": 0.0, ""MSI"": 0.0, ""PSI"": 0.0, ""JER"": 0.0, ""BKA"": 0.0, ""DPR"": 0.0, ""LCA"": 0.0}"
NPO_BATCH1_invoice_51109371.pdf,invoice_51109371.pdf,EFDI Batch 1 Invoices (Full 100 Documents),NPO,FACT: Non-PO commercial vendor invoice without purchase order reference,1,915,NPO,0.68,True,9,invoice number pattern; phrase 'invoice no'; word 'invoice'; phrase 'bill to / client'; word 'vendor / seller'; term 'GSTIN'; term 'Tax Id'; phrase 'date of issue'; phrase 'amount due / total summary',NPO,0.7083,True,4,[LAYOUT] Invoice Number structured in header metadata band (p1: INVOICE_LABEL_VALUE_IN_HEADER); [LAYOUT] GSTIN / Tax ID tax registration in header band (p1: GSTIN_TAX_ID_IN_HEADER); [LAYOUT] GSTIN / Tax ID tax registration in header band (p1: GSTIN_TAX_ID_IN_HEADER); [LAYOUT] Vendor Invoice header without Purchase Order reference (p1: NPO_PURE_INVOICE_HEADER),NPO,0.795,True,13,[TEXT] invoice number pattern; [TEXT] phrase 'invoice no'; [TEXT] word 'invoice'; [TEXT] phrase 'bill to / client'; [TEXT] word 'vendor / seller'; [TEXT] term 'GSTIN'; [TEXT] term 'Tax Id'; [TEXT] phrase 'date of issue'; [TEXT] phrase 'amount due / total summary'; [LAYOUT] Invoice Number structured in header metadata band (p1: INVOICE_LABEL_VALUE_IN_HEADER); [LAYOUT] GSTIN / Tax ID tax registration in header band (p1: GSTIN_TAX_ID_IN_HEADER); [LAYOUT] GSTIN / Tax ID tax registration in header band (p1: GSTIN_TAX_ID_IN_HEADER); [LAYOUT] Vendor Invoice header without Purchase Order reference (p1: NPO_PURE_INVOICE_HEADER),9,4,[TEXT] invoice number pattern; [TEXT] phrase 'invoice no'; [TEXT] word 'invoice'; [TEXT] phrase 'bill to / client'; [TEXT] word 'vendor / seller'; [TEXT] term 'GSTIN'; [TEXT] term 'Tax Id'; [TEXT] phrase 'date of issue'; [TEXT] phrase 'amount due / total summary',[LAYOUT] Invoice Number structured in header metadata band (p1: INVOICE_LABEL_VALUE_IN_HEADER); [LAYOUT] GSTIN / Tax ID tax registration in header band (p1: GSTIN_TAX_ID_IN_HEADER); [LAYOUT] GSTIN / Tax ID tax registration in header band (p1: GSTIN_TAX_ID_IN_HEADER); [LAYOUT] Vendor Invoice header without Purchase Order reference (p1: NPO_PURE_INVOICE_HEADER),False,0.115,"{""POI"": 0.1579, ""NPO"": 0.68, ""IMA"": 0.0, ""MSI"": 0.0, ""PSI"": 0.0, ""JER"": 0.0, ""BKA"": 0.0, ""DPR"": 0.0, ""LCA"": 0.0}","{""POI"": 0.3667, ""NPO"": 0.7083, ""IMA"": 0.0, ""MSI"": 0.0, ""PSI"": 0.0, ""JER"": 0.0, ""BKA"": 0.0, ""DPR"": 0.0, ""LCA"": 0.0}","{""POI"": 0.0966, ""NPO"": 0.795, ""IMA"": 0.0, ""MSI"": 0.0, ""PSI"": 0.0, ""JER"": 0.0, ""BKA"": 0.0, ""DPR"": 0.0, ""LCA"": 0.0}"
NPO_BATCH1_invoice_51109372.pdf,invoice_51109372.pdf,EFDI Batch 1 Invoices (Full 100 Documents),NPO,FACT: Non-PO commercial vendor invoice without purchase order reference,1,836,NPO,0.68,True,9,invoice number pattern; phrase 'invoice no'; word 'invoice'; phrase 'bill to / client'; word 'vendor / seller'; term 'GSTIN'; term 'Tax Id'; phrase 'date of issue'; phrase 'amount due / total summary',NPO,0.7083,True,4,[LAYOUT] Invoice Number structured in header metadata band (p1: INVOICE_LABEL_VALUE_IN_HEADER); [LAYOUT] GSTIN / Tax ID tax registration in header band (p1: GSTIN_TAX_ID_IN_HEADER); [LAYOUT] GSTIN / Tax ID tax registration in header band (p1: GSTIN_TAX_ID_IN_HEADER); [LAYOUT] Vendor Invoice header without Purchase Order reference (p1: NPO_PURE_INVOICE_HEADER),NPO,0.795,True,13,[TEXT] invoice number pattern; [TEXT] phrase 'invoice no'; [TEXT] word 'invoice'; [TEXT] phrase 'bill to / client'; [TEXT] word 'vendor / seller'; [TEXT] term 'GSTIN'; [TEXT] term 'Tax Id'; [TEXT] phrase 'date of issue'; [TEXT] phrase 'amount due / total summary'; [LAYOUT] Invoice Number structured in header metadata band (p1: INVOICE_LABEL_VALUE_IN_HEADER); [LAYOUT] GSTIN / Tax ID tax registration in header band (p1: GSTIN_TAX_ID_IN_HEADER); [LAYOUT] GSTIN / Tax ID tax registration in header band (p1: GSTIN_TAX_ID_IN_HEADER); [LAYOUT] Vendor Invoice header without Purchase Order reference (p1: NPO_PURE_INVOICE_HEADER),9,4,[TEXT] invoice number pattern; [TEXT] phrase 'invoice no'; [TEXT] word 'invoice'; [TEXT] phrase 'bill to / client'; [TEXT] word 'vendor / seller'; [TEXT] term 'GSTIN'; [TEXT] term 'Tax Id'; [TEXT] phrase 'date of issue'; [TEXT] phrase 'amount due / total summary',[LAYOUT] Invoice Number structured in header metadata band (p1: INVOICE_LABEL_VALUE_IN_HEADER); [LAYOUT] GSTIN / Tax ID tax registration in header band (p1: GSTIN_TAX_ID_IN_HEADER); [LAYOUT] GSTIN / Tax ID tax registration in header band (p1: GSTIN_TAX_ID_IN_HEADER); [LAYOUT] Vendor Invoice header without Purchase Order reference (p1: NPO_PURE_INVOICE_HEADER),False,0.115,"{""POI"": 0.1579, ""NPO"": 0.68, ""IMA"": 0.0, ""MSI"": 0.0, ""PSI"": 0.0, ""JER"": 0.0, ""BKA"": 0.0, ""DPR"": 0.0, ""LCA"": 0.0}","{""POI"": 0.3667, ""NPO"": 0.7083, ""IMA"": 0.0, ""MSI"": 0.0, ""PSI"": 0.0, ""JER"": 0.0, ""BKA"": 0.0, ""DPR"": 0.0, ""LCA"": 0.0}","{""POI"": 0.0966, ""NPO"": 0.795, ""IMA"": 0.0, ""MSI"": 0.0, ""PSI"": 0.0, ""JER"": 0.0, ""BKA"": 0.0, ""DPR"": 0.0, ""LCA"": 0.0}"
NPO_BATCH1_invoice_51109373.pdf,invoice_51109373.pdf,EFDI Batch 1 Invoices (Full 100 Documents),NPO,FACT: Non-PO commercial vendor invoice without purchase order reference,1,583,NPO,0.68,True,9,invoice number pattern; phrase 'invoice no'; word 'invoice'; phrase 'bill to / client'; word 'vendor / seller'; term 'GSTIN'; term 'Tax Id'; phrase 'date of issue'; phrase 'amount due / total summary',NPO,0.7083,True,4,[LAYOUT] Invoice Number structured in header metadata band (p1: INVOICE_LABEL_VALUE_IN_HEADER); [LAYOUT] GSTIN / Tax ID tax registration in header band (p1: GSTIN_TAX_ID_IN_HEADER); [LAYOUT] GSTIN / Tax ID tax registration in header band (p1: GSTIN_TAX_ID_IN_HEADER); [LAYOUT] Vendor Invoice header without Purchase Order reference (p1: NPO_PURE_INVOICE_HEADER),NPO,0.795,True,13,[TEXT] invoice number pattern; [TEXT] phrase 'invoice no'; [TEXT] word 'invoice'; [TEXT] phrase 'bill to / client'; [TEXT] word 'vendor / seller'; [TEXT] term 'GSTIN'; [TEXT] term 'Tax Id'; [TEXT] phrase 'date of issue'; [TEXT] phrase 'amount due / total summary'; [LAYOUT] Invoice Number structured in header metadata band (p1: INVOICE_LABEL_VALUE_IN_HEADER); [LAYOUT] GSTIN / Tax ID tax registration in header band (p1: GSTIN_TAX_ID_IN_HEADER); [LAYOUT] GSTIN / Tax ID tax registration in header band (p1: GSTIN_TAX_ID_IN_HEADER); [LAYOUT] Vendor Invoice header without Purchase Order reference (p1: NPO_PURE_INVOICE_HEADER),9,4,[TEXT] invoice number pattern; [TEXT] phrase 'invoice no'; [TEXT] word 'invoice'; [TEXT] phrase 'bill to / client'; [TEXT] word 'vendor / seller'; [TEXT] term 'GSTIN'; [TEXT] term 'Tax Id'; [TEXT] phrase 'date of issue'; [TEXT] phrase 'amount due / total summary',[LAYOUT] Invoice Number structured in header metadata band (p1: INVOICE_LABEL_VALUE_IN_HEADER); [LAYOUT] GSTIN / Tax ID tax registration in header band (p1: GSTIN_TAX_ID_IN_HEADER); [LAYOUT] GSTIN / Tax ID tax registration in header band (p1: GSTIN_TAX_ID_IN_HEADER); [LAYOUT] Vendor Invoice header without Purchase Order reference (p1: NPO_PURE_INVOICE_HEADER),False,0.115,"{""POI"": 0.1579, ""NPO"": 0.68, ""IMA"": 0.0, ""MSI"": 0.0, ""PSI"": 0.0, ""JER"": 0.0, ""BKA"": 0.0, ""DPR"": 0.0, ""LCA"": 0.0}","{""POI"": 0.3667, ""NPO"": 0.7083, ""IMA"": 0.0, ""MSI"": 0.0, ""PSI"": 0.0, ""JER"": 0.0, ""BKA"": 0.0, ""DPR"": 0.0, ""LCA"": 0.0}","{""POI"": 0.0966, ""NPO"": 0.795, ""IMA"": 0.0, ""MSI"": 0.0, ""PSI"": 0.0, ""JER"": 0.0, ""BKA"": 0.0, ""DPR"": 0.0, ""LCA"": 0.0}"
NPO_BATCH1_invoice_51109374.pdf,invoice_51109374.pdf,EFDI Batch 1 Invoices (Full 100 Documents),NPO,FACT: Non-PO commercial vendor invoice without purchase order reference,1,935,NPO,0.68,True,9,invoice number pattern; phrase 'invoice no'; word 'invoice'; phrase 'bill to / client'; word 'vendor / seller'; term 'GSTIN'; term 'Tax Id'; phrase 'date of issue'; phrase 'amount due / total summary',NPO,0.7083,True,4,[LAYOUT] Invoice Number structured in header metadata band (p1: INVOICE_LABEL_VALUE_IN_HEADER); [LAYOUT] GSTIN / Tax ID tax registration in header band (p1: GSTIN_TAX_ID_IN_HEADER); [LAYOUT] GSTIN / Tax ID tax registration in header band (p1: GSTIN_TAX_ID_IN_HEADER); [LAYOUT] Vendor Invoice header without Purchase Order reference (p1: NPO_PURE_INVOICE_HEADER),NPO,0.795,True,13,[TEXT] invoice number pattern; [TEXT] phrase 'invoice no'; [TEXT] word 'invoice'; [TEXT] phrase 'bill to / client'; [TEXT] word 'vendor / seller'; [TEXT] term 'GSTIN'; [TEXT] term 'Tax Id'; [TEXT] phrase 'date of issue'; [TEXT] phrase 'amount due / total summary'; [LAYOUT] Invoice Number structured in header metadata band (p1: INVOICE_LABEL_VALUE_IN_HEADER); [LAYOUT] GSTIN / Tax ID tax registration in header band (p1: GSTIN_TAX_ID_IN_HEADER); [LAYOUT] GSTIN / Tax ID tax registration in header band (p1: GSTIN_TAX_ID_IN_HEADER); [LAYOUT] Vendor Invoice header without Purchase Order reference (p1: NPO_PURE_INVOICE_HEADER),9,4,[TEXT] invoice number pattern; [TEXT] phrase 'invoice no'; [TEXT] word 'invoice'; [TEXT] phrase 'bill to / client'; [TEXT] word 'vendor / seller'; [TEXT] term 'GSTIN'; [TEXT] term 'Tax Id'; [TEXT] phrase 'date of issue'; [TEXT] phrase 'amount due / total summary',[LAYOUT] Invoice Number structured in header metadata band (p1: INVOICE_LABEL_VALUE_IN_HEADER); [LAYOUT] GSTIN / Tax ID tax registration in header band (p1: GSTIN_TAX_ID_IN_HEADER); [LAYOUT] GSTIN / Tax ID tax registration in header band (p1: GSTIN_TAX_ID_IN_HEADER); [LAYOUT] Vendor Invoice header without Purchase Order reference (p1: NPO_PURE_INVOICE_HEADER),False,0.115,"{""POI"": 0.1579, ""NPO"": 0.68, ""IMA"": 0.0, ""MSI"": 0.0, ""PSI"": 0.0, ""JER"": 0.0, ""BKA"": 0.0, ""DPR"": 0.0, ""LCA"": 0.0}","{""POI"": 0.3667, ""NPO"": 0.7083, ""IMA"": 0.0, ""MSI"": 0.0, ""PSI"": 0.0, ""JER"": 0.0, ""BKA"": 0.0, ""DPR"": 0.0, ""LCA"": 0.0}","{""POI"": 0.0966, ""NPO"": 0.795, ""IMA"": 0.0, ""MSI"": 0.0, ""PSI"": 0.0, ""JER"": 0.0, ""BKA"": 0.0, ""DPR"": 0.0, ""LCA"": 0.0}"
NPO_BATCH1_invoice_51109375.pdf,invoice_51109375.pdf,EFDI Batch 1 Invoices (Full 100 Documents),NPO,FACT: Non-PO commercial vendor invoice without purchase order reference,1,900,NPO,0.68,True,9,invoice number pattern; phrase 'invoice no'; word 'invoice'; phrase 'bill to / client'; word 'vendor / seller'; term 'GSTIN'; term 'Tax Id'; phrase 'date of issue'; phrase 'amount due / total summary',NPO,0.7083,True,4,[LAYOUT] Invoice Number structured in header metadata band (p1: INVOICE_LABEL_VALUE_IN_HEADER); [LAYOUT] GSTIN / Tax ID tax registration in header band (p1: GSTIN_TAX_ID_IN_HEADER); [LAYOUT] GSTIN / Tax ID tax registration in header band (p1: GSTIN_TAX_ID_IN_HEADER); [LAYOUT] Vendor Invoice header without Purchase Order reference (p1: NPO_PURE_INVOICE_HEADER),NPO,0.795,True,13,[TEXT] invoice number pattern; [TEXT] phrase 'invoice no'; [TEXT] word 'invoice'; [TEXT] phrase 'bill to / client'; [TEXT] word 'vendor / seller'; [TEXT] term 'GSTIN'; [TEXT] term 'Tax Id'; [TEXT] phrase 'date of issue'; [TEXT] phrase 'amount due / total summary'; [LAYOUT] Invoice Number structured in header metadata band (p1: INVOICE_LABEL_VALUE_IN_HEADER); [LAYOUT] GSTIN / Tax ID tax registration in header band (p1: GSTIN_TAX_ID_IN_HEADER); [LAYOUT] GSTIN / Tax ID tax registration in header band (p1: GSTIN_TAX_ID_IN_HEADER); [LAYOUT] Vendor Invoice header without Purchase Order reference (p1: NPO_PURE_INVOICE_HEADER),9,4,[TEXT] invoice number pattern; [TEXT] phrase 'invoice no'; [TEXT] word 'invoice'; [TEXT] phrase 'bill to / client'; [TEXT] word 'vendor / seller'; [TEXT] term 'GSTIN'; [TEXT] term 'Tax Id'; [TEXT] phrase 'date of issue'; [TEXT] phrase 'amount due / total summary',[LAYOUT] Invoice Number structured in header metadata band (p1: INVOICE_LABEL_VALUE_IN_HEADER); [LAYOUT] GSTIN / Tax ID tax registration in header band (p1: GSTIN_TAX_ID_IN_HEADER); [LAYOUT] GSTIN / Tax ID tax registration in header band (p1: GSTIN_TAX_ID_IN_HEADER); [LAYOUT] Vendor Invoice header without Purchase Order reference (p1: NPO_PURE_INVOICE_HEADER),False,0.115,"{""POI"": 0.1579, ""NPO"": 0.68, ""IMA"": 0.0, ""MSI"": 0.0, ""PSI"": 0.0, ""JER"": 0.0, ""BKA"": 0.0, ""DPR"": 0.0, ""LCA"": 0.0}","{""POI"": 0.3667, ""NPO"": 0.7083, ""IMA"": 0.0, ""MSI"": 0.0, ""PSI"": 0.0, ""JER"": 0.0, ""BKA"": 0.0, ""DPR"": 0.0, ""LCA"": 0.0}","{""POI"": 0.0966, ""NPO"": 0.795, ""IMA"": 0.0, ""MSI"": 0.0, ""PSI"": 0.0, ""JER"": 0.0, ""BKA"": 0.0, ""DPR"": 0.0, ""LCA"": 0.0}"
NPO_BATCH1_invoice_51109376.pdf,invoice_51109376.pdf,EFDI Batch 1 Invoices (Full 100 Documents),NPO,FACT: Non-PO commercial vendor invoice without purchase order reference,1,1083,NPO,0.68,True,9,invoice number pattern; phrase 'invoice no'; word 'invoice'; phrase 'bill to / client'; word 'vendor / seller'; term 'GSTIN'; term 'Tax Id'; phrase 'date of issue'; phrase 'amount due / total summary',NPO,0.7083,True,4,[LAYOUT] Invoice Number structured in header metadata band (p1: INVOICE_LABEL_VALUE_IN_HEADER); [LAYOUT] GSTIN / Tax ID tax registration in header band (p1: GSTIN_TAX_ID_IN_HEADER); [LAYOUT] GSTIN / Tax ID tax registration in header band (p1: GSTIN_TAX_ID_IN_HEADER); [LAYOUT] Vendor Invoice header without Purchase Order reference (p1: NPO_PURE_INVOICE_HEADER),NPO,0.795,True,13,[TEXT] invoice number pattern; [TEXT] phrase 'invoice no'; [TEXT] word 'invoice'; [TEXT] phrase 'bill to / client'; [TEXT] word 'vendor / seller'; [TEXT] term 'GSTIN'; [TEXT] term 'Tax Id'; [TEXT] phrase 'date of issue'; [TEXT] phrase 'amount due / total summary'; [LAYOUT] Invoice Number structured in header metadata band (p1: INVOICE_LABEL_VALUE_IN_HEADER); [LAYOUT] GSTIN / Tax ID tax registration in header band (p1: GSTIN_TAX_ID_IN_HEADER); [LAYOUT] GSTIN / Tax ID tax registration in header band (p1: GSTIN_TAX_ID_IN_HEADER); [LAYOUT] Vendor Invoice header without Purchase Order reference (p1: NPO_PURE_INVOICE_HEADER),9,4,[TEXT] invoice number pattern; [TEXT] phrase 'invoice no'; [TEXT] word 'invoice'; [TEXT] phrase 'bill to / client'; [TEXT] word 'vendor / seller'; [TEXT] term 'GSTIN'; [TEXT] term 'Tax Id'; [TEXT] phrase 'date of issue'; [TEXT] phrase 'amount due / total summary',[LAYOUT] Invoice Number structured in header metadata band (p1: INVOICE_LABEL_VALUE_IN_HEADER); [LAYOUT] GSTIN / Tax ID tax registration in header band (p1: GSTIN_TAX_ID_IN_HEADER); [LAYOUT] GSTIN / Tax ID tax registration in header band (p1: GSTIN_TAX_ID_IN_HEADER); [LAYOUT] Vendor Invoice header without Purchase Order reference (p1: NPO_PURE_INVOICE_HEADER),False,0.115,"{""POI"": 0.1579, ""NPO"": 0.68, ""IMA"": 0.0, ""MSI"": 0.0, ""PSI"": 0.0, ""JER"": 0.0, ""BKA"": 0.0, ""DPR"": 0.0, ""LCA"": 0.0}","{""POI"": 0.3667, ""NPO"": 0.7083, ""IMA"": 0.0, ""MSI"": 0.0, ""PSI"": 0.0, ""JER"": 0.0, ""BKA"": 0.0, ""DPR"": 0.0, ""LCA"": 0.0}","{""POI"": 0.0966, ""NPO"": 0.795, ""IMA"": 0.0, ""MSI"": 0.0, ""PSI"": 0.0, ""JER"": 0.0, ""BKA"": 0.0, ""DPR"": 0.0, ""LCA"": 0.0}"
NPO_BATCH1_invoice_51109377.pdf,invoice_51109377.pdf,EFDI Batch 1 Invoices (Full 100 Documents),NPO,FACT: Non-PO commercial vendor invoice without purchase order reference,1,1077,NPO,0.68,True,9,invoice number pattern; phrase 'invoice no'; word 'invoice'; phrase 'bill to / client'; word 'vendor / seller'; term 'GSTIN'; term 'Tax Id'; phrase 'date of issue'; phrase 'amount due / total summary',NPO,0.7083,True,4,[LAYOUT] Invoice Number structured in header metadata band (p1: INVOICE_LABEL_VALUE_IN_HEADER); [LAYOUT] GSTIN / Tax ID tax registration in header band (p1: GSTIN_TAX_ID_IN_HEADER); [LAYOUT] GSTIN / Tax ID tax registration in header band (p1: GSTIN_TAX_ID_IN_HEADER); [LAYOUT] Vendor Invoice header without Purchase Order reference (p1: NPO_PURE_INVOICE_HEADER),NPO,0.795,True,13,[TEXT] invoice number pattern; [TEXT] phrase 'invoice no'; [TEXT] word 'invoice'; [TEXT] phrase 'bill to / client'; [TEXT] word 'vendor / seller'; [TEXT] term 'GSTIN'; [TEXT] term 'Tax Id'; [TEXT] phrase 'date of issue'; [TEXT] phrase 'amount due / total summary'; [LAYOUT] Invoice Number structured in header metadata band (p1: INVOICE_LABEL_VALUE_IN_HEADER); [LAYOUT] GSTIN / Tax ID tax registration in header band (p1: GSTIN_TAX_ID_IN_HEADER); [LAYOUT] GSTIN / Tax ID tax registration in header band (p1: GSTIN_TAX_ID_IN_HEADER); [LAYOUT] Vendor Invoice header without Purchase Order reference (p1: NPO_PURE_INVOICE_HEADER),9,4,[TEXT] invoice number pattern; [TEXT] phrase 'invoice no'; [TEXT] word 'invoice'; [TEXT] phrase 'bill to / client'; [TEXT] word 'vendor / seller'; [TEXT] term 'GSTIN'; [TEXT] term 'Tax Id'; [TEXT] phrase 'date of issue'; [TEXT] phrase 'amount due / total summary',[LAYOUT] Invoice Number structured in header metadata band (p1: INVOICE_LABEL_VALUE_IN_HEADER); [LAYOUT] GSTIN / Tax ID tax registration in header band (p1: GSTIN_TAX_ID_IN_HEADER); [LAYOUT] GSTIN / Tax ID tax registration in header band (p1: GSTIN_TAX_ID_IN_HEADER); [LAYOUT] Vendor Invoice header without Purchase Order reference (p1: NPO_PURE_INVOICE_HEADER),False,0.115,"{""POI"": 0.1579, ""NPO"": 0.68, ""IMA"": 0.0, ""MSI"": 0.0, ""PSI"": 0.0, ""JER"": 0.0, ""BKA"": 0.0, ""DPR"": 0.0, ""LCA"": 0.0}","{""POI"": 0.3667, ""NPO"": 0.7083, ""IMA"": 0.0, ""MSI"": 0.0, ""PSI"": 0.0, ""JER"": 0.0, ""BKA"": 0.0, ""DPR"": 0.0, ""LCA"": 0.0}","{""POI"": 0.0966, ""NPO"": 0.795, ""IMA"": 0.0, ""MSI"": 0.0, ""PSI"": 0.0, ""JER"": 0.0, ""BKA"": 0.0, ""DPR"": 0.0, ""LCA"": 0.0}"
NPO_BATCH1_invoice_51109378.pdf,invoice_51109378.pdf,EFDI Batch 1 Invoices (Full 100 Documents),NPO,FACT: Non-PO commercial vendor invoice without purchase order reference,1,1188,NPO,0.68,True,9,invoice number pattern; phrase 'invoice no'; word 'invoice'; phrase 'bill to / client'; word 'vendor / seller'; term 'GSTIN'; term 'Tax Id'; phrase 'date of issue'; phrase 'amount due / total summary',NPO,0.7083,True,4,[LAYOUT] Invoice Number structured in header metadata band (p1: INVOICE_LABEL_VALUE_IN_HEADER); [LAYOUT] GSTIN / Tax ID tax registration in header band (p1: GSTIN_TAX_ID_IN_HEADER); [LAYOUT] GSTIN / Tax ID tax registration in header band (p1: GSTIN_TAX_ID_IN_HEADER); [LAYOUT] Vendor Invoice header without Purchase Order reference (p1: NPO_PURE_INVOICE_HEADER),NPO,0.795,True,13,[TEXT] invoice number pattern; [TEXT] phrase 'invoice no'; [TEXT] word 'invoice'; [TEXT] phrase 'bill to / client'; [TEXT] word 'vendor / seller'; [TEXT] term 'GSTIN'; [TEXT] term 'Tax Id'; [TEXT] phrase 'date of issue'; [TEXT] phrase 'amount due / total summary'; [LAYOUT] Invoice Number structured in header metadata band (p1: INVOICE_LABEL_VALUE_IN_HEADER); [LAYOUT] GSTIN / Tax ID tax registration in header band (p1: GSTIN_TAX_ID_IN_HEADER); [LAYOUT] GSTIN / Tax ID tax registration in header band (p1: GSTIN_TAX_ID_IN_HEADER); [LAYOUT] Vendor Invoice header without Purchase Order reference (p1: NPO_PURE_INVOICE_HEADER),9,4,[TEXT] invoice number pattern; [TEXT] phrase 'invoice no'; [TEXT] word 'invoice'; [TEXT] phrase 'bill to / client'; [TEXT] word 'vendor / seller'; [TEXT] term 'GSTIN'; [TEXT] term 'Tax Id'; [TEXT] phrase 'date of issue'; [TEXT] phrase 'amount due / total summary',[LAYOUT] Invoice Number structured in header metadata band (p1: INVOICE_LABEL_VALUE_IN_HEADER); [LAYOUT] GSTIN / Tax ID tax registration in header band (p1: GSTIN_TAX_ID_IN_HEADER); [LAYOUT] GSTIN / Tax ID tax registration in header band (p1: GSTIN_TAX_ID_IN_HEADER); [LAYOUT] Vendor Invoice header without Purchase Order reference (p1: NPO_PURE_INVOICE_HEADER),False,0.115,"{""POI"": 0.1579, ""NPO"": 0.68, ""IMA"": 0.0, ""MSI"": 0.0, ""PSI"": 0.0, ""JER"": 0.0, ""BKA"": 0.0, ""DPR"": 0.0, ""LCA"": 0.0}","{""POI"": 0.3667, ""NPO"": 0.7083, ""IMA"": 0.0, ""MSI"": 0.0, ""PSI"": 0.0, ""JER"": 0.0, ""BKA"": 0.0, ""DPR"": 0.0, ""LCA"": 0.0}","{""POI"": 0.0966, ""NPO"": 0.795, ""IMA"": 0.0, ""MSI"": 0.0, ""PSI"": 0.0, ""JER"": 0.0, ""BKA"": 0.0, ""DPR"": 0.0, ""LCA"": 0.0}"
NPO_BATCH1_invoice_51109379.pdf,invoice_51109379.pdf,EFDI Batch 1 Invoices (Full 100 Documents),NPO,FACT: Non-PO commercial vendor invoice without purchase order reference,1,915,NPO,0.68,True,9,invoice number pattern; phrase 'invoice no'; word 'invoice'; phrase 'bill to / client'; word 'vendor / seller'; term 'GSTIN'; term 'Tax Id'; phrase 'date of issue'; phrase 'amount due / total summary',NPO,0.7083,True,4,[LAYOUT] Invoice Number structured in header metadata band (p1: INVOICE_LABEL_VALUE_IN_HEADER); [LAYOUT] GSTIN / Tax ID tax registration in header band (p1: GSTIN_TAX_ID_IN_HEADER); [LAYOUT] GSTIN / Tax ID tax registration in header band (p1: GSTIN_TAX_ID_IN_HEADER); [LAYOUT] Vendor Invoice header without Purchase Order reference (p1: NPO_PURE_INVOICE_HEADER),NPO,0.795,True,13,[TEXT] invoice number pattern; [TEXT] phrase 'invoice no'; [TEXT] word 'invoice'; [TEXT] phrase 'bill to / client'; [TEXT] word 'vendor / seller'; [TEXT] term 'GSTIN'; [TEXT] term 'Tax Id'; [TEXT] phrase 'date of issue'; [TEXT] phrase 'amount due / total summary'; [LAYOUT] Invoice Number structured in header metadata band (p1: INVOICE_LABEL_VALUE_IN_HEADER); [LAYOUT] GSTIN / Tax ID tax registration in header band (p1: GSTIN_TAX_ID_IN_HEADER); [LAYOUT] GSTIN / Tax ID tax registration in header band (p1: GSTIN_TAX_ID_IN_HEADER); [LAYOUT] Vendor Invoice header without Purchase Order reference (p1: NPO_PURE_INVOICE_HEADER),9,4,[TEXT] invoice number pattern; [TEXT] phrase 'invoice no'; [TEXT] word 'invoice'; [TEXT] phrase 'bill to / client'; [TEXT] word 'vendor / seller'; [TEXT] term 'GSTIN'; [TEXT] term 'Tax Id'; [TEXT] phrase 'date of issue'; [TEXT] phrase 'amount due / total summary',[LAYOUT] Invoice Number structured in header metadata band (p1: INVOICE_LABEL_VALUE_IN_HEADER); [LAYOUT] GSTIN / Tax ID tax registration in header band (p1: GSTIN_TAX_ID_IN_HEADER); [LAYOUT] GSTIN / Tax ID tax registration in header band (p1: GSTIN_TAX_ID_IN_HEADER); [LAYOUT] Vendor Invoice header without Purchase Order reference (p1: NPO_PURE_INVOICE_HEADER),False,0.115,"{""POI"": 0.1579, ""NPO"": 0.68, ""IMA"": 0.0, ""MSI"": 0.0, ""PSI"": 0.0, ""JER"": 0.0, ""BKA"": 0.0, ""DPR"": 0.0, ""LCA"": 0.0}","{""POI"": 0.3667, ""NPO"": 0.7083, ""IMA"": 0.0, ""MSI"": 0.0, ""PSI"": 0.0, ""JER"": 0.0, ""BKA"": 0.0, ""DPR"": 0.0, ""LCA"": 0.0}","{""POI"": 0.0966, ""NPO"": 0.795, ""IMA"": 0.0, ""MSI"": 0.0, ""PSI"": 0.0, ""JER"": 0.0, ""BKA"": 0.0, ""DPR"": 0.0, ""LCA"": 0.0}"
NPO_BATCH1_invoice_51109380.pdf,invoice_51109380.pdf,EFDI Batch 1 Invoices (Full 100 Documents),NPO,FACT: Non-PO commercial vendor invoice without purchase order reference,1,754,NPO,0.68,True,9,invoice number pattern; phrase 'invoice no'; word 'invoice'; phrase 'bill to / client'; word 'vendor / seller'; term 'GSTIN'; term 'Tax Id'; phrase 'date of issue'; phrase 'amount due / total summary',NPO,0.7083,True,4,[LAYOUT] Invoice Number structured in header metadata band (p1: INVOICE_LABEL_VALUE_IN_HEADER); [LAYOUT] GSTIN / Tax ID tax registration in header band (p1: GSTIN_TAX_ID_IN_HEADER); [LAYOUT] GSTIN / Tax ID tax registration in header band (p1: GSTIN_TAX_ID_IN_HEADER); [LAYOUT] Vendor Invoice header without Purchase Order reference (p1: NPO_PURE_INVOICE_HEADER),NPO,0.795,True,13,[TEXT] invoice number pattern; [TEXT] phrase 'invoice no'; [TEXT] word 'invoice'; [TEXT] phrase 'bill to / client'; [TEXT] word 'vendor / seller'; [TEXT] term 'GSTIN'; [TEXT] term 'Tax Id'; [TEXT] phrase 'date of issue'; [TEXT] phrase 'amount due / total summary'; [LAYOUT] Invoice Number structured in header metadata band (p1: INVOICE_LABEL_VALUE_IN_HEADER); [LAYOUT] GSTIN / Tax ID tax registration in header band (p1: GSTIN_TAX_ID_IN_HEADER); [LAYOUT] GSTIN / Tax ID tax registration in header band (p1: GSTIN_TAX_ID_IN_HEADER); [LAYOUT] Vendor Invoice header without Purchase Order reference (p1: NPO_PURE_INVOICE_HEADER),9,4,[TEXT] invoice number pattern; [TEXT] phrase 'invoice no'; [TEXT] word 'invoice'; [TEXT] phrase 'bill to / client'; [TEXT] word 'vendor / seller'; [TEXT] term 'GSTIN'; [TEXT] term 'Tax Id'; [TEXT] phrase 'date of issue'; [TEXT] phrase 'amount due / total summary',[LAYOUT] Invoice Number structured in header metadata band (p1: INVOICE_LABEL_VALUE_IN_HEADER); [LAYOUT] GSTIN / Tax ID tax registration in header band (p1: GSTIN_TAX_ID_IN_HEADER); [LAYOUT] GSTIN / Tax ID tax registration in header band (p1: GSTIN_TAX_ID_IN_HEADER); [LAYOUT] Vendor Invoice header without Purchase Order reference (p1: NPO_PURE_INVOICE_HEADER),False,0.115,"{""POI"": 0.1579, ""NPO"": 0.68, ""IMA"": 0.0, ""MSI"": 0.0, ""PSI"": 0.0, ""JER"": 0.0, ""BKA"": 0.0, ""DPR"": 0.0, ""LCA"": 0.0}","{""POI"": 0.3667, ""NPO"": 0.7083, ""IMA"": 0.0, ""MSI"": 0.0, ""PSI"": 0.0, ""JER"": 0.0, ""BKA"": 0.0, ""DPR"": 0.0, ""LCA"": 0.0}","{""POI"": 0.0966, ""NPO"": 0.795, ""IMA"": 0.0, ""MSI"": 0.0, ""PSI"": 0.0, ""JER"": 0.0, ""BKA"": 0.0, ""DPR"": 0.0, ""LCA"": 0.0}"
NPO_BATCH1_invoice_51109381.pdf,invoice_51109381.pdf,EFDI Batch 1 Invoices (Full 100 Documents),NPO,FACT: Non-PO commercial vendor invoice without purchase order reference,1,837,NPO,0.68,True,9,invoice number pattern; phrase 'invoice no'; word 'invoice'; phrase 'bill to / client'; word 'vendor / seller'; term 'GSTIN'; term 'Tax Id'; phrase 'date of issue'; phrase 'amount due / total summary',NPO,0.7083,True,4,[LAYOUT] Invoice Number structured in header metadata band (p1: INVOICE_LABEL_VALUE_IN_HEADER); [LAYOUT] GSTIN / Tax ID tax registration in header band (p1: GSTIN_TAX_ID_IN_HEADER); [LAYOUT] GSTIN / Tax ID tax registration in header band (p1: GSTIN_TAX_ID_IN_HEADER); [LAYOUT] Vendor Invoice header without Purchase Order reference (p1: NPO_PURE_INVOICE_HEADER),NPO,0.795,True,13,[TEXT] invoice number pattern; [TEXT] phrase 'invoice no'; [TEXT] word 'invoice'; [TEXT] phrase 'bill to / client'; [TEXT] word 'vendor / seller'; [TEXT] term 'GSTIN'; [TEXT] term 'Tax Id'; [TEXT] phrase 'date of issue'; [TEXT] phrase 'amount due / total summary'; [LAYOUT] Invoice Number structured in header metadata band (p1: INVOICE_LABEL_VALUE_IN_HEADER); [LAYOUT] GSTIN / Tax ID tax registration in header band (p1: GSTIN_TAX_ID_IN_HEADER); [LAYOUT] GSTIN / Tax ID tax registration in header band (p1: GSTIN_TAX_ID_IN_HEADER); [LAYOUT] Vendor Invoice header without Purchase Order reference (p1: NPO_PURE_INVOICE_HEADER),9,4,[TEXT] invoice number pattern; [TEXT] phrase 'invoice no'; [TEXT] word 'invoice'; [TEXT] phrase 'bill to / client'; [TEXT] word 'vendor / seller'; [TEXT] term 'GSTIN'; [TEXT] term 'Tax Id'; [TEXT] phrase 'date of issue'; [TEXT] phrase 'amount due / total summary',[LAYOUT] Invoice Number structured in header metadata band (p1: INVOICE_LABEL_VALUE_IN_HEADER); [LAYOUT] GSTIN / Tax ID tax registration in header band (p1: GSTIN_TAX_ID_IN_HEADER); [LAYOUT] GSTIN / Tax ID tax registration in header band (p1: GSTIN_TAX_ID_IN_HEADER); [LAYOUT] Vendor Invoice header without Purchase Order reference (p1: NPO_PURE_INVOICE_HEADER),False,0.115,"{""POI"": 0.1579, ""NPO"": 0.68, ""IMA"": 0.0, ""MSI"": 0.0, ""PSI"": 0.0, ""JER"": 0.0, ""BKA"": 0.0, ""DPR"": 0.0, ""LCA"": 0.0}","{""POI"": 0.3667, ""NPO"": 0.7083, ""IMA"": 0.0, ""MSI"": 0.0, ""PSI"": 0.0, ""JER"": 0.0, ""BKA"": 0.0, ""DPR"": 0.0, ""LCA"": 0.0}","{""POI"": 0.0966, ""NPO"": 0.795, ""IMA"": 0.0, ""MSI"": 0.0, ""PSI"": 0.0, ""JER"": 0.0, ""BKA"": 0.0, ""DPR"": 0.0, ""LCA"": 0.0}"
NPO_BATCH1_invoice_51109382.pdf,invoice_51109382.pdf,EFDI Batch 1 Invoices (Full 100 Documents),NPO,FACT: Non-PO commercial vendor invoice without purchase order reference,1,674,NPO,0.68,True,9,invoice number pattern; phrase 'invoice no'; word 'invoice'; phrase 'bill to / client'; word 'vendor / seller'; term 'GSTIN'; term 'Tax Id'; phrase 'date of issue'; phrase 'amount due / total summary',NPO,0.7083,True,4,[LAYOUT] Invoice Number structured in header metadata band (p1: INVOICE_LABEL_VALUE_IN_HEADER); [LAYOUT] GSTIN / Tax ID tax registration in header band (p1: GSTIN_TAX_ID_IN_HEADER); [LAYOUT] GSTIN / Tax ID tax registration in header band (p1: GSTIN_TAX_ID_IN_HEADER); [LAYOUT] Vendor Invoice header without Purchase Order reference (p1: NPO_PURE_INVOICE_HEADER),NPO,0.795,True,13,[TEXT] invoice number pattern; [TEXT] phrase 'invoice no'; [TEXT] word 'invoice'; [TEXT] phrase 'bill to / client'; [TEXT] word 'vendor / seller'; [TEXT] term 'GSTIN'; [TEXT] term 'Tax Id'; [TEXT] phrase 'date of issue'; [TEXT] phrase 'amount due / total summary'; [LAYOUT] Invoice Number structured in header metadata band (p1: INVOICE_LABEL_VALUE_IN_HEADER); [LAYOUT] GSTIN / Tax ID tax registration in header band (p1: GSTIN_TAX_ID_IN_HEADER); [LAYOUT] GSTIN / Tax ID tax registration in header band (p1: GSTIN_TAX_ID_IN_HEADER); [LAYOUT] Vendor Invoice header without Purchase Order reference (p1: NPO_PURE_INVOICE_HEADER),9,4,[TEXT] invoice number pattern; [TEXT] phrase 'invoice no'; [TEXT] word 'invoice'; [TEXT] phrase 'bill to / client'; [TEXT] word 'vendor / seller'; [TEXT] term 'GSTIN'; [TEXT] term 'Tax Id'; [TEXT] phrase 'date of issue'; [TEXT] phrase 'amount due / total summary',[LAYOUT] Invoice Number structured in header metadata band (p1: INVOICE_LABEL_VALUE_IN_HEADER); [LAYOUT] GSTIN / Tax ID tax registration in header band (p1: GSTIN_TAX_ID_IN_HEADER); [LAYOUT] GSTIN / Tax ID tax registration in header band (p1: GSTIN_TAX_ID_IN_HEADER); [LAYOUT] Vendor Invoice header without Purchase Order reference (p1: NPO_PURE_INVOICE_HEADER),False,0.115,"{""POI"": 0.1579, ""NPO"": 0.68, ""IMA"": 0.0, ""MSI"": 0.0, ""PSI"": 0.0, ""JER"": 0.0, ""BKA"": 0.0, ""DPR"": 0.0, ""LCA"": 0.0}","{""POI"": 0.3667, ""NPO"": 0.7083, ""IMA"": 0.0, ""MSI"": 0.0, ""PSI"": 0.0, ""JER"": 0.0, ""BKA"": 0.0, ""DPR"": 0.0, ""LCA"": 0.0}","{""POI"": 0.0966, ""NPO"": 0.795, ""IMA"": 0.0, ""MSI"": 0.0, ""PSI"": 0.0, ""JER"": 0.0, ""BKA"": 0.0, ""DPR"": 0.0, ""LCA"": 0.0}"
NPO_BATCH1_invoice_51109383.pdf,invoice_51109383.pdf,EFDI Batch 1 Invoices (Full 100 Documents),NPO,FACT: Non-PO commercial vendor invoice without purchase order reference,1,1104,NPO,0.68,True,9,invoice number pattern; phrase 'invoice no'; word 'invoice'; phrase 'bill to / client'; word 'vendor / seller'; term 'GSTIN'; term 'Tax Id'; phrase 'date of issue'; phrase 'amount due / total summary',NPO,0.7083,True,4,[LAYOUT] Invoice Number structured in header metadata band (p1: INVOICE_LABEL_VALUE_IN_HEADER); [LAYOUT] GSTIN / Tax ID tax registration in header band (p1: GSTIN_TAX_ID_IN_HEADER); [LAYOUT] GSTIN / Tax ID tax registration in header band (p1: GSTIN_TAX_ID_IN_HEADER); [LAYOUT] Vendor Invoice header without Purchase Order reference (p1: NPO_PURE_INVOICE_HEADER),NPO,0.795,True,13,[TEXT] invoice number pattern; [TEXT] phrase 'invoice no'; [TEXT] word 'invoice'; [TEXT] phrase 'bill to / client'; [TEXT] word 'vendor / seller'; [TEXT] term 'GSTIN'; [TEXT] term 'Tax Id'; [TEXT] phrase 'date of issue'; [TEXT] phrase 'amount due / total summary'; [LAYOUT] Invoice Number structured in header metadata band (p1: INVOICE_LABEL_VALUE_IN_HEADER); [LAYOUT] GSTIN / Tax ID tax registration in header band (p1: GSTIN_TAX_ID_IN_HEADER); [LAYOUT] GSTIN / Tax ID tax registration in header band (p1: GSTIN_TAX_ID_IN_HEADER); [LAYOUT] Vendor Invoice header without Purchase Order reference (p1: NPO_PURE_INVOICE_HEADER),9,4,[TEXT] invoice number pattern; [TEXT] phrase 'invoice no'; [TEXT] word 'invoice'; [TEXT] phrase 'bill to / client'; [TEXT] word 'vendor / seller'; [TEXT] term 'GSTIN'; [TEXT] term 'Tax Id'; [TEXT] phrase 'date of issue'; [TEXT] phrase 'amount due / total summary',[LAYOUT] Invoice Number structured in header metadata band (p1: INVOICE_LABEL_VALUE_IN_HEADER); [LAYOUT] GSTIN / Tax ID tax registration in header band (p1: GSTIN_TAX_ID_IN_HEADER); [LAYOUT] GSTIN / Tax ID tax registration in header band (p1: GSTIN_TAX_ID_IN_HEADER); [LAYOUT] Vendor Invoice header without Purchase Order reference (p1: NPO_PURE_INVOICE_HEADER),False,0.115,"{""POI"": 0.1579, ""NPO"": 0.68, ""IMA"": 0.0, ""MSI"": 0.0, ""PSI"": 0.0, ""JER"": 0.0, ""BKA"": 0.0, ""DPR"": 0.0, ""LCA"": 0.0}","{""POI"": 0.3667, ""NPO"": 0.7083, ""IMA"": 0.0, ""MSI"": 0.0, ""PSI"": 0.0, ""JER"": 0.0, ""BKA"": 0.0, ""DPR"": 0.0, ""LCA"": 0.0}","{""POI"": 0.0966, ""NPO"": 0.795, ""IMA"": 0.0, ""MSI"": 0.0, ""PSI"": 0.0, ""JER"": 0.0, ""BKA"": 0.0, ""DPR"": 0.0, ""LCA"": 0.0}"
NPO_BATCH1_invoice_51109384.pdf,invoice_51109384.pdf,EFDI Batch 1 Invoices (Full 100 Documents),NPO,FACT: Non-PO commercial vendor invoice without purchase order reference,1,1077,NPO,0.68,True,9,invoice number pattern; phrase 'invoice no'; word 'invoice'; phrase 'bill to / client'; word 'vendor / seller'; term 'GSTIN'; term 'Tax Id'; phrase 'date of issue'; phrase 'amount due / total summary',NPO,0.7083,True,4,[LAYOUT] Invoice Number structured in header metadata band (p1: INVOICE_LABEL_VALUE_IN_HEADER); [LAYOUT] GSTIN / Tax ID tax registration in header band (p1: GSTIN_TAX_ID_IN_HEADER); [LAYOUT] GSTIN / Tax ID tax registration in header band (p1: GSTIN_TAX_ID_IN_HEADER); [LAYOUT] Vendor Invoice header without Purchase Order reference (p1: NPO_PURE_INVOICE_HEADER),NPO,0.795,True,13,[TEXT] invoice number pattern; [TEXT] phrase 'invoice no'; [TEXT] word 'invoice'; [TEXT] phrase 'bill to / client'; [TEXT] word 'vendor / seller'; [TEXT] term 'GSTIN'; [TEXT] term 'Tax Id'; [TEXT] phrase 'date of issue'; [TEXT] phrase 'amount due / total summary'; [LAYOUT] Invoice Number structured in header metadata band (p1: INVOICE_LABEL_VALUE_IN_HEADER); [LAYOUT] GSTIN / Tax ID tax registration in header band (p1: GSTIN_TAX_ID_IN_HEADER); [LAYOUT] GSTIN / Tax ID tax registration in header band (p1: GSTIN_TAX_ID_IN_HEADER); [LAYOUT] Vendor Invoice header without Purchase Order reference (p1: NPO_PURE_INVOICE_HEADER),9,4,[TEXT] invoice number pattern; [TEXT] phrase 'invoice no'; [TEXT] word 'invoice'; [TEXT] phrase 'bill to / client'; [TEXT] word 'vendor / seller'; [TEXT] term 'GSTIN'; [TEXT] term 'Tax Id'; [TEXT] phrase 'date of issue'; [TEXT] phrase 'amount due / total summary',[LAYOUT] Invoice Number structured in header metadata band (p1: INVOICE_LABEL_VALUE_IN_HEADER); [LAYOUT] GSTIN / Tax ID tax registration in header band (p1: GSTIN_TAX_ID_IN_HEADER); [LAYOUT] GSTIN / Tax ID tax registration in header band (p1: GSTIN_TAX_ID_IN_HEADER); [LAYOUT] Vendor Invoice header without Purchase Order reference (p1: NPO_PURE_INVOICE_HEADER),False,0.115,"{""POI"": 0.1579, ""NPO"": 0.68, ""IMA"": 0.0, ""MSI"": 0.0, ""PSI"": 0.0, ""JER"": 0.0, ""BKA"": 0.0, ""DPR"": 0.0, ""LCA"": 0.0}","{""POI"": 0.3667, ""NPO"": 0.7083, ""IMA"": 0.0, ""MSI"": 0.0, ""PSI"": 0.0, ""JER"": 0.0, ""BKA"": 0.0, ""DPR"": 0.0, ""LCA"": 0.0}","{""POI"": 0.0966, ""NPO"": 0.795, ""IMA"": 0.0, ""MSI"": 0.0, ""PSI"": 0.0, ""JER"": 0.0, ""BKA"": 0.0, ""DPR"": 0.0, ""LCA"": 0.0}"
NPO_BATCH1_invoice_51109385.pdf,invoice_51109385.pdf,EFDI Batch 1 Invoices (Full 100 Documents),NPO,FACT: Non-PO commercial vendor invoice without purchase order reference,1,836,NPO,0.68,True,9,invoice number pattern; phrase 'invoice no'; word 'invoice'; phrase 'bill to / client'; word 'vendor / seller'; term 'GSTIN'; term 'Tax Id'; phrase 'date of issue'; phrase 'amount due / total summary',NPO,0.7083,True,4,[LAYOUT] Invoice Number structured in header metadata band (p1: INVOICE_LABEL_VALUE_IN_HEADER); [LAYOUT] GSTIN / Tax ID tax registration in header band (p1: GSTIN_TAX_ID_IN_HEADER); [LAYOUT] GSTIN / Tax ID tax registration in header band (p1: GSTIN_TAX_ID_IN_HEADER); [LAYOUT] Vendor Invoice header without Purchase Order reference (p1: NPO_PURE_INVOICE_HEADER),NPO,0.795,True,13,[TEXT] invoice number pattern; [TEXT] phrase 'invoice no'; [TEXT] word 'invoice'; [TEXT] phrase 'bill to / client'; [TEXT] word 'vendor / seller'; [TEXT] term 'GSTIN'; [TEXT] term 'Tax Id'; [TEXT] phrase 'date of issue'; [TEXT] phrase 'amount due / total summary'; [LAYOUT] Invoice Number structured in header metadata band (p1: INVOICE_LABEL_VALUE_IN_HEADER); [LAYOUT] GSTIN / Tax ID tax registration in header band (p1: GSTIN_TAX_ID_IN_HEADER); [LAYOUT] GSTIN / Tax ID tax registration in header band (p1: GSTIN_TAX_ID_IN_HEADER); [LAYOUT] Vendor Invoice header without Purchase Order reference (p1: NPO_PURE_INVOICE_HEADER),9,4,[TEXT] invoice number pattern; [TEXT] phrase 'invoice no'; [TEXT] word 'invoice'; [TEXT] phrase 'bill to / client'; [TEXT] word 'vendor / seller'; [TEXT] term 'GSTIN'; [TEXT] term 'Tax Id'; [TEXT] phrase 'date of issue'; [TEXT] phrase 'amount due / total summary',[LAYOUT] Invoice Number structured in header metadata band (p1: INVOICE_LABEL_VALUE_IN_HEADER); [LAYOUT] GSTIN / Tax ID tax registration in header band (p1: GSTIN_TAX_ID_IN_HEADER); [LAYOUT] GSTIN / Tax ID tax registration in header band (p1: GSTIN_TAX_ID_IN_HEADER); [LAYOUT] Vendor Invoice header without Purchase Order reference (p1: NPO_PURE_INVOICE_HEADER),False,0.115,"{""POI"": 0.1579, ""NPO"": 0.68, ""IMA"": 0.0, ""MSI"": 0.0, ""PSI"": 0.0, ""JER"": 0.0, ""BKA"": 0.0, ""DPR"": 0.0, ""LCA"": 0.0}","{""POI"": 0.3667, ""NPO"": 0.7083, ""IMA"": 0.0, ""MSI"": 0.0, ""PSI"": 0.0, ""JER"": 0.0, ""BKA"": 0.0, ""DPR"": 0.0, ""LCA"": 0.0}","{""POI"": 0.0966, ""NPO"": 0.795, ""IMA"": 0.0, ""MSI"": 0.0, ""PSI"": 0.0, ""JER"": 0.0, ""BKA"": 0.0, ""DPR"": 0.0, ""LCA"": 0.0}"
NPO_BATCH1_invoice_51109386.pdf,invoice_51109386.pdf,EFDI Batch 1 Invoices (Full 100 Documents),NPO,FACT: Non-PO commercial vendor invoice without purchase order reference,1,830,NPO,0.68,True,9,invoice number pattern; phrase 'invoice no'; word 'invoice'; phrase 'bill to / client'; word 'vendor / seller'; term 'GSTIN'; term 'Tax Id'; phrase 'date of issue'; phrase 'amount due / total summary',NPO,0.7083,True,4,[LAYOUT] Invoice Number structured in header metadata band (p1: INVOICE_LABEL_VALUE_IN_HEADER); [LAYOUT] GSTIN / Tax ID tax registration in header band (p1: GSTIN_TAX_ID_IN_HEADER); [LAYOUT] GSTIN / Tax ID tax registration in header band (p1: GSTIN_TAX_ID_IN_HEADER); [LAYOUT] Vendor Invoice header without Purchase Order reference (p1: NPO_PURE_INVOICE_HEADER),NPO,0.795,True,13,[TEXT] invoice number pattern; [TEXT] phrase 'invoice no'; [TEXT] word 'invoice'; [TEXT] phrase 'bill to / client'; [TEXT] word 'vendor / seller'; [TEXT] term 'GSTIN'; [TEXT] term 'Tax Id'; [TEXT] phrase 'date of issue'; [TEXT] phrase 'amount due / total summary'; [LAYOUT] Invoice Number structured in header metadata band (p1: INVOICE_LABEL_VALUE_IN_HEADER); [LAYOUT] GSTIN / Tax ID tax registration in header band (p1: GSTIN_TAX_ID_IN_HEADER); [LAYOUT] GSTIN / Tax ID tax registration in header band (p1: GSTIN_TAX_ID_IN_HEADER); [LAYOUT] Vendor Invoice header without Purchase Order reference (p1: NPO_PURE_INVOICE_HEADER),9,4,[TEXT] invoice number pattern; [TEXT] phrase 'invoice no'; [TEXT] word 'invoice'; [TEXT] phrase 'bill to / client'; [TEXT] word 'vendor / seller'; [TEXT] term 'GSTIN'; [TEXT] term 'Tax Id'; [TEXT] phrase 'date of issue'; [TEXT] phrase 'amount due / total summary',[LAYOUT] Invoice Number structured in header metadata band (p1: INVOICE_LABEL_VALUE_IN_HEADER); [LAYOUT] GSTIN / Tax ID tax registration in header band (p1: GSTIN_TAX_ID_IN_HEADER); [LAYOUT] GSTIN / Tax ID tax registration in header band (p1: GSTIN_TAX_ID_IN_HEADER); [LAYOUT] Vendor Invoice header without Purchase Order reference (p1: NPO_PURE_INVOICE_HEADER),False,0.115,"{""POI"": 0.1579, ""NPO"": 0.68, ""IMA"": 0.0, ""MSI"": 0.0, ""PSI"": 0.0, ""JER"": 0.0, ""BKA"": 0.0, ""DPR"": 0.0, ""LCA"": 0.0}","{""POI"": 0.3667, ""NPO"": 0.7083, ""IMA"": 0.0, ""MSI"": 0.0, ""PSI"": 0.0, ""JER"": 0.0, ""BKA"": 0.0, ""DPR"": 0.0, ""LCA"": 0.0}","{""POI"": 0.0966, ""NPO"": 0.795, ""IMA"": 0.0, ""MSI"": 0.0, ""PSI"": 0.0, ""JER"": 0.0, ""BKA"": 0.0, ""DPR"": 0.0, ""LCA"": 0.0}"
NPO_BATCH1_invoice_51109387.pdf,invoice_51109387.pdf,EFDI Batch 1 Invoices (Full 100 Documents),NPO,FACT: Non-PO commercial vendor invoice without purchase order reference,1,911,NPO,0.68,True,9,invoice number pattern; phrase 'invoice no'; word 'invoice'; phrase 'bill to / client'; word 'vendor / seller'; term 'GSTIN'; term 'Tax Id'; phrase 'date of issue'; phrase 'amount due / total summary',NPO,0.7083,True,4,[LAYOUT] Invoice Number structured in header metadata band (p1: INVOICE_LABEL_VALUE_IN_HEADER); [LAYOUT] GSTIN / Tax ID tax registration in header band (p1: GSTIN_TAX_ID_IN_HEADER); [LAYOUT] GSTIN / Tax ID tax registration in header band (p1: GSTIN_TAX_ID_IN_HEADER); [LAYOUT] Vendor Invoice header without Purchase Order reference (p1: NPO_PURE_INVOICE_HEADER),NPO,0.795,True,13,[TEXT] invoice number pattern; [TEXT] phrase 'invoice no'; [TEXT] word 'invoice'; [TEXT] phrase 'bill to / client'; [TEXT] word 'vendor / seller'; [TEXT] term 'GSTIN'; [TEXT] term 'Tax Id'; [TEXT] phrase 'date of issue'; [TEXT] phrase 'amount due / total summary'; [LAYOUT] Invoice Number structured in header metadata band (p1: INVOICE_LABEL_VALUE_IN_HEADER); [LAYOUT] GSTIN / Tax ID tax registration in header band (p1: GSTIN_TAX_ID_IN_HEADER); [LAYOUT] GSTIN / Tax ID tax registration in header band (p1: GSTIN_TAX_ID_IN_HEADER); [LAYOUT] Vendor Invoice header without Purchase Order reference (p1: NPO_PURE_INVOICE_HEADER),9,4,[TEXT] invoice number pattern; [TEXT] phrase 'invoice no'; [TEXT] word 'invoice'; [TEXT] phrase 'bill to / client'; [TEXT] word 'vendor / seller'; [TEXT] term 'GSTIN'; [TEXT] term 'Tax Id'; [TEXT] phrase 'date of issue'; [TEXT] phrase 'amount due / total summary',[LAYOUT] Invoice Number structured in header metadata band (p1: INVOICE_LABEL_VALUE_IN_HEADER); [LAYOUT] GSTIN / Tax ID tax registration in header band (p1: GSTIN_TAX_ID_IN_HEADER); [LAYOUT] GSTIN / Tax ID tax registration in header band (p1: GSTIN_TAX_ID_IN_HEADER); [LAYOUT] Vendor Invoice header without Purchase Order reference (p1: NPO_PURE_INVOICE_HEADER),False,0.115,"{""POI"": 0.1579, ""NPO"": 0.68, ""IMA"": 0.0, ""MSI"": 0.0, ""PSI"": 0.0, ""JER"": 0.0, ""BKA"": 0.0, ""DPR"": 0.0, ""LCA"": 0.0}","{""POI"": 0.3667, ""NPO"": 0.7083, ""IMA"": 0.0, ""MSI"": 0.0, ""PSI"": 0.0, ""JER"": 0.0, ""BKA"": 0.0, ""DPR"": 0.0, ""LCA"": 0.0}","{""POI"": 0.0966, ""NPO"": 0.795, ""IMA"": 0.0, ""MSI"": 0.0, ""PSI"": 0.0, ""JER"": 0.0, ""BKA"": 0.0, ""DPR"": 0.0, ""LCA"": 0.0}"
NPO_BATCH1_invoice_51109388.pdf,invoice_51109388.pdf,EFDI Batch 1 Invoices (Full 100 Documents),NPO,FACT: Non-PO commercial vendor invoice without purchase order reference,1,1008,NPO,0.68,True,9,invoice number pattern; phrase 'invoice no'; word 'invoice'; phrase 'bill to / client'; word 'vendor / seller'; term 'GSTIN'; term 'Tax Id'; phrase 'date of issue'; phrase 'amount due / total summary',NPO,0.7083,True,4,[LAYOUT] Invoice Number structured in header metadata band (p1: INVOICE_LABEL_VALUE_IN_HEADER); [LAYOUT] GSTIN / Tax ID tax registration in header band (p1: GSTIN_TAX_ID_IN_HEADER); [LAYOUT] GSTIN / Tax ID tax registration in header band (p1: GSTIN_TAX_ID_IN_HEADER); [LAYOUT] Vendor Invoice header without Purchase Order reference (p1: NPO_PURE_INVOICE_HEADER),NPO,0.795,True,13,[TEXT] invoice number pattern; [TEXT] phrase 'invoice no'; [TEXT] word 'invoice'; [TEXT] phrase 'bill to / client'; [TEXT] word 'vendor / seller'; [TEXT] term 'GSTIN'; [TEXT] term 'Tax Id'; [TEXT] phrase 'date of issue'; [TEXT] phrase 'amount due / total summary'; [LAYOUT] Invoice Number structured in header metadata band (p1: INVOICE_LABEL_VALUE_IN_HEADER); [LAYOUT] GSTIN / Tax ID tax registration in header band (p1: GSTIN_TAX_ID_IN_HEADER); [LAYOUT] GSTIN / Tax ID tax registration in header band (p1: GSTIN_TAX_ID_IN_HEADER); [LAYOUT] Vendor Invoice header without Purchase Order reference (p1: NPO_PURE_INVOICE_HEADER),9,4,[TEXT] invoice number pattern; [TEXT] phrase 'invoice no'; [TEXT] word 'invoice'; [TEXT] phrase 'bill to / client'; [TEXT] word 'vendor / seller'; [TEXT] term 'GSTIN'; [TEXT] term 'Tax Id'; [TEXT] phrase 'date of issue'; [TEXT] phrase 'amount due / total summary',[LAYOUT] Invoice Number structured in header metadata band (p1: INVOICE_LABEL_VALUE_IN_HEADER); [LAYOUT] GSTIN / Tax ID tax registration in header band (p1: GSTIN_TAX_ID_IN_HEADER); [LAYOUT] GSTIN / Tax ID tax registration in header band (p1: GSTIN_TAX_ID_IN_HEADER); [LAYOUT] Vendor Invoice header without Purchase Order reference (p1: NPO_PURE_INVOICE_HEADER),False,0.115,"{""POI"": 0.1579, ""NPO"": 0.68, ""IMA"": 0.0, ""MSI"": 0.0, ""PSI"": 0.0, ""JER"": 0.0, ""BKA"": 0.0, ""DPR"": 0.0, ""LCA"": 0.0}","{""POI"": 0.3667, ""NPO"": 0.7083, ""IMA"": 0.0, ""MSI"": 0.0, ""PSI"": 0.0, ""JER"": 0.0, ""BKA"": 0.0, ""DPR"": 0.0, ""LCA"": 0.0}","{""POI"": 0.0966, ""NPO"": 0.795, ""IMA"": 0.0, ""MSI"": 0.0, ""PSI"": 0.0, ""JER"": 0.0, ""BKA"": 0.0, ""DPR"": 0.0, ""LCA"": 0.0}"
NPO_BATCH1_invoice_51109389.pdf,invoice_51109389.pdf,EFDI Batch 1 Invoices (Full 100 Documents),NPO,FACT: Non-PO commercial vendor invoice without purchase order reference,1,1157,NPO,0.68,True,9,invoice number pattern; phrase 'invoice no'; word 'invoice'; phrase 'bill to / client'; word 'vendor / seller'; term 'GSTIN'; term 'Tax Id'; phrase 'date of issue'; phrase 'amount due / total summary',NPO,0.7083,True,4,[LAYOUT] Invoice Number structured in header metadata band (p1: INVOICE_LABEL_VALUE_IN_HEADER); [LAYOUT] GSTIN / Tax ID tax registration in header band (p1: GSTIN_TAX_ID_IN_HEADER); [LAYOUT] GSTIN / Tax ID tax registration in header band (p1: GSTIN_TAX_ID_IN_HEADER); [LAYOUT] Vendor Invoice header without Purchase Order reference (p1: NPO_PURE_INVOICE_HEADER),NPO,0.795,True,13,[TEXT] invoice number pattern; [TEXT] phrase 'invoice no'; [TEXT] word 'invoice'; [TEXT] phrase 'bill to / client'; [TEXT] word 'vendor / seller'; [TEXT] term 'GSTIN'; [TEXT] term 'Tax Id'; [TEXT] phrase 'date of issue'; [TEXT] phrase 'amount due / total summary'; [LAYOUT] Invoice Number structured in header metadata band (p1: INVOICE_LABEL_VALUE_IN_HEADER); [LAYOUT] GSTIN / Tax ID tax registration in header band (p1: GSTIN_TAX_ID_IN_HEADER); [LAYOUT] GSTIN / Tax ID tax registration in header band (p1: GSTIN_TAX_ID_IN_HEADER); [LAYOUT] Vendor Invoice header without Purchase Order reference (p1: NPO_PURE_INVOICE_HEADER),9,4,[TEXT] invoice number pattern; [TEXT] phrase 'invoice no'; [TEXT] word 'invoice'; [TEXT] phrase 'bill to / client'; [TEXT] word 'vendor / seller'; [TEXT] term 'GSTIN'; [TEXT] term 'Tax Id'; [TEXT] phrase 'date of issue'; [TEXT] phrase 'amount due / total summary',[LAYOUT] Invoice Number structured in header metadata band (p1: INVOICE_LABEL_VALUE_IN_HEADER); [LAYOUT] GSTIN / Tax ID tax registration in header band (p1: GSTIN_TAX_ID_IN_HEADER); [LAYOUT] GSTIN / Tax ID tax registration in header band (p1: GSTIN_TAX_ID_IN_HEADER); [LAYOUT] Vendor Invoice header without Purchase Order reference (p1: NPO_PURE_INVOICE_HEADER),False,0.115,"{""POI"": 0.1579, ""NPO"": 0.68, ""IMA"": 0.0, ""MSI"": 0.0, ""PSI"": 0.0, ""JER"": 0.0, ""BKA"": 0.0, ""DPR"": 0.0, ""LCA"": 0.0}","{""POI"": 0.3667, ""NPO"": 0.7083, ""IMA"": 0.0, ""MSI"": 0.0, ""PSI"": 0.0, ""JER"": 0.0, ""BKA"": 0.0, ""DPR"": 0.0, ""LCA"": 0.0}","{""POI"": 0.0966, ""NPO"": 0.795, ""IMA"": 0.0, ""MSI"": 0.0, ""PSI"": 0.0, ""JER"": 0.0, ""BKA"": 0.0, ""DPR"": 0.0, ""LCA"": 0.0}"
NPO_BATCH1_invoice_51109390.pdf,invoice_51109390.pdf,EFDI Batch 1 Invoices (Full 100 Documents),NPO,FACT: Non-PO commercial vendor invoice without purchase order reference,1,843,NPO,0.68,True,9,invoice number pattern; phrase 'invoice no'; word 'invoice'; phrase 'bill to / client'; word 'vendor / seller'; term 'GSTIN'; term 'Tax Id'; phrase 'date of issue'; phrase 'amount due / total summary',NPO,0.7083,True,4,[LAYOUT] Invoice Number structured in header metadata band (p1: INVOICE_LABEL_VALUE_IN_HEADER); [LAYOUT] GSTIN / Tax ID tax registration in header band (p1: GSTIN_TAX_ID_IN_HEADER); [LAYOUT] GSTIN / Tax ID tax registration in header band (p1: GSTIN_TAX_ID_IN_HEADER); [LAYOUT] Vendor Invoice header without Purchase Order reference (p1: NPO_PURE_INVOICE_HEADER),NPO,0.795,True,13,[TEXT] invoice number pattern; [TEXT] phrase 'invoice no'; [TEXT] word 'invoice'; [TEXT] phrase 'bill to / client'; [TEXT] word 'vendor / seller'; [TEXT] term 'GSTIN'; [TEXT] term 'Tax Id'; [TEXT] phrase 'date of issue'; [TEXT] phrase 'amount due / total summary'; [LAYOUT] Invoice Number structured in header metadata band (p1: INVOICE_LABEL_VALUE_IN_HEADER); [LAYOUT] GSTIN / Tax ID tax registration in header band (p1: GSTIN_TAX_ID_IN_HEADER); [LAYOUT] GSTIN / Tax ID tax registration in header band (p1: GSTIN_TAX_ID_IN_HEADER); [LAYOUT] Vendor Invoice header without Purchase Order reference (p1: NPO_PURE_INVOICE_HEADER),9,4,[TEXT] invoice number pattern; [TEXT] phrase 'invoice no'; [TEXT] word 'invoice'; [TEXT] phrase 'bill to / client'; [TEXT] word 'vendor / seller'; [TEXT] term 'GSTIN'; [TEXT] term 'Tax Id'; [TEXT] phrase 'date of issue'; [TEXT] phrase 'amount due / total summary',[LAYOUT] Invoice Number structured in header metadata band (p1: INVOICE_LABEL_VALUE_IN_HEADER); [LAYOUT] GSTIN / Tax ID tax registration in header band (p1: GSTIN_TAX_ID_IN_HEADER); [LAYOUT] GSTIN / Tax ID tax registration in header band (p1: GSTIN_TAX_ID_IN_HEADER); [LAYOUT] Vendor Invoice header without Purchase Order reference (p1: NPO_PURE_INVOICE_HEADER),False,0.115,"{""POI"": 0.1579, ""NPO"": 0.68, ""IMA"": 0.0, ""MSI"": 0.0, ""PSI"": 0.0, ""JER"": 0.0, ""BKA"": 0.0, ""DPR"": 0.0, ""LCA"": 0.0}","{""POI"": 0.3667, ""NPO"": 0.7083, ""IMA"": 0.0, ""MSI"": 0.0, ""PSI"": 0.0, ""JER"": 0.0, ""BKA"": 0.0, ""DPR"": 0.0, ""LCA"": 0.0}","{""POI"": 0.0966, ""NPO"": 0.795, ""IMA"": 0.0, ""MSI"": 0.0, ""PSI"": 0.0, ""JER"": 0.0, ""BKA"": 0.0, ""DPR"": 0.0, ""LCA"": 0.0}"
NPO_BATCH1_invoice_51109391.pdf,invoice_51109391.pdf,EFDI Batch 1 Invoices (Full 100 Documents),NPO,FACT: Non-PO commercial vendor invoice without purchase order reference,1,672,NPO,0.68,True,9,invoice number pattern; phrase 'invoice no'; word 'invoice'; phrase 'bill to / client'; word 'vendor / seller'; term 'GSTIN'; term 'Tax Id'; phrase 'date of issue'; phrase 'amount due / total summary',NPO,0.7083,True,4,[LAYOUT] Invoice Number structured in header metadata band (p1: INVOICE_LABEL_VALUE_IN_HEADER); [LAYOUT] GSTIN / Tax ID tax registration in header band (p1: GSTIN_TAX_ID_IN_HEADER); [LAYOUT] GSTIN / Tax ID tax registration in header band (p1: GSTIN_TAX_ID_IN_HEADER); [LAYOUT] Vendor Invoice header without Purchase Order reference (p1: NPO_PURE_INVOICE_HEADER),NPO,0.795,True,13,[TEXT] invoice number pattern; [TEXT] phrase 'invoice no'; [TEXT] word 'invoice'; [TEXT] phrase 'bill to / client'; [TEXT] word 'vendor / seller'; [TEXT] term 'GSTIN'; [TEXT] term 'Tax Id'; [TEXT] phrase 'date of issue'; [TEXT] phrase 'amount due / total summary'; [LAYOUT] Invoice Number structured in header metadata band (p1: INVOICE_LABEL_VALUE_IN_HEADER); [LAYOUT] GSTIN / Tax ID tax registration in header band (p1: GSTIN_TAX_ID_IN_HEADER); [LAYOUT] GSTIN / Tax ID tax registration in header band (p1: GSTIN_TAX_ID_IN_HEADER); [LAYOUT] Vendor Invoice header without Purchase Order reference (p1: NPO_PURE_INVOICE_HEADER),9,4,[TEXT] invoice number pattern; [TEXT] phrase 'invoice no'; [TEXT] word 'invoice'; [TEXT] phrase 'bill to / client'; [TEXT] word 'vendor / seller'; [TEXT] term 'GSTIN'; [TEXT] term 'Tax Id'; [TEXT] phrase 'date of issue'; [TEXT] phrase 'amount due / total summary',[LAYOUT] Invoice Number structured in header metadata band (p1: INVOICE_LABEL_VALUE_IN_HEADER); [LAYOUT] GSTIN / Tax ID tax registration in header band (p1: GSTIN_TAX_ID_IN_HEADER); [LAYOUT] GSTIN / Tax ID tax registration in header band (p1: GSTIN_TAX_ID_IN_HEADER); [LAYOUT] Vendor Invoice header without Purchase Order reference (p1: NPO_PURE_INVOICE_HEADER),False,0.115,"{""POI"": 0.1579, ""NPO"": 0.68, ""IMA"": 0.0, ""MSI"": 0.0, ""PSI"": 0.0, ""JER"": 0.0, ""BKA"": 0.0, ""DPR"": 0.0, ""LCA"": 0.0}","{""POI"": 0.3667, ""NPO"": 0.7083, ""IMA"": 0.0, ""MSI"": 0.0, ""PSI"": 0.0, ""JER"": 0.0, ""BKA"": 0.0, ""DPR"": 0.0, ""LCA"": 0.0}","{""POI"": 0.0966, ""NPO"": 0.795, ""IMA"": 0.0, ""MSI"": 0.0, ""PSI"": 0.0, ""JER"": 0.0, ""BKA"": 0.0, ""DPR"": 0.0, ""LCA"": 0.0}"
NPO_BATCH1_invoice_51109392.pdf,invoice_51109392.pdf,EFDI Batch 1 Invoices (Full 100 Documents),NPO,FACT: Non-PO commercial vendor invoice without purchase order reference,1,830,NPO,0.68,True,9,invoice number pattern; phrase 'invoice no'; word 'invoice'; phrase 'bill to / client'; word 'vendor / seller'; term 'GSTIN'; term 'Tax Id'; phrase 'date of issue'; phrase 'amount due / total summary',NPO,0.7083,True,4,[LAYOUT] Invoice Number structured in header metadata band (p1: INVOICE_LABEL_VALUE_IN_HEADER); [LAYOUT] GSTIN / Tax ID tax registration in header band (p1: GSTIN_TAX_ID_IN_HEADER); [LAYOUT] GSTIN / Tax ID tax registration in header band (p1: GSTIN_TAX_ID_IN_HEADER); [LAYOUT] Vendor Invoice header without Purchase Order reference (p1: NPO_PURE_INVOICE_HEADER),NPO,0.795,True,13,[TEXT] invoice number pattern; [TEXT] phrase 'invoice no'; [TEXT] word 'invoice'; [TEXT] phrase 'bill to / client'; [TEXT] word 'vendor / seller'; [TEXT] term 'GSTIN'; [TEXT] term 'Tax Id'; [TEXT] phrase 'date of issue'; [TEXT] phrase 'amount due / total summary'; [LAYOUT] Invoice Number structured in header metadata band (p1: INVOICE_LABEL_VALUE_IN_HEADER); [LAYOUT] GSTIN / Tax ID tax registration in header band (p1: GSTIN_TAX_ID_IN_HEADER); [LAYOUT] GSTIN / Tax ID tax registration in header band (p1: GSTIN_TAX_ID_IN_HEADER); [LAYOUT] Vendor Invoice header without Purchase Order reference (p1: NPO_PURE_INVOICE_HEADER),9,4,[TEXT] invoice number pattern; [TEXT] phrase 'invoice no'; [TEXT] word 'invoice'; [TEXT] phrase 'bill to / client'; [TEXT] word 'vendor / seller'; [TEXT] term 'GSTIN'; [TEXT] term 'Tax Id'; [TEXT] phrase 'date of issue'; [TEXT] phrase 'amount due / total summary',[LAYOUT] Invoice Number structured in header metadata band (p1: INVOICE_LABEL_VALUE_IN_HEADER); [LAYOUT] GSTIN / Tax ID tax registration in header band (p1: GSTIN_TAX_ID_IN_HEADER); [LAYOUT] GSTIN / Tax ID tax registration in header band (p1: GSTIN_TAX_ID_IN_HEADER); [LAYOUT] Vendor Invoice header without Purchase Order reference (p1: NPO_PURE_INVOICE_HEADER),False,0.115,"{""POI"": 0.1579, ""NPO"": 0.68, ""IMA"": 0.0, ""MSI"": 0.0, ""PSI"": 0.0, ""JER"": 0.0, ""BKA"": 0.0, ""DPR"": 0.0, ""LCA"": 0.0}","{""POI"": 0.3667, ""NPO"": 0.7083, ""IMA"": 0.0, ""MSI"": 0.0, ""PSI"": 0.0, ""JER"": 0.0, ""BKA"": 0.0, ""DPR"": 0.0, ""LCA"": 0.0}","{""POI"": 0.0966, ""NPO"": 0.795, ""IMA"": 0.0, ""MSI"": 0.0, ""PSI"": 0.0, ""JER"": 0.0, ""BKA"": 0.0, ""DPR"": 0.0, ""LCA"": 0.0}"
NPO_BATCH1_invoice_51109393.pdf,invoice_51109393.pdf,EFDI Batch 1 Invoices (Full 100 Documents),NPO,FACT: Non-PO commercial vendor invoice without purchase order reference,1,590,NPO,0.68,True,9,invoice number pattern; phrase 'invoice no'; word 'invoice'; phrase 'bill to / client'; word 'vendor / seller'; term 'GSTIN'; term 'Tax Id'; phrase 'date of issue'; phrase 'amount due / total summary',NPO,0.7083,True,4,[LAYOUT] Invoice Number structured in header metadata band (p1: INVOICE_LABEL_VALUE_IN_HEADER); [LAYOUT] GSTIN / Tax ID tax registration in header band (p1: GSTIN_TAX_ID_IN_HEADER); [LAYOUT] GSTIN / Tax ID tax registration in header band (p1: GSTIN_TAX_ID_IN_HEADER); [LAYOUT] Vendor Invoice header without Purchase Order reference (p1: NPO_PURE_INVOICE_HEADER),NPO,0.795,True,13,[TEXT] invoice number pattern; [TEXT] phrase 'invoice no'; [TEXT] word 'invoice'; [TEXT] phrase 'bill to / client'; [TEXT] word 'vendor / seller'; [TEXT] term 'GSTIN'; [TEXT] term 'Tax Id'; [TEXT] phrase 'date of issue'; [TEXT] phrase 'amount due / total summary'; [LAYOUT] Invoice Number structured in header metadata band (p1: INVOICE_LABEL_VALUE_IN_HEADER); [LAYOUT] GSTIN / Tax ID tax registration in header band (p1: GSTIN_TAX_ID_IN_HEADER); [LAYOUT] GSTIN / Tax ID tax registration in header band (p1: GSTIN_TAX_ID_IN_HEADER); [LAYOUT] Vendor Invoice header without Purchase Order reference (p1: NPO_PURE_INVOICE_HEADER),9,4,[TEXT] invoice number pattern; [TEXT] phrase 'invoice no'; [TEXT] word 'invoice'; [TEXT] phrase 'bill to / client'; [TEXT] word 'vendor / seller'; [TEXT] term 'GSTIN'; [TEXT] term 'Tax Id'; [TEXT] phrase 'date of issue'; [TEXT] phrase 'amount due / total summary',[LAYOUT] Invoice Number structured in header metadata band (p1: INVOICE_LABEL_VALUE_IN_HEADER); [LAYOUT] GSTIN / Tax ID tax registration in header band (p1: GSTIN_TAX_ID_IN_HEADER); [LAYOUT] GSTIN / Tax ID tax registration in header band (p1: GSTIN_TAX_ID_IN_HEADER); [LAYOUT] Vendor Invoice header without Purchase Order reference (p1: NPO_PURE_INVOICE_HEADER),False,0.115,"{""POI"": 0.1579, ""NPO"": 0.68, ""IMA"": 0.0, ""MSI"": 0.0, ""PSI"": 0.0, ""JER"": 0.0, ""BKA"": 0.0, ""DPR"": 0.0, ""LCA"": 0.0}","{""POI"": 0.3667, ""NPO"": 0.7083, ""IMA"": 0.0, ""MSI"": 0.0, ""PSI"": 0.0, ""JER"": 0.0, ""BKA"": 0.0, ""DPR"": 0.0, ""LCA"": 0.0}","{""POI"": 0.0966, ""NPO"": 0.795, ""IMA"": 0.0, ""MSI"": 0.0, ""PSI"": 0.0, ""JER"": 0.0, ""BKA"": 0.0, ""DPR"": 0.0, ""LCA"": 0.0}"
NPO_BATCH1_invoice_51109394.pdf,invoice_51109394.pdf,EFDI Batch 1 Invoices (Full 100 Documents),NPO,FACT: Non-PO commercial vendor invoice without purchase order reference,1,1173,NPO,0.68,True,9,invoice number pattern; phrase 'invoice no'; word 'invoice'; phrase 'bill to / client'; word 'vendor / seller'; term 'GSTIN'; term 'Tax Id'; phrase 'date of issue'; phrase 'amount due / total summary',NPO,0.7083,True,4,[LAYOUT] Invoice Number structured in header metadata band (p1: INVOICE_LABEL_VALUE_IN_HEADER); [LAYOUT] GSTIN / Tax ID tax registration in header band (p1: GSTIN_TAX_ID_IN_HEADER); [LAYOUT] GSTIN / Tax ID tax registration in header band (p1: GSTIN_TAX_ID_IN_HEADER); [LAYOUT] Vendor Invoice header without Purchase Order reference (p1: NPO_PURE_INVOICE_HEADER),NPO,0.795,True,13,[TEXT] invoice number pattern; [TEXT] phrase 'invoice no'; [TEXT] word 'invoice'; [TEXT] phrase 'bill to / client'; [TEXT] word 'vendor / seller'; [TEXT] term 'GSTIN'; [TEXT] term 'Tax Id'; [TEXT] phrase 'date of issue'; [TEXT] phrase 'amount due / total summary'; [LAYOUT] Invoice Number structured in header metadata band (p1: INVOICE_LABEL_VALUE_IN_HEADER); [LAYOUT] GSTIN / Tax ID tax registration in header band (p1: GSTIN_TAX_ID_IN_HEADER); [LAYOUT] GSTIN / Tax ID tax registration in header band (p1: GSTIN_TAX_ID_IN_HEADER); [LAYOUT] Vendor Invoice header without Purchase Order reference (p1: NPO_PURE_INVOICE_HEADER),9,4,[TEXT] invoice number pattern; [TEXT] phrase 'invoice no'; [TEXT] word 'invoice'; [TEXT] phrase 'bill to / client'; [TEXT] word 'vendor / seller'; [TEXT] term 'GSTIN'; [TEXT] term 'Tax Id'; [TEXT] phrase 'date of issue'; [TEXT] phrase 'amount due / total summary',[LAYOUT] Invoice Number structured in header metadata band (p1: INVOICE_LABEL_VALUE_IN_HEADER); [LAYOUT] GSTIN / Tax ID tax registration in header band (p1: GSTIN_TAX_ID_IN_HEADER); [LAYOUT] GSTIN / Tax ID tax registration in header band (p1: GSTIN_TAX_ID_IN_HEADER); [LAYOUT] Vendor Invoice header without Purchase Order reference (p1: NPO_PURE_INVOICE_HEADER),False,0.115,"{""POI"": 0.1579, ""NPO"": 0.68, ""IMA"": 0.0, ""MSI"": 0.0, ""PSI"": 0.0, ""JER"": 0.0, ""BKA"": 0.0, ""DPR"": 0.0, ""LCA"": 0.0}","{""POI"": 0.3667, ""NPO"": 0.7083, ""IMA"": 0.0, ""MSI"": 0.0, ""PSI"": 0.0, ""JER"": 0.0, ""BKA"": 0.0, ""DPR"": 0.0, ""LCA"": 0.0}","{""POI"": 0.0966, ""NPO"": 0.795, ""IMA"": 0.0, ""MSI"": 0.0, ""PSI"": 0.0, ""JER"": 0.0, ""BKA"": 0.0, ""DPR"": 0.0, ""LCA"": 0.0}"
NPO_BATCH1_invoice_51109395.pdf,invoice_51109395.pdf,EFDI Batch 1 Invoices (Full 100 Documents),NPO,FACT: Non-PO commercial vendor invoice without purchase order reference,1,1011,NPO,0.68,True,9,invoice number pattern; phrase 'invoice no'; word 'invoice'; phrase 'bill to / client'; word 'vendor / seller'; term 'GSTIN'; term 'Tax Id'; phrase 'date of issue'; phrase 'amount due / total summary',NPO,0.7083,True,4,[LAYOUT] Invoice Number structured in header metadata band (p1: INVOICE_LABEL_VALUE_IN_HEADER); [LAYOUT] GSTIN / Tax ID tax registration in header band (p1: GSTIN_TAX_ID_IN_HEADER); [LAYOUT] GSTIN / Tax ID tax registration in header band (p1: GSTIN_TAX_ID_IN_HEADER); [LAYOUT] Vendor Invoice header without Purchase Order reference (p1: NPO_PURE_INVOICE_HEADER),NPO,0.795,True,13,[TEXT] invoice number pattern; [TEXT] phrase 'invoice no'; [TEXT] word 'invoice'; [TEXT] phrase 'bill to / client'; [TEXT] word 'vendor / seller'; [TEXT] term 'GSTIN'; [TEXT] term 'Tax Id'; [TEXT] phrase 'date of issue'; [TEXT] phrase 'amount due / total summary'; [LAYOUT] Invoice Number structured in header metadata band (p1: INVOICE_LABEL_VALUE_IN_HEADER); [LAYOUT] GSTIN / Tax ID tax registration in header band (p1: GSTIN_TAX_ID_IN_HEADER); [LAYOUT] GSTIN / Tax ID tax registration in header band (p1: GSTIN_TAX_ID_IN_HEADER); [LAYOUT] Vendor Invoice header without Purchase Order reference (p1: NPO_PURE_INVOICE_HEADER),9,4,[TEXT] invoice number pattern; [TEXT] phrase 'invoice no'; [TEXT] word 'invoice'; [TEXT] phrase 'bill to / client'; [TEXT] word 'vendor / seller'; [TEXT] term 'GSTIN'; [TEXT] term 'Tax Id'; [TEXT] phrase 'date of issue'; [TEXT] phrase 'amount due / total summary',[LAYOUT] Invoice Number structured in header metadata band (p1: INVOICE_LABEL_VALUE_IN_HEADER); [LAYOUT] GSTIN / Tax ID tax registration in header band (p1: GSTIN_TAX_ID_IN_HEADER); [LAYOUT] GSTIN / Tax ID tax registration in header band (p1: GSTIN_TAX_ID_IN_HEADER); [LAYOUT] Vendor Invoice header without Purchase Order reference (p1: NPO_PURE_INVOICE_HEADER),False,0.115,"{""POI"": 0.1579, ""NPO"": 0.68, ""IMA"": 0.0, ""MSI"": 0.0, ""PSI"": 0.0, ""JER"": 0.0, ""BKA"": 0.0, ""DPR"": 0.0, ""LCA"": 0.0}","{""POI"": 0.3667, ""NPO"": 0.7083, ""IMA"": 0.0, ""MSI"": 0.0, ""PSI"": 0.0, ""JER"": 0.0, ""BKA"": 0.0, ""DPR"": 0.0, ""LCA"": 0.0}","{""POI"": 0.0966, ""NPO"": 0.795, ""IMA"": 0.0, ""MSI"": 0.0, ""PSI"": 0.0, ""JER"": 0.0, ""BKA"": 0.0, ""DPR"": 0.0, ""LCA"": 0.0}"
NPO_BATCH1_invoice_51109396.pdf,invoice_51109396.pdf,EFDI Batch 1 Invoices (Full 100 Documents),NPO,FACT: Non-PO commercial vendor invoice without purchase order reference,1,818,NPO,0.68,True,9,invoice number pattern; phrase 'invoice no'; word 'invoice'; phrase 'bill to / client'; word 'vendor / seller'; term 'GSTIN'; term 'Tax Id'; phrase 'date of issue'; phrase 'amount due / total summary',NPO,0.7083,True,4,[LAYOUT] Invoice Number structured in header metadata band (p1: INVOICE_LABEL_VALUE_IN_HEADER); [LAYOUT] GSTIN / Tax ID tax registration in header band (p1: GSTIN_TAX_ID_IN_HEADER); [LAYOUT] GSTIN / Tax ID tax registration in header band (p1: GSTIN_TAX_ID_IN_HEADER); [LAYOUT] Vendor Invoice header without Purchase Order reference (p1: NPO_PURE_INVOICE_HEADER),NPO,0.795,True,13,[TEXT] invoice number pattern; [TEXT] phrase 'invoice no'; [TEXT] word 'invoice'; [TEXT] phrase 'bill to / client'; [TEXT] word 'vendor / seller'; [TEXT] term 'GSTIN'; [TEXT] term 'Tax Id'; [TEXT] phrase 'date of issue'; [TEXT] phrase 'amount due / total summary'; [LAYOUT] Invoice Number structured in header metadata band (p1: INVOICE_LABEL_VALUE_IN_HEADER); [LAYOUT] GSTIN / Tax ID tax registration in header band (p1: GSTIN_TAX_ID_IN_HEADER); [LAYOUT] GSTIN / Tax ID tax registration in header band (p1: GSTIN_TAX_ID_IN_HEADER); [LAYOUT] Vendor Invoice header without Purchase Order reference (p1: NPO_PURE_INVOICE_HEADER),9,4,[TEXT] invoice number pattern; [TEXT] phrase 'invoice no'; [TEXT] word 'invoice'; [TEXT] phrase 'bill to / client'; [TEXT] word 'vendor / seller'; [TEXT] term 'GSTIN'; [TEXT] term 'Tax Id'; [TEXT] phrase 'date of issue'; [TEXT] phrase 'amount due / total summary',[LAYOUT] Invoice Number structured in header metadata band (p1: INVOICE_LABEL_VALUE_IN_HEADER); [LAYOUT] GSTIN / Tax ID tax registration in header band (p1: GSTIN_TAX_ID_IN_HEADER); [LAYOUT] GSTIN / Tax ID tax registration in header band (p1: GSTIN_TAX_ID_IN_HEADER); [LAYOUT] Vendor Invoice header without Purchase Order reference (p1: NPO_PURE_INVOICE_HEADER),False,0.115,"{""POI"": 0.1579, ""NPO"": 0.68, ""IMA"": 0.0, ""MSI"": 0.0, ""PSI"": 0.0, ""JER"": 0.0, ""BKA"": 0.0, ""DPR"": 0.0, ""LCA"": 0.0}","{""POI"": 0.3667, ""NPO"": 0.7083, ""IMA"": 0.0, ""MSI"": 0.0, ""PSI"": 0.0, ""JER"": 0.0, ""BKA"": 0.0, ""DPR"": 0.0, ""LCA"": 0.0}","{""POI"": 0.0966, ""NPO"": 0.795, ""IMA"": 0.0, ""MSI"": 0.0, ""PSI"": 0.0, ""JER"": 0.0, ""BKA"": 0.0, ""DPR"": 0.0, ""LCA"": 0.0}"
NPO_BATCH1_invoice_51109397.pdf,invoice_51109397.pdf,EFDI Batch 1 Invoices (Full 100 Documents),NPO,FACT: Non-PO commercial vendor invoice without purchase order reference,1,1110,NPO,0.68,True,9,invoice number pattern; phrase 'invoice no'; word 'invoice'; phrase 'bill to / client'; word 'vendor / seller'; term 'GSTIN'; term 'Tax Id'; phrase 'date of issue'; phrase 'amount due / total summary',NPO,0.7083,True,4,[LAYOUT] Invoice Number structured in header metadata band (p1: INVOICE_LABEL_VALUE_IN_HEADER); [LAYOUT] GSTIN / Tax ID tax registration in header band (p1: GSTIN_TAX_ID_IN_HEADER); [LAYOUT] GSTIN / Tax ID tax registration in header band (p1: GSTIN_TAX_ID_IN_HEADER); [LAYOUT] Vendor Invoice header without Purchase Order reference (p1: NPO_PURE_INVOICE_HEADER),NPO,0.795,True,13,[TEXT] invoice number pattern; [TEXT] phrase 'invoice no'; [TEXT] word 'invoice'; [TEXT] phrase 'bill to / client'; [TEXT] word 'vendor / seller'; [TEXT] term 'GSTIN'; [TEXT] term 'Tax Id'; [TEXT] phrase 'date of issue'; [TEXT] phrase 'amount due / total summary'; [LAYOUT] Invoice Number structured in header metadata band (p1: INVOICE_LABEL_VALUE_IN_HEADER); [LAYOUT] GSTIN / Tax ID tax registration in header band (p1: GSTIN_TAX_ID_IN_HEADER); [LAYOUT] GSTIN / Tax ID tax registration in header band (p1: GSTIN_TAX_ID_IN_HEADER); [LAYOUT] Vendor Invoice header without Purchase Order reference (p1: NPO_PURE_INVOICE_HEADER),9,4,[TEXT] invoice number pattern; [TEXT] phrase 'invoice no'; [TEXT] word 'invoice'; [TEXT] phrase 'bill to / client'; [TEXT] word 'vendor / seller'; [TEXT] term 'GSTIN'; [TEXT] term 'Tax Id'; [TEXT] phrase 'date of issue'; [TEXT] phrase 'amount due / total summary',[LAYOUT] Invoice Number structured in header metadata band (p1: INVOICE_LABEL_VALUE_IN_HEADER); [LAYOUT] GSTIN / Tax ID tax registration in header band (p1: GSTIN_TAX_ID_IN_HEADER); [LAYOUT] GSTIN / Tax ID tax registration in header band (p1: GSTIN_TAX_ID_IN_HEADER); [LAYOUT] Vendor Invoice header without Purchase Order reference (p1: NPO_PURE_INVOICE_HEADER),False,0.115,"{""POI"": 0.1579, ""NPO"": 0.68, ""IMA"": 0.0, ""MSI"": 0.0, ""PSI"": 0.0, ""JER"": 0.0, ""BKA"": 0.0, ""DPR"": 0.0, ""LCA"": 0.0}","{""POI"": 0.3667, ""NPO"": 0.7083, ""IMA"": 0.0, ""MSI"": 0.0, ""PSI"": 0.0, ""JER"": 0.0, ""BKA"": 0.0, ""DPR"": 0.0, ""LCA"": 0.0}","{""POI"": 0.0966, ""NPO"": 0.795, ""IMA"": 0.0, ""MSI"": 0.0, ""PSI"": 0.0, ""JER"": 0.0, ""BKA"": 0.0, ""DPR"": 0.0, ""LCA"": 0.0}"
NPO_BATCH1_invoice_51109398.pdf,invoice_51109398.pdf,EFDI Batch 1 Invoices (Full 100 Documents),NPO,FACT: Non-PO commercial vendor invoice without purchase order reference,1,587,NPO,0.68,True,9,invoice number pattern; phrase 'invoice no'; word 'invoice'; phrase 'bill to / client'; word 'vendor / seller'; term 'GSTIN'; term 'Tax Id'; phrase 'date of issue'; phrase 'amount due / total summary',NPO,0.7083,True,4,[LAYOUT] Invoice Number structured in header metadata band (p1: INVOICE_LABEL_VALUE_IN_HEADER); [LAYOUT] GSTIN / Tax ID tax registration in header band (p1: GSTIN_TAX_ID_IN_HEADER); [LAYOUT] GSTIN / Tax ID tax registration in header band (p1: GSTIN_TAX_ID_IN_HEADER); [LAYOUT] Vendor Invoice header without Purchase Order reference (p1: NPO_PURE_INVOICE_HEADER),NPO,0.795,True,13,[TEXT] invoice number pattern; [TEXT] phrase 'invoice no'; [TEXT] word 'invoice'; [TEXT] phrase 'bill to / client'; [TEXT] word 'vendor / seller'; [TEXT] term 'GSTIN'; [TEXT] term 'Tax Id'; [TEXT] phrase 'date of issue'; [TEXT] phrase 'amount due / total summary'; [LAYOUT] Invoice Number structured in header metadata band (p1: INVOICE_LABEL_VALUE_IN_HEADER); [LAYOUT] GSTIN / Tax ID tax registration in header band (p1: GSTIN_TAX_ID_IN_HEADER); [LAYOUT] GSTIN / Tax ID tax registration in header band (p1: GSTIN_TAX_ID_IN_HEADER); [LAYOUT] Vendor Invoice header without Purchase Order reference (p1: NPO_PURE_INVOICE_HEADER),9,4,[TEXT] invoice number pattern; [TEXT] phrase 'invoice no'; [TEXT] word 'invoice'; [TEXT] phrase 'bill to / client'; [TEXT] word 'vendor / seller'; [TEXT] term 'GSTIN'; [TEXT] term 'Tax Id'; [TEXT] phrase 'date of issue'; [TEXT] phrase 'amount due / total summary',[LAYOUT] Invoice Number structured in header metadata band (p1: INVOICE_LABEL_VALUE_IN_HEADER); [LAYOUT] GSTIN / Tax ID tax registration in header band (p1: GSTIN_TAX_ID_IN_HEADER); [LAYOUT] GSTIN / Tax ID tax registration in header band (p1: GSTIN_TAX_ID_IN_HEADER); [LAYOUT] Vendor Invoice header without Purchase Order reference (p1: NPO_PURE_INVOICE_HEADER),False,0.115,"{""POI"": 0.1579, ""NPO"": 0.68, ""IMA"": 0.0, ""MSI"": 0.0, ""PSI"": 0.0, ""JER"": 0.0, ""BKA"": 0.0, ""DPR"": 0.0, ""LCA"": 0.0}","{""POI"": 0.3667, ""NPO"": 0.7083, ""IMA"": 0.0, ""MSI"": 0.0, ""PSI"": 0.0, ""JER"": 0.0, ""BKA"": 0.0, ""DPR"": 0.0, ""LCA"": 0.0}","{""POI"": 0.0966, ""NPO"": 0.795, ""IMA"": 0.0, ""MSI"": 0.0, ""PSI"": 0.0, ""JER"": 0.0, ""BKA"": 0.0, ""DPR"": 0.0, ""LCA"": 0.0}"
NPO_BATCH1_invoice_51109399.pdf,invoice_51109399.pdf,EFDI Batch 1 Invoices (Full 100 Documents),NPO,FACT: Non-PO commercial vendor invoice without purchase order reference,1,769,NPO,0.68,True,9,invoice number pattern; phrase 'invoice no'; word 'invoice'; phrase 'bill to / client'; word 'vendor / seller'; term 'GSTIN'; term 'Tax Id'; phrase 'date of issue'; phrase 'amount due / total summary',NPO,0.7083,True,4,[LAYOUT] Invoice Number structured in header metadata band (p1: INVOICE_LABEL_VALUE_IN_HEADER); [LAYOUT] GSTIN / Tax ID tax registration in header band (p1: GSTIN_TAX_ID_IN_HEADER); [LAYOUT] GSTIN / Tax ID tax registration in header band (p1: GSTIN_TAX_ID_IN_HEADER); [LAYOUT] Vendor Invoice header without Purchase Order reference (p1: NPO_PURE_INVOICE_HEADER),NPO,0.795,True,13,[TEXT] invoice number pattern; [TEXT] phrase 'invoice no'; [TEXT] word 'invoice'; [TEXT] phrase 'bill to / client'; [TEXT] word 'vendor / seller'; [TEXT] term 'GSTIN'; [TEXT] term 'Tax Id'; [TEXT] phrase 'date of issue'; [TEXT] phrase 'amount due / total summary'; [LAYOUT] Invoice Number structured in header metadata band (p1: INVOICE_LABEL_VALUE_IN_HEADER); [LAYOUT] GSTIN / Tax ID tax registration in header band (p1: GSTIN_TAX_ID_IN_HEADER); [LAYOUT] GSTIN / Tax ID tax registration in header band (p1: GSTIN_TAX_ID_IN_HEADER); [LAYOUT] Vendor Invoice header without Purchase Order reference (p1: NPO_PURE_INVOICE_HEADER),9,4,[TEXT] invoice number pattern; [TEXT] phrase 'invoice no'; [TEXT] word 'invoice'; [TEXT] phrase 'bill to / client'; [TEXT] word 'vendor / seller'; [TEXT] term 'GSTIN'; [TEXT] term 'Tax Id'; [TEXT] phrase 'date of issue'; [TEXT] phrase 'amount due / total summary',[LAYOUT] Invoice Number structured in header metadata band (p1: INVOICE_LABEL_VALUE_IN_HEADER); [LAYOUT] GSTIN / Tax ID tax registration in header band (p1: GSTIN_TAX_ID_IN_HEADER); [LAYOUT] GSTIN / Tax ID tax registration in header band (p1: GSTIN_TAX_ID_IN_HEADER); [LAYOUT] Vendor Invoice header without Purchase Order reference (p1: NPO_PURE_INVOICE_HEADER),False,0.115,"{""POI"": 0.1579, ""NPO"": 0.68, ""IMA"": 0.0, ""MSI"": 0.0, ""PSI"": 0.0, ""JER"": 0.0, ""BKA"": 0.0, ""DPR"": 0.0, ""LCA"": 0.0}","{""POI"": 0.3667, ""NPO"": 0.7083, ""IMA"": 0.0, ""MSI"": 0.0, ""PSI"": 0.0, ""JER"": 0.0, ""BKA"": 0.0, ""DPR"": 0.0, ""LCA"": 0.0}","{""POI"": 0.0966, ""NPO"": 0.795, ""IMA"": 0.0, ""MSI"": 0.0, ""PSI"": 0.0, ""JER"": 0.0, ""BKA"": 0.0, ""DPR"": 0.0, ""LCA"": 0.0}"
NPO_BATCH1_invoice_51109400.pdf,invoice_51109400.pdf,EFDI Batch 1 Invoices (Full 100 Documents),NPO,FACT: Non-PO commercial vendor invoice without purchase order reference,1,666,NPO,0.68,True,9,invoice number pattern; phrase 'invoice no'; word 'invoice'; phrase 'bill to / client'; word 'vendor / seller'; term 'GSTIN'; term 'Tax Id'; phrase 'date of issue'; phrase 'amount due / total summary',NPO,0.7083,True,4,[LAYOUT] Invoice Number structured in header metadata band (p1: INVOICE_LABEL_VALUE_IN_HEADER); [LAYOUT] GSTIN / Tax ID tax registration in header band (p1: GSTIN_TAX_ID_IN_HEADER); [LAYOUT] GSTIN / Tax ID tax registration in header band (p1: GSTIN_TAX_ID_IN_HEADER); [LAYOUT] Vendor Invoice header without Purchase Order reference (p1: NPO_PURE_INVOICE_HEADER),NPO,0.795,True,13,[TEXT] invoice number pattern; [TEXT] phrase 'invoice no'; [TEXT] word 'invoice'; [TEXT] phrase 'bill to / client'; [TEXT] word 'vendor / seller'; [TEXT] term 'GSTIN'; [TEXT] term 'Tax Id'; [TEXT] phrase 'date of issue'; [TEXT] phrase 'amount due / total summary'; [LAYOUT] Invoice Number structured in header metadata band (p1: INVOICE_LABEL_VALUE_IN_HEADER); [LAYOUT] GSTIN / Tax ID tax registration in header band (p1: GSTIN_TAX_ID_IN_HEADER); [LAYOUT] GSTIN / Tax ID tax registration in header band (p1: GSTIN_TAX_ID_IN_HEADER); [LAYOUT] Vendor Invoice header without Purchase Order reference (p1: NPO_PURE_INVOICE_HEADER),9,4,[TEXT] invoice number pattern; [TEXT] phrase 'invoice no'; [TEXT] word 'invoice'; [TEXT] phrase 'bill to / client'; [TEXT] word 'vendor / seller'; [TEXT] term 'GSTIN'; [TEXT] term 'Tax Id'; [TEXT] phrase 'date of issue'; [TEXT] phrase 'amount due / total summary',[LAYOUT] Invoice Number structured in header metadata band (p1: INVOICE_LABEL_VALUE_IN_HEADER); [LAYOUT] GSTIN / Tax ID tax registration in header band (p1: GSTIN_TAX_ID_IN_HEADER); [LAYOUT] GSTIN / Tax ID tax registration in header band (p1: GSTIN_TAX_ID_IN_HEADER); [LAYOUT] Vendor Invoice header without Purchase Order reference (p1: NPO_PURE_INVOICE_HEADER),False,0.115,"{""POI"": 0.1579, ""NPO"": 0.68, ""IMA"": 0.0, ""MSI"": 0.0, ""PSI"": 0.0, ""JER"": 0.0, ""BKA"": 0.0, ""DPR"": 0.0, ""LCA"": 0.0}","{""POI"": 0.3667, ""NPO"": 0.7083, ""IMA"": 0.0, ""MSI"": 0.0, ""PSI"": 0.0, ""JER"": 0.0, ""BKA"": 0.0, ""DPR"": 0.0, ""LCA"": 0.0}","{""POI"": 0.0966, ""NPO"": 0.795, ""IMA"": 0.0, ""MSI"": 0.0, ""PSI"": 0.0, ""JER"": 0.0, ""BKA"": 0.0, ""DPR"": 0.0, ""LCA"": 0.0}"
