2026-09-01 15:30:08 | ERROR    | app.main | Unhandled exception on POST /api/v1/auth/register
Traceback (most recent call last):
  File "C:\Users\conanferreira\AppData\Roaming\Python\Python313\site-packages\sqlalchemy\engine\base.py", line 1969, in _exec_single_context
    self.dialect.do_execute(
    ~~~~~~~~~~~~~~~~~~~~~~~^
        cursor, str_statement, effective_parameters, context
        ^^^^^^^^^^^^^^^^^^^^^^^^^^^^^^^^^^^^^^^^^^^^^^^^^^^^
    )
    ^
  File "C:\Users\conanferreira\AppData\Roaming\Python\Python313\site-packages\sqlalchemy\engine\default.py", line 952, in do_execute
    cursor.execute(statement, parameters)
    ~~~~~~~~~~~~~~^^^^^^^^^^^^^^^^^^^^^^^
sqlite3.OperationalError: no such table: users

The above exception was the direct cause of the following exception:

Traceback (most recent call last):
  File "C:\Users\conanferreira\AppData\Roaming\Python\Python313\site-packages\starlette\middleware\errors.py", line 164, in __call__
    await self.app(scope, receive, _send)
  File "C:\Users\conanferreira\AppData\Roaming\Python\Python313\site-packages\starlette\middleware\cors.py", line 88, in __call__
    await self.app(scope, receive, send)
  File "C:\Users\conanferreira\AppData\Roaming\Python\Python313\site-packages\starlette\middleware\exceptions.py", line 63, in __call__
    await wrap_app_handling_exceptions(self.app, conn)(scope, receive, send)
  File "C:\Users\conanferreira\AppData\Roaming\Python\Python313\site-packages\starlette\_exception_handler.py", line 53, in wrapped_app
    raise exc
  File "C:\Users\conanferreira\AppData\Roaming\Python\Python313\site-packages\starlette\_exception_handler.py", line 42, in wrapped_app
    await app(scope, receive, sender)
  File "C:\Users\conanferreira\AppData\Roaming\Python\Python313\site-packages\fastapi\middleware\asyncexitstack.py", line 18, in __call__
    await self.app(scope, receive, send)
  File "C:\Users\conanferreira\AppData\Roaming\Python\Python313\site-packages\starlette\routing.py", line 660, in __call__
    await self.middleware_stack(scope, receive, send)
  File "C:\Users\conanferreira\AppData\Roaming\Python\Python313\site-packages\starlette\routing.py", line 680, in app
    await route.handle(scope, receive, send)
  File "C:\Users\conanferreira\AppData\Roaming\Python\Python313\site-packages\fastapi\routing.py", line 1650, in handle
    await self.original_router.handle(scope, receive, send)
  File "C:\Users\conanferreira\AppData\Roaming\Python\Python313\site-packages\fastapi\routing.py", line 2102, in handle
    await included_router._handle_selected(scope, receive, send)
  File "C:\Users\conanferreira\AppData\Roaming\Python\Python313\site-packages\fastapi\routing.py", line 1670, in _handle_selected
    await original_route.handle(scope, receive, send)
  File "C:\Users\conanferreira\AppData\Roaming\Python\Python313\site-packages\fastapi\routing.py", line 1218, in handle
    await app(scope, receive, send)
  File "C:\Users\conanferreira\AppData\Roaming\Python\Python313\site-packages\fastapi\routing.py", line 143, in app
    await wrap_app_handling_exceptions(app, request)(scope, receive, send)
  File "C:\Users\conanferreira\AppData\Roaming\Python\Python313\site-packages\starlette\_exception_handler.py", line 53, in wrapped_app
    raise exc
  File "C:\Users\conanferreira\AppData\Roaming\Python\Python313\site-packages\starlette\_exception_handler.py", line 42, in wrapped_app
    await app(scope, receive, sender)
  File "C:\Users\conanferreira\AppData\Roaming\Python\Python313\site-packages\fastapi\routing.py", line 129, in app
    response = await f(request)
               ^^^^^^^^^^^^^^^^
  File "C:\Users\conanferreira\AppData\Roaming\Python\Python313\site-packages\fastapi\routing.py", line 683, in app
    raw_response = await run_endpoint_function(
                   ^^^^^^^^^^^^^^^^^^^^^^^^^^^^
    ...<3 lines>...
    )
    ^
  File "C:\Users\conanferreira\AppData\Roaming\Python\Python313\site-packages\fastapi\routing.py", line 339, in run_endpoint_function
    return await run_in_threadpool(dependant.call, **values)
           ^^^^^^^^^^^^^^^^^^^^^^^^^^^^^^^^^^^^^^^^^^^^^^^^^
  File "C:\Users\conanferreira\AppData\Roaming\Python\Python313\site-packages\starlette\concurrency.py", line 34, in run_in_threadpool
    return await anyio.to_thread.run_sync(func)
           ^^^^^^^^^^^^^^^^^^^^^^^^^^^^^^^^^^^^
  File "C:\Users\conanferreira\AppData\Roaming\Python\Python313\site-packages\anyio\to_thread.py", line 63, in run_sync
    return await get_async_backend().run_sync_in_worker_thread(
           ^^^^^^^^^^^^^^^^^^^^^^^^^^^^^^^^^^^^^^^^^^^^^^^^^^^^
        func, args, abandon_on_cancel=abandon_on_cancel, limiter=limiter
        ^^^^^^^^^^^^^^^^^^^^^^^^^^^^^^^^^^^^^^^^^^^^^^^^^^^^^^^^^^^^^^^^
    )
    ^
  File "C:\Users\conanferreira\AppData\Roaming\Python\Python313\site-packages\anyio\_backends\_asyncio.py", line 2592, in run_sync_in_worker_thread
    return await future
           ^^^^^^^^^^^^
  File "C:\Users\conanferreira\AppData\Roaming\Python\Python313\site-packages\anyio\_backends\_asyncio.py", line 1029, in run
    result = context.run(func, *args)
  File "C:\Users\conanferreira\Desktop\PROJECT-BLACKBOX\EFDI\backend\app\routers\auth.py", line 37, in register
    user = service.register(payload)
  File "C:\Users\conanferreira\Desktop\PROJECT-BLACKBOX\EFDI\backend\app\services\auth_service.py", line 28, in register
    if self.repo.get_by_username(payload.username):
       ~~~~~~~~~~~~~~~~~~~~~~~~~^^^^^^^^^^^^^^^^^^
  File "C:\Users\conanferreira\Desktop\PROJECT-BLACKBOX\EFDI\backend\app\repositories\user_repository.py", line 23, in get_by_username
    return self.db.execute(stmt).scalar_one_or_none()
           ~~~~~~~~~~~~~~~^^^^^^
  File "C:\Users\conanferreira\AppData\Roaming\Python\Python313\site-packages\sqlalchemy\orm\session.py", line 2373, in execute
    return self._execute_internal(
           ~~~~~~~~~~~~~~~~~~~~~~^
        statement,
        ^^^^^^^^^^
    ...<4 lines>...
        _add_event=_add_event,
        ^^^^^^^^^^^^^^^^^^^^^^
    )
    ^
  File "C:\Users\conanferreira\AppData\Roaming\Python\Python313\site-packages\sqlalchemy\orm\session.py", line 2271, in _execute_internal
    result: Result[Any] = compile_state_cls.orm_execute_statement(
                          ~~~~~~~~~~~~~~~~~~~~~~~~~~~~~~~~~~~~~~~^
        self,
        ^^^^^
    ...<4 lines>...
        conn,
        ^^^^^
    )
    ^
  File "C:\Users\conanferreira\AppData\Roaming\Python\Python313\site-packages\sqlalchemy\orm\context.py", line 306, in orm_execute_statement
    result = conn.execute(
        statement, params or {}, execution_options=execution_options
    )
  File "C:\Users\conanferreira\AppData\Roaming\Python\Python313\site-packages\sqlalchemy\engine\base.py", line 1421, in execute
    return meth(
        self,
        distilled_parameters,
        execution_options or NO_OPTIONS,
    )
  File "C:\Users\conanferreira\AppData\Roaming\Python\Python313\site-packages\sqlalchemy\sql\elements.py", line 526, in _execute_on_connection
    return connection._execute_clauseelement(
           ~~~~~~~~~~~~~~~~~~~~~~~~~~~~~~~~~^
        self, distilled_params, execution_options
        ^^^^^^^^^^^^^^^^^^^^^^^^^^^^^^^^^^^^^^^^^
    )
    ^
  File "C:\Users\conanferreira\AppData\Roaming\Python\Python313\site-packages\sqlalchemy\engine\base.py", line 1643, in _execute_clauseelement
    ret = self._execute_context(
        dialect,
    ...<8 lines>...
        cache_hit=cache_hit,
    )
  File "C:\Users\conanferreira\AppData\Roaming\Python\Python313\site-packages\sqlalchemy\engine\base.py", line 1848, in _execute_context
    return self._exec_single_context(
           ~~~~~~~~~~~~~~~~~~~~~~~~~^
        dialect, context, statement, parameters
        ^^^^^^^^^^^^^^^^^^^^^^^^^^^^^^^^^^^^^^^
    )
    ^
  File "C:\Users\conanferreira\AppData\Roaming\Python\Python313\site-packages\sqlalchemy\engine\base.py", line 1988, in _exec_single_context
    self._handle_dbapi_exception(
    ~~~~~~~~~~~~~~~~~~~~~~~~~~~~^
        e, str_statement, effective_parameters, cursor, context
        ^^^^^^^^^^^^^^^^^^^^^^^^^^^^^^^^^^^^^^^^^^^^^^^^^^^^^^^
    )
    ^
  File "C:\Users\conanferreira\AppData\Roaming\Python\Python313\site-packages\sqlalchemy\engine\base.py", line 2365, in _handle_dbapi_exception
    raise sqlalchemy_exception.with_traceback(exc_info[2]) from e
  File "C:\Users\conanferreira\AppData\Roaming\Python\Python313\site-packages\sqlalchemy\engine\base.py", line 1969, in _exec_single_context
    self.dialect.do_execute(
    ~~~~~~~~~~~~~~~~~~~~~~~^
        cursor, str_statement, effective_parameters, context
        ^^^^^^^^^^^^^^^^^^^^^^^^^^^^^^^^^^^^^^^^^^^^^^^^^^^^
    )
    ^
  File "C:\Users\conanferreira\AppData\Roaming\Python\Python313\site-packages\sqlalchemy\engine\default.py", line 952, in do_execute
    cursor.execute(statement, parameters)
    ~~~~~~~~~~~~~~^^^^^^^^^^^^^^^^^^^^^^^
sqlalchemy.exc.OperationalError: (sqlite3.OperationalError) no such table: users
[SQL: SELECT users.id, users.username, users.email, users.full_name, users.password_hash, users.role, users.is_active, users.created_at, users.updated_at 
FROM users 
WHERE users.username = ?]
[parameters: ('ocrtest_5f73da9b',)]
(Background on this error at: https://sqlalche.me/e/20/e3q8)
2026-09-01 15:30:10 | ERROR    | app.main | Unhandled exception on POST /api/v1/auth/register
Traceback (most recent call last):
  File "C:\Users\conanferreira\AppData\Roaming\Python\Python313\site-packages\sqlalchemy\engine\base.py", line 1969, in _exec_single_context
    self.dialect.do_execute(
    ~~~~~~~~~~~~~~~~~~~~~~~^
        cursor, str_statement, effective_parameters, context
        ^^^^^^^^^^^^^^^^^^^^^^^^^^^^^^^^^^^^^^^^^^^^^^^^^^^^
    )
    ^
  File "C:\Users\conanferreira\AppData\Roaming\Python\Python313\site-packages\sqlalchemy\engine\default.py", line 952, in do_execute
    cursor.execute(statement, parameters)
    ~~~~~~~~~~~~~~^^^^^^^^^^^^^^^^^^^^^^^
sqlite3.OperationalError: no such table: users

The above exception was the direct cause of the following exception:

Traceback (most recent call last):
  File "C:\Users\conanferreira\AppData\Roaming\Python\Python313\site-packages\starlette\middleware\errors.py", line 164, in __call__
    await self.app(scope, receive, _send)
  File "C:\Users\conanferreira\AppData\Roaming\Python\Python313\site-packages\starlette\middleware\cors.py", line 88, in __call__
    await self.app(scope, receive, send)
  File "C:\Users\conanferreira\AppData\Roaming\Python\Python313\site-packages\starlette\middleware\exceptions.py", line 63, in __call__
    await wrap_app_handling_exceptions(self.app, conn)(scope, receive, send)
  File "C:\Users\conanferreira\AppData\Roaming\Python\Python313\site-packages\starlette\_exception_handler.py", line 53, in wrapped_app
    raise exc
  File "C:\Users\conanferreira\AppData\Roaming\Python\Python313\site-packages\starlette\_exception_handler.py", line 42, in wrapped_app
    await app(scope, receive, sender)
  File "C:\Users\conanferreira\AppData\Roaming\Python\Python313\site-packages\fastapi\middleware\asyncexitstack.py", line 18, in __call__
    await self.app(scope, receive, send)
  File "C:\Users\conanferreira\AppData\Roaming\Python\Python313\site-packages\starlette\routing.py", line 660, in __call__
    await self.middleware_stack(scope, receive, send)
  File "C:\Users\conanferreira\AppData\Roaming\Python\Python313\site-packages\starlette\routing.py", line 680, in app
    await route.handle(scope, receive, send)
  File "C:\Users\conanferreira\AppData\Roaming\Python\Python313\site-packages\fastapi\routing.py", line 1650, in handle
    await self.original_router.handle(scope, receive, send)
  File "C:\Users\conanferreira\AppData\Roaming\Python\Python313\site-packages\fastapi\routing.py", line 2102, in handle
    await included_router._handle_selected(scope, receive, send)
  File "C:\Users\conanferreira\AppData\Roaming\Python\Python313\site-packages\fastapi\routing.py", line 1670, in _handle_selected
    await original_route.handle(scope, receive, send)
  File "C:\Users\conanferreira\AppData\Roaming\Python\Python313\site-packages\fastapi\routing.py", line 1218, in handle
    await app(scope, receive, send)
  File "C:\Users\conanferreira\AppData\Roaming\Python\Python313\site-packages\fastapi\routing.py", line 143, in app
    await wrap_app_handling_exceptions(app, request)(scope, receive, send)
  File "C:\Users\conanferreira\AppData\Roaming\Python\Python313\site-packages\starlette\_exception_handler.py", line 53, in wrapped_app
    raise exc
  File "C:\Users\conanferreira\AppData\Roaming\Python\Python313\site-packages\starlette\_exception_handler.py", line 42, in wrapped_app
    await app(scope, receive, sender)
  File "C:\Users\conanferreira\AppData\Roaming\Python\Python313\site-packages\fastapi\routing.py", line 129, in app
    response = await f(request)
               ^^^^^^^^^^^^^^^^
  File "C:\Users\conanferreira\AppData\Roaming\Python\Python313\site-packages\fastapi\routing.py", line 683, in app
    raw_response = await run_endpoint_function(
                   ^^^^^^^^^^^^^^^^^^^^^^^^^^^^
    ...<3 lines>...
    )
    ^
  File "C:\Users\conanferreira\AppData\Roaming\Python\Python313\site-packages\fastapi\routing.py", line 339, in run_endpoint_function
    return await run_in_threadpool(dependant.call, **values)
           ^^^^^^^^^^^^^^^^^^^^^^^^^^^^^^^^^^^^^^^^^^^^^^^^^
  File "C:\Users\conanferreira\AppData\Roaming\Python\Python313\site-packages\starlette\concurrency.py", line 34, in run_in_threadpool
    return await anyio.to_thread.run_sync(func)
           ^^^^^^^^^^^^^^^^^^^^^^^^^^^^^^^^^^^^
  File "C:\Users\conanferreira\AppData\Roaming\Python\Python313\site-packages\anyio\to_thread.py", line 63, in run_sync
    return await get_async_backend().run_sync_in_worker_thread(
           ^^^^^^^^^^^^^^^^^^^^^^^^^^^^^^^^^^^^^^^^^^^^^^^^^^^^
        func, args, abandon_on_cancel=abandon_on_cancel, limiter=limiter
        ^^^^^^^^^^^^^^^^^^^^^^^^^^^^^^^^^^^^^^^^^^^^^^^^^^^^^^^^^^^^^^^^
    )
    ^
  File "C:\Users\conanferreira\AppData\Roaming\Python\Python313\site-packages\anyio\_backends\_asyncio.py", line 2592, in run_sync_in_worker_thread
    return await future
           ^^^^^^^^^^^^
  File "C:\Users\conanferreira\AppData\Roaming\Python\Python313\site-packages\anyio\_backends\_asyncio.py", line 1029, in run
    result = context.run(func, *args)
  File "C:\Users\conanferreira\Desktop\PROJECT-BLACKBOX\EFDI\backend\app\routers\auth.py", line 37, in register
    user = service.register(payload)
  File "C:\Users\conanferreira\Desktop\PROJECT-BLACKBOX\EFDI\backend\app\services\auth_service.py", line 28, in register
    if self.repo.get_by_username(payload.username):
       ~~~~~~~~~~~~~~~~~~~~~~~~~^^^^^^^^^^^^^^^^^^
  File "C:\Users\conanferreira\Desktop\PROJECT-BLACKBOX\EFDI\backend\app\repositories\user_repository.py", line 23, in get_by_username
    return self.db.execute(stmt).scalar_one_or_none()
           ~~~~~~~~~~~~~~~^^^^^^
  File "C:\Users\conanferreira\AppData\Roaming\Python\Python313\site-packages\sqlalchemy\orm\session.py", line 2373, in execute
    return self._execute_internal(
           ~~~~~~~~~~~~~~~~~~~~~~^
        statement,
        ^^^^^^^^^^
    ...<4 lines>...
        _add_event=_add_event,
        ^^^^^^^^^^^^^^^^^^^^^^
    )
    ^
  File "C:\Users\conanferreira\AppData\Roaming\Python\Python313\site-packages\sqlalchemy\orm\session.py", line 2271, in _execute_internal
    result: Result[Any] = compile_state_cls.orm_execute_statement(
                          ~~~~~~~~~~~~~~~~~~~~~~~~~~~~~~~~~~~~~~~^
        self,
        ^^^^^
    ...<4 lines>...
        conn,
        ^^^^^
    )
    ^
  File "C:\Users\conanferreira\AppData\Roaming\Python\Python313\site-packages\sqlalchemy\orm\context.py", line 306, in orm_execute_statement
    result = conn.execute(
        statement, params or {}, execution_options=execution_options
    )
  File "C:\Users\conanferreira\AppData\Roaming\Python\Python313\site-packages\sqlalchemy\engine\base.py", line 1421, in execute
    return meth(
        self,
        distilled_parameters,
        execution_options or NO_OPTIONS,
    )
  File "C:\Users\conanferreira\AppData\Roaming\Python\Python313\site-packages\sqlalchemy\sql\elements.py", line 526, in _execute_on_connection
    return connection._execute_clauseelement(
           ~~~~~~~~~~~~~~~~~~~~~~~~~~~~~~~~~^
        self, distilled_params, execution_options
        ^^^^^^^^^^^^^^^^^^^^^^^^^^^^^^^^^^^^^^^^^
    )
    ^
  File "C:\Users\conanferreira\AppData\Roaming\Python\Python313\site-packages\sqlalchemy\engine\base.py", line 1643, in _execute_clauseelement
    ret = self._execute_context(
        dialect,
    ...<8 lines>...
        cache_hit=cache_hit,
    )
  File "C:\Users\conanferreira\AppData\Roaming\Python\Python313\site-packages\sqlalchemy\engine\base.py", line 1848, in _execute_context
    return self._exec_single_context(
           ~~~~~~~~~~~~~~~~~~~~~~~~~^
        dialect, context, statement, parameters
        ^^^^^^^^^^^^^^^^^^^^^^^^^^^^^^^^^^^^^^^
    )
    ^
  File "C:\Users\conanferreira\AppData\Roaming\Python\Python313\site-packages\sqlalchemy\engine\base.py", line 1988, in _exec_single_context
    self._handle_dbapi_exception(
    ~~~~~~~~~~~~~~~~~~~~~~~~~~~~^
        e, str_statement, effective_parameters, cursor, context
        ^^^^^^^^^^^^^^^^^^^^^^^^^^^^^^^^^^^^^^^^^^^^^^^^^^^^^^^
    )
    ^
  File "C:\Users\conanferreira\AppData\Roaming\Python\Python313\site-packages\sqlalchemy\engine\base.py", line 2365, in _handle_dbapi_exception
    raise sqlalchemy_exception.with_traceback(exc_info[2]) from e
  File "C:\Users\conanferreira\AppData\Roaming\Python\Python313\site-packages\sqlalchemy\engine\base.py", line 1969, in _exec_single_context
    self.dialect.do_execute(
    ~~~~~~~~~~~~~~~~~~~~~~~^
        cursor, str_statement, effective_parameters, context
        ^^^^^^^^^^^^^^^^^^^^^^^^^^^^^^^^^^^^^^^^^^^^^^^^^^^^
    )
    ^
  File "C:\Users\conanferreira\AppData\Roaming\Python\Python313\site-packages\sqlalchemy\engine\default.py", line 952, in do_execute
    cursor.execute(statement, parameters)
    ~~~~~~~~~~~~~~^^^^^^^^^^^^^^^^^^^^^^^
sqlalchemy.exc.OperationalError: (sqlite3.OperationalError) no such table: users
[SQL: SELECT users.id, users.username, users.email, users.full_name, users.password_hash, users.role, users.is_active, users.created_at, users.updated_at 
FROM users 
WHERE users.username = ?]
[parameters: ('ocrtest_9deb117b',)]
(Background on this error at: https://sqlalche.me/e/20/e3q8)
2026-09-01 15:30:47 | ERROR    | app.main | Unhandled exception on POST /api/v1/auth/register
Traceback (most recent call last):
  File "C:\Users\conanferreira\AppData\Roaming\Python\Python313\site-packages\sqlalchemy\engine\base.py", line 1969, in _exec_single_context
    self.dialect.do_execute(
    ~~~~~~~~~~~~~~~~~~~~~~~^
        cursor, str_statement, effective_parameters, context
        ^^^^^^^^^^^^^^^^^^^^^^^^^^^^^^^^^^^^^^^^^^^^^^^^^^^^
    )
    ^
  File "C:\Users\conanferreira\AppData\Roaming\Python\Python313\site-packages\sqlalchemy\engine\default.py", line 952, in do_execute
    cursor.execute(statement, parameters)
    ~~~~~~~~~~~~~~^^^^^^^^^^^^^^^^^^^^^^^
sqlite3.OperationalError: no such table: users

The above exception was the direct cause of the following exception:

Traceback (most recent call last):
  File "C:\Users\conanferreira\AppData\Roaming\Python\Python313\site-packages\starlette\middleware\errors.py", line 164, in __call__
    await self.app(scope, receive, _send)
  File "C:\Users\conanferreira\AppData\Roaming\Python\Python313\site-packages\starlette\middleware\cors.py", line 88, in __call__
    await self.app(scope, receive, send)
  File "C:\Users\conanferreira\AppData\Roaming\Python\Python313\site-packages\starlette\middleware\exceptions.py", line 63, in __call__
    await wrap_app_handling_exceptions(self.app, conn)(scope, receive, send)
  File "C:\Users\conanferreira\AppData\Roaming\Python\Python313\site-packages\starlette\_exception_handler.py", line 53, in wrapped_app
    raise exc
  File "C:\Users\conanferreira\AppData\Roaming\Python\Python313\site-packages\starlette\_exception_handler.py", line 42, in wrapped_app
    await app(scope, receive, sender)
  File "C:\Users\conanferreira\AppData\Roaming\Python\Python313\site-packages\fastapi\middleware\asyncexitstack.py", line 18, in __call__
    await self.app(scope, receive, send)
  File "C:\Users\conanferreira\AppData\Roaming\Python\Python313\site-packages\starlette\routing.py", line 660, in __call__
    await self.middleware_stack(scope, receive, send)
  File "C:\Users\conanferreira\AppData\Roaming\Python\Python313\site-packages\starlette\routing.py", line 680, in app
    await route.handle(scope, receive, send)
  File "C:\Users\conanferreira\AppData\Roaming\Python\Python313\site-packages\fastapi\routing.py", line 1650, in handle
    await self.original_router.handle(scope, receive, send)
  File "C:\Users\conanferreira\AppData\Roaming\Python\Python313\site-packages\fastapi\routing.py", line 2102, in handle
    await included_router._handle_selected(scope, receive, send)
  File "C:\Users\conanferreira\AppData\Roaming\Python\Python313\site-packages\fastapi\routing.py", line 1670, in _handle_selected
    await original_route.handle(scope, receive, send)
  File "C:\Users\conanferreira\AppData\Roaming\Python\Python313\site-packages\fastapi\routing.py", line 1218, in handle
    await app(scope, receive, send)
  File "C:\Users\conanferreira\AppData\Roaming\Python\Python313\site-packages\fastapi\routing.py", line 143, in app
    await wrap_app_handling_exceptions(app, request)(scope, receive, send)
  File "C:\Users\conanferreira\AppData\Roaming\Python\Python313\site-packages\starlette\_exception_handler.py", line 53, in wrapped_app
    raise exc
  File "C:\Users\conanferreira\AppData\Roaming\Python\Python313\site-packages\starlette\_exception_handler.py", line 42, in wrapped_app
    await app(scope, receive, sender)
  File "C:\Users\conanferreira\AppData\Roaming\Python\Python313\site-packages\fastapi\routing.py", line 129, in app
    response = await f(request)
               ^^^^^^^^^^^^^^^^
  File "C:\Users\conanferreira\AppData\Roaming\Python\Python313\site-packages\fastapi\routing.py", line 683, in app
    raw_response = await run_endpoint_function(
                   ^^^^^^^^^^^^^^^^^^^^^^^^^^^^
    ...<3 lines>...
    )
    ^
  File "C:\Users\conanferreira\AppData\Roaming\Python\Python313\site-packages\fastapi\routing.py", line 339, in run_endpoint_function
    return await run_in_threadpool(dependant.call, **values)
           ^^^^^^^^^^^^^^^^^^^^^^^^^^^^^^^^^^^^^^^^^^^^^^^^^
  File "C:\Users\conanferreira\AppData\Roaming\Python\Python313\site-packages\starlette\concurrency.py", line 34, in run_in_threadpool
    return await anyio.to_thread.run_sync(func)
           ^^^^^^^^^^^^^^^^^^^^^^^^^^^^^^^^^^^^
  File "C:\Users\conanferreira\AppData\Roaming\Python\Python313\site-packages\anyio\to_thread.py", line 63, in run_sync
    return await get_async_backend().run_sync_in_worker_thread(
           ^^^^^^^^^^^^^^^^^^^^^^^^^^^^^^^^^^^^^^^^^^^^^^^^^^^^
        func, args, abandon_on_cancel=abandon_on_cancel, limiter=limiter
        ^^^^^^^^^^^^^^^^^^^^^^^^^^^^^^^^^^^^^^^^^^^^^^^^^^^^^^^^^^^^^^^^
    )
    ^
  File "C:\Users\conanferreira\AppData\Roaming\Python\Python313\site-packages\anyio\_backends\_asyncio.py", line 2592, in run_sync_in_worker_thread
    return await future
           ^^^^^^^^^^^^
  File "C:\Users\conanferreira\AppData\Roaming\Python\Python313\site-packages\anyio\_backends\_asyncio.py", line 1029, in run
    result = context.run(func, *args)
  File "C:\Users\conanferreira\Desktop\PROJECT-BLACKBOX\EFDI\backend\app\routers\auth.py", line 37, in register
    user = service.register(payload)
  File "C:\Users\conanferreira\Desktop\PROJECT-BLACKBOX\EFDI\backend\app\services\auth_service.py", line 28, in register
    if self.repo.get_by_username(payload.username):
       ~~~~~~~~~~~~~~~~~~~~~~~~~^^^^^^^^^^^^^^^^^^
  File "C:\Users\conanferreira\Desktop\PROJECT-BLACKBOX\EFDI\backend\app\repositories\user_repository.py", line 23, in get_by_username
    return self.db.execute(stmt).scalar_one_or_none()
           ~~~~~~~~~~~~~~~^^^^^^
  File "C:\Users\conanferreira\AppData\Roaming\Python\Python313\site-packages\sqlalchemy\orm\session.py", line 2373, in execute
    return self._execute_internal(
           ~~~~~~~~~~~~~~~~~~~~~~^
        statement,
        ^^^^^^^^^^
    ...<4 lines>...
        _add_event=_add_event,
        ^^^^^^^^^^^^^^^^^^^^^^
    )
    ^
  File "C:\Users\conanferreira\AppData\Roaming\Python\Python313\site-packages\sqlalchemy\orm\session.py", line 2271, in _execute_internal
    result: Result[Any] = compile_state_cls.orm_execute_statement(
                          ~~~~~~~~~~~~~~~~~~~~~~~~~~~~~~~~~~~~~~~^
        self,
        ^^^^^
    ...<4 lines>...
        conn,
        ^^^^^
    )
    ^
  File "C:\Users\conanferreira\AppData\Roaming\Python\Python313\site-packages\sqlalchemy\orm\context.py", line 306, in orm_execute_statement
    result = conn.execute(
        statement, params or {}, execution_options=execution_options
    )
  File "C:\Users\conanferreira\AppData\Roaming\Python\Python313\site-packages\sqlalchemy\engine\base.py", line 1421, in execute
    return meth(
        self,
        distilled_parameters,
        execution_options or NO_OPTIONS,
    )
  File "C:\Users\conanferreira\AppData\Roaming\Python\Python313\site-packages\sqlalchemy\sql\elements.py", line 526, in _execute_on_connection
    return connection._execute_clauseelement(
           ~~~~~~~~~~~~~~~~~~~~~~~~~~~~~~~~~^
        self, distilled_params, execution_options
        ^^^^^^^^^^^^^^^^^^^^^^^^^^^^^^^^^^^^^^^^^
    )
    ^
  File "C:\Users\conanferreira\AppData\Roaming\Python\Python313\site-packages\sqlalchemy\engine\base.py", line 1643, in _execute_clauseelement
    ret = self._execute_context(
        dialect,
    ...<8 lines>...
        cache_hit=cache_hit,
    )
  File "C:\Users\conanferreira\AppData\Roaming\Python\Python313\site-packages\sqlalchemy\engine\base.py", line 1848, in _execute_context
    return self._exec_single_context(
           ~~~~~~~~~~~~~~~~~~~~~~~~~^
        dialect, context, statement, parameters
        ^^^^^^^^^^^^^^^^^^^^^^^^^^^^^^^^^^^^^^^
    )
    ^
  File "C:\Users\conanferreira\AppData\Roaming\Python\Python313\site-packages\sqlalchemy\engine\base.py", line 1988, in _exec_single_context
    self._handle_dbapi_exception(
    ~~~~~~~~~~~~~~~~~~~~~~~~~~~~^
        e, str_statement, effective_parameters, cursor, context
        ^^^^^^^^^^^^^^^^^^^^^^^^^^^^^^^^^^^^^^^^^^^^^^^^^^^^^^^
    )
    ^
  File "C:\Users\conanferreira\AppData\Roaming\Python\Python313\site-packages\sqlalchemy\engine\base.py", line 2365, in _handle_dbapi_exception
    raise sqlalchemy_exception.with_traceback(exc_info[2]) from e
  File "C:\Users\conanferreira\AppData\Roaming\Python\Python313\site-packages\sqlalchemy\engine\base.py", line 1969, in _exec_single_context
    self.dialect.do_execute(
    ~~~~~~~~~~~~~~~~~~~~~~~^
        cursor, str_statement, effective_parameters, context
        ^^^^^^^^^^^^^^^^^^^^^^^^^^^^^^^^^^^^^^^^^^^^^^^^^^^^
    )
    ^
  File "C:\Users\conanferreira\AppData\Roaming\Python\Python313\site-packages\sqlalchemy\engine\default.py", line 952, in do_execute
    cursor.execute(statement, parameters)
    ~~~~~~~~~~~~~~^^^^^^^^^^^^^^^^^^^^^^^
sqlalchemy.exc.OperationalError: (sqlite3.OperationalError) no such table: users
[SQL: SELECT users.id, users.username, users.email, users.full_name, users.password_hash, users.role, users.is_active, users.created_at, users.updated_at 
FROM users 
WHERE users.username = ?]
[parameters: ('ocrtest_8b9af5b9',)]
(Background on this error at: https://sqlalche.me/e/20/e3q8)
2026-09-01 15:30:48 | ERROR    | app.main | Unhandled exception on POST /api/v1/auth/register
Traceback (most recent call last):
  File "C:\Users\conanferreira\AppData\Roaming\Python\Python313\site-packages\sqlalchemy\engine\base.py", line 1969, in _exec_single_context
    self.dialect.do_execute(
    ~~~~~~~~~~~~~~~~~~~~~~~^
        cursor, str_statement, effective_parameters, context
        ^^^^^^^^^^^^^^^^^^^^^^^^^^^^^^^^^^^^^^^^^^^^^^^^^^^^
    )
    ^
  File "C:\Users\conanferreira\AppData\Roaming\Python\Python313\site-packages\sqlalchemy\engine\default.py", line 952, in do_execute
    cursor.execute(statement, parameters)
    ~~~~~~~~~~~~~~^^^^^^^^^^^^^^^^^^^^^^^
sqlite3.OperationalError: no such table: users

The above exception was the direct cause of the following exception:

Traceback (most recent call last):
  File "C:\Users\conanferreira\AppData\Roaming\Python\Python313\site-packages\starlette\middleware\errors.py", line 164, in __call__
    await self.app(scope, receive, _send)
  File "C:\Users\conanferreira\AppData\Roaming\Python\Python313\site-packages\starlette\middleware\cors.py", line 88, in __call__
    await self.app(scope, receive, send)
  File "C:\Users\conanferreira\AppData\Roaming\Python\Python313\site-packages\starlette\middleware\exceptions.py", line 63, in __call__
    await wrap_app_handling_exceptions(self.app, conn)(scope, receive, send)
  File "C:\Users\conanferreira\AppData\Roaming\Python\Python313\site-packages\starlette\_exception_handler.py", line 53, in wrapped_app
    raise exc
  File "C:\Users\conanferreira\AppData\Roaming\Python\Python313\site-packages\starlette\_exception_handler.py", line 42, in wrapped_app
    await app(scope, receive, sender)
  File "C:\Users\conanferreira\AppData\Roaming\Python\Python313\site-packages\fastapi\middleware\asyncexitstack.py", line 18, in __call__
    await self.app(scope, receive, send)
  File "C:\Users\conanferreira\AppData\Roaming\Python\Python313\site-packages\starlette\routing.py", line 660, in __call__
    await self.middleware_stack(scope, receive, send)
  File "C:\Users\conanferreira\AppData\Roaming\Python\Python313\site-packages\starlette\routing.py", line 680, in app
    await route.handle(scope, receive, send)
  File "C:\Users\conanferreira\AppData\Roaming\Python\Python313\site-packages\fastapi\routing.py", line 1650, in handle
    await self.original_router.handle(scope, receive, send)
  File "C:\Users\conanferreira\AppData\Roaming\Python\Python313\site-packages\fastapi\routing.py", line 2102, in handle
    await included_router._handle_selected(scope, receive, send)
  File "C:\Users\conanferreira\AppData\Roaming\Python\Python313\site-packages\fastapi\routing.py", line 1670, in _handle_selected
    await original_route.handle(scope, receive, send)
  File "C:\Users\conanferreira\AppData\Roaming\Python\Python313\site-packages\fastapi\routing.py", line 1218, in handle
    await app(scope, receive, send)
  File "C:\Users\conanferreira\AppData\Roaming\Python\Python313\site-packages\fastapi\routing.py", line 143, in app
    await wrap_app_handling_exceptions(app, request)(scope, receive, send)
  File "C:\Users\conanferreira\AppData\Roaming\Python\Python313\site-packages\starlette\_exception_handler.py", line 53, in wrapped_app
    raise exc
  File "C:\Users\conanferreira\AppData\Roaming\Python\Python313\site-packages\starlette\_exception_handler.py", line 42, in wrapped_app
    await app(scope, receive, sender)
  File "C:\Users\conanferreira\AppData\Roaming\Python\Python313\site-packages\fastapi\routing.py", line 129, in app
    response = await f(request)
               ^^^^^^^^^^^^^^^^
  File "C:\Users\conanferreira\AppData\Roaming\Python\Python313\site-packages\fastapi\routing.py", line 683, in app
    raw_response = await run_endpoint_function(
                   ^^^^^^^^^^^^^^^^^^^^^^^^^^^^
    ...<3 lines>...
    )
    ^
  File "C:\Users\conanferreira\AppData\Roaming\Python\Python313\site-packages\fastapi\routing.py", line 339, in run_endpoint_function
    return await run_in_threadpool(dependant.call, **values)
           ^^^^^^^^^^^^^^^^^^^^^^^^^^^^^^^^^^^^^^^^^^^^^^^^^
  File "C:\Users\conanferreira\AppData\Roaming\Python\Python313\site-packages\starlette\concurrency.py", line 34, in run_in_threadpool
    return await anyio.to_thread.run_sync(func)
           ^^^^^^^^^^^^^^^^^^^^^^^^^^^^^^^^^^^^
  File "C:\Users\conanferreira\AppData\Roaming\Python\Python313\site-packages\anyio\to_thread.py", line 63, in run_sync
    return await get_async_backend().run_sync_in_worker_thread(
           ^^^^^^^^^^^^^^^^^^^^^^^^^^^^^^^^^^^^^^^^^^^^^^^^^^^^
        func, args, abandon_on_cancel=abandon_on_cancel, limiter=limiter
        ^^^^^^^^^^^^^^^^^^^^^^^^^^^^^^^^^^^^^^^^^^^^^^^^^^^^^^^^^^^^^^^^
    )
    ^
  File "C:\Users\conanferreira\AppData\Roaming\Python\Python313\site-packages\anyio\_backends\_asyncio.py", line 2592, in run_sync_in_worker_thread
    return await future
           ^^^^^^^^^^^^
  File "C:\Users\conanferreira\AppData\Roaming\Python\Python313\site-packages\anyio\_backends\_asyncio.py", line 1029, in run
    result = context.run(func, *args)
  File "C:\Users\conanferreira\Desktop\PROJECT-BLACKBOX\EFDI\backend\app\routers\auth.py", line 37, in register
    user = service.register(payload)
  File "C:\Users\conanferreira\Desktop\PROJECT-BLACKBOX\EFDI\backend\app\services\auth_service.py", line 28, in register
    if self.repo.get_by_username(payload.username):
       ~~~~~~~~~~~~~~~~~~~~~~~~~^^^^^^^^^^^^^^^^^^
  File "C:\Users\conanferreira\Desktop\PROJECT-BLACKBOX\EFDI\backend\app\repositories\user_repository.py", line 23, in get_by_username
    return self.db.execute(stmt).scalar_one_or_none()
           ~~~~~~~~~~~~~~~^^^^^^
  File "C:\Users\conanferreira\AppData\Roaming\Python\Python313\site-packages\sqlalchemy\orm\session.py", line 2373, in execute
    return self._execute_internal(
           ~~~~~~~~~~~~~~~~~~~~~~^
        statement,
        ^^^^^^^^^^
    ...<4 lines>...
        _add_event=_add_event,
        ^^^^^^^^^^^^^^^^^^^^^^
    )
    ^
  File "C:\Users\conanferreira\AppData\Roaming\Python\Python313\site-packages\sqlalchemy\orm\session.py", line 2271, in _execute_internal
    result: Result[Any] = compile_state_cls.orm_execute_statement(
                          ~~~~~~~~~~~~~~~~~~~~~~~~~~~~~~~~~~~~~~~^
        self,
        ^^^^^
    ...<4 lines>...
        conn,
        ^^^^^
    )
    ^
  File "C:\Users\conanferreira\AppData\Roaming\Python\Python313\site-packages\sqlalchemy\orm\context.py", line 306, in orm_execute_statement
    result = conn.execute(
        statement, params or {}, execution_options=execution_options
    )
  File "C:\Users\conanferreira\AppData\Roaming\Python\Python313\site-packages\sqlalchemy\engine\base.py", line 1421, in execute
    return meth(
        self,
        distilled_parameters,
        execution_options or NO_OPTIONS,
    )
  File "C:\Users\conanferreira\AppData\Roaming\Python\Python313\site-packages\sqlalchemy\sql\elements.py", line 526, in _execute_on_connection
    return connection._execute_clauseelement(
           ~~~~~~~~~~~~~~~~~~~~~~~~~~~~~~~~~^
        self, distilled_params, execution_options
        ^^^^^^^^^^^^^^^^^^^^^^^^^^^^^^^^^^^^^^^^^
    )
    ^
  File "C:\Users\conanferreira\AppData\Roaming\Python\Python313\site-packages\sqlalchemy\engine\base.py", line 1643, in _execute_clauseelement
    ret = self._execute_context(
        dialect,
    ...<8 lines>...
        cache_hit=cache_hit,
    )
  File "C:\Users\conanferreira\AppData\Roaming\Python\Python313\site-packages\sqlalchemy\engine\base.py", line 1848, in _execute_context
    return self._exec_single_context(
           ~~~~~~~~~~~~~~~~~~~~~~~~~^
        dialect, context, statement, parameters
        ^^^^^^^^^^^^^^^^^^^^^^^^^^^^^^^^^^^^^^^
    )
    ^
  File "C:\Users\conanferreira\AppData\Roaming\Python\Python313\site-packages\sqlalchemy\engine\base.py", line 1988, in _exec_single_context
    self._handle_dbapi_exception(
    ~~~~~~~~~~~~~~~~~~~~~~~~~~~~^
        e, str_statement, effective_parameters, cursor, context
        ^^^^^^^^^^^^^^^^^^^^^^^^^^^^^^^^^^^^^^^^^^^^^^^^^^^^^^^
    )
    ^
  File "C:\Users\conanferreira\AppData\Roaming\Python\Python313\site-packages\sqlalchemy\engine\base.py", line 2365, in _handle_dbapi_exception
    raise sqlalchemy_exception.with_traceback(exc_info[2]) from e
  File "C:\Users\conanferreira\AppData\Roaming\Python\Python313\site-packages\sqlalchemy\engine\base.py", line 1969, in _exec_single_context
    self.dialect.do_execute(
    ~~~~~~~~~~~~~~~~~~~~~~~^
        cursor, str_statement, effective_parameters, context
        ^^^^^^^^^^^^^^^^^^^^^^^^^^^^^^^^^^^^^^^^^^^^^^^^^^^^
    )
    ^
  File "C:\Users\conanferreira\AppData\Roaming\Python\Python313\site-packages\sqlalchemy\engine\default.py", line 952, in do_execute
    cursor.execute(statement, parameters)
    ~~~~~~~~~~~~~~^^^^^^^^^^^^^^^^^^^^^^^
sqlalchemy.exc.OperationalError: (sqlite3.OperationalError) no such table: users
[SQL: SELECT users.id, users.username, users.email, users.full_name, users.password_hash, users.role, users.is_active, users.created_at, users.updated_at 
FROM users 
WHERE users.username = ?]
[parameters: ('ocrtest_c2a67667',)]
(Background on this error at: https://sqlalche.me/e/20/e3q8)
2026-09-01 15:42:43 | ERROR    | app.main | Unhandled exception on POST /api/v1/auth/register
Traceback (most recent call last):
  File "C:\Users\conanferreira\AppData\Roaming\Python\Python313\site-packages\sqlalchemy\engine\base.py", line 1969, in _exec_single_context
    self.dialect.do_execute(
    ~~~~~~~~~~~~~~~~~~~~~~~^
        cursor, str_statement, effective_parameters, context
        ^^^^^^^^^^^^^^^^^^^^^^^^^^^^^^^^^^^^^^^^^^^^^^^^^^^^
    )
    ^
  File "C:\Users\conanferreira\AppData\Roaming\Python\Python313\site-packages\sqlalchemy\engine\default.py", line 952, in do_execute
    cursor.execute(statement, parameters)
    ~~~~~~~~~~~~~~^^^^^^^^^^^^^^^^^^^^^^^
sqlite3.OperationalError: no such table: users

The above exception was the direct cause of the following exception:

Traceback (most recent call last):
  File "C:\Users\conanferreira\AppData\Roaming\Python\Python313\site-packages\starlette\middleware\errors.py", line 164, in __call__
    await self.app(scope, receive, _send)
  File "C:\Users\conanferreira\AppData\Roaming\Python\Python313\site-packages\starlette\middleware\cors.py", line 88, in __call__
    await self.app(scope, receive, send)
  File "C:\Users\conanferreira\AppData\Roaming\Python\Python313\site-packages\starlette\middleware\exceptions.py", line 63, in __call__
    await wrap_app_handling_exceptions(self.app, conn)(scope, receive, send)
  File "C:\Users\conanferreira\AppData\Roaming\Python\Python313\site-packages\starlette\_exception_handler.py", line 53, in wrapped_app
    raise exc
  File "C:\Users\conanferreira\AppData\Roaming\Python\Python313\site-packages\starlette\_exception_handler.py", line 42, in wrapped_app
    await app(scope, receive, sender)
  File "C:\Users\conanferreira\AppData\Roaming\Python\Python313\site-packages\fastapi\middleware\asyncexitstack.py", line 18, in __call__
    await self.app(scope, receive, send)
  File "C:\Users\conanferreira\AppData\Roaming\Python\Python313\site-packages\starlette\routing.py", line 660, in __call__
    await self.middleware_stack(scope, receive, send)
  File "C:\Users\conanferreira\AppData\Roaming\Python\Python313\site-packages\starlette\routing.py", line 680, in app
    await route.handle(scope, receive, send)
  File "C:\Users\conanferreira\AppData\Roaming\Python\Python313\site-packages\fastapi\routing.py", line 1650, in handle
    await self.original_router.handle(scope, receive, send)
  File "C:\Users\conanferreira\AppData\Roaming\Python\Python313\site-packages\fastapi\routing.py", line 2102, in handle
    await included_router._handle_selected(scope, receive, send)
  File "C:\Users\conanferreira\AppData\Roaming\Python\Python313\site-packages\fastapi\routing.py", line 1670, in _handle_selected
    await original_route.handle(scope, receive, send)
  File "C:\Users\conanferreira\AppData\Roaming\Python\Python313\site-packages\fastapi\routing.py", line 1218, in handle
    await app(scope, receive, send)
  File "C:\Users\conanferreira\AppData\Roaming\Python\Python313\site-packages\fastapi\routing.py", line 143, in app
    await wrap_app_handling_exceptions(app, request)(scope, receive, send)
  File "C:\Users\conanferreira\AppData\Roaming\Python\Python313\site-packages\starlette\_exception_handler.py", line 53, in wrapped_app
    raise exc
  File "C:\Users\conanferreira\AppData\Roaming\Python\Python313\site-packages\starlette\_exception_handler.py", line 42, in wrapped_app
    await app(scope, receive, sender)
  File "C:\Users\conanferreira\AppData\Roaming\Python\Python313\site-packages\fastapi\routing.py", line 129, in app
    response = await f(request)
               ^^^^^^^^^^^^^^^^
  File "C:\Users\conanferreira\AppData\Roaming\Python\Python313\site-packages\fastapi\routing.py", line 683, in app
    raw_response = await run_endpoint_function(
                   ^^^^^^^^^^^^^^^^^^^^^^^^^^^^
    ...<3 lines>...
    )
    ^
  File "C:\Users\conanferreira\AppData\Roaming\Python\Python313\site-packages\fastapi\routing.py", line 339, in run_endpoint_function
    return await run_in_threadpool(dependant.call, **values)
           ^^^^^^^^^^^^^^^^^^^^^^^^^^^^^^^^^^^^^^^^^^^^^^^^^
  File "C:\Users\conanferreira\AppData\Roaming\Python\Python313\site-packages\starlette\concurrency.py", line 34, in run_in_threadpool
    return await anyio.to_thread.run_sync(func)
           ^^^^^^^^^^^^^^^^^^^^^^^^^^^^^^^^^^^^
  File "C:\Users\conanferreira\AppData\Roaming\Python\Python313\site-packages\anyio\to_thread.py", line 63, in run_sync
    return await get_async_backend().run_sync_in_worker_thread(
           ^^^^^^^^^^^^^^^^^^^^^^^^^^^^^^^^^^^^^^^^^^^^^^^^^^^^
        func, args, abandon_on_cancel=abandon_on_cancel, limiter=limiter
        ^^^^^^^^^^^^^^^^^^^^^^^^^^^^^^^^^^^^^^^^^^^^^^^^^^^^^^^^^^^^^^^^
    )
    ^
  File "C:\Users\conanferreira\AppData\Roaming\Python\Python313\site-packages\anyio\_backends\_asyncio.py", line 2592, in run_sync_in_worker_thread
    return await future
           ^^^^^^^^^^^^
  File "C:\Users\conanferreira\AppData\Roaming\Python\Python313\site-packages\anyio\_backends\_asyncio.py", line 1029, in run
    result = context.run(func, *args)
  File "C:\Users\conanferreira\Desktop\PROJECT-BLACKBOX\EFDI\backend\app\routers\auth.py", line 37, in register
    user = service.register(payload)
  File "C:\Users\conanferreira\Desktop\PROJECT-BLACKBOX\EFDI\backend\app\services\auth_service.py", line 28, in register
    if self.repo.get_by_username(payload.username):
       ~~~~~~~~~~~~~~~~~~~~~~~~~^^^^^^^^^^^^^^^^^^
  File "C:\Users\conanferreira\Desktop\PROJECT-BLACKBOX\EFDI\backend\app\repositories\user_repository.py", line 23, in get_by_username
    return self.db.execute(stmt).scalar_one_or_none()
           ~~~~~~~~~~~~~~~^^^^^^
  File "C:\Users\conanferreira\AppData\Roaming\Python\Python313\site-packages\sqlalchemy\orm\session.py", line 2373, in execute
    return self._execute_internal(
           ~~~~~~~~~~~~~~~~~~~~~~^
        statement,
        ^^^^^^^^^^
    ...<4 lines>...
        _add_event=_add_event,
        ^^^^^^^^^^^^^^^^^^^^^^
    )
    ^
  File "C:\Users\conanferreira\AppData\Roaming\Python\Python313\site-packages\sqlalchemy\orm\session.py", line 2271, in _execute_internal
    result: Result[Any] = compile_state_cls.orm_execute_statement(
                          ~~~~~~~~~~~~~~~~~~~~~~~~~~~~~~~~~~~~~~~^
        self,
        ^^^^^
    ...<4 lines>...
        conn,
        ^^^^^
    )
    ^
  File "C:\Users\conanferreira\AppData\Roaming\Python\Python313\site-packages\sqlalchemy\orm\context.py", line 306, in orm_execute_statement
    result = conn.execute(
        statement, params or {}, execution_options=execution_options
    )
  File "C:\Users\conanferreira\AppData\Roaming\Python\Python313\site-packages\sqlalchemy\engine\base.py", line 1421, in execute
    return meth(
        self,
        distilled_parameters,
        execution_options or NO_OPTIONS,
    )
  File "C:\Users\conanferreira\AppData\Roaming\Python\Python313\site-packages\sqlalchemy\sql\elements.py", line 526, in _execute_on_connection
    return connection._execute_clauseelement(
           ~~~~~~~~~~~~~~~~~~~~~~~~~~~~~~~~~^
        self, distilled_params, execution_options
        ^^^^^^^^^^^^^^^^^^^^^^^^^^^^^^^^^^^^^^^^^
    )
    ^
  File "C:\Users\conanferreira\AppData\Roaming\Python\Python313\site-packages\sqlalchemy\engine\base.py", line 1643, in _execute_clauseelement
    ret = self._execute_context(
        dialect,
    ...<8 lines>...
        cache_hit=cache_hit,
    )
  File "C:\Users\conanferreira\AppData\Roaming\Python\Python313\site-packages\sqlalchemy\engine\base.py", line 1848, in _execute_context
    return self._exec_single_context(
           ~~~~~~~~~~~~~~~~~~~~~~~~~^
        dialect, context, statement, parameters
        ^^^^^^^^^^^^^^^^^^^^^^^^^^^^^^^^^^^^^^^
    )
    ^
  File "C:\Users\conanferreira\AppData\Roaming\Python\Python313\site-packages\sqlalchemy\engine\base.py", line 1988, in _exec_single_context
    self._handle_dbapi_exception(
    ~~~~~~~~~~~~~~~~~~~~~~~~~~~~^
        e, str_statement, effective_parameters, cursor, context
        ^^^^^^^^^^^^^^^^^^^^^^^^^^^^^^^^^^^^^^^^^^^^^^^^^^^^^^^
    )
    ^
  File "C:\Users\conanferreira\AppData\Roaming\Python\Python313\site-packages\sqlalchemy\engine\base.py", line 2365, in _handle_dbapi_exception
    raise sqlalchemy_exception.with_traceback(exc_info[2]) from e
  File "C:\Users\conanferreira\AppData\Roaming\Python\Python313\site-packages\sqlalchemy\engine\base.py", line 1969, in _exec_single_context
    self.dialect.do_execute(
    ~~~~~~~~~~~~~~~~~~~~~~~^
        cursor, str_statement, effective_parameters, context
        ^^^^^^^^^^^^^^^^^^^^^^^^^^^^^^^^^^^^^^^^^^^^^^^^^^^^
    )
    ^
  File "C:\Users\conanferreira\AppData\Roaming\Python\Python313\site-packages\sqlalchemy\engine\default.py", line 952, in do_execute
    cursor.execute(statement, parameters)
    ~~~~~~~~~~~~~~^^^^^^^^^^^^^^^^^^^^^^^
sqlalchemy.exc.OperationalError: (sqlite3.OperationalError) no such table: users
[SQL: SELECT users.id, users.username, users.email, users.full_name, users.password_hash, users.role, users.is_active, users.created_at, users.updated_at 
FROM users 
WHERE users.username = ?]
[parameters: ('ocrtest_bb7e74c3',)]
(Background on this error at: https://sqlalche.me/e/20/e3q8)
2026-09-01 15:42:45 | ERROR    | app.main | Unhandled exception on POST /api/v1/auth/register
Traceback (most recent call last):
  File "C:\Users\conanferreira\AppData\Roaming\Python\Python313\site-packages\sqlalchemy\engine\base.py", line 1969, in _exec_single_context
    self.dialect.do_execute(
    ~~~~~~~~~~~~~~~~~~~~~~~^
        cursor, str_statement, effective_parameters, context
        ^^^^^^^^^^^^^^^^^^^^^^^^^^^^^^^^^^^^^^^^^^^^^^^^^^^^
    )
    ^
  File "C:\Users\conanferreira\AppData\Roaming\Python\Python313\site-packages\sqlalchemy\engine\default.py", line 952, in do_execute
    cursor.execute(statement, parameters)
    ~~~~~~~~~~~~~~^^^^^^^^^^^^^^^^^^^^^^^
sqlite3.OperationalError: no such table: users

The above exception was the direct cause of the following exception:

Traceback (most recent call last):
  File "C:\Users\conanferreira\AppData\Roaming\Python\Python313\site-packages\starlette\middleware\errors.py", line 164, in __call__
    await self.app(scope, receive, _send)
  File "C:\Users\conanferreira\AppData\Roaming\Python\Python313\site-packages\starlette\middleware\cors.py", line 88, in __call__
    await self.app(scope, receive, send)
  File "C:\Users\conanferreira\AppData\Roaming\Python\Python313\site-packages\starlette\middleware\exceptions.py", line 63, in __call__
    await wrap_app_handling_exceptions(self.app, conn)(scope, receive, send)
  File "C:\Users\conanferreira\AppData\Roaming\Python\Python313\site-packages\starlette\_exception_handler.py", line 53, in wrapped_app
    raise exc
  File "C:\Users\conanferreira\AppData\Roaming\Python\Python313\site-packages\starlette\_exception_handler.py", line 42, in wrapped_app
    await app(scope, receive, sender)
  File "C:\Users\conanferreira\AppData\Roaming\Python\Python313\site-packages\fastapi\middleware\asyncexitstack.py", line 18, in __call__
    await self.app(scope, receive, send)
  File "C:\Users\conanferreira\AppData\Roaming\Python\Python313\site-packages\starlette\routing.py", line 660, in __call__
    await self.middleware_stack(scope, receive, send)
  File "C:\Users\conanferreira\AppData\Roaming\Python\Python313\site-packages\starlette\routing.py", line 680, in app
    await route.handle(scope, receive, send)
  File "C:\Users\conanferreira\AppData\Roaming\Python\Python313\site-packages\fastapi\routing.py", line 1650, in handle
    await self.original_router.handle(scope, receive, send)
  File "C:\Users\conanferreira\AppData\Roaming\Python\Python313\site-packages\fastapi\routing.py", line 2102, in handle
    await included_router._handle_selected(scope, receive, send)
  File "C:\Users\conanferreira\AppData\Roaming\Python\Python313\site-packages\fastapi\routing.py", line 1670, in _handle_selected
    await original_route.handle(scope, receive, send)
  File "C:\Users\conanferreira\AppData\Roaming\Python\Python313\site-packages\fastapi\routing.py", line 1218, in handle
    await app(scope, receive, send)
  File "C:\Users\conanferreira\AppData\Roaming\Python\Python313\site-packages\fastapi\routing.py", line 143, in app
    await wrap_app_handling_exceptions(app, request)(scope, receive, send)
  File "C:\Users\conanferreira\AppData\Roaming\Python\Python313\site-packages\starlette\_exception_handler.py", line 53, in wrapped_app
    raise exc
  File "C:\Users\conanferreira\AppData\Roaming\Python\Python313\site-packages\starlette\_exception_handler.py", line 42, in wrapped_app
    await app(scope, receive, sender)
  File "C:\Users\conanferreira\AppData\Roaming\Python\Python313\site-packages\fastapi\routing.py", line 129, in app
    response = await f(request)
               ^^^^^^^^^^^^^^^^
  File "C:\Users\conanferreira\AppData\Roaming\Python\Python313\site-packages\fastapi\routing.py", line 683, in app
    raw_response = await run_endpoint_function(
                   ^^^^^^^^^^^^^^^^^^^^^^^^^^^^
    ...<3 lines>...
    )
    ^
  File "C:\Users\conanferreira\AppData\Roaming\Python\Python313\site-packages\fastapi\routing.py", line 339, in run_endpoint_function
    return await run_in_threadpool(dependant.call, **values)
           ^^^^^^^^^^^^^^^^^^^^^^^^^^^^^^^^^^^^^^^^^^^^^^^^^
  File "C:\Users\conanferreira\AppData\Roaming\Python\Python313\site-packages\starlette\concurrency.py", line 34, in run_in_threadpool
    return await anyio.to_thread.run_sync(func)
           ^^^^^^^^^^^^^^^^^^^^^^^^^^^^^^^^^^^^
  File "C:\Users\conanferreira\AppData\Roaming\Python\Python313\site-packages\anyio\to_thread.py", line 63, in run_sync
    return await get_async_backend().run_sync_in_worker_thread(
           ^^^^^^^^^^^^^^^^^^^^^^^^^^^^^^^^^^^^^^^^^^^^^^^^^^^^
        func, args, abandon_on_cancel=abandon_on_cancel, limiter=limiter
        ^^^^^^^^^^^^^^^^^^^^^^^^^^^^^^^^^^^^^^^^^^^^^^^^^^^^^^^^^^^^^^^^
    )
    ^
  File "C:\Users\conanferreira\AppData\Roaming\Python\Python313\site-packages\anyio\_backends\_asyncio.py", line 2592, in run_sync_in_worker_thread
    return await future
           ^^^^^^^^^^^^
  File "C:\Users\conanferreira\AppData\Roaming\Python\Python313\site-packages\anyio\_backends\_asyncio.py", line 1029, in run
    result = context.run(func, *args)
  File "C:\Users\conanferreira\Desktop\PROJECT-BLACKBOX\EFDI\backend\app\routers\auth.py", line 37, in register
    user = service.register(payload)
  File "C:\Users\conanferreira\Desktop\PROJECT-BLACKBOX\EFDI\backend\app\services\auth_service.py", line 28, in register
    if self.repo.get_by_username(payload.username):
       ~~~~~~~~~~~~~~~~~~~~~~~~~^^^^^^^^^^^^^^^^^^
  File "C:\Users\conanferreira\Desktop\PROJECT-BLACKBOX\EFDI\backend\app\repositories\user_repository.py", line 23, in get_by_username
    return self.db.execute(stmt).scalar_one_or_none()
           ~~~~~~~~~~~~~~~^^^^^^
  File "C:\Users\conanferreira\AppData\Roaming\Python\Python313\site-packages\sqlalchemy\orm\session.py", line 2373, in execute
    return self._execute_internal(
           ~~~~~~~~~~~~~~~~~~~~~~^
        statement,
        ^^^^^^^^^^
    ...<4 lines>...
        _add_event=_add_event,
        ^^^^^^^^^^^^^^^^^^^^^^
    )
    ^
  File "C:\Users\conanferreira\AppData\Roaming\Python\Python313\site-packages\sqlalchemy\orm\session.py", line 2271, in _execute_internal
    result: Result[Any] = compile_state_cls.orm_execute_statement(
                          ~~~~~~~~~~~~~~~~~~~~~~~~~~~~~~~~~~~~~~~^
        self,
        ^^^^^
    ...<4 lines>...
        conn,
        ^^^^^
    )
    ^
  File "C:\Users\conanferreira\AppData\Roaming\Python\Python313\site-packages\sqlalchemy\orm\context.py", line 306, in orm_execute_statement
    result = conn.execute(
        statement, params or {}, execution_options=execution_options
    )
  File "C:\Users\conanferreira\AppData\Roaming\Python\Python313\site-packages\sqlalchemy\engine\base.py", line 1421, in execute
    return meth(
        self,
        distilled_parameters,
        execution_options or NO_OPTIONS,
    )
  File "C:\Users\conanferreira\AppData\Roaming\Python\Python313\site-packages\sqlalchemy\sql\elements.py", line 526, in _execute_on_connection
    return connection._execute_clauseelement(
           ~~~~~~~~~~~~~~~~~~~~~~~~~~~~~~~~~^
        self, distilled_params, execution_options
        ^^^^^^^^^^^^^^^^^^^^^^^^^^^^^^^^^^^^^^^^^
    )
    ^
  File "C:\Users\conanferreira\AppData\Roaming\Python\Python313\site-packages\sqlalchemy\engine\base.py", line 1643, in _execute_clauseelement
    ret = self._execute_context(
        dialect,
    ...<8 lines>...
        cache_hit=cache_hit,
    )
  File "C:\Users\conanferreira\AppData\Roaming\Python\Python313\site-packages\sqlalchemy\engine\base.py", line 1848, in _execute_context
    return self._exec_single_context(
           ~~~~~~~~~~~~~~~~~~~~~~~~~^
        dialect, context, statement, parameters
        ^^^^^^^^^^^^^^^^^^^^^^^^^^^^^^^^^^^^^^^
    )
    ^
  File "C:\Users\conanferreira\AppData\Roaming\Python\Python313\site-packages\sqlalchemy\engine\base.py", line 1988, in _exec_single_context
    self._handle_dbapi_exception(
    ~~~~~~~~~~~~~~~~~~~~~~~~~~~~^
        e, str_statement, effective_parameters, cursor, context
        ^^^^^^^^^^^^^^^^^^^^^^^^^^^^^^^^^^^^^^^^^^^^^^^^^^^^^^^
    )
    ^
  File "C:\Users\conanferreira\AppData\Roaming\Python\Python313\site-packages\sqlalchemy\engine\base.py", line 2365, in _handle_dbapi_exception
    raise sqlalchemy_exception.with_traceback(exc_info[2]) from e
  File "C:\Users\conanferreira\AppData\Roaming\Python\Python313\site-packages\sqlalchemy\engine\base.py", line 1969, in _exec_single_context
    self.dialect.do_execute(
    ~~~~~~~~~~~~~~~~~~~~~~~^
        cursor, str_statement, effective_parameters, context
        ^^^^^^^^^^^^^^^^^^^^^^^^^^^^^^^^^^^^^^^^^^^^^^^^^^^^
    )
    ^
  File "C:\Users\conanferreira\AppData\Roaming\Python\Python313\site-packages\sqlalchemy\engine\default.py", line 952, in do_execute
    cursor.execute(statement, parameters)
    ~~~~~~~~~~~~~~^^^^^^^^^^^^^^^^^^^^^^^
sqlalchemy.exc.OperationalError: (sqlite3.OperationalError) no such table: users
[SQL: SELECT users.id, users.username, users.email, users.full_name, users.password_hash, users.role, users.is_active, users.created_at, users.updated_at 
FROM users 
WHERE users.username = ?]
[parameters: ('ocrtest_96ca0ef0',)]
(Background on this error at: https://sqlalche.me/e/20/e3q8)
2026-09-01 15:47:36 | INFO     | app.services.auth_service | New user registered: username=ocrtest_884845ed role=FINANCE_ANALYST
2026-09-01 15:47:36 | INFO     | httpx | HTTP Request: POST http://testserver/api/v1/auth/register "HTTP/1.1 201 Created"
2026-09-01 15:47:36 | INFO     | app.services.auth_service | User logged in: username=ocrtest_884845ed
2026-09-01 15:47:36 | INFO     | httpx | HTTP Request: POST http://testserver/api/v1/auth/login "HTTP/1.1 200 OK"
2026-09-01 15:47:36 | INFO     | app.services.document_service | Document uploaded: id=1 filename=invoice_51109301.pdf by_user=ocrtest_884845ed
2026-09-01 15:47:36 | INFO     | httpx | HTTP Request: POST http://testserver/api/v1/documents/upload "HTTP/1.1 201 Created"
2026-09-01 15:47:45 | INFO     | app.ocr.easyocr_engine | Loading EasyOCR engine (langs=['en'], gpu=False)...
2026-09-01 15:47:45 | WARNING  | easyocr.easyocr | Using CPU. Note: This module is much faster with a GPU.
2026-09-01 15:47:47 | INFO     | app.ocr.easyocr_engine | EasyOCR engine loaded successfully.
2026-09-01 15:48:13 | INFO     | app.services.ocr_service | OCR completed: document_id=1 engine=easyocr pages=1 avg_confidence=0.86 time_ms=36114 status=OCR_COMPLETED
2026-09-01 15:48:13 | INFO     | httpx | HTTP Request: POST http://testserver/api/v1/ocr/documents/1/run "HTTP/1.1 201 Created"
2026-09-01 15:48:13 | INFO     | app.services.auth_service | New user registered: username=ocrtest_afa668cc role=FINANCE_ANALYST
2026-09-01 15:48:13 | INFO     | httpx | HTTP Request: POST http://testserver/api/v1/auth/register "HTTP/1.1 201 Created"
2026-09-01 15:48:14 | INFO     | app.services.auth_service | User logged in: username=ocrtest_afa668cc
2026-09-01 15:48:14 | INFO     | httpx | HTTP Request: POST http://testserver/api/v1/auth/login "HTTP/1.1 200 OK"
2026-09-01 15:48:14 | WARNING  | app.main | Handled exception on POST /api/v1/documents/upload: Uploaded file is empty
2026-09-01 15:48:14 | INFO     | httpx | HTTP Request: POST http://testserver/api/v1/documents/upload "HTTP/1.1 422 Unprocessable Entity"
2026-09-01 15:48:41 | INFO     | app.services.auth_service | New user registered: username=ocrtest_9b4473a7 role=FINANCE_ANALYST
2026-09-01 15:48:41 | INFO     | httpx | HTTP Request: POST http://testserver/api/v1/auth/register "HTTP/1.1 201 Created"
2026-09-01 15:48:41 | INFO     | app.services.auth_service | User logged in: username=ocrtest_9b4473a7
2026-09-01 15:48:41 | INFO     | httpx | HTTP Request: POST http://testserver/api/v1/auth/login "HTTP/1.1 200 OK"
2026-09-01 15:48:41 | INFO     | app.services.document_service | Document uploaded: id=2 filename=invoice_51109301.pdf by_user=ocrtest_9b4473a7
2026-09-01 15:48:41 | INFO     | httpx | HTTP Request: POST http://testserver/api/v1/documents/upload "HTTP/1.1 201 Created"
2026-09-01 15:48:50 | INFO     | app.ocr.easyocr_engine | Loading EasyOCR engine (langs=['en'], gpu=False)...
2026-09-01 15:48:50 | WARNING  | easyocr.easyocr | Using CPU. Note: This module is much faster with a GPU.
2026-09-01 15:48:53 | INFO     | app.ocr.easyocr_engine | EasyOCR engine loaded successfully.
2026-09-01 15:49:14 | INFO     | app.services.auth_service | New user registered: username=ocrtest_29a380f4 role=FINANCE_ANALYST
2026-09-01 15:49:14 | INFO     | httpx | HTTP Request: POST http://testserver/api/v1/auth/register "HTTP/1.1 201 Created"
2026-09-01 15:49:15 | INFO     | app.services.auth_service | User logged in: username=ocrtest_29a380f4
2026-09-01 15:49:15 | INFO     | httpx | HTTP Request: POST http://testserver/api/v1/auth/login "HTTP/1.1 200 OK"
2026-09-01 15:49:15 | INFO     | app.services.document_service | Document uploaded: id=3 filename=invoice_51109301.pdf by_user=ocrtest_29a380f4
2026-09-01 15:49:15 | INFO     | httpx | HTTP Request: POST http://testserver/api/v1/documents/upload "HTTP/1.1 201 Created"
2026-09-01 15:49:21 | INFO     | app.services.ocr_service | OCR completed: document_id=2 engine=easyocr pages=1 avg_confidence=0.86 time_ms=38895 status=OCR_COMPLETED
2026-09-01 15:49:21 | INFO     | httpx | HTTP Request: POST http://testserver/api/v1/ocr/documents/2/run "HTTP/1.1 201 Created"
2026-09-01 15:49:21 | INFO     | app.services.auth_service | New user registered: username=ocrtest_86666902 role=FINANCE_ANALYST
2026-09-01 15:49:21 | INFO     | httpx | HTTP Request: POST http://testserver/api/v1/auth/register "HTTP/1.1 201 Created"
2026-09-01 15:49:21 | INFO     | app.services.auth_service | User logged in: username=ocrtest_86666902
2026-09-01 15:49:21 | INFO     | httpx | HTTP Request: POST http://testserver/api/v1/auth/login "HTTP/1.1 200 OK"
2026-09-01 15:49:21 | INFO     | app.services.document_service | Document uploaded: id=4 filename=corrupt.pdf by_user=ocrtest_86666902
2026-09-01 15:49:21 | INFO     | httpx | HTTP Request: POST http://testserver/api/v1/documents/upload "HTTP/1.1 201 Created"
2026-09-01 15:49:22 | ERROR    | app.services.ocr_service | OCR failed for document 4
Traceback (most recent call last):
  File "C:\Users\conanferreira\Desktop\PROJECT-BLACKBOX\EFDI\backend\app\services\ocr_service.py", line 57, in run_ocr
    engine = get_ocr_engine(engine_name)
  File "C:\Users\conanferreira\Desktop\PROJECT-BLACKBOX\EFDI\backend\app\ocr\factory.py", line 46, in get_ocr_engine
    raise ValidationFailedException(
        f"Unknown OCR engine '{engine_name}'. Supported engines: {list(SUPPORTED_ENGINES)}"
    )
app.core.exceptions.ValidationFailedException: Unknown OCR engine 'nonexistent_engine'. Supported engines: ['easyocr', 'stub']
2026-09-01 15:49:22 | WARNING  | app.main | Handled exception on POST /api/v1/ocr/documents/4/run: Unknown OCR engine 'nonexistent_engine'. Supported engines: ['easyocr', 'stub']
2026-09-01 15:49:22 | INFO     | httpx | HTTP Request: POST http://testserver/api/v1/ocr/documents/4/run "HTTP/1.1 422 Unprocessable Entity"
2026-09-01 15:49:24 | INFO     | app.ocr.easyocr_engine | Loading EasyOCR engine (langs=['en'], gpu=False)...
2026-09-01 15:49:24 | WARNING  | easyocr.easyocr | Using CPU. Note: This module is much faster with a GPU.
2026-09-01 15:49:27 | INFO     | app.ocr.easyocr_engine | EasyOCR engine loaded successfully.
2026-09-01 15:49:34 | INFO     | app.services.auth_service | New user registered: username=ocrtest_d39b820d role=FINANCE_ANALYST
2026-09-01 15:49:34 | INFO     | httpx | HTTP Request: POST http://testserver/api/v1/auth/register "HTTP/1.1 201 Created"
2026-09-01 15:49:34 | INFO     | app.services.auth_service | User logged in: username=ocrtest_d39b820d
2026-09-01 15:49:34 | INFO     | httpx | HTTP Request: POST http://testserver/api/v1/auth/login "HTTP/1.1 200 OK"
2026-09-01 15:49:35 | INFO     | app.services.document_service | Document uploaded: id=5 filename=invoice_51109301.pdf by_user=ocrtest_d39b820d
2026-09-01 15:49:35 | INFO     | httpx | HTTP Request: POST http://testserver/api/v1/documents/upload "HTTP/1.1 201 Created"
2026-09-01 15:49:49 | INFO     | app.ocr.easyocr_engine | Loading EasyOCR engine (langs=['en'], gpu=False)...
2026-09-01 15:49:49 | WARNING  | easyocr.easyocr | Using CPU. Note: This module is much faster with a GPU.
2026-09-01 15:49:53 | INFO     | app.ocr.easyocr_engine | EasyOCR engine loaded successfully.
2026-09-01 15:50:04 | INFO     | app.services.ocr_service | OCR completed: document_id=3 engine=easyocr pages=1 avg_confidence=0.86 time_ms=48108 status=OCR_COMPLETED
2026-09-01 15:50:04 | INFO     | httpx | HTTP Request: POST http://testserver/api/v1/ocr/documents/3/run "HTTP/1.1 201 Created"
2026-09-01 15:50:04 | INFO     | app.services.auth_service | New user registered: username=ocrtest_dda749c7 role=FINANCE_ANALYST
2026-09-01 15:50:04 | INFO     | httpx | HTTP Request: POST http://testserver/api/v1/auth/register "HTTP/1.1 201 Created"
2026-09-01 15:50:05 | INFO     | app.services.auth_service | User logged in: username=ocrtest_dda749c7
2026-09-01 15:50:05 | INFO     | httpx | HTTP Request: POST http://testserver/api/v1/auth/login "HTTP/1.1 200 OK"
2026-09-01 15:50:05 | INFO     | app.services.document_service | Document uploaded: id=6 filename=corrupt.pdf by_user=ocrtest_dda749c7
2026-09-01 15:50:05 | INFO     | httpx | HTTP Request: POST http://testserver/api/v1/documents/upload "HTTP/1.1 201 Created"
2026-09-01 15:50:05 | ERROR    | app.services.ocr_service | OCR failed for document 6
Traceback (most recent call last):
  File "C:\Users\conanferreira\Desktop\PROJECT-BLACKBOX\EFDI\backend\app\services\ocr_service.py", line 57, in run_ocr
    engine = get_ocr_engine(engine_name)
  File "C:\Users\conanferreira\Desktop\PROJECT-BLACKBOX\EFDI\backend\app\ocr\factory.py", line 46, in get_ocr_engine
    raise ValidationFailedException(
        f"Unknown OCR engine '{engine_name}'. Supported engines: {list(SUPPORTED_ENGINES)}"
    )
app.core.exceptions.ValidationFailedException: Unknown OCR engine 'nonexistent_engine'. Supported engines: ['easyocr', 'stub']
2026-09-01 15:50:05 | WARNING  | app.main | Handled exception on POST /api/v1/ocr/documents/6/run: Unknown OCR engine 'nonexistent_engine'. Supported engines: ['easyocr', 'stub']
2026-09-01 15:50:05 | INFO     | httpx | HTTP Request: POST http://testserver/api/v1/ocr/documents/6/run "HTTP/1.1 422 Unprocessable Entity"
2026-09-01 15:50:21 | INFO     | app.services.ocr_service | OCR completed: document_id=5 engine=easyocr pages=1 avg_confidence=0.86 time_ms=46315 status=OCR_COMPLETED
2026-09-01 15:50:21 | INFO     | httpx | HTTP Request: POST http://testserver/api/v1/ocr/documents/5/run "HTTP/1.1 201 Created"
2026-09-01 15:50:22 | INFO     | app.services.auth_service | New user registered: username=ocrtest_5401cf17 role=FINANCE_ANALYST
2026-09-01 15:50:22 | INFO     | httpx | HTTP Request: POST http://testserver/api/v1/auth/register "HTTP/1.1 201 Created"
2026-09-01 15:50:22 | INFO     | app.services.auth_service | User logged in: username=ocrtest_5401cf17
2026-09-01 15:50:22 | INFO     | httpx | HTTP Request: POST http://testserver/api/v1/auth/login "HTTP/1.1 200 OK"
2026-09-01 15:50:22 | INFO     | app.services.document_service | Document uploaded: id=7 filename=corrupt.pdf by_user=ocrtest_5401cf17
2026-09-01 15:50:22 | INFO     | httpx | HTTP Request: POST http://testserver/api/v1/documents/upload "HTTP/1.1 201 Created"
2026-09-01 15:50:22 | ERROR    | app.services.ocr_service | OCR failed for document 7
Traceback (most recent call last):
  File "C:\Users\conanferreira\Desktop\PROJECT-BLACKBOX\EFDI\backend\app\services\ocr_service.py", line 57, in run_ocr
    engine = get_ocr_engine(engine_name)
  File "C:\Users\conanferreira\Desktop\PROJECT-BLACKBOX\EFDI\backend\app\ocr\factory.py", line 46, in get_ocr_engine
    raise ValidationFailedException(
        f"Unknown OCR engine '{engine_name}'. Supported engines: {list(SUPPORTED_ENGINES)}"
    )
app.core.exceptions.ValidationFailedException: Unknown OCR engine 'nonexistent_engine'. Supported engines: ['easyocr', 'stub']
2026-09-01 15:50:22 | WARNING  | app.main | Handled exception on POST /api/v1/ocr/documents/7/run: Unknown OCR engine 'nonexistent_engine'. Supported engines: ['easyocr', 'stub']
2026-09-01 15:50:22 | INFO     | httpx | HTTP Request: POST http://testserver/api/v1/ocr/documents/7/run "HTTP/1.1 422 Unprocessable Entity"
2026-09-01 15:50:48 | INFO     | app.services.auth_service | New user registered: username=ocrtest_ee66bbac role=FINANCE_ANALYST
2026-09-01 15:50:48 | INFO     | httpx | HTTP Request: POST http://testserver/api/v1/auth/register "HTTP/1.1 201 Created"
2026-09-01 15:50:49 | INFO     | app.services.auth_service | User logged in: username=ocrtest_ee66bbac
2026-09-01 15:50:49 | INFO     | httpx | HTTP Request: POST http://testserver/api/v1/auth/login "HTTP/1.1 200 OK"
2026-09-01 15:50:49 | INFO     | app.services.document_service | Document uploaded: id=8 filename=invoice_51109301.pdf by_user=ocrtest_ee66bbac
2026-09-01 15:50:49 | INFO     | httpx | HTTP Request: POST http://testserver/api/v1/documents/upload "HTTP/1.1 201 Created"
2026-09-01 15:50:59 | INFO     | app.ocr.easyocr_engine | Loading EasyOCR engine (langs=['en'], gpu=False)...
2026-09-01 15:50:59 | WARNING  | easyocr.easyocr | Using CPU. Note: This module is much faster with a GPU.
2026-09-01 15:51:01 | INFO     | app.ocr.easyocr_engine | EasyOCR engine loaded successfully.
2026-09-01 15:51:30 | INFO     | app.services.ocr_service | OCR completed: document_id=8 engine=easyocr pages=1 avg_confidence=0.86 time_ms=40617 status=OCR_COMPLETED
2026-09-01 15:51:30 | INFO     | httpx | HTTP Request: POST http://testserver/api/v1/ocr/documents/8/run "HTTP/1.1 201 Created"
2026-09-01 15:51:30 | INFO     | app.services.auth_service | New user registered: username=ocrtest_92873341 role=FINANCE_ANALYST
2026-09-01 15:51:30 | INFO     | httpx | HTTP Request: POST http://testserver/api/v1/auth/register "HTTP/1.1 201 Created"
2026-09-01 15:51:31 | INFO     | app.services.auth_service | User logged in: username=ocrtest_92873341
2026-09-01 15:51:31 | INFO     | httpx | HTTP Request: POST http://testserver/api/v1/auth/login "HTTP/1.1 200 OK"
2026-09-01 15:51:31 | INFO     | app.services.document_service | Document uploaded: id=9 filename=corrupt.pdf by_user=ocrtest_92873341
2026-09-01 15:51:31 | INFO     | httpx | HTTP Request: POST http://testserver/api/v1/documents/upload "HTTP/1.1 201 Created"
2026-09-01 15:51:31 | ERROR    | app.services.ocr_service | OCR failed for document 9
Traceback (most recent call last):
  File "C:\Users\conanferreira\Desktop\PROJECT-BLACKBOX\EFDI\backend\app\services\ocr_service.py", line 57, in run_ocr
    engine = get_ocr_engine(engine_name)
  File "C:\Users\conanferreira\Desktop\PROJECT-BLACKBOX\EFDI\backend\app\ocr\factory.py", line 46, in get_ocr_engine
    raise ValidationFailedException(
        f"Unknown OCR engine '{engine_name}'. Supported engines: {list(SUPPORTED_ENGINES)}"
    )
app.core.exceptions.ValidationFailedException: Unknown OCR engine 'nonexistent_engine'. Supported engines: ['easyocr', 'stub']
2026-09-01 15:51:31 | WARNING  | app.main | Handled exception on POST /api/v1/ocr/documents/9/run: Unknown OCR engine 'nonexistent_engine'. Supported engines: ['easyocr', 'stub']
2026-09-01 15:51:31 | INFO     | httpx | HTTP Request: POST http://testserver/api/v1/ocr/documents/9/run "HTTP/1.1 422 Unprocessable Entity"
2026-09-01 16:02:47 | INFO     | app.services.auth_service | New user registered: username=ocrtest_482975a3 role=FINANCE_ANALYST
2026-09-01 16:02:47 | INFO     | httpx | HTTP Request: POST http://testserver/api/v1/auth/register "HTTP/1.1 201 Created"
2026-09-01 16:02:47 | INFO     | app.services.auth_service | User logged in: username=ocrtest_482975a3
2026-09-01 16:02:47 | INFO     | httpx | HTTP Request: POST http://testserver/api/v1/auth/login "HTTP/1.1 200 OK"
2026-09-01 16:02:47 | INFO     | app.services.document_service | Document uploaded: id=10 filename=invoice_51109301.pdf by_user=ocrtest_482975a3
2026-09-01 16:02:47 | INFO     | httpx | HTTP Request: POST http://testserver/api/v1/documents/upload "HTTP/1.1 201 Created"
2026-09-01 16:02:55 | INFO     | app.ocr.easyocr_engine | Loading EasyOCR engine (langs=['en'], gpu=False)...
2026-09-01 16:02:55 | WARNING  | easyocr.easyocr | Using CPU. Note: This module is much faster with a GPU.
2026-09-01 16:02:59 | INFO     | app.ocr.easyocr_engine | EasyOCR engine loaded successfully.
2026-09-01 16:03:11 | INFO     | app.services.auth_service | New user registered: username=ocrtest_7ee08d2a role=FINANCE_ANALYST
2026-09-01 16:03:11 | INFO     | httpx | HTTP Request: POST http://testserver/api/v1/auth/register "HTTP/1.1 201 Created"
2026-09-01 16:03:11 | INFO     | app.services.auth_service | User logged in: username=ocrtest_7ee08d2a
2026-09-01 16:03:11 | INFO     | httpx | HTTP Request: POST http://testserver/api/v1/auth/login "HTTP/1.1 200 OK"
2026-09-01 16:03:11 | INFO     | app.services.document_service | Document uploaded: id=11 filename=invoice_51109301.pdf by_user=ocrtest_7ee08d2a
2026-09-01 16:03:11 | INFO     | httpx | HTTP Request: POST http://testserver/api/v1/documents/upload "HTTP/1.1 201 Created"
2026-09-01 16:03:25 | INFO     | app.ocr.easyocr_engine | Loading EasyOCR engine (langs=['en'], gpu=False)...
2026-09-01 16:03:25 | WARNING  | easyocr.easyocr | Using CPU. Note: This module is much faster with a GPU.
2026-09-01 16:03:29 | INFO     | app.ocr.easyocr_engine | EasyOCR engine loaded successfully.
2026-09-01 16:03:37 | INFO     | app.services.ocr_service | OCR completed: document_id=10 engine=easyocr pages=1 avg_confidence=0.86 time_ms=49689 status=OCR_COMPLETED
2026-09-01 16:03:38 | INFO     | httpx | HTTP Request: POST http://testserver/api/v1/ocr/documents/10/run "HTTP/1.1 201 Created"
2026-09-01 16:03:38 | INFO     | app.services.auth_service | New user registered: username=ocrtest_f7927f03 role=FINANCE_ANALYST
2026-09-01 16:03:38 | INFO     | httpx | HTTP Request: POST http://testserver/api/v1/auth/register "HTTP/1.1 201 Created"
2026-09-01 16:03:39 | INFO     | app.services.auth_service | User logged in: username=ocrtest_f7927f03
2026-09-01 16:03:39 | INFO     | httpx | HTTP Request: POST http://testserver/api/v1/auth/login "HTTP/1.1 200 OK"
2026-09-01 16:03:39 | INFO     | app.services.document_service | Document uploaded: id=12 filename=corrupt.pdf by_user=ocrtest_f7927f03
2026-09-01 16:03:39 | INFO     | httpx | HTTP Request: POST http://testserver/api/v1/documents/upload "HTTP/1.1 201 Created"
2026-09-01 16:03:39 | ERROR    | app.services.ocr_service | OCR failed for document 12
Traceback (most recent call last):
  File "C:\Users\conanferreira\Desktop\PROJECT-BLACKBOX\EFDI\backend\app\services\ocr_service.py", line 57, in run_ocr
    engine = get_ocr_engine(engine_name)
  File "C:\Users\conanferreira\Desktop\PROJECT-BLACKBOX\EFDI\backend\app\ocr\factory.py", line 46, in get_ocr_engine
    raise ValidationFailedException(
        f"Unknown OCR engine '{engine_name}'. Supported engines: {list(SUPPORTED_ENGINES)}"
    )
app.core.exceptions.ValidationFailedException: Unknown OCR engine 'nonexistent_engine'. Supported engines: ['easyocr', 'stub']
2026-09-01 16:03:39 | WARNING  | app.main | Handled exception on POST /api/v1/ocr/documents/12/run: Unknown OCR engine 'nonexistent_engine'. Supported engines: ['easyocr', 'stub']
2026-09-01 16:03:39 | INFO     | httpx | HTTP Request: POST http://testserver/api/v1/ocr/documents/12/run "HTTP/1.1 422 Unprocessable Entity"
2026-09-01 16:03:57 | INFO     | app.services.ocr_service | OCR completed: document_id=11 engine=easyocr pages=1 avg_confidence=0.86 time_ms=45283 status=OCR_COMPLETED
2026-09-01 16:03:57 | INFO     | httpx | HTTP Request: POST http://testserver/api/v1/ocr/documents/11/run "HTTP/1.1 201 Created"
2026-09-01 16:03:58 | INFO     | app.services.auth_service | New user registered: username=ocrtest_0bea87dc role=FINANCE_ANALYST
2026-09-01 16:03:58 | INFO     | httpx | HTTP Request: POST http://testserver/api/v1/auth/register "HTTP/1.1 201 Created"
2026-09-01 16:03:58 | INFO     | app.services.auth_service | User logged in: username=ocrtest_0bea87dc
2026-09-01 16:03:58 | INFO     | httpx | HTTP Request: POST http://testserver/api/v1/auth/login "HTTP/1.1 200 OK"
2026-09-01 16:03:58 | INFO     | app.services.document_service | Document uploaded: id=13 filename=corrupt.pdf by_user=ocrtest_0bea87dc
2026-09-01 16:03:58 | INFO     | httpx | HTTP Request: POST http://testserver/api/v1/documents/upload "HTTP/1.1 201 Created"
2026-09-01 16:03:58 | ERROR    | app.services.ocr_service | OCR failed for document 13
Traceback (most recent call last):
  File "C:\Users\conanferreira\Desktop\PROJECT-BLACKBOX\EFDI\backend\app\services\ocr_service.py", line 57, in run_ocr
    engine = get_ocr_engine(engine_name)
  File "C:\Users\conanferreira\Desktop\PROJECT-BLACKBOX\EFDI\backend\app\ocr\factory.py", line 46, in get_ocr_engine
    raise ValidationFailedException(
        f"Unknown OCR engine '{engine_name}'. Supported engines: {list(SUPPORTED_ENGINES)}"
    )
app.core.exceptions.ValidationFailedException: Unknown OCR engine 'nonexistent_engine'. Supported engines: ['easyocr', 'stub']
2026-09-01 16:03:58 | WARNING  | app.main | Handled exception on POST /api/v1/ocr/documents/13/run: Unknown OCR engine 'nonexistent_engine'. Supported engines: ['easyocr', 'stub']
2026-09-01 16:03:58 | INFO     | httpx | HTTP Request: POST http://testserver/api/v1/ocr/documents/13/run "HTTP/1.1 422 Unprocessable Entity"
2026-09-02 10:54:43 | INFO     | app.main | Starting Enterprise Financial Document Intelligence [development]
2026-09-02 10:54:43 | INFO     | app.main | Database connection verified.
2026-09-02 10:54:43 | INFO     | app.main | Shutting down Enterprise Financial Document Intelligence
2026-09-02 10:56:54 | INFO     | app.main | Starting Enterprise Financial Document Intelligence [development]
2026-09-02 10:56:54 | INFO     | app.main | Database connection verified.
2026-09-02 10:56:54 | INFO     | app.main | Shutting down Enterprise Financial Document Intelligence
2026-09-02 11:10:42 | INFO     | app.main | Starting Enterprise Financial Document Intelligence [development]
2026-09-02 11:10:42 | INFO     | app.main | Database connection verified.
2026-09-02 11:12:53 | INFO     | watchfiles.main | 1 change detected
2026-09-02 11:13:02 | INFO     | app.main | Shutting down Enterprise Financial Document Intelligence
2026-09-02 11:13:03 | INFO     | watchfiles.main | 1 change detected
2026-09-02 11:13:04 | INFO     | app.main | Starting Enterprise Financial Document Intelligence [development]
2026-09-02 11:13:04 | INFO     | app.main | Database connection verified.
2026-09-02 13:23:33 | WARNING  | app.main | Handled exception on POST /api/v1/documents/upload/bulk: Not authenticated
2026-09-02 13:23:33 | INFO     | httpx | HTTP Request: POST http://testserver/api/v1/documents/upload/bulk "HTTP/1.1 401 Unauthorized"
2026-09-02 13:23:33 | WARNING  | app.main | Handled exception on GET /raise/auth: Invalid authentication credentials
2026-09-02 13:23:33 | INFO     | httpx | HTTP Request: GET http://testserver/raise/auth "HTTP/1.1 401 Unauthorized"
2026-09-02 13:23:33 | WARNING  | app.main | Handled exception on GET /raise/authz: You do not have permission to perform this action
2026-09-02 13:23:33 | INFO     | httpx | HTTP Request: GET http://testserver/raise/authz "HTTP/1.1 403 Forbidden"
2026-09-02 13:23:33 | INFO     | app.services.auth_service | New user registered: username=reg_7e7bc2fa role=FINANCE_MANAGER
2026-09-02 13:23:33 | INFO     | httpx | HTTP Request: POST http://testserver/api/v1/auth/register "HTTP/1.1 201 Created"
2026-09-02 13:23:34 | INFO     | app.services.auth_service | New user registered: username=dup_aa24d1ad role=FINANCE_ANALYST
2026-09-02 13:23:34 | INFO     | httpx | HTTP Request: POST http://testserver/api/v1/auth/register "HTTP/1.1 201 Created"
2026-09-02 13:23:34 | WARNING  | app.main | Handled exception on POST /api/v1/auth/register: User with username 'dup_aa24d1ad' already exists
2026-09-02 13:23:34 | INFO     | httpx | HTTP Request: POST http://testserver/api/v1/auth/register "HTTP/1.1 409 Conflict"
2026-09-02 13:23:34 | INFO     | httpx | HTTP Request: POST http://testserver/api/v1/auth/register "HTTP/1.1 422 Unprocessable Entity"
2026-09-02 13:23:34 | INFO     | httpx | HTTP Request: POST http://testserver/api/v1/auth/register "HTTP/1.1 422 Unprocessable Entity"
2026-09-02 13:23:34 | INFO     | app.services.auth_service | New user registered: username=login_1464900c role=FINANCE_ANALYST
2026-09-02 13:23:34 | INFO     | httpx | HTTP Request: POST http://testserver/api/v1/auth/register "HTTP/1.1 201 Created"
2026-09-02 13:23:34 | INFO     | app.services.auth_service | User logged in: username=login_1464900c
2026-09-02 13:23:34 | INFO     | httpx | HTTP Request: POST http://testserver/api/v1/auth/login "HTTP/1.1 200 OK"
2026-09-02 13:23:35 | INFO     | app.services.auth_service | New user registered: username=wrongpw_68ee405d role=FINANCE_ANALYST
2026-09-02 13:23:35 | INFO     | httpx | HTTP Request: POST http://testserver/api/v1/auth/register "HTTP/1.1 201 Created"
2026-09-02 13:23:35 | WARNING  | app.main | Handled exception on POST /api/v1/auth/login: Incorrect username or password
2026-09-02 13:23:35 | INFO     | httpx | HTTP Request: POST http://testserver/api/v1/auth/login "HTTP/1.1 401 Unauthorized"
2026-09-02 13:23:35 | WARNING  | app.main | Handled exception on POST /api/v1/auth/login: Incorrect username or password
2026-09-02 13:23:35 | INFO     | httpx | HTTP Request: POST http://testserver/api/v1/auth/login "HTTP/1.1 401 Unauthorized"
2026-09-02 13:23:35 | INFO     | app.services.auth_service | New user registered: username=me_ca4634bd role=FINANCE_ANALYST
2026-09-02 13:23:35 | INFO     | httpx | HTTP Request: POST http://testserver/api/v1/auth/register "HTTP/1.1 201 Created"
2026-09-02 13:23:36 | INFO     | app.services.auth_service | User logged in: username=me_ca4634bd
2026-09-02 13:23:36 | INFO     | httpx | HTTP Request: POST http://testserver/api/v1/auth/login "HTTP/1.1 200 OK"
2026-09-02 13:23:36 | INFO     | httpx | HTTP Request: GET http://testserver/api/v1/auth/me "HTTP/1.1 200 OK"
2026-09-02 13:23:36 | WARNING  | app.main | Handled exception on GET /api/v1/auth/me: Not authenticated
2026-09-02 13:23:36 | INFO     | httpx | HTTP Request: GET http://testserver/api/v1/auth/me "HTTP/1.1 401 Unauthorized"
2026-09-02 13:23:36 | WARNING  | app.main | Handled exception on GET /api/v1/auth/me: Invalid or expired token
2026-09-02 13:23:36 | INFO     | httpx | HTTP Request: GET http://testserver/api/v1/auth/me "HTTP/1.1 401 Unauthorized"
2026-09-02 13:23:36 | INFO     | app.services.auth_service | New user registered: username=admin_a7290b4e role=ADMIN
2026-09-02 13:23:36 | INFO     | httpx | HTTP Request: POST http://testserver/api/v1/auth/register "HTTP/1.1 201 Created"
2026-09-02 13:23:36 | INFO     | app.services.auth_service | User logged in: username=admin_a7290b4e
2026-09-02 13:23:36 | INFO     | httpx | HTTP Request: POST http://testserver/api/v1/auth/login "HTTP/1.1 200 OK"
2026-09-02 13:23:36 | INFO     | httpx | HTTP Request: GET http://testserver/api/v1/users "HTTP/1.1 200 OK"
2026-09-02 13:23:37 | INFO     | app.services.auth_service | New user registered: username=finance_manager_a849b2ac role=FINANCE_MANAGER
2026-09-02 13:23:37 | INFO     | httpx | HTTP Request: POST http://testserver/api/v1/auth/register "HTTP/1.1 201 Created"
2026-09-02 13:23:37 | INFO     | app.services.auth_service | User logged in: username=finance_manager_a849b2ac
2026-09-02 13:23:37 | INFO     | httpx | HTTP Request: POST http://testserver/api/v1/auth/login "HTTP/1.1 200 OK"
2026-09-02 13:23:37 | WARNING  | app.main | Handled exception on GET /api/v1/users: This action requires one of the following roles: ['ADMIN']
2026-09-02 13:23:37 | INFO     | httpx | HTTP Request: GET http://testserver/api/v1/users "HTTP/1.1 403 Forbidden"
2026-09-02 13:23:37 | INFO     | app.services.auth_service | New user registered: username=finance_analyst_96d22866 role=FINANCE_ANALYST
2026-09-02 13:23:37 | INFO     | httpx | HTTP Request: POST http://testserver/api/v1/auth/register "HTTP/1.1 201 Created"
2026-09-02 13:23:37 | INFO     | app.services.auth_service | User logged in: username=finance_analyst_96d22866
2026-09-02 13:23:37 | INFO     | httpx | HTTP Request: POST http://testserver/api/v1/auth/login "HTTP/1.1 200 OK"
2026-09-02 13:23:37 | WARNING  | app.main | Handled exception on GET /api/v1/users: This action requires one of the following roles: ['ADMIN']
2026-09-02 13:23:37 | INFO     | httpx | HTTP Request: GET http://testserver/api/v1/users "HTTP/1.1 403 Forbidden"
2026-09-02 13:23:38 | INFO     | app.services.auth_service | New user registered: username=auditor_4d103c1c role=AUDITOR
2026-09-02 13:23:38 | INFO     | httpx | HTTP Request: POST http://testserver/api/v1/auth/register "HTTP/1.1 201 Created"
2026-09-02 13:23:38 | INFO     | app.services.auth_service | User logged in: username=auditor_4d103c1c
2026-09-02 13:23:38 | INFO     | httpx | HTTP Request: POST http://testserver/api/v1/auth/login "HTTP/1.1 200 OK"
2026-09-02 13:23:38 | WARNING  | app.main | Handled exception on GET /api/v1/users: This action requires one of the following roles: ['ADMIN']
2026-09-02 13:23:38 | INFO     | httpx | HTTP Request: GET http://testserver/api/v1/users "HTTP/1.1 403 Forbidden"
2026-09-02 13:23:38 | INFO     | app.services.auth_service | New user registered: username=admin2_55e70901 role=ADMIN
2026-09-02 13:23:38 | INFO     | httpx | HTTP Request: POST http://testserver/api/v1/auth/register "HTTP/1.1 201 Created"
2026-09-02 13:23:39 | INFO     | app.services.auth_service | User logged in: username=admin2_55e70901
2026-09-02 13:23:39 | INFO     | httpx | HTTP Request: POST http://testserver/api/v1/auth/login "HTTP/1.1 200 OK"
2026-09-02 13:23:39 | INFO     | app.services.auth_service | New user registered: username=target_5eb9e630 role=FINANCE_ANALYST
2026-09-02 13:23:39 | INFO     | httpx | HTTP Request: POST http://testserver/api/v1/auth/register "HTTP/1.1 201 Created"
2026-09-02 13:23:39 | INFO     | httpx | HTTP Request: PATCH http://testserver/api/v1/users/25/role "HTTP/1.1 200 OK"
2026-09-02 13:23:39 | INFO     | app.services.auth_service | New user registered: username=admin3_75537727 role=ADMIN
2026-09-02 13:23:39 | INFO     | httpx | HTTP Request: POST http://testserver/api/v1/auth/register "HTTP/1.1 201 Created"
2026-09-02 13:23:39 | INFO     | app.services.auth_service | User logged in: username=admin3_75537727
2026-09-02 13:23:39 | INFO     | httpx | HTTP Request: POST http://testserver/api/v1/auth/login "HTTP/1.1 200 OK"
2026-09-02 13:23:40 | INFO     | app.services.auth_service | New user registered: username=deact_26a2500f role=FINANCE_ANALYST
2026-09-02 13:23:40 | INFO     | httpx | HTTP Request: POST http://testserver/api/v1/auth/register "HTTP/1.1 201 Created"
2026-09-02 13:23:40 | INFO     | httpx | HTTP Request: PATCH http://testserver/api/v1/users/27/status "HTTP/1.1 200 OK"
2026-09-02 13:23:40 | WARNING  | app.main | Handled exception on POST /api/v1/auth/login: This account has been deactivated
2026-09-02 13:23:40 | INFO     | httpx | HTTP Request: POST http://testserver/api/v1/auth/login "HTTP/1.1 401 Unauthorized"
2026-09-02 13:23:40 | INFO     | app.services.auth_service | New user registered: username=admin4_e0f6fcb7 role=ADMIN
2026-09-02 13:23:40 | INFO     | httpx | HTTP Request: POST http://testserver/api/v1/auth/register "HTTP/1.1 201 Created"
2026-09-02 13:23:41 | INFO     | app.services.auth_service | User logged in: username=admin4_e0f6fcb7
2026-09-02 13:23:41 | INFO     | httpx | HTTP Request: POST http://testserver/api/v1/auth/login "HTTP/1.1 200 OK"
2026-09-02 13:23:41 | INFO     | app.services.auth_service | New user registered: username=midsession_36df1d78 role=FINANCE_ANALYST
2026-09-02 13:23:41 | INFO     | httpx | HTTP Request: POST http://testserver/api/v1/auth/register "HTTP/1.1 201 Created"
2026-09-02 13:23:41 | INFO     | app.services.auth_service | User logged in: username=midsession_36df1d78
2026-09-02 13:23:41 | INFO     | httpx | HTTP Request: POST http://testserver/api/v1/auth/login "HTTP/1.1 200 OK"
2026-09-02 13:23:41 | INFO     | httpx | HTTP Request: GET http://testserver/api/v1/auth/me "HTTP/1.1 200 OK"
2026-09-02 13:23:41 | INFO     | httpx | HTTP Request: PATCH http://testserver/api/v1/users/29/status "HTTP/1.1 200 OK"
2026-09-02 13:23:41 | WARNING  | app.main | Handled exception on GET /api/v1/auth/me: This account has been deactivated
2026-09-02 13:23:41 | INFO     | httpx | HTTP Request: GET http://testserver/api/v1/auth/me "HTTP/1.1 401 Unauthorized"
2026-09-02 13:23:41 | INFO     | app.services.auth_service | New user registered: username=notadmin_e5264fa4 role=FINANCE_ANALYST
2026-09-02 13:23:41 | INFO     | httpx | HTTP Request: POST http://testserver/api/v1/auth/register "HTTP/1.1 201 Created"
2026-09-02 13:23:42 | INFO     | app.services.auth_service | User logged in: username=notadmin_e5264fa4
2026-09-02 13:23:42 | INFO     | httpx | HTTP Request: POST http://testserver/api/v1/auth/login "HTTP/1.1 200 OK"
2026-09-02 13:23:42 | WARNING  | app.main | Handled exception on PATCH /api/v1/users/30/role: This action requires one of the following roles: ['ADMIN']
2026-09-02 13:23:42 | INFO     | httpx | HTTP Request: PATCH http://testserver/api/v1/users/30/role "HTTP/1.1 403 Forbidden"
2026-09-02 13:23:42 | WARNING  | app.main | Handled exception on POST /api/v1/documents/upload: Not authenticated
2026-09-02 13:23:42 | INFO     | httpx | HTTP Request: POST http://testserver/api/v1/documents/upload "HTTP/1.1 401 Unauthorized"
2026-09-02 13:23:42 | INFO     | app.services.auth_service | New user registered: username=deleter_2d869ce9 role=FINANCE_ANALYST
2026-09-02 13:23:42 | INFO     | httpx | HTTP Request: POST http://testserver/api/v1/auth/register "HTTP/1.1 201 Created"
2026-09-02 13:23:42 | INFO     | app.services.auth_service | User logged in: username=deleter_2d869ce9
2026-09-02 13:23:42 | INFO     | httpx | HTTP Request: POST http://testserver/api/v1/auth/login "HTTP/1.1 200 OK"
2026-09-02 13:23:42 | INFO     | app.services.document_service | Document uploaded: id=14 filename=to_delete.pdf by_user=deleter_2d869ce9
2026-09-02 13:23:42 | INFO     | httpx | HTTP Request: POST http://testserver/api/v1/documents/upload "HTTP/1.1 201 Created"
2026-09-02 13:23:42 | INFO     | app.services.document_service | Document soft-deleted: id=14 by_user=deleter_2d869ce9
2026-09-02 13:23:42 | INFO     | httpx | HTTP Request: DELETE http://testserver/api/v1/documents/14 "HTTP/1.1 200 OK"
2026-09-02 13:23:42 | WARNING  | app.main | Handled exception on GET /api/v1/documents/14: Document with id '14' not found
2026-09-02 13:23:42 | INFO     | httpx | HTTP Request: GET http://testserver/api/v1/documents/14 "HTTP/1.1 404 Not Found"
2026-09-02 13:23:43 | INFO     | app.services.auth_service | New user registered: username=victim_ccc548c9 role=FINANCE_ANALYST
2026-09-02 13:23:43 | INFO     | httpx | HTTP Request: POST http://testserver/api/v1/auth/register "HTTP/1.1 201 Created"
2026-09-02 13:23:43 | INFO     | app.services.auth_service | User logged in: username=victim_ccc548c9
2026-09-02 13:23:43 | INFO     | httpx | HTTP Request: POST http://testserver/api/v1/auth/login "HTTP/1.1 200 OK"
2026-09-02 13:23:43 | INFO     | app.services.auth_service | New user registered: username=attacker_7fa1c6a5 role=FINANCE_ANALYST
2026-09-02 13:23:43 | INFO     | httpx | HTTP Request: POST http://testserver/api/v1/auth/register "HTTP/1.1 201 Created"
2026-09-02 13:23:44 | INFO     | app.services.auth_service | User logged in: username=attacker_7fa1c6a5
2026-09-02 13:23:44 | INFO     | httpx | HTTP Request: POST http://testserver/api/v1/auth/login "HTTP/1.1 200 OK"
2026-09-02 13:23:44 | INFO     | app.services.document_service | Document uploaded: id=15 filename=victim_doc.pdf by_user=victim_ccc548c9
2026-09-02 13:23:44 | INFO     | httpx | HTTP Request: POST http://testserver/api/v1/documents/upload "HTTP/1.1 201 Created"
2026-09-02 13:23:44 | WARNING  | app.main | Handled exception on DELETE /api/v1/documents/15: You may only access documents you uploaded
2026-09-02 13:23:44 | INFO     | httpx | HTTP Request: DELETE http://testserver/api/v1/documents/15 "HTTP/1.1 403 Forbidden"
2026-09-02 13:23:44 | INFO     | app.services.auth_service | New user registered: username=auditloginok_0661b191 role=FINANCE_ANALYST
2026-09-02 13:23:44 | INFO     | httpx | HTTP Request: POST http://testserver/api/v1/auth/register "HTTP/1.1 201 Created"
2026-09-02 13:23:44 | INFO     | app.services.auth_service | User logged in: username=auditloginok_0661b191
2026-09-02 13:23:44 | INFO     | httpx | HTTP Request: POST http://testserver/api/v1/auth/login "HTTP/1.1 200 OK"
2026-09-02 13:23:44 | INFO     | app.services.auth_service | New user registered: username=auditloginfail_fc763c22 role=FINANCE_ANALYST
2026-09-02 13:23:44 | INFO     | httpx | HTTP Request: POST http://testserver/api/v1/auth/register "HTTP/1.1 201 Created"
2026-09-02 13:23:45 | WARNING  | app.main | Handled exception on POST /api/v1/auth/login: Incorrect username or password
2026-09-02 13:23:45 | INFO     | httpx | HTTP Request: POST http://testserver/api/v1/auth/login "HTTP/1.1 401 Unauthorized"
2026-09-02 13:23:45 | WARNING  | app.main | Handled exception on POST /api/v1/auth/login: Incorrect username or password
2026-09-02 13:23:45 | INFO     | httpx | HTTP Request: POST http://testserver/api/v1/auth/login "HTTP/1.1 401 Unauthorized"
2026-09-02 13:44:56 | INFO     | app.services.auth_service | New user registered: username=reg_5659de29 role=FINANCE_MANAGER
2026-09-02 13:44:56 | INFO     | httpx | HTTP Request: POST http://testserver/api/v1/auth/register "HTTP/1.1 201 Created"
2026-09-02 13:44:56 | INFO     | app.services.auth_service | New user registered: username=dup_1db51fcc role=FINANCE_ANALYST
2026-09-02 13:44:56 | INFO     | httpx | HTTP Request: POST http://testserver/api/v1/auth/register "HTTP/1.1 201 Created"
2026-09-02 13:44:56 | WARNING  | app.main | Handled exception on POST /api/v1/auth/register: User with username 'dup_1db51fcc' already exists
2026-09-02 13:44:56 | INFO     | httpx | HTTP Request: POST http://testserver/api/v1/auth/register "HTTP/1.1 409 Conflict"
2026-09-02 13:44:56 | INFO     | httpx | HTTP Request: POST http://testserver/api/v1/auth/register "HTTP/1.1 422 Unprocessable Entity"
2026-09-02 13:44:56 | INFO     | httpx | HTTP Request: POST http://testserver/api/v1/auth/register "HTTP/1.1 422 Unprocessable Entity"
2026-09-02 13:44:57 | INFO     | app.services.auth_service | New user registered: username=login_132f53f5 role=FINANCE_ANALYST
2026-09-02 13:44:57 | INFO     | httpx | HTTP Request: POST http://testserver/api/v1/auth/register "HTTP/1.1 201 Created"
2026-09-02 13:44:57 | INFO     | app.services.auth_service | User logged in: username=login_132f53f5
2026-09-02 13:44:57 | INFO     | httpx | HTTP Request: POST http://testserver/api/v1/auth/login "HTTP/1.1 200 OK"
2026-09-02 13:44:57 | INFO     | app.services.auth_service | New user registered: username=login_email_3c54a8ed role=FINANCE_ANALYST
2026-09-02 13:44:57 | INFO     | httpx | HTTP Request: POST http://testserver/api/v1/auth/register "HTTP/1.1 201 Created"
2026-09-02 13:44:57 | INFO     | app.services.auth_service | User logged in: username=login_email_3c54a8ed
2026-09-02 13:44:57 | INFO     | httpx | HTTP Request: POST http://testserver/api/v1/auth/login "HTTP/1.1 200 OK"
2026-09-02 13:44:58 | INFO     | app.services.auth_service | New user registered: username=login_ws_f65a8904 role=FINANCE_ANALYST
2026-09-02 13:44:58 | INFO     | httpx | HTTP Request: POST http://testserver/api/v1/auth/register "HTTP/1.1 201 Created"
2026-09-02 13:44:58 | INFO     | app.services.auth_service | User logged in: username=login_ws_f65a8904
2026-09-02 13:44:58 | INFO     | httpx | HTTP Request: POST http://testserver/api/v1/auth/login "HTTP/1.1 200 OK"
2026-09-02 13:44:58 | INFO     | app.services.auth_service | New user registered: username=wrongpw_2c8dc074 role=FINANCE_ANALYST
2026-09-02 13:44:58 | INFO     | httpx | HTTP Request: POST http://testserver/api/v1/auth/register "HTTP/1.1 201 Created"
2026-09-02 13:44:58 | WARNING  | app.main | Handled exception on POST /api/v1/auth/login: Incorrect username or password
2026-09-02 13:44:58 | INFO     | httpx | HTTP Request: POST http://testserver/api/v1/auth/login "HTTP/1.1 401 Unauthorized"
2026-09-02 13:44:58 | WARNING  | app.main | Handled exception on POST /api/v1/auth/login: Incorrect username or password
2026-09-02 13:44:58 | INFO     | httpx | HTTP Request: POST http://testserver/api/v1/auth/login "HTTP/1.1 401 Unauthorized"
2026-09-02 13:44:59 | INFO     | app.services.auth_service | New user registered: username=me_4b47c9fc role=FINANCE_ANALYST
2026-09-02 13:44:59 | INFO     | httpx | HTTP Request: POST http://testserver/api/v1/auth/register "HTTP/1.1 201 Created"
2026-09-02 13:44:59 | INFO     | app.services.auth_service | User logged in: username=me_4b47c9fc
2026-09-02 13:44:59 | INFO     | httpx | HTTP Request: POST http://testserver/api/v1/auth/login "HTTP/1.1 200 OK"
2026-09-02 13:44:59 | INFO     | httpx | HTTP Request: GET http://testserver/api/v1/auth/me "HTTP/1.1 200 OK"
2026-09-02 13:44:59 | WARNING  | app.main | Handled exception on GET /api/v1/auth/me: Not authenticated
2026-09-02 13:44:59 | INFO     | httpx | HTTP Request: GET http://testserver/api/v1/auth/me "HTTP/1.1 401 Unauthorized"
2026-09-02 13:44:59 | WARNING  | app.main | Handled exception on GET /api/v1/auth/me: Invalid or expired token
2026-09-02 13:44:59 | INFO     | httpx | HTTP Request: GET http://testserver/api/v1/auth/me "HTTP/1.1 401 Unauthorized"
2026-09-02 13:44:59 | INFO     | app.services.auth_service | New user registered: username=admin_ddd9f7b6 role=ADMIN
2026-09-02 13:44:59 | INFO     | httpx | HTTP Request: POST http://testserver/api/v1/auth/register "HTTP/1.1 201 Created"
2026-09-02 13:45:00 | INFO     | app.services.auth_service | User logged in: username=admin_ddd9f7b6
2026-09-02 13:45:00 | INFO     | httpx | HTTP Request: POST http://testserver/api/v1/auth/login "HTTP/1.1 200 OK"
2026-09-02 13:45:00 | INFO     | httpx | HTTP Request: GET http://testserver/api/v1/users "HTTP/1.1 200 OK"
2026-09-02 13:45:00 | INFO     | app.services.auth_service | New user registered: username=finance_manager_90062008 role=FINANCE_MANAGER
2026-09-02 13:45:00 | INFO     | httpx | HTTP Request: POST http://testserver/api/v1/auth/register "HTTP/1.1 201 Created"
2026-09-02 13:45:00 | INFO     | app.services.auth_service | User logged in: username=finance_manager_90062008
2026-09-02 13:45:00 | INFO     | httpx | HTTP Request: POST http://testserver/api/v1/auth/login "HTTP/1.1 200 OK"
2026-09-02 13:45:00 | WARNING  | app.main | Handled exception on GET /api/v1/users: This action requires one of the following roles: ['ADMIN']
2026-09-02 13:45:00 | INFO     | httpx | HTTP Request: GET http://testserver/api/v1/users "HTTP/1.1 403 Forbidden"
2026-09-02 13:45:01 | INFO     | app.services.auth_service | New user registered: username=finance_analyst_0a7adf98 role=FINANCE_ANALYST
2026-09-02 13:45:01 | INFO     | httpx | HTTP Request: POST http://testserver/api/v1/auth/register "HTTP/1.1 201 Created"
2026-09-02 13:45:01 | INFO     | app.services.auth_service | User logged in: username=finance_analyst_0a7adf98
2026-09-02 13:45:01 | INFO     | httpx | HTTP Request: POST http://testserver/api/v1/auth/login "HTTP/1.1 200 OK"
2026-09-02 13:45:01 | WARNING  | app.main | Handled exception on GET /api/v1/users: This action requires one of the following roles: ['ADMIN']
2026-09-02 13:45:01 | INFO     | httpx | HTTP Request: GET http://testserver/api/v1/users "HTTP/1.1 403 Forbidden"
2026-09-02 13:45:01 | INFO     | app.services.auth_service | New user registered: username=auditor_b5166d26 role=AUDITOR
2026-09-02 13:45:01 | INFO     | httpx | HTTP Request: POST http://testserver/api/v1/auth/register "HTTP/1.1 201 Created"
2026-09-02 13:45:01 | INFO     | app.services.auth_service | User logged in: username=auditor_b5166d26
2026-09-02 13:45:01 | INFO     | httpx | HTTP Request: POST http://testserver/api/v1/auth/login "HTTP/1.1 200 OK"
2026-09-02 13:45:01 | WARNING  | app.main | Handled exception on GET /api/v1/users: This action requires one of the following roles: ['ADMIN']
2026-09-02 13:45:01 | INFO     | httpx | HTTP Request: GET http://testserver/api/v1/users "HTTP/1.1 403 Forbidden"
2026-09-02 13:45:02 | INFO     | app.services.auth_service | New user registered: username=admin2_123931a5 role=ADMIN
2026-09-02 13:45:02 | INFO     | httpx | HTTP Request: POST http://testserver/api/v1/auth/register "HTTP/1.1 201 Created"
2026-09-02 13:45:02 | INFO     | app.services.auth_service | User logged in: username=admin2_123931a5
2026-09-02 13:45:02 | INFO     | httpx | HTTP Request: POST http://testserver/api/v1/auth/login "HTTP/1.1 200 OK"
2026-09-02 13:45:02 | INFO     | app.services.auth_service | New user registered: username=target_e79c7335 role=FINANCE_ANALYST
2026-09-02 13:45:02 | INFO     | httpx | HTTP Request: POST http://testserver/api/v1/auth/register "HTTP/1.1 201 Created"
2026-09-02 13:45:02 | INFO     | httpx | HTTP Request: PATCH http://testserver/api/v1/users/48/role "HTTP/1.1 200 OK"
2026-09-02 13:45:02 | INFO     | app.services.auth_service | New user registered: username=admin3_0faa3175 role=ADMIN
2026-09-02 13:45:02 | INFO     | httpx | HTTP Request: POST http://testserver/api/v1/auth/register "HTTP/1.1 201 Created"
2026-09-02 13:45:03 | INFO     | app.services.auth_service | User logged in: username=admin3_0faa3175
2026-09-02 13:45:03 | INFO     | httpx | HTTP Request: POST http://testserver/api/v1/auth/login "HTTP/1.1 200 OK"
2026-09-02 13:45:03 | INFO     | app.services.auth_service | New user registered: username=deact_43a23110 role=FINANCE_ANALYST
2026-09-02 13:45:03 | INFO     | httpx | HTTP Request: POST http://testserver/api/v1/auth/register "HTTP/1.1 201 Created"
2026-09-02 13:45:03 | INFO     | httpx | HTTP Request: PATCH http://testserver/api/v1/users/50/status "HTTP/1.1 200 OK"
2026-09-02 13:45:03 | WARNING  | app.main | Handled exception on POST /api/v1/auth/login: This account has been deactivated
2026-09-02 13:45:03 | INFO     | httpx | HTTP Request: POST http://testserver/api/v1/auth/login "HTTP/1.1 401 Unauthorized"
2026-09-02 13:45:03 | INFO     | app.services.auth_service | New user registered: username=admin4_df3d1a77 role=ADMIN
2026-09-02 13:45:03 | INFO     | httpx | HTTP Request: POST http://testserver/api/v1/auth/register "HTTP/1.1 201 Created"
2026-09-02 13:45:04 | INFO     | app.services.auth_service | User logged in: username=admin4_df3d1a77
2026-09-02 13:45:04 | INFO     | httpx | HTTP Request: POST http://testserver/api/v1/auth/login "HTTP/1.1 200 OK"
2026-09-02 13:45:04 | INFO     | app.services.auth_service | New user registered: username=midsession_55c725b3 role=FINANCE_ANALYST
2026-09-02 13:45:04 | INFO     | httpx | HTTP Request: POST http://testserver/api/v1/auth/register "HTTP/1.1 201 Created"
2026-09-02 13:45:04 | INFO     | app.services.auth_service | User logged in: username=midsession_55c725b3
2026-09-02 13:45:04 | INFO     | httpx | HTTP Request: POST http://testserver/api/v1/auth/login "HTTP/1.1 200 OK"
2026-09-02 13:45:04 | INFO     | httpx | HTTP Request: GET http://testserver/api/v1/auth/me "HTTP/1.1 200 OK"
2026-09-02 13:45:04 | INFO     | httpx | HTTP Request: PATCH http://testserver/api/v1/users/52/status "HTTP/1.1 200 OK"
2026-09-02 13:45:04 | WARNING  | app.main | Handled exception on GET /api/v1/auth/me: This account has been deactivated
2026-09-02 13:45:04 | INFO     | httpx | HTTP Request: GET http://testserver/api/v1/auth/me "HTTP/1.1 401 Unauthorized"
2026-09-02 13:45:05 | INFO     | app.services.auth_service | New user registered: username=notadmin_df05b667 role=FINANCE_ANALYST
2026-09-02 13:45:05 | INFO     | httpx | HTTP Request: POST http://testserver/api/v1/auth/register "HTTP/1.1 201 Created"
2026-09-02 13:45:05 | INFO     | app.services.auth_service | User logged in: username=notadmin_df05b667
2026-09-02 13:45:05 | INFO     | httpx | HTTP Request: POST http://testserver/api/v1/auth/login "HTTP/1.1 200 OK"
2026-09-02 13:45:05 | WARNING  | app.main | Handled exception on PATCH /api/v1/users/53/role: This action requires one of the following roles: ['ADMIN']
2026-09-02 13:45:05 | INFO     | httpx | HTTP Request: PATCH http://testserver/api/v1/users/53/role "HTTP/1.1 403 Forbidden"
2026-09-04 14:17:46 | INFO     | app.services.auth_service | New user registered: username=clsnoocr_46017588 role=FINANCE_ANALYST
2026-09-04 14:17:46 | INFO     | httpx | HTTP Request: POST http://testserver/api/v1/auth/register "HTTP/1.1 201 Created"
2026-09-04 14:17:46 | INFO     | app.services.auth_service | User logged in: username=clsnoocr_46017588
2026-09-04 14:17:46 | INFO     | httpx | HTTP Request: POST http://testserver/api/v1/auth/login "HTTP/1.1 200 OK"
2026-09-04 14:17:46 | INFO     | app.services.document_service | Document uploaded: id=2 filename=noocr.pdf by_user=clsnoocr_46017588
2026-09-04 14:17:46 | INFO     | httpx | HTTP Request: POST http://testserver/api/v1/documents/upload "HTTP/1.1 201 Created"
2026-09-04 14:17:46 | WARNING  | app.main | Handled exception on POST /api/v1/classification/documents/2/classify: Cannot classify a document with no OCR result. Run OCR first via POST /ocr/documents/{id}/run.
2026-09-04 14:17:46 | INFO     | httpx | HTTP Request: POST http://testserver/api/v1/classification/documents/2/classify "HTTP/1.1 422 Unprocessable Entity"
2026-09-04 14:17:47 | INFO     | app.services.auth_service | New user registered: username=clsstub_8d25bd02 role=FINANCE_ANALYST
2026-09-04 14:17:47 | INFO     | httpx | HTTP Request: POST http://testserver/api/v1/auth/register "HTTP/1.1 201 Created"
2026-09-04 14:17:47 | INFO     | app.services.auth_service | User logged in: username=clsstub_8d25bd02
2026-09-04 14:17:47 | INFO     | httpx | HTTP Request: POST http://testserver/api/v1/auth/login "HTTP/1.1 200 OK"
2026-09-04 14:17:47 | INFO     | app.services.document_service | Document uploaded: id=3 filename=test.pdf by_user=clsstub_8d25bd02
2026-09-04 14:17:47 | INFO     | httpx | HTTP Request: POST http://testserver/api/v1/documents/upload "HTTP/1.1 201 Created"
2026-09-04 14:17:48 | INFO     | app.services.ocr_service | OCR completed: document_id=3 engine=stub pages=1 avg_confidence=0.42 time_ms=438 status=OCR_COMPLETED
2026-09-04 14:17:48 | INFO     | httpx | HTTP Request: POST http://testserver/api/v1/ocr/documents/3/run "HTTP/1.1 201 Created"
2026-09-04 14:17:48 | INFO     | app.services.classification_service | Document classified: document_id=3 type=UNKNOWN confidence=0.00 engine=rule_based
2026-09-04 14:17:48 | INFO     | httpx | HTTP Request: POST http://testserver/api/v1/classification/documents/3/classify "HTTP/1.1 201 Created"
2026-09-04 14:17:48 | INFO     | app.services.auth_service | New user registered: username=clspoi_15835284 role=FINANCE_ANALYST
2026-09-04 14:17:48 | INFO     | httpx | HTTP Request: POST http://testserver/api/v1/auth/register "HTTP/1.1 201 Created"
2026-09-04 14:17:49 | INFO     | app.services.auth_service | User logged in: username=clspoi_15835284
2026-09-04 14:17:49 | INFO     | httpx | HTTP Request: POST http://testserver/api/v1/auth/login "HTTP/1.1 200 OK"
2026-09-04 14:17:49 | INFO     | app.services.document_service | Document uploaded: id=4 filename=test.pdf by_user=clspoi_15835284
2026-09-04 14:17:49 | INFO     | httpx | HTTP Request: POST http://testserver/api/v1/documents/upload "HTTP/1.1 201 Created"
2026-09-04 14:17:49 | INFO     | app.services.ocr_service | OCR completed: document_id=4 engine=stub pages=1 avg_confidence=0.42 time_ms=142 status=OCR_COMPLETED
2026-09-04 14:17:49 | INFO     | httpx | HTTP Request: POST http://testserver/api/v1/ocr/documents/4/run "HTTP/1.1 201 Created"
2026-09-04 14:17:49 | INFO     | app.services.classification_service | Document classified: document_id=4 type=POI confidence=0.83 engine=rule_based
2026-09-04 14:17:49 | INFO     | httpx | HTTP Request: POST http://testserver/api/v1/classification/documents/4/classify "HTTP/1.1 201 Created"
2026-09-04 14:17:49 | INFO     | httpx | HTTP Request: GET http://testserver/api/v1/documents/4 "HTTP/1.1 200 OK"
2026-09-04 14:17:50 | INFO     | app.services.auth_service | New user registered: username=clsstatus_27694f00 role=FINANCE_ANALYST
2026-09-04 14:17:50 | INFO     | httpx | HTTP Request: POST http://testserver/api/v1/auth/register "HTTP/1.1 201 Created"
2026-09-04 14:17:50 | INFO     | app.services.auth_service | User logged in: username=clsstatus_27694f00
2026-09-04 14:17:50 | INFO     | httpx | HTTP Request: POST http://testserver/api/v1/auth/login "HTTP/1.1 200 OK"
2026-09-04 14:17:50 | INFO     | app.services.document_service | Document uploaded: id=5 filename=test.pdf by_user=clsstatus_27694f00
2026-09-04 14:17:50 | INFO     | httpx | HTTP Request: POST http://testserver/api/v1/documents/upload "HTTP/1.1 201 Created"
2026-09-04 14:17:50 | INFO     | app.services.ocr_service | OCR completed: document_id=5 engine=stub pages=1 avg_confidence=0.42 time_ms=148 status=OCR_COMPLETED
2026-09-04 14:17:50 | INFO     | httpx | HTTP Request: POST http://testserver/api/v1/ocr/documents/5/run "HTTP/1.1 201 Created"
2026-09-04 14:17:51 | INFO     | app.services.classification_service | Document classified: document_id=5 type=BKA confidence=0.87 engine=rule_based
2026-09-04 14:17:51 | INFO     | httpx | HTTP Request: POST http://testserver/api/v1/classification/documents/5/classify "HTTP/1.1 201 Created"
2026-09-04 14:17:51 | INFO     | httpx | HTTP Request: GET http://testserver/api/v1/documents/5 "HTTP/1.1 200 OK"
2026-09-04 14:17:51 | INFO     | app.services.auth_service | New user registered: username=clslatest_46fa6320 role=FINANCE_ANALYST
2026-09-04 14:17:51 | INFO     | httpx | HTTP Request: POST http://testserver/api/v1/auth/register "HTTP/1.1 201 Created"
2026-09-04 14:17:51 | INFO     | app.services.auth_service | User logged in: username=clslatest_46fa6320
2026-09-04 14:17:51 | INFO     | httpx | HTTP Request: POST http://testserver/api/v1/auth/login "HTTP/1.1 200 OK"
2026-09-04 14:17:51 | INFO     | app.services.document_service | Document uploaded: id=6 filename=test.pdf by_user=clslatest_46fa6320
2026-09-04 14:17:52 | INFO     | httpx | HTTP Request: POST http://testserver/api/v1/documents/upload "HTTP/1.1 201 Created"
2026-09-04 14:17:52 | INFO     | app.services.ocr_service | OCR completed: document_id=6 engine=stub pages=1 avg_confidence=0.42 time_ms=143 status=OCR_COMPLETED
2026-09-04 14:17:52 | INFO     | httpx | HTTP Request: POST http://testserver/api/v1/ocr/documents/6/run "HTTP/1.1 201 Created"
2026-09-04 14:17:52 | INFO     | app.services.classification_service | Document classified: document_id=6 type=JER confidence=0.68 engine=rule_based
2026-09-04 14:17:52 | INFO     | httpx | HTTP Request: POST http://testserver/api/v1/classification/documents/6/classify "HTTP/1.1 201 Created"
2026-09-04 14:17:52 | INFO     | app.services.auth_service | New user registered: username=clsget_b14c6a45 role=FINANCE_ANALYST
2026-09-04 14:17:52 | INFO     | httpx | HTTP Request: POST http://testserver/api/v1/auth/register "HTTP/1.1 201 Created"
2026-09-04 14:17:53 | INFO     | app.services.auth_service | User logged in: username=clsget_b14c6a45
2026-09-04 14:17:53 | INFO     | httpx | HTTP Request: POST http://testserver/api/v1/auth/login "HTTP/1.1 200 OK"
2026-09-04 14:17:53 | INFO     | app.services.document_service | Document uploaded: id=7 filename=test.pdf by_user=clsget_b14c6a45
2026-09-04 14:17:53 | INFO     | httpx | HTTP Request: POST http://testserver/api/v1/documents/upload "HTTP/1.1 201 Created"
2026-09-04 14:17:53 | INFO     | app.services.ocr_service | OCR completed: document_id=7 engine=stub pages=1 avg_confidence=0.42 time_ms=139 status=OCR_COMPLETED
2026-09-04 14:17:53 | INFO     | httpx | HTTP Request: POST http://testserver/api/v1/ocr/documents/7/run "HTTP/1.1 201 Created"
2026-09-04 14:17:53 | INFO     | app.services.classification_service | Document classified: document_id=7 type=MSI confidence=0.57 engine=rule_based
2026-09-04 14:17:53 | INFO     | httpx | HTTP Request: POST http://testserver/api/v1/classification/documents/7/classify "HTTP/1.1 201 Created"
2026-09-04 14:17:53 | INFO     | httpx | HTTP Request: GET http://testserver/api/v1/classification/documents/7/result "HTTP/1.1 200 OK"
2026-09-04 14:17:54 | INFO     | app.services.auth_service | New user registered: username=clsnorun_0b3ad429 role=FINANCE_ANALYST
2026-09-04 14:17:54 | INFO     | httpx | HTTP Request: POST http://testserver/api/v1/auth/register "HTTP/1.1 201 Created"
2026-09-04 14:17:54 | INFO     | app.services.auth_service | User logged in: username=clsnorun_0b3ad429
2026-09-04 14:17:54 | INFO     | httpx | HTTP Request: POST http://testserver/api/v1/auth/login "HTTP/1.1 200 OK"
2026-09-04 14:17:54 | INFO     | app.services.document_service | Document uploaded: id=8 filename=test.pdf by_user=clsnorun_0b3ad429
2026-09-04 14:17:54 | INFO     | httpx | HTTP Request: POST http://testserver/api/v1/documents/upload "HTTP/1.1 201 Created"
2026-09-04 14:17:54 | INFO     | app.services.ocr_service | OCR completed: document_id=8 engine=stub pages=1 avg_confidence=0.42 time_ms=147 status=OCR_COMPLETED
2026-09-04 14:17:54 | INFO     | httpx | HTTP Request: POST http://testserver/api/v1/ocr/documents/8/run "HTTP/1.1 201 Created"
2026-09-04 14:17:54 | WARNING  | app.main | Handled exception on GET /api/v1/classification/documents/8/result: Classification result for document with id '8' not found
2026-09-04 14:17:54 | INFO     | httpx | HTTP Request: GET http://testserver/api/v1/classification/documents/8/result "HTTP/1.1 404 Not Found"
2026-09-04 14:17:55 | INFO     | app.services.auth_service | New user registered: username=clsmulti_a0cdf73b role=FINANCE_ANALYST
2026-09-04 14:17:55 | INFO     | httpx | HTTP Request: POST http://testserver/api/v1/auth/register "HTTP/1.1 201 Created"
2026-09-04 14:17:55 | INFO     | app.services.auth_service | User logged in: username=clsmulti_a0cdf73b
2026-09-04 14:17:55 | INFO     | httpx | HTTP Request: POST http://testserver/api/v1/auth/login "HTTP/1.1 200 OK"
2026-09-04 14:17:55 | INFO     | app.services.document_service | Document uploaded: id=9 filename=test.pdf by_user=clsmulti_a0cdf73b
2026-09-04 14:17:55 | INFO     | httpx | HTTP Request: POST http://testserver/api/v1/documents/upload "HTTP/1.1 201 Created"
2026-09-04 14:17:55 | INFO     | app.services.ocr_service | OCR completed: document_id=9 engine=stub pages=1 avg_confidence=0.42 time_ms=121 status=OCR_COMPLETED
2026-09-04 14:17:55 | INFO     | httpx | HTTP Request: POST http://testserver/api/v1/ocr/documents/9/run "HTTP/1.1 201 Created"
2026-09-04 14:17:55 | INFO     | app.services.classification_service | Document classified: document_id=9 type=POI confidence=0.83 engine=rule_based
2026-09-04 14:17:55 | INFO     | httpx | HTTP Request: POST http://testserver/api/v1/classification/documents/9/classify "HTTP/1.1 201 Created"
2026-09-04 14:17:55 | INFO     | app.services.classification_service | Document classified: document_id=9 type=POI confidence=0.83 engine=rule_based
2026-09-04 14:17:55 | INFO     | httpx | HTTP Request: POST http://testserver/api/v1/classification/documents/9/classify "HTTP/1.1 201 Created"
2026-09-04 14:17:56 | INFO     | httpx | HTTP Request: GET http://testserver/api/v1/classification/documents/9/results "HTTP/1.1 200 OK"
2026-09-04 14:17:56 | INFO     | app.services.auth_service | New user registered: username=clsowner_adae4110 role=FINANCE_ANALYST
2026-09-04 14:17:56 | INFO     | httpx | HTTP Request: POST http://testserver/api/v1/auth/register "HTTP/1.1 201 Created"
2026-09-04 14:17:56 | INFO     | app.services.auth_service | User logged in: username=clsowner_adae4110
2026-09-04 14:17:56 | INFO     | httpx | HTTP Request: POST http://testserver/api/v1/auth/login "HTTP/1.1 200 OK"
2026-09-04 14:17:57 | INFO     | app.services.auth_service | New user registered: username=clsother_c5cd62ec role=FINANCE_ANALYST
2026-09-04 14:17:57 | INFO     | httpx | HTTP Request: POST http://testserver/api/v1/auth/register "HTTP/1.1 201 Created"
2026-09-04 14:17:57 | INFO     | app.services.auth_service | User logged in: username=clsother_c5cd62ec
2026-09-04 14:17:57 | INFO     | httpx | HTTP Request: POST http://testserver/api/v1/auth/login "HTTP/1.1 200 OK"
2026-09-04 14:17:57 | INFO     | app.services.document_service | Document uploaded: id=10 filename=test.pdf by_user=clsowner_adae4110
2026-09-04 14:17:57 | INFO     | httpx | HTTP Request: POST http://testserver/api/v1/documents/upload "HTTP/1.1 201 Created"
2026-09-04 14:17:57 | INFO     | app.services.ocr_service | OCR completed: document_id=10 engine=stub pages=1 avg_confidence=0.42 time_ms=133 status=OCR_COMPLETED
2026-09-04 14:17:57 | INFO     | httpx | HTTP Request: POST http://testserver/api/v1/ocr/documents/10/run "HTTP/1.1 201 Created"
2026-09-04 14:17:57 | WARNING  | app.main | Handled exception on POST /api/v1/classification/documents/10/classify: You may only access documents you uploaded
2026-09-04 14:17:57 | INFO     | httpx | HTTP Request: POST http://testserver/api/v1/classification/documents/10/classify "HTTP/1.1 403 Forbidden"
2026-09-05 09:18:01 | INFO     | app.services.auth_service | New user registered: username=ocrtest_76fd91fc role=FINANCE_ANALYST
2026-09-05 09:18:01 | INFO     | httpx | HTTP Request: POST http://testserver/api/v1/auth/register "HTTP/1.1 201 Created"
2026-09-05 09:18:02 | INFO     | app.services.auth_service | User logged in: username=ocrtest_76fd91fc
2026-09-05 09:18:02 | INFO     | httpx | HTTP Request: POST http://testserver/api/v1/auth/login "HTTP/1.1 200 OK"
2026-09-05 09:18:02 | INFO     | app.services.document_service | Document uploaded: id=137 filename=invoice_51109301.pdf by_user=ocrtest_76fd91fc
2026-09-05 09:18:02 | INFO     | httpx | HTTP Request: POST http://testserver/api/v1/documents/upload "HTTP/1.1 201 Created"
2026-09-05 09:18:18 | INFO     | app.ocr.easyocr_engine | Loading EasyOCR engine (langs=['en'], gpu=False)...
2026-09-05 09:18:18 | WARNING  | easyocr.easyocr | Using CPU. Note: This module is much faster with a GPU.
2026-09-05 09:18:22 | INFO     | app.ocr.easyocr_engine | EasyOCR engine loaded successfully.
2026-09-05 09:18:53 | INFO     | app.services.ocr_service | OCR completed: document_id=137 engine=easyocr pages=1 avg_confidence=0.87 time_ms=50938 status=OCR_COMPLETED
2026-09-05 09:18:54 | INFO     | httpx | HTTP Request: POST http://testserver/api/v1/ocr/documents/137/run "HTTP/1.1 201 Created"
2026-09-05 09:18:54 | INFO     | app.services.auth_service | New user registered: username=ocrtest_b3a29d67 role=FINANCE_ANALYST
2026-09-05 09:18:54 | INFO     | httpx | HTTP Request: POST http://testserver/api/v1/auth/register "HTTP/1.1 201 Created"
2026-09-05 09:18:55 | INFO     | app.services.auth_service | User logged in: username=ocrtest_b3a29d67
2026-09-05 09:18:55 | INFO     | httpx | HTTP Request: POST http://testserver/api/v1/auth/login "HTTP/1.1 200 OK"
2026-09-05 09:18:55 | INFO     | app.services.document_service | Document uploaded: id=138 filename=corrupt.pdf by_user=ocrtest_b3a29d67
2026-09-05 09:18:55 | INFO     | httpx | HTTP Request: POST http://testserver/api/v1/documents/upload "HTTP/1.1 201 Created"
2026-09-05 09:18:55 | ERROR    | app.services.ocr_service | OCR failed for document 138
Traceback (most recent call last):
  File "C:\Users\conanferreira\Desktop\PROJECT-BLACKBOX\EFDI\backend\app\services\ocr_service.py", line 63, in run_ocr
    engine = get_ocr_engine(engine_name)
  File "C:\Users\conanferreira\Desktop\PROJECT-BLACKBOX\EFDI\backend\app\ocr\factory.py", line 46, in get_ocr_engine
    raise ValidationFailedException(
        f"Unknown OCR engine '{engine_name}'. Supported engines: {list(SUPPORTED_ENGINES)}"
    )
app.core.exceptions.ValidationFailedException: Unknown OCR engine 'nonexistent_engine'. Supported engines: ['easyocr', 'stub']
2026-09-05 09:18:55 | WARNING  | app.main | Handled exception on POST /api/v1/ocr/documents/138/run: Unknown OCR engine 'nonexistent_engine'. Supported engines: ['easyocr', 'stub']
2026-09-05 09:18:55 | INFO     | httpx | HTTP Request: POST http://testserver/api/v1/ocr/documents/138/run "HTTP/1.1 422 Unprocessable Entity"
2026-09-05 09:18:55 | INFO     | app.services.auth_service | New user registered: username=bulkok_ec96ba33 role=FINANCE_ANALYST
2026-09-05 09:18:55 | INFO     | httpx | HTTP Request: POST http://testserver/api/v1/auth/register "HTTP/1.1 201 Created"
2026-09-05 09:18:56 | INFO     | app.services.auth_service | User logged in: username=bulkok_ec96ba33
2026-09-05 09:18:56 | INFO     | httpx | HTTP Request: POST http://testserver/api/v1/auth/login "HTTP/1.1 200 OK"
2026-09-05 09:18:56 | INFO     | app.services.document_service | Document uploaded: id=139 filename=doc_0.pdf by_user=bulkok_ec96ba33
2026-09-05 09:18:56 | INFO     | app.services.document_service | Document uploaded: id=140 filename=doc_1.pdf by_user=bulkok_ec96ba33
2026-09-05 09:18:56 | INFO     | app.services.document_service | Document uploaded: id=141 filename=doc_2.pdf by_user=bulkok_ec96ba33
2026-09-05 09:18:56 | INFO     | httpx | HTTP Request: POST http://testserver/api/v1/documents/upload/bulk "HTTP/1.1 201 Created"
2026-09-05 09:18:56 | INFO     | app.services.auth_service | New user registered: username=bulkpartial_45c6de87 role=FINANCE_ANALYST
2026-09-05 09:18:56 | INFO     | httpx | HTTP Request: POST http://testserver/api/v1/auth/register "HTTP/1.1 201 Created"
2026-09-05 09:18:56 | INFO     | app.services.auth_service | User logged in: username=bulkpartial_45c6de87
2026-09-05 09:18:56 | INFO     | httpx | HTTP Request: POST http://testserver/api/v1/auth/login "HTTP/1.1 200 OK"
2026-09-05 09:18:56 | INFO     | app.services.document_service | Document uploaded: id=142 filename=good.pdf by_user=bulkpartial_45c6de87
2026-09-05 09:18:56 | WARNING  | app.services.document_service | Bulk upload item failed: filename=bad.exe by_user=bulkpartial_45c6de87 error=Unsupported file type 'application/x-msdownload'. Allowed types: application/pdf, image/png, image/jpeg
2026-09-05 09:18:56 | INFO     | httpx | HTTP Request: POST http://testserver/api/v1/documents/upload/bulk "HTTP/1.1 201 Created"
2026-09-05 09:18:56 | WARNING  | app.main | Handled exception on POST /api/v1/documents/upload/bulk: Not authenticated
2026-09-05 09:18:56 | INFO     | httpx | HTTP Request: POST http://testserver/api/v1/documents/upload/bulk "HTTP/1.1 401 Unauthorized"
2026-09-05 09:18:57 | INFO     | app.services.auth_service | New user registered: username=bulkaudit_7c702b48 role=FINANCE_ANALYST
2026-09-05 09:18:57 | INFO     | httpx | HTTP Request: POST http://testserver/api/v1/auth/register "HTTP/1.1 201 Created"
2026-09-05 09:18:57 | INFO     | app.services.auth_service | User logged in: username=bulkaudit_7c702b48
2026-09-05 09:18:57 | INFO     | httpx | HTTP Request: POST http://testserver/api/v1/auth/login "HTTP/1.1 200 OK"
2026-09-05 09:18:57 | INFO     | app.services.document_service | Document uploaded: id=143 filename=audited_0.pdf by_user=bulkaudit_7c702b48
2026-09-05 09:18:57 | INFO     | app.services.document_service | Document uploaded: id=144 filename=audited_1.pdf by_user=bulkaudit_7c702b48
2026-09-05 09:18:57 | INFO     | httpx | HTTP Request: POST http://testserver/api/v1/documents/upload/bulk "HTTP/1.1 201 Created"
2026-09-05 09:18:57 | INFO     | app.services.auth_service | New user registered: username=scannoaccess_a46641b1 role=FINANCE_ANALYST
2026-09-05 09:18:57 | INFO     | httpx | HTTP Request: POST http://testserver/api/v1/auth/register "HTTP/1.1 201 Created"
2026-09-05 09:18:58 | INFO     | app.services.auth_service | User logged in: username=scannoaccess_a46641b1
2026-09-05 09:18:58 | INFO     | httpx | HTTP Request: POST http://testserver/api/v1/auth/login "HTTP/1.1 200 OK"
2026-09-05 09:18:58 | WARNING  | app.main | Handled exception on POST /api/v1/documents/intake/scan-folder: This action requires one of the following roles: ['ADMIN']
2026-09-05 09:18:58 | INFO     | httpx | HTTP Request: POST http://testserver/api/v1/documents/intake/scan-folder "HTTP/1.1 403 Forbidden"
2026-09-05 09:18:58 | INFO     | app.services.auth_service | New user registered: username=scanadmin_64943e3b role=ADMIN
2026-09-05 09:18:58 | INFO     | httpx | HTTP Request: POST http://testserver/api/v1/auth/register "HTTP/1.1 201 Created"
2026-09-05 09:18:59 | INFO     | app.services.auth_service | User logged in: username=scanadmin_64943e3b
2026-09-05 09:18:59 | INFO     | httpx | HTTP Request: POST http://testserver/api/v1/auth/login "HTTP/1.1 200 OK"
2026-09-05 09:18:59 | INFO     | app.services.document_service | Document uploaded: id=145 filename=scan_17b1a489.pdf by_user=scanadmin_64943e3b
2026-09-05 09:18:59 | INFO     | httpx | HTTP Request: POST http://testserver/api/v1/documents/intake/scan-folder "HTTP/1.1 201 Created"
2026-09-05 09:18:59 | INFO     | app.services.auth_service | New user registered: username=scanescape_44260bbe role=ADMIN
2026-09-05 09:18:59 | INFO     | httpx | HTTP Request: POST http://testserver/api/v1/auth/register "HTTP/1.1 201 Created"
2026-09-05 09:18:59 | INFO     | app.services.auth_service | User logged in: username=scanescape_44260bbe
2026-09-05 09:18:59 | INFO     | httpx | HTTP Request: POST http://testserver/api/v1/auth/login "HTTP/1.1 200 OK"
2026-09-05 09:18:59 | WARNING  | app.main | Handled exception on POST /api/v1/documents/intake/scan-folder: Resolved scan path escapes the configured intake directory
2026-09-05 09:18:59 | INFO     | httpx | HTTP Request: POST http://testserver/api/v1/documents/intake/scan-folder "HTTP/1.1 422 Unprocessable Entity"
2026-09-05 09:19:00 | INFO     | app.services.auth_service | New user registered: username=scanmissing_c3b5d9d9 role=ADMIN
2026-09-05 09:19:00 | INFO     | httpx | HTTP Request: POST http://testserver/api/v1/auth/register "HTTP/1.1 201 Created"
2026-09-05 09:19:00 | INFO     | app.services.auth_service | User logged in: username=scanmissing_c3b5d9d9
2026-09-05 09:19:00 | INFO     | httpx | HTTP Request: POST http://testserver/api/v1/auth/login "HTTP/1.1 200 OK"
2026-09-05 09:19:00 | WARNING  | app.main | Handled exception on POST /api/v1/documents/intake/scan-folder: Intake directory does not exist: C:\Users\conanferreira\Desktop\PROJECT-BLACKBOX\EFDI\intake\does_not_exist_d8a0210f
2026-09-05 09:19:00 | INFO     | httpx | HTTP Request: POST http://testserver/api/v1/documents/intake/scan-folder "HTTP/1.1 422 Unprocessable Entity"
2026-09-05 09:19:00 | INFO     | app.services.auth_service | New user registered: username=scanskip_aef9f2b4 role=ADMIN
2026-09-05 09:19:00 | INFO     | httpx | HTTP Request: POST http://testserver/api/v1/auth/register "HTTP/1.1 201 Created"
2026-09-05 09:19:00 | INFO     | app.services.auth_service | New user registered: username=clsnoocr_861883fb role=FINANCE_ANALYST
2026-09-05 09:19:00 | INFO     | httpx | HTTP Request: POST http://testserver/api/v1/auth/register "HTTP/1.1 201 Created"
2026-09-05 09:19:01 | INFO     | app.services.auth_service | User logged in: username=scanskip_aef9f2b4
2026-09-05 09:19:01 | INFO     | httpx | HTTP Request: POST http://testserver/api/v1/auth/login "HTTP/1.1 200 OK"
2026-09-05 09:19:01 | INFO     | app.services.document_service | Document uploaded: id=146 filename=scan_17b1a489.pdf by_user=scanskip_aef9f2b4
2026-09-05 09:19:01 | INFO     | httpx | HTTP Request: POST http://testserver/api/v1/documents/intake/scan-folder "HTTP/1.1 201 Created"
2026-09-05 09:19:01 | INFO     | app.services.auth_service | User logged in: username=clsnoocr_861883fb
2026-09-05 09:19:01 | INFO     | httpx | HTTP Request: POST http://testserver/api/v1/auth/login "HTTP/1.1 200 OK"
2026-09-05 09:19:01 | INFO     | app.services.document_service | Document uploaded: id=147 filename=noocr.pdf by_user=clsnoocr_861883fb
2026-09-05 09:19:01 | INFO     | httpx | HTTP Request: POST http://testserver/api/v1/documents/upload "HTTP/1.1 201 Created"
2026-09-05 09:19:01 | WARNING  | app.main | Handled exception on POST /api/v1/classification/documents/147/classify: Cannot classify a document with no OCR result. Run OCR first via POST /ocr/documents/{id}/run.
2026-09-05 09:19:01 | INFO     | httpx | HTTP Request: POST http://testserver/api/v1/classification/documents/147/classify "HTTP/1.1 422 Unprocessable Entity"
2026-09-05 09:19:01 | INFO     | app.services.auth_service | New user registered: username=scanaudit_47168e3e role=ADMIN
2026-09-05 09:19:01 | INFO     | httpx | HTTP Request: POST http://testserver/api/v1/auth/register "HTTP/1.1 201 Created"
2026-09-05 09:19:01 | INFO     | app.services.auth_service | New user registered: username=clsstub_c0402265 role=FINANCE_ANALYST
2026-09-05 09:19:01 | INFO     | httpx | HTTP Request: POST http://testserver/api/v1/auth/register "HTTP/1.1 201 Created"
2026-09-05 09:19:01 | INFO     | app.services.auth_service | User logged in: username=scanaudit_47168e3e
2026-09-05 09:19:01 | INFO     | httpx | HTTP Request: POST http://testserver/api/v1/auth/login "HTTP/1.1 200 OK"
2026-09-05 09:19:01 | INFO     | app.services.document_service | Document uploaded: id=148 filename=scan_17b1a489.pdf by_user=scanaudit_47168e3e
2026-09-05 09:19:01 | INFO     | app.services.document_service | Document uploaded: id=149 filename=scanaudit_60d2df82.pdf by_user=scanaudit_47168e3e
2026-09-05 09:19:01 | INFO     | httpx | HTTP Request: POST http://testserver/api/v1/documents/intake/scan-folder "HTTP/1.1 201 Created"
2026-09-05 09:19:01 | INFO     | httpx | HTTP Request: GET http://testserver/health "HTTP/1.1 200 OK"
2026-09-05 09:19:01 | INFO     | httpx | HTTP Request: GET http://testserver/ "HTTP/1.1 200 OK"
2026-09-05 09:19:02 | INFO     | app.services.auth_service | User logged in: username=clsstub_c0402265
2026-09-05 09:19:02 | INFO     | httpx | HTTP Request: POST http://testserver/api/v1/auth/login "HTTP/1.1 200 OK"
2026-09-05 09:19:02 | INFO     | app.services.document_service | Document uploaded: id=150 filename=test.pdf by_user=clsstub_c0402265
2026-09-05 09:19:02 | INFO     | httpx | HTTP Request: POST http://testserver/api/v1/documents/upload "HTTP/1.1 201 Created"
2026-09-05 09:19:02 | INFO     | httpx | HTTP Request: GET http://testserver/api/openapi.json "HTTP/1.1 200 OK"
2026-09-05 09:19:02 | WARNING  | app.main | Handled exception on GET /raise/not-found: Document with id '42' not found
2026-09-05 09:19:02 | INFO     | httpx | HTTP Request: GET http://testserver/raise/not-found "HTTP/1.1 404 Not Found"
2026-09-05 09:19:02 | WARNING  | app.main | Handled exception on GET /raise/already-exists: User with username 'jdoe' already exists
2026-09-05 09:19:02 | INFO     | httpx | HTTP Request: GET http://testserver/raise/already-exists "HTTP/1.1 409 Conflict"
2026-09-05 09:19:02 | WARNING  | app.main | Handled exception on GET /raise/validation: Bad input
2026-09-05 09:19:02 | INFO     | httpx | HTTP Request: GET http://testserver/raise/validation "HTTP/1.1 422 Unprocessable Entity"
2026-09-05 09:19:02 | WARNING  | app.main | Handled exception on GET /raise/auth: Invalid authentication credentials
2026-09-05 09:19:02 | INFO     | httpx | HTTP Request: GET http://testserver/raise/auth "HTTP/1.1 401 Unauthorized"
2026-09-05 09:19:02 | WARNING  | app.main | Handled exception on GET /raise/authz: You do not have permission to perform this action
2026-09-05 09:19:02 | INFO     | httpx | HTTP Request: GET http://testserver/raise/authz "HTTP/1.1 403 Forbidden"
2026-09-05 09:19:02 | ERROR    | app.main | Unhandled exception on GET /raise/unhandled
Traceback (most recent call last):
  File "C:\Users\conanferreira\AppData\Roaming\Python\Python313\site-packages\starlette\middleware\errors.py", line 164, in __call__
    await self.app(scope, receive, _send)
  File "C:\Users\conanferreira\AppData\Roaming\Python\Python313\site-packages\starlette\middleware\exceptions.py", line 63, in __call__
    await wrap_app_handling_exceptions(self.app, conn)(scope, receive, send)
  File "C:\Users\conanferreira\AppData\Roaming\Python\Python313\site-packages\starlette\_exception_handler.py", line 53, in wrapped_app
    raise exc
  File "C:\Users\conanferreira\AppData\Roaming\Python\Python313\site-packages\starlette\_exception_handler.py", line 42, in wrapped_app
    await app(scope, receive, sender)
  File "C:\Users\conanferreira\AppData\Roaming\Python\Python313\site-packages\fastapi\middleware\asyncexitstack.py", line 18, in __call__
    await self.app(scope, receive, send)
  File "C:\Users\conanferreira\AppData\Roaming\Python\Python313\site-packages\starlette\routing.py", line 660, in __call__
    await self.middleware_stack(scope, receive, send)
  File "C:\Users\conanferreira\AppData\Roaming\Python\Python313\site-packages\starlette\routing.py", line 680, in app
    await route.handle(scope, receive, send)
  File "C:\Users\conanferreira\AppData\Roaming\Python\Python313\site-packages\fastapi\routing.py", line 1220, in handle
    await super().handle(scope, receive, send)
  File "C:\Users\conanferreira\AppData\Roaming\Python\Python313\site-packages\starlette\routing.py", line 276, in handle
    await self.app(scope, receive, send)
  File "C:\Users\conanferreira\AppData\Roaming\Python\Python313\site-packages\fastapi\routing.py", line 143, in app
    await wrap_app_handling_exceptions(app, request)(scope, receive, send)
  File "C:\Users\conanferreira\AppData\Roaming\Python\Python313\site-packages\starlette\_exception_handler.py", line 53, in wrapped_app
    raise exc
  File "C:\Users\conanferreira\AppData\Roaming\Python\Python313\site-packages\starlette\_exception_handler.py", line 42, in wrapped_app
    await app(scope, receive, sender)
  File "C:\Users\conanferreira\AppData\Roaming\Python\Python313\site-packages\fastapi\routing.py", line 129, in app
    response = await f(request)
               ^^^^^^^^^^^^^^^^
  File "C:\Users\conanferreira\AppData\Roaming\Python\Python313\site-packages\fastapi\routing.py", line 683, in app
    raw_response = await run_endpoint_function(
                   ^^^^^^^^^^^^^^^^^^^^^^^^^^^^
    ...<3 lines>...
    )
    ^
  File "C:\Users\conanferreira\AppData\Roaming\Python\Python313\site-packages\fastapi\routing.py", line 339, in run_endpoint_function
    return await run_in_threadpool(dependant.call, **values)
           ^^^^^^^^^^^^^^^^^^^^^^^^^^^^^^^^^^^^^^^^^^^^^^^^^
  File "C:\Users\conanferreira\AppData\Roaming\Python\Python313\site-packages\starlette\concurrency.py", line 34, in run_in_threadpool
    return await anyio.to_thread.run_sync(func)
           ^^^^^^^^^^^^^^^^^^^^^^^^^^^^^^^^^^^^
  File "C:\Users\conanferreira\AppData\Roaming\Python\Python313\site-packages\anyio\to_thread.py", line 63, in run_sync
    return await get_async_backend().run_sync_in_worker_thread(
           ^^^^^^^^^^^^^^^^^^^^^^^^^^^^^^^^^^^^^^^^^^^^^^^^^^^^
        func, args, abandon_on_cancel=abandon_on_cancel, limiter=limiter
        ^^^^^^^^^^^^^^^^^^^^^^^^^^^^^^^^^^^^^^^^^^^^^^^^^^^^^^^^^^^^^^^^
    )
    ^
  File "C:\Users\conanferreira\AppData\Roaming\Python\Python313\site-packages\anyio\_backends\_asyncio.py", line 2592, in run_sync_in_worker_thread
    return await future
           ^^^^^^^^^^^^
  File "C:\Users\conanferreira\AppData\Roaming\Python\Python313\site-packages\anyio\_backends\_asyncio.py", line 1029, in run
    result = context.run(func, *args)
  File "C:\Users\conanferreira\Desktop\PROJECT-BLACKBOX\EFDI\backend\tests\test_phase1_foundation.py", line 80, in raise_unhandled
    raise RuntimeError("boom - this should never leak to the client")
RuntimeError: boom - this should never leak to the client
2026-09-05 09:19:02 | INFO     | httpx | HTTP Request: GET http://testserver/raise/unhandled "HTTP/1.1 500 Internal Server Error"
2026-09-05 09:19:02 | INFO     | app.services.ocr_service | OCR completed: document_id=150 engine=stub pages=1 avg_confidence=0.42 time_ms=446 status=OCR_COMPLETED
2026-09-05 09:19:02 | INFO     | httpx | HTTP Request: POST http://testserver/api/v1/ocr/documents/150/run "HTTP/1.1 201 Created"
2026-09-05 09:19:02 | INFO     | app.services.auth_service | New user registered: username=reg_ac4761ca role=FINANCE_MANAGER
2026-09-05 09:19:02 | INFO     | httpx | HTTP Request: POST http://testserver/api/v1/auth/register "HTTP/1.1 201 Created"
2026-09-05 09:19:02 | INFO     | app.services.classification_service | Document classified: document_id=150 type=UNKNOWN confidence=0.00 engine=rule_based
2026-09-05 09:19:03 | INFO     | httpx | HTTP Request: POST http://testserver/api/v1/classification/documents/150/classify "HTTP/1.1 201 Created"
2026-09-05 09:19:03 | INFO     | app.services.auth_service | New user registered: username=dup_eb1bb7d3 role=FINANCE_ANALYST
2026-09-05 09:19:03 | INFO     | httpx | HTTP Request: POST http://testserver/api/v1/auth/register "HTTP/1.1 201 Created"
2026-09-05 09:19:03 | WARNING  | app.main | Handled exception on POST /api/v1/auth/register: User with username 'dup_eb1bb7d3' already exists
2026-09-05 09:19:03 | INFO     | httpx | HTTP Request: POST http://testserver/api/v1/auth/register "HTTP/1.1 409 Conflict"
2026-09-05 09:19:03 | INFO     | httpx | HTTP Request: POST http://testserver/api/v1/auth/register "HTTP/1.1 422 Unprocessable Entity"
2026-09-05 09:19:03 | INFO     | httpx | HTTP Request: POST http://testserver/api/v1/auth/register "HTTP/1.1 422 Unprocessable Entity"
2026-09-05 09:19:03 | INFO     | app.services.auth_service | New user registered: username=clspoi_7b019ee9 role=FINANCE_ANALYST
2026-09-05 09:19:03 | INFO     | httpx | HTTP Request: POST http://testserver/api/v1/auth/register "HTTP/1.1 201 Created"
2026-09-05 09:19:03 | INFO     | app.services.auth_service | New user registered: username=login_48c4460b role=FINANCE_ANALYST
2026-09-05 09:19:03 | INFO     | httpx | HTTP Request: POST http://testserver/api/v1/auth/register "HTTP/1.1 201 Created"
2026-09-05 09:19:03 | INFO     | app.services.auth_service | User logged in: username=clspoi_7b019ee9
2026-09-05 09:19:03 | INFO     | httpx | HTTP Request: POST http://testserver/api/v1/auth/login "HTTP/1.1 200 OK"
2026-09-05 09:19:03 | INFO     | app.services.document_service | Document uploaded: id=151 filename=test.pdf by_user=clspoi_7b019ee9
2026-09-05 09:19:03 | INFO     | httpx | HTTP Request: POST http://testserver/api/v1/documents/upload "HTTP/1.1 201 Created"
2026-09-05 09:19:03 | INFO     | app.services.ocr_service | OCR completed: document_id=151 engine=stub pages=1 avg_confidence=0.42 time_ms=161 status=OCR_COMPLETED
2026-09-05 09:19:03 | INFO     | httpx | HTTP Request: POST http://testserver/api/v1/ocr/documents/151/run "HTTP/1.1 201 Created"
2026-09-05 09:19:03 | INFO     | app.services.auth_service | User logged in: username=login_48c4460b
2026-09-05 09:19:03 | INFO     | httpx | HTTP Request: POST http://testserver/api/v1/auth/login "HTTP/1.1 200 OK"
2026-09-05 09:19:04 | INFO     | app.services.classification_service | Document classified: document_id=151 type=POI confidence=0.76 engine=rule_based
2026-09-05 09:19:04 | INFO     | httpx | HTTP Request: POST http://testserver/api/v1/classification/documents/151/classify "HTTP/1.1 201 Created"
2026-09-05 09:19:04 | INFO     | app.services.auth_service | New user registered: username=login_email_cb28f57d role=FINANCE_ANALYST
2026-09-05 09:19:04 | INFO     | httpx | HTTP Request: POST http://testserver/api/v1/auth/register "HTTP/1.1 201 Created"
2026-09-05 09:19:04 | INFO     | httpx | HTTP Request: GET http://testserver/api/v1/documents/151 "HTTP/1.1 200 OK"
2026-09-05 09:19:04 | INFO     | app.services.auth_service | User logged in: username=login_email_cb28f57d
2026-09-05 09:19:04 | INFO     | httpx | HTTP Request: POST http://testserver/api/v1/auth/login "HTTP/1.1 200 OK"
2026-09-05 09:19:04 | INFO     | app.services.auth_service | New user registered: username=clsstatus_995bcff5 role=FINANCE_ANALYST
2026-09-05 09:19:04 | INFO     | httpx | HTTP Request: POST http://testserver/api/v1/auth/register "HTTP/1.1 201 Created"
2026-09-05 09:19:04 | INFO     | app.services.auth_service | New user registered: username=login_ws_0710e62f role=FINANCE_ANALYST
2026-09-05 09:19:04 | INFO     | httpx | HTTP Request: POST http://testserver/api/v1/auth/register "HTTP/1.1 201 Created"
2026-09-05 09:19:05 | INFO     | app.services.auth_service | User logged in: username=clsstatus_995bcff5
2026-09-05 09:19:05 | INFO     | httpx | HTTP Request: POST http://testserver/api/v1/auth/login "HTTP/1.1 200 OK"
2026-09-05 09:19:05 | INFO     | app.services.document_service | Document uploaded: id=152 filename=test.pdf by_user=clsstatus_995bcff5
2026-09-05 09:19:05 | INFO     | httpx | HTTP Request: POST http://testserver/api/v1/documents/upload "HTTP/1.1 201 Created"
2026-09-05 09:19:05 | INFO     | app.services.ocr_service | OCR completed: document_id=152 engine=stub pages=1 avg_confidence=0.42 time_ms=162 status=OCR_COMPLETED
2026-09-05 09:19:05 | INFO     | httpx | HTTP Request: POST http://testserver/api/v1/ocr/documents/152/run "HTTP/1.1 201 Created"
2026-09-05 09:19:05 | INFO     | app.services.auth_service | User logged in: username=login_ws_0710e62f
2026-09-05 09:19:05 | INFO     | httpx | HTTP Request: POST http://testserver/api/v1/auth/login "HTTP/1.1 200 OK"
2026-09-05 09:19:05 | INFO     | app.services.classification_service | Document classified: document_id=152 type=BKA confidence=0.87 engine=rule_based
2026-09-05 09:19:05 | INFO     | httpx | HTTP Request: POST http://testserver/api/v1/classification/documents/152/classify "HTTP/1.1 201 Created"
2026-09-05 09:19:05 | INFO     | httpx | HTTP Request: GET http://testserver/api/v1/documents/152 "HTTP/1.1 200 OK"
2026-09-05 09:19:05 | INFO     | app.services.auth_service | New user registered: username=wrongpw_a1abda25 role=FINANCE_ANALYST
2026-09-05 09:19:05 | INFO     | httpx | HTTP Request: POST http://testserver/api/v1/auth/register "HTTP/1.1 201 Created"
2026-09-05 09:19:05 | INFO     | app.services.auth_service | New user registered: username=clslatest_e969d64a role=FINANCE_ANALYST
2026-09-05 09:19:05 | INFO     | httpx | HTTP Request: POST http://testserver/api/v1/auth/register "HTTP/1.1 201 Created"
2026-09-05 09:19:05 | WARNING  | app.main | Handled exception on POST /api/v1/auth/login: Incorrect username or password
2026-09-05 09:19:06 | INFO     | httpx | HTTP Request: POST http://testserver/api/v1/auth/login "HTTP/1.1 401 Unauthorized"
2026-09-05 09:19:06 | WARNING  | app.main | Handled exception on POST /api/v1/auth/login: Incorrect username or password
2026-09-05 09:19:06 | INFO     | httpx | HTTP Request: POST http://testserver/api/v1/auth/login "HTTP/1.1 401 Unauthorized"
2026-09-05 09:19:06 | INFO     | app.services.auth_service | User logged in: username=clslatest_e969d64a
2026-09-05 09:19:06 | INFO     | httpx | HTTP Request: POST http://testserver/api/v1/auth/login "HTTP/1.1 200 OK"
2026-09-05 09:19:06 | INFO     | app.services.document_service | Document uploaded: id=153 filename=test.pdf by_user=clslatest_e969d64a
2026-09-05 09:19:06 | INFO     | httpx | HTTP Request: POST http://testserver/api/v1/documents/upload "HTTP/1.1 201 Created"
2026-09-05 09:19:06 | INFO     | app.services.auth_service | New user registered: username=me_06c3de75 role=FINANCE_ANALYST
2026-09-05 09:19:06 | INFO     | httpx | HTTP Request: POST http://testserver/api/v1/auth/register "HTTP/1.1 201 Created"
2026-09-05 09:19:06 | INFO     | app.services.ocr_service | OCR completed: document_id=153 engine=stub pages=1 avg_confidence=0.42 time_ms=155 status=OCR_COMPLETED
2026-09-05 09:19:06 | INFO     | httpx | HTTP Request: POST http://testserver/api/v1/ocr/documents/153/run "HTTP/1.1 201 Created"
2026-09-05 09:19:06 | INFO     | app.services.auth_service | User logged in: username=me_06c3de75
2026-09-05 09:19:06 | INFO     | httpx | HTTP Request: POST http://testserver/api/v1/auth/login "HTTP/1.1 200 OK"
2026-09-05 09:19:06 | INFO     | httpx | HTTP Request: GET http://testserver/api/v1/auth/me "HTTP/1.1 200 OK"
2026-09-05 09:19:06 | WARNING  | app.main | Handled exception on GET /api/v1/auth/me: Not authenticated
2026-09-05 09:19:06 | INFO     | httpx | HTTP Request: GET http://testserver/api/v1/auth/me "HTTP/1.1 401 Unauthorized"
2026-09-05 09:19:06 | INFO     | app.services.classification_service | Document classified: document_id=153 type=JER confidence=0.68 engine=rule_based
2026-09-05 09:19:06 | WARNING  | app.main | Handled exception on GET /api/v1/auth/me: Invalid or expired token
2026-09-05 09:19:06 | INFO     | httpx | HTTP Request: GET http://testserver/api/v1/auth/me "HTTP/1.1 401 Unauthorized"
2026-09-05 09:19:06 | INFO     | httpx | HTTP Request: POST http://testserver/api/v1/classification/documents/153/classify "HTTP/1.1 201 Created"
2026-09-05 09:19:07 | INFO     | app.services.auth_service | New user registered: username=admin_dd77f4e3 role=ADMIN
2026-09-05 09:19:07 | INFO     | app.services.auth_service | New user registered: username=clsget_97afe33b role=FINANCE_ANALYST
2026-09-05 09:19:07 | INFO     | httpx | HTTP Request: POST http://testserver/api/v1/auth/register "HTTP/1.1 201 Created"
2026-09-05 09:19:07 | INFO     | httpx | HTTP Request: POST http://testserver/api/v1/auth/register "HTTP/1.1 201 Created"
2026-09-05 09:19:07 | INFO     | app.services.auth_service | User logged in: username=admin_dd77f4e3

2026-09-05 09:19:07 | INFO     | httpx | HTTP Request: POST http://testserver/api/v1/auth/login "HTTP/1.1 200 OK"
2026-09-05 09:19:07 | INFO     | httpx | HTTP Request: POST http://testserver/api/v1/auth/login "HTTP/1.1 200 OK"
2026-09-05 09:19:07 | INFO     | app.services.document_service | Document uploaded: id=154 filename=test.pdf by_user=clsget_97afe33b
2026-09-05 09:19:07 | INFO     | httpx | HTTP Request: POST http://testserver/api/v1/documents/upload "HTTP/1.1 201 Created"
2026-09-05 09:19:07 | INFO     | app.services.ocr_service | OCR completed: document_id=154 engine=stub pages=1 avg_confidence=0.42 time_ms=155 status=OCR_COMPLETED
2026-09-05 09:19:07 | INFO     | httpx | HTTP Request: POST http://testserver/api/v1/ocr/documents/154/run "HTTP/1.1 201 Created"
2026-09-05 09:19:07 | INFO     | app.services.classification_service | Document classified: document_id=154 type=MSI confidence=0.57 engine=rule_based
2026-09-05 09:19:07 | INFO     | httpx | HTTP Request: POST http://testserver/api/v1/classification/documents/154/classify "HTTP/1.1 201 Created"
2026-09-05 09:19:07 | INFO     | httpx | HTTP Request: GET http://testserver/api/v1/users "HTTP/1.1 200 OK"
2026-09-05 09:19:08 | INFO     | httpx | HTTP Request: GET http://testserver/api/v1/classification/documents/154/result "HTTP/1.1 200 OK"
2026-09-05 09:19:08 | INFO     | app.services.auth_service | New user registered: username=finance_manager_1a9732d8 role=FINANCE_MANAGER
2026-09-05 09:19:08 | INFO     | httpx | HTTP Request: POST http://testserver/api/v1/auth/register "HTTP/1.1 201 Created"
2026-09-05 09:19:08 | INFO     | app.services.auth_service | New user registered: username=clsnorun_f3776bd2 role=FINANCE_ANALYST
2026-09-05 09:19:08 | INFO     | httpx | HTTP Request: POST http://testserver/api/v1/auth/register "HTTP/1.1 201 Created"
2026-09-05 09:19:08 | INFO     | app.services.auth_service | User logged in: username=finance_manager_1a9732d8
2026-09-05 09:19:08 | INFO     | httpx | HTTP Request: POST http://testserver/api/v1/auth/login "HTTP/1.1 200 OK"
2026-09-05 09:19:08 | WARNING  | app.main | Handled exception on GET /api/v1/users: This action requires one of the following roles: ['ADMIN']
2026-09-05 09:19:08 | INFO     | httpx | HTTP Request: GET http://testserver/api/v1/users "HTTP/1.1 403 Forbidden"
2026-09-05 09:19:08 | INFO     | app.services.auth_service | User logged in: username=clsnorun_f3776bd2
2026-09-05 09:19:08 | INFO     | httpx | HTTP Request: POST http://testserver/api/v1/auth/login "HTTP/1.1 200 OK"
2026-09-05 09:19:08 | INFO     | app.services.document_service | Document uploaded: id=155 filename=test.pdf by_user=clsnorun_f3776bd2
2026-09-05 09:19:08 | INFO     | httpx | HTTP Request: POST http://testserver/api/v1/documents/upload "HTTP/1.1 201 Created"
2026-09-05 09:19:08 | INFO     | app.services.auth_service | New user registered: username=finance_analyst_a7faa9bd role=FINANCE_ANALYST
2026-09-05 09:19:09 | INFO     | httpx | HTTP Request: POST http://testserver/api/v1/auth/register "HTTP/1.1 201 Created"
2026-09-05 09:19:09 | INFO     | app.services.ocr_service | OCR completed: document_id=155 engine=stub pages=1 avg_confidence=0.42 time_ms=190 status=OCR_COMPLETED
2026-09-05 09:19:09 | INFO     | httpx | HTTP Request: POST http://testserver/api/v1/ocr/documents/155/run "HTTP/1.1 201 Created"
2026-09-05 09:19:09 | WARNING  | app.main | Handled exception on GET /api/v1/classification/documents/155/result: Classification result for document with id '155' not found
2026-09-05 09:19:09 | INFO     | httpx | HTTP Request: GET http://testserver/api/v1/classification/documents/155/result "HTTP/1.1 404 Not Found"
2026-09-05 09:19:09 | INFO     | app.services.auth_service | User logged in: username=finance_analyst_a7faa9bd
2026-09-05 09:19:09 | INFO     | httpx | HTTP Request: POST http://testserver/api/v1/auth/login "HTTP/1.1 200 OK"
2026-09-05 09:19:09 | WARNING  | app.main | Handled exception on GET /api/v1/users: This action requires one of the following roles: ['ADMIN']
2026-09-05 09:19:09 | INFO     | httpx | HTTP Request: GET http://testserver/api/v1/users "HTTP/1.1 403 Forbidden"
2026-09-05 09:19:09 | INFO     | app.services.auth_service | New user registered: username=clsmulti_2a6b2f30 role=FINANCE_ANALYST
2026-09-05 09:19:09 | INFO     | httpx | HTTP Request: POST http://testserver/api/v1/auth/register "HTTP/1.1 201 Created"
2026-09-05 09:19:09 | INFO     | app.services.auth_service | New user registered: username=auditor_31e5666e role=AUDITOR
2026-09-05 09:19:09 | INFO     | httpx | HTTP Request: POST http://testserver/api/v1/auth/register "HTTP/1.1 201 Created"
2026-09-05 09:19:09 | INFO     | app.services.auth_service | User logged in: username=clsmulti_2a6b2f30
2026-09-05 09:19:09 | INFO     | httpx | HTTP Request: POST http://testserver/api/v1/auth/login "HTTP/1.1 200 OK"
2026-09-05 09:19:09 | INFO     | app.services.document_service | Document uploaded: id=156 filename=test.pdf by_user=clsmulti_2a6b2f30
2026-09-05 09:19:09 | INFO     | httpx | HTTP Request: POST http://testserver/api/v1/documents/upload "HTTP/1.1 201 Created"
2026-09-05 09:19:10 | INFO     | app.services.auth_service | User logged in: username=auditor_31e5666e
2026-09-05 09:19:10 | INFO     | httpx | HTTP Request: POST http://testserver/api/v1/auth/login "HTTP/1.1 200 OK"
2026-09-05 09:19:10 | WARNING  | app.main | Handled exception on GET /api/v1/users: This action requires one of the following roles: ['ADMIN']
2026-09-05 09:19:10 | INFO     | httpx | HTTP Request: GET http://testserver/api/v1/users "HTTP/1.1 403 Forbidden"
2026-09-05 09:19:10 | INFO     | app.services.ocr_service | OCR completed: document_id=156 engine=stub pages=1 avg_confidence=0.42 time_ms=165 status=OCR_COMPLETED
2026-09-05 09:19:10 | INFO     | httpx | HTTP Request: POST http://testserver/api/v1/ocr/documents/156/run "HTTP/1.1 201 Created"
2026-09-05 09:19:10 | INFO     | app.services.classification_service | Document classified: document_id=156 type=POI confidence=0.76 engine=rule_based
2026-09-05 09:19:10 | INFO     | httpx | HTTP Request: POST http://testserver/api/v1/classification/documents/156/classify "HTTP/1.1 201 Created"
2026-09-05 09:19:10 | INFO     | app.services.auth_service | New user registered: username=admin2_b1268788 role=ADMIN
2026-09-05 09:19:10 | INFO     | httpx | HTTP Request: POST http://testserver/api/v1/auth/register "HTTP/1.1 201 Created"
2026-09-05 09:19:10 | INFO     | app.services.classification_service | Document classified: document_id=156 type=POI confidence=0.76 engine=rule_based
2026-09-05 09:19:10 | INFO     | httpx | HTTP Request: POST http://testserver/api/v1/classification/documents/156/classify "HTTP/1.1 201 Created"
2026-09-05 09:19:10 | INFO     | app.services.auth_service | User logged in: username=admin2_b1268788
2026-09-05 09:19:10 | INFO     | httpx | HTTP Request: POST http://testserver/api/v1/auth/login "HTTP/1.1 200 OK"
2026-09-05 09:19:10 | INFO     | httpx | HTTP Request: GET http://testserver/api/v1/classification/documents/156/results "HTTP/1.1 200 OK"
2026-09-05 09:19:11 | INFO     | app.services.auth_service | New user registered: username=target_80a03d55 role=FINANCE_ANALYST
2026-09-05 09:19:11 | INFO     | httpx | HTTP Request: POST http://testserver/api/v1/auth/register "HTTP/1.1 201 Created"
2026-09-05 09:19:11 | INFO     | app.services.auth_service | New user registered: username=clsowner_0bdcab17 role=FINANCE_ANALYST
2026-09-05 09:19:11 | INFO     | httpx | HTTP Request: POST http://testserver/api/v1/auth/register "HTTP/1.1 201 Created"
2026-09-05 09:19:11 | INFO     | httpx | HTTP Request: PATCH http://testserver/api/v1/users/189/role "HTTP/1.1 200 OK"
2026-09-05 09:19:11 | INFO     | app.services.auth_service | User logged in: username=clsowner_0bdcab17
2026-09-05 09:19:11 | INFO     | httpx | HTTP Request: POST http://testserver/api/v1/auth/login "HTTP/1.1 200 OK"
2026-09-05 09:19:11 | INFO     | app.services.auth_service | New user registered: username=admin3_b218ea9e role=ADMIN
2026-09-05 09:19:11 | INFO     | httpx | HTTP Request: POST http://testserver/api/v1/auth/register "HTTP/1.1 201 Created"
2026-09-05 09:19:11 | INFO     | app.services.auth_service | New user registered: username=clsother_5d36d222 role=FINANCE_ANALYST
2026-09-05 09:19:11 | INFO     | app.services.auth_service | User logged in: username=admin3_b218ea9e
2026-09-05 09:19:11 | INFO     | httpx | HTTP Request: POST http://testserver/api/v1/auth/register "HTTP/1.1 201 Created"
2026-09-05 09:19:11 | INFO     | httpx | HTTP Request: POST http://testserver/api/v1/auth/login "HTTP/1.1 200 OK"
2026-09-05 09:19:12 | INFO     | app.services.auth_service | User logged in: username=clsother_5d36d222
2026-09-05 09:19:12 | INFO     | httpx | HTTP Request: POST http://testserver/api/v1/auth/login "HTTP/1.1 200 OK"
2026-09-05 09:19:12 | INFO     | app.services.auth_service | New user registered: username=deact_993b19b4 role=FINANCE_ANALYST
2026-09-05 09:19:12 | INFO     | httpx | HTTP Request: POST http://testserver/api/v1/auth/register "HTTP/1.1 201 Created"
2026-09-05 09:19:12 | INFO     | app.services.document_service | Document uploaded: id=157 filename=test.pdf by_user=clsowner_0bdcab17
2026-09-05 09:19:12 | INFO     | httpx | HTTP Request: PATCH http://testserver/api/v1/users/193/status "HTTP/1.1 200 OK"
2026-09-05 09:19:12 | INFO     | httpx | HTTP Request: POST http://testserver/api/v1/documents/upload "HTTP/1.1 201 Created"
2026-09-05 09:19:12 | INFO     | app.services.ocr_service | OCR completed: document_id=157 engine=stub pages=1 avg_confidence=0.42 time_ms=153 status=OCR_COMPLETED
2026-09-05 09:19:12 | INFO     | httpx | HTTP Request: POST http://testserver/api/v1/ocr/documents/157/run "HTTP/1.1 201 Created"
2026-09-05 09:19:12 | WARNING  | app.main | Handled exception on POST /api/v1/classification/documents/157/classify: You may only access documents you uploaded
2026-09-05 09:19:12 | INFO     | httpx | HTTP Request: POST http://testserver/api/v1/classification/documents/157/classify "HTTP/1.1 403 Forbidden"
2026-09-05 09:19:12 | WARNING  | app.main | Handled exception on POST /api/v1/auth/login: This account has been deactivated
2026-09-05 09:19:12 | INFO     | httpx | HTTP Request: POST http://testserver/api/v1/auth/login "HTTP/1.1 401 Unauthorized"
2026-09-05 09:19:12 | INFO     | app.services.auth_service | New user registered: username=admin4_f4246b61 role=ADMIN
2026-09-05 09:19:12 | INFO     | httpx | HTTP Request: POST http://testserver/api/v1/auth/register "HTTP/1.1 201 Created"
2026-09-05 09:19:13 | INFO     | app.services.auth_service | User logged in: username=admin4_f4246b61
2026-09-05 09:19:13 | INFO     | httpx | HTTP Request: POST http://testserver/api/v1/auth/login "HTTP/1.1 200 OK"
2026-09-05 09:19:13 | INFO     | app.services.auth_service | New user registered: username=midsession_f40c4203 role=FINANCE_ANALYST
2026-09-05 09:19:13 | INFO     | httpx | HTTP Request: POST http://testserver/api/v1/auth/register "HTTP/1.1 201 Created"
2026-09-05 09:19:13 | INFO     | app.services.auth_service | User logged in: username=midsession_f40c4203
2026-09-05 09:19:13 | INFO     | httpx | HTTP Request: POST http://testserver/api/v1/auth/login "HTTP/1.1 200 OK"
2026-09-05 09:19:13 | INFO     | httpx | HTTP Request: GET http://testserver/api/v1/auth/me "HTTP/1.1 200 OK"
2026-09-05 09:19:13 | INFO     | httpx | HTTP Request: PATCH http://testserver/api/v1/users/195/status "HTTP/1.1 200 OK"
2026-09-05 09:19:13 | WARNING  | app.main | Handled exception on GET /api/v1/auth/me: This account has been deactivated
2026-09-05 09:19:13 | INFO     | httpx | HTTP Request: GET http://testserver/api/v1/auth/me "HTTP/1.1 401 Unauthorized"
2026-09-05 09:19:14 | INFO     | app.services.auth_service | New user registered: username=notadmin_690493f5 role=FINANCE_ANALYST
2026-09-05 09:19:14 | INFO     | httpx | HTTP Request: POST http://testserver/api/v1/auth/register "HTTP/1.1 201 Created"
2026-09-05 09:19:14 | INFO     | app.services.auth_service | User logged in: username=notadmin_690493f5
2026-09-05 09:19:14 | INFO     | httpx | HTTP Request: POST http://testserver/api/v1/auth/login "HTTP/1.1 200 OK"
2026-09-05 09:19:14 | WARNING  | app.main | Handled exception on PATCH /api/v1/users/196/role: This action requires one of the following roles: ['ADMIN']
2026-09-05 09:19:14 | INFO     | httpx | HTTP Request: PATCH http://testserver/api/v1/users/196/role "HTTP/1.1 403 Forbidden"
2026-09-05 09:19:14 | INFO     | app.services.auth_service | New user registered: username=user_b2545f13 role=FINANCE_ANALYST
2026-09-05 09:19:14 | INFO     | httpx | HTTP Request: POST http://testserver/api/v1/auth/register "HTTP/1.1 201 Created"
2026-09-05 09:19:15 | INFO     | app.services.auth_service | User logged in: username=user_b2545f13
2026-09-05 09:19:15 | INFO     | httpx | HTTP Request: POST http://testserver/api/v1/auth/login "HTTP/1.1 200 OK"
2026-09-05 09:19:15 | INFO     | app.services.document_service | Document uploaded: id=158 filename=invoice.pdf by_user=user_b2545f13
2026-09-05 09:19:15 | INFO     | httpx | HTTP Request: POST http://testserver/api/v1/documents/upload "HTTP/1.1 201 Created"
2026-09-05 09:19:15 | INFO     | app.services.auth_service | New user registered: username=user_65424fe7 role=FINANCE_ANALYST
2026-09-05 09:19:15 | INFO     | httpx | HTTP Request: POST http://testserver/api/v1/auth/register "HTTP/1.1 201 Created"
2026-09-05 09:19:15 | INFO     | app.services.auth_service | User logged in: username=user_65424fe7
2026-09-05 09:19:15 | INFO     | httpx | HTTP Request: POST http://testserver/api/v1/auth/login "HTTP/1.1 200 OK"
2026-09-05 09:19:15 | WARNING  | app.main | Handled exception on POST /api/v1/documents/upload: Unsupported file type 'text/plain'. Allowed types: application/pdf, image/png, image/jpeg
2026-09-05 09:19:15 | INFO     | httpx | HTTP Request: POST http://testserver/api/v1/documents/upload "HTTP/1.1 422 Unprocessable Entity"
2026-09-05 09:19:16 | INFO     | app.services.auth_service | New user registered: username=user_c2af7e9b role=FINANCE_ANALYST
2026-09-05 09:19:16 | INFO     | httpx | HTTP Request: POST http://testserver/api/v1/auth/register "HTTP/1.1 201 Created"
2026-09-05 09:19:16 | INFO     | app.services.auth_service | User logged in: username=user_c2af7e9b
2026-09-05 09:19:16 | INFO     | httpx | HTTP Request: POST http://testserver/api/v1/auth/login "HTTP/1.1 200 OK"
2026-09-05 09:19:16 | WARNING  | app.main | Handled exception on POST /api/v1/documents/upload: File exceeds the maximum allowed size of 0MB
2026-09-05 09:19:16 | INFO     | httpx | HTTP Request: POST http://testserver/api/v1/documents/upload "HTTP/1.1 422 Unprocessable Entity"
2026-09-05 09:19:16 | WARNING  | app.main | Handled exception on POST /api/v1/documents/upload: Not authenticated
2026-09-05 09:19:16 | INFO     | httpx | HTTP Request: POST http://testserver/api/v1/documents/upload "HTTP/1.1 401 Unauthorized"
2026-09-05 09:19:16 | INFO     | app.services.auth_service | New user registered: username=user_583403e1 role=FINANCE_ANALYST
2026-09-05 09:19:16 | INFO     | httpx | HTTP Request: POST http://testserver/api/v1/auth/register "HTTP/1.1 201 Created"
2026-09-05 09:19:17 | INFO     | app.services.auth_service | User logged in: username=user_583403e1
2026-09-05 09:19:17 | INFO     | httpx | HTTP Request: POST http://testserver/api/v1/auth/login "HTTP/1.1 200 OK"
2026-09-05 09:19:17 | INFO     | app.services.document_service | Document uploaded: id=159 filename=roundtrip.pdf by_user=user_583403e1
2026-09-05 09:19:17 | INFO     | httpx | HTTP Request: POST http://testserver/api/v1/documents/upload "HTTP/1.1 201 Created"
2026-09-05 09:19:17 | INFO     | httpx | HTTP Request: GET http://testserver/api/v1/documents/159/download "HTTP/1.1 200 OK"
2026-09-05 09:19:17 | INFO     | app.services.auth_service | New user registered: username=user_b1b01dbf role=FINANCE_ANALYST
2026-09-05 09:19:17 | INFO     | httpx | HTTP Request: POST http://testserver/api/v1/auth/register "HTTP/1.1 201 Created"
2026-09-05 09:19:17 | INFO     | app.services.auth_service | User logged in: username=user_b1b01dbf
2026-09-05 09:19:17 | INFO     | httpx | HTTP Request: POST http://testserver/api/v1/auth/login "HTTP/1.1 200 OK"
2026-09-05 09:19:17 | WARNING  | app.main | Handled exception on GET /api/v1/documents/99999999: Document with id '99999999' not found
2026-09-05 09:19:17 | INFO     | httpx | HTTP Request: GET http://testserver/api/v1/documents/99999999 "HTTP/1.1 404 Not Found"
2026-09-05 09:19:18 | INFO     | app.services.auth_service | New user registered: username=analyst_a_5de2c9b5 role=FINANCE_ANALYST
2026-09-05 09:19:18 | INFO     | httpx | HTTP Request: POST http://testserver/api/v1/auth/register "HTTP/1.1 201 Created"
2026-09-05 09:19:18 | INFO     | app.services.auth_service | User logged in: username=analyst_a_5de2c9b5
2026-09-05 09:19:18 | INFO     | httpx | HTTP Request: POST http://testserver/api/v1/auth/login "HTTP/1.1 200 OK"
2026-09-05 09:19:18 | INFO     | app.services.auth_service | New user registered: username=analyst_b_f75fd469 role=FINANCE_ANALYST
2026-09-05 09:19:18 | INFO     | httpx | HTTP Request: POST http://testserver/api/v1/auth/register "HTTP/1.1 201 Created"
2026-09-05 09:19:19 | INFO     | app.services.auth_service | User logged in: username=analyst_b_f75fd469
2026-09-05 09:19:19 | INFO     | httpx | HTTP Request: POST http://testserver/api/v1/auth/login "HTTP/1.1 200 OK"
2026-09-05 09:19:19 | INFO     | app.services.document_service | Document uploaded: id=160 filename=a_doc.pdf by_user=analyst_a_5de2c9b5
2026-09-05 09:19:19 | INFO     | httpx | HTTP Request: POST http://testserver/api/v1/documents/upload "HTTP/1.1 201 Created"
2026-09-05 09:19:19 | INFO     | app.services.document_service | Document uploaded: id=161 filename=b_doc.pdf by_user=analyst_b_f75fd469
2026-09-05 09:19:19 | INFO     | httpx | HTTP Request: POST http://testserver/api/v1/documents/upload "HTTP/1.1 201 Created"
2026-09-05 09:19:19 | INFO     | httpx | HTTP Request: GET http://testserver/api/v1/documents "HTTP/1.1 200 OK"
2026-09-05 09:19:19 | INFO     | app.services.auth_service | New user registered: username=direct_a_5a872c4c role=FINANCE_ANALYST
2026-09-05 09:19:19 | INFO     | httpx | HTTP Request: POST http://testserver/api/v1/auth/register "HTTP/1.1 201 Created"
2026-09-05 09:19:19 | INFO     | app.services.auth_service | User logged in: username=direct_a_5a872c4c
2026-09-05 09:19:19 | INFO     | httpx | HTTP Request: POST http://testserver/api/v1/auth/login "HTTP/1.1 200 OK"
2026-09-05 09:19:20 | INFO     | app.services.auth_service | New user registered: username=direct_b_d1b604b0 role=FINANCE_ANALYST
2026-09-05 09:19:20 | INFO     | httpx | HTTP Request: POST http://testserver/api/v1/auth/register "HTTP/1.1 201 Created"
2026-09-05 09:19:20 | INFO     | app.services.auth_service | User logged in: username=direct_b_d1b604b0
2026-09-05 09:19:20 | INFO     | httpx | HTTP Request: POST http://testserver/api/v1/auth/login "HTTP/1.1 200 OK"
2026-09-05 09:19:20 | INFO     | app.services.document_service | Document uploaded: id=162 filename=private.pdf by_user=direct_b_d1b604b0
2026-09-05 09:19:20 | INFO     | httpx | HTTP Request: POST http://testserver/api/v1/documents/upload "HTTP/1.1 201 Created"
2026-09-05 09:19:20 | WARNING  | app.main | Handled exception on GET /api/v1/documents/162: You may only access documents you uploaded
2026-09-05 09:19:20 | INFO     | httpx | HTTP Request: GET http://testserver/api/v1/documents/162 "HTTP/1.1 403 Forbidden"
2026-09-05 09:19:20 | INFO     | app.services.auth_service | New user registered: username=oversight_target_a2242959 role=FINANCE_ANALYST
2026-09-05 09:19:20 | INFO     | httpx | HTTP Request: POST http://testserver/api/v1/auth/register "HTTP/1.1 201 Created"
2026-09-05 09:19:21 | INFO     | app.services.auth_service | User logged in: username=oversight_target_a2242959
2026-09-05 09:19:21 | INFO     | httpx | HTTP Request: POST http://testserver/api/v1/auth/login "HTTP/1.1 200 OK"
2026-09-05 09:19:21 | INFO     | app.services.auth_service | New user registered: username=oversight_auditor_923553b9 role=AUDITOR
2026-09-05 09:19:21 | INFO     | httpx | HTTP Request: POST http://testserver/api/v1/auth/register "HTTP/1.1 201 Created"
2026-09-05 09:19:21 | INFO     | app.services.auth_service | User logged in: username=oversight_auditor_923553b9
2026-09-05 09:19:21 | INFO     | httpx | HTTP Request: POST http://testserver/api/v1/auth/login "HTTP/1.1 200 OK"
2026-09-05 09:19:21 | INFO     | app.services.document_service | Document uploaded: id=163 filename=oversight.pdf by_user=oversight_target_a2242959
2026-09-05 09:19:21 | INFO     | httpx | HTTP Request: POST http://testserver/api/v1/documents/upload "HTTP/1.1 201 Created"
2026-09-05 09:19:21 | INFO     | httpx | HTTP Request: GET http://testserver/api/v1/documents/163 "HTTP/1.1 200 OK"
2026-09-05 09:19:22 | INFO     | app.services.auth_service | New user registered: username=search_user_e68ea37c role=FINANCE_ANALYST
2026-09-05 09:19:22 | INFO     | httpx | HTTP Request: POST http://testserver/api/v1/auth/register "HTTP/1.1 201 Created"
2026-09-05 09:19:22 | INFO     | app.services.auth_service | User logged in: username=search_user_e68ea37c
2026-09-05 09:19:22 | INFO     | httpx | HTTP Request: POST http://testserver/api/v1/auth/login "HTTP/1.1 200 OK"
2026-09-05 09:19:22 | INFO     | app.services.document_service | Document uploaded: id=164 filename=findme_1a984278.pdf by_user=search_user_e68ea37c
2026-09-05 09:19:22 | INFO     | httpx | HTTP Request: POST http://testserver/api/v1/documents/upload "HTTP/1.1 201 Created"
2026-09-05 09:19:22 | INFO     | app.services.document_service | Document uploaded: id=165 filename=other_1a984278.pdf by_user=search_user_e68ea37c
2026-09-05 09:19:22 | INFO     | httpx | HTTP Request: POST http://testserver/api/v1/documents/upload "HTTP/1.1 201 Created"
2026-09-05 09:19:22 | INFO     | httpx | HTTP Request: GET http://testserver/api/v1/documents?filename=findme_1a984278 "HTTP/1.1 200 OK"
2026-09-05 09:19:23 | INFO     | app.services.auth_service | New user registered: username=deleter_4be04e88 role=FINANCE_ANALYST
2026-09-05 09:19:23 | INFO     | httpx | HTTP Request: POST http://testserver/api/v1/auth/register "HTTP/1.1 201 Created"
2026-09-05 09:19:23 | INFO     | app.services.auth_service | User logged in: username=deleter_4be04e88
2026-09-05 09:19:23 | INFO     | httpx | HTTP Request: POST http://testserver/api/v1/auth/login "HTTP/1.1 200 OK"
2026-09-05 09:19:23 | INFO     | app.services.document_service | Document uploaded: id=166 filename=to_delete.pdf by_user=deleter_4be04e88
2026-09-05 09:19:23 | INFO     | httpx | HTTP Request: POST http://testserver/api/v1/documents/upload "HTTP/1.1 201 Created"
2026-09-05 09:19:24 | INFO     | app.services.document_service | Document soft-deleted: id=166 by_user=deleter_4be04e88
2026-09-05 09:19:24 | INFO     | httpx | HTTP Request: DELETE http://testserver/api/v1/documents/166 "HTTP/1.1 200 OK"
2026-09-05 09:19:24 | WARNING  | app.main | Handled exception on GET /api/v1/documents/166: Document with id '166' not found
2026-09-05 09:19:24 | INFO     | httpx | HTTP Request: GET http://testserver/api/v1/documents/166 "HTTP/1.1 404 Not Found"
2026-09-05 09:19:24 | INFO     | app.services.auth_service | New user registered: username=victim_5d8d324f role=FINANCE_ANALYST
2026-09-05 09:19:24 | INFO     | httpx | HTTP Request: POST http://testserver/api/v1/auth/register "HTTP/1.1 201 Created"
2026-09-05 09:19:25 | INFO     | app.services.auth_service | User logged in: username=victim_5d8d324f
2026-09-05 09:19:25 | INFO     | httpx | HTTP Request: POST http://testserver/api/v1/auth/login "HTTP/1.1 200 OK"
2026-09-05 09:19:25 | INFO     | app.services.auth_service | New user registered: username=attacker_405e87a1 role=FINANCE_ANALYST
2026-09-05 09:19:25 | INFO     | httpx | HTTP Request: POST http://testserver/api/v1/auth/register "HTTP/1.1 201 Created"
2026-09-05 09:19:25 | INFO     | app.services.auth_service | User logged in: username=attacker_405e87a1
2026-09-05 09:19:25 | INFO     | httpx | HTTP Request: POST http://testserver/api/v1/auth/login "HTTP/1.1 200 OK"
2026-09-05 09:19:25 | INFO     | app.services.document_service | Document uploaded: id=167 filename=victim_doc.pdf by_user=victim_5d8d324f
2026-09-05 09:19:25 | INFO     | httpx | HTTP Request: POST http://testserver/api/v1/documents/upload "HTTP/1.1 201 Created"
2026-09-05 09:19:26 | WARNING  | app.main | Handled exception on DELETE /api/v1/documents/167: You may only access documents you uploaded
2026-09-05 09:19:26 | INFO     | httpx | HTTP Request: DELETE http://testserver/api/v1/documents/167 "HTTP/1.1 403 Forbidden"
2026-09-05 09:19:26 | INFO     | httpx | HTTP Request: GET http://testserver/api/v1/ocr/engines "HTTP/1.1 200 OK"
2026-09-05 09:19:26 | INFO     | app.services.auth_service | New user registered: username=ocruser_9b475b3a role=FINANCE_ANALYST
2026-09-05 09:19:26 | INFO     | httpx | HTTP Request: POST http://testserver/api/v1/auth/register "HTTP/1.1 201 Created"
2026-09-05 09:19:27 | INFO     | app.services.auth_service | User logged in: username=ocruser_9b475b3a
2026-09-05 09:19:27 | INFO     | httpx | HTTP Request: POST http://testserver/api/v1/auth/login "HTTP/1.1 200 OK"
2026-09-05 09:19:27 | INFO     | app.services.document_service | Document uploaded: id=168 filename=ocr_test.pdf by_user=ocruser_9b475b3a
2026-09-05 09:19:27 | INFO     | httpx | HTTP Request: POST http://testserver/api/v1/documents/upload "HTTP/1.1 201 Created"
2026-09-05 09:19:27 | INFO     | app.services.ocr_service | OCR completed: document_id=168 engine=stub pages=1 avg_confidence=0.42 time_ms=159 status=OCR_COMPLETED
2026-09-05 09:19:27 | INFO     | httpx | HTTP Request: POST http://testserver/api/v1/ocr/documents/168/run "HTTP/1.1 201 Created"
2026-09-05 09:19:27 | INFO     | httpx | HTTP Request: GET http://testserver/api/v1/documents/168 "HTTP/1.1 200 OK"
2026-09-05 09:19:27 | INFO     | app.services.auth_service | New user registered: username=ocrlatest_a4a53e0b role=FINANCE_ANALYST
2026-09-05 09:19:27 | INFO     | httpx | HTTP Request: POST http://testserver/api/v1/auth/register "HTTP/1.1 201 Created"
2026-09-05 09:19:28 | INFO     | app.services.auth_service | User logged in: username=ocrlatest_a4a53e0b
2026-09-05 09:19:28 | INFO     | httpx | HTTP Request: POST http://testserver/api/v1/auth/login "HTTP/1.1 200 OK"
2026-09-05 09:19:28 | INFO     | app.services.document_service | Document uploaded: id=169 filename=latest_test.pdf by_user=ocrlatest_a4a53e0b
2026-09-05 09:19:28 | INFO     | httpx | HTTP Request: POST http://testserver/api/v1/documents/upload "HTTP/1.1 201 Created"
2026-09-05 09:19:28 | INFO     | app.services.ocr_service | OCR completed: document_id=169 engine=stub pages=1 avg_confidence=0.42 time_ms=162 status=OCR_COMPLETED
2026-09-05 09:19:28 | INFO     | httpx | HTTP Request: POST http://testserver/api/v1/ocr/documents/169/run "HTTP/1.1 201 Created"
2026-09-05 09:19:28 | INFO     | httpx | HTTP Request: GET http://testserver/api/v1/ocr/documents/169/result "HTTP/1.1 200 OK"
2026-09-05 09:19:28 | INFO     | app.services.auth_service | New user registered: username=ocrnorun_fb3ed1e6 role=FINANCE_ANALYST
2026-09-05 09:19:28 | INFO     | httpx | HTTP Request: POST http://testserver/api/v1/auth/register "HTTP/1.1 201 Created"
2026-09-05 09:19:29 | INFO     | app.services.auth_service | User logged in: username=ocrnorun_fb3ed1e6
2026-09-05 09:19:29 | INFO     | httpx | HTTP Request: POST http://testserver/api/v1/auth/login "HTTP/1.1 200 OK"
2026-09-05 09:19:29 | INFO     | app.services.document_service | Document uploaded: id=170 filename=no_ocr_yet.pdf by_user=ocrnorun_fb3ed1e6
2026-09-05 09:19:29 | INFO     | httpx | HTTP Request: POST http://testserver/api/v1/documents/upload "HTTP/1.1 201 Created"
2026-09-05 09:19:29 | WARNING  | app.main | Handled exception on GET /api/v1/ocr/documents/170/result: OCR result for document with id '170' not found
2026-09-05 09:19:29 | INFO     | httpx | HTTP Request: GET http://testserver/api/v1/ocr/documents/170/result "HTTP/1.1 404 Not Found"
2026-09-05 09:19:29 | INFO     | app.services.auth_service | New user registered: username=ocrmulti_8a568fd9 role=FINANCE_ANALYST
2026-09-05 09:19:29 | INFO     | httpx | HTTP Request: POST http://testserver/api/v1/auth/register "HTTP/1.1 201 Created"
2026-09-05 09:19:29 | INFO     | app.services.auth_service | User logged in: username=ocrmulti_8a568fd9
2026-09-05 09:19:29 | INFO     | httpx | HTTP Request: POST http://testserver/api/v1/auth/login "HTTP/1.1 200 OK"
2026-09-05 09:19:30 | INFO     | app.services.document_service | Document uploaded: id=171 filename=multi_run.pdf by_user=ocrmulti_8a568fd9
2026-09-05 09:19:30 | INFO     | httpx | HTTP Request: POST http://testserver/api/v1/documents/upload "HTTP/1.1 201 Created"
2026-09-05 09:19:30 | INFO     | app.services.ocr_service | OCR completed: document_id=171 engine=stub pages=1 avg_confidence=0.42 time_ms=182 status=OCR_COMPLETED
2026-09-05 09:19:30 | INFO     | httpx | HTTP Request: POST http://testserver/api/v1/ocr/documents/171/run "HTTP/1.1 201 Created"
2026-09-05 09:19:30 | INFO     | app.services.ocr_service | OCR completed: document_id=171 engine=stub pages=1 avg_confidence=0.42 time_ms=177 status=OCR_COMPLETED
2026-09-05 09:19:30 | INFO     | httpx | HTTP Request: POST http://testserver/api/v1/ocr/documents/171/run "HTTP/1.1 201 Created"
2026-09-05 09:19:30 | INFO     | httpx | HTTP Request: GET http://testserver/api/v1/ocr/documents/171/results "HTTP/1.1 200 OK"
2026-09-05 09:19:31 | INFO     | app.services.auth_service | New user registered: username=ocrowner_5887e253 role=FINANCE_ANALYST
2026-09-05 09:19:31 | INFO     | httpx | HTTP Request: POST http://testserver/api/v1/auth/register "HTTP/1.1 201 Created"
2026-09-05 09:19:31 | INFO     | app.services.auth_service | User logged in: username=ocrowner_5887e253
2026-09-05 09:19:31 | INFO     | httpx | HTTP Request: POST http://testserver/api/v1/auth/login "HTTP/1.1 200 OK"
2026-09-05 09:19:31 | INFO     | app.services.auth_service | New user registered: username=ocrother_695f4d6d role=FINANCE_ANALYST
2026-09-05 09:19:31 | INFO     | httpx | HTTP Request: POST http://testserver/api/v1/auth/register "HTTP/1.1 201 Created"
2026-09-05 09:19:32 | INFO     | app.services.auth_service | User logged in: username=ocrother_695f4d6d
2026-09-05 09:19:32 | INFO     | httpx | HTTP Request: POST http://testserver/api/v1/auth/login "HTTP/1.1 200 OK"
2026-09-05 09:19:32 | INFO     | app.services.document_service | Document uploaded: id=172 filename=owned.pdf by_user=ocrowner_5887e253
2026-09-05 09:19:32 | INFO     | httpx | HTTP Request: POST http://testserver/api/v1/documents/upload "HTTP/1.1 201 Created"
2026-09-05 09:19:32 | WARNING  | app.main | Handled exception on POST /api/v1/ocr/documents/172/run: You may only access documents you uploaded
2026-09-05 09:19:32 | INFO     | httpx | HTTP Request: POST http://testserver/api/v1/ocr/documents/172/run "HTTP/1.1 403 Forbidden"
2026-09-05 09:19:32 | INFO     | app.services.auth_service | New user registered: username=ocrimage_e5981de1 role=FINANCE_ANALYST
2026-09-05 09:19:32 | INFO     | httpx | HTTP Request: POST http://testserver/api/v1/auth/register "HTTP/1.1 201 Created"
2026-09-05 09:19:32 | INFO     | app.services.auth_service | User logged in: username=ocrimage_e5981de1
2026-09-05 09:19:32 | INFO     | httpx | HTTP Request: POST http://testserver/api/v1/auth/login "HTTP/1.1 200 OK"
2026-09-05 09:19:32 | INFO     | app.services.document_service | Document uploaded: id=173 filename=receipt.png by_user=ocrimage_e5981de1
2026-09-05 09:19:32 | INFO     | httpx | HTTP Request: POST http://testserver/api/v1/documents/upload "HTTP/1.1 201 Created"
2026-09-05 09:19:33 | INFO     | app.services.ocr_service | OCR completed: document_id=173 engine=stub pages=1 avg_confidence=0.42 time_ms=2 status=OCR_COMPLETED
2026-09-05 09:19:33 | INFO     | httpx | HTTP Request: POST http://testserver/api/v1/ocr/documents/173/run "HTTP/1.1 201 Created"
2026-09-05 09:19:33 | INFO     | app.services.auth_service | New user registered: username=ocrbadengine_a34a31ee role=FINANCE_ANALYST
2026-09-05 09:19:33 | INFO     | httpx | HTTP Request: POST http://testserver/api/v1/auth/register "HTTP/1.1 201 Created"
2026-09-05 09:19:33 | INFO     | app.services.auth_service | User logged in: username=ocrbadengine_a34a31ee
2026-09-05 09:19:33 | INFO     | httpx | HTTP Request: POST http://testserver/api/v1/auth/login "HTTP/1.1 200 OK"
2026-09-05 09:19:33 | INFO     | app.services.document_service | Document uploaded: id=174 filename=bad_engine.pdf by_user=ocrbadengine_a34a31ee
2026-09-05 09:19:33 | INFO     | httpx | HTTP Request: POST http://testserver/api/v1/documents/upload "HTTP/1.1 201 Created"
2026-09-05 09:19:33 | ERROR    | app.services.ocr_service | OCR failed for document 174
Traceback (most recent call last):
  File "C:\Users\conanferreira\Desktop\PROJECT-BLACKBOX\EFDI\backend\app\services\ocr_service.py", line 63, in run_ocr
    engine = get_ocr_engine(engine_name)
  File "C:\Users\conanferreira\Desktop\PROJECT-BLACKBOX\EFDI\backend\app\ocr\factory.py", line 46, in get_ocr_engine
    raise ValidationFailedException(
        f"Unknown OCR engine '{engine_name}'. Supported engines: {list(SUPPORTED_ENGINES)}"
    )
app.core.exceptions.ValidationFailedException: Unknown OCR engine 'definitely_not_a_real_engine'. Supported engines: ['easyocr', 'stub']
2026-09-05 09:19:33 | WARNING  | app.main | Handled exception on POST /api/v1/ocr/documents/174/run: Unknown OCR engine 'definitely_not_a_real_engine'. Supported engines: ['easyocr', 'stub']
2026-09-05 09:19:33 | INFO     | httpx | HTTP Request: POST http://testserver/api/v1/ocr/documents/174/run "HTTP/1.1 422 Unprocessable Entity"
2026-09-05 09:19:34 | INFO     | app.services.auth_service | New user registered: username=ocrpaddlecheck_2938b610 role=FINANCE_ANALYST
2026-09-05 09:19:34 | INFO     | httpx | HTTP Request: POST http://testserver/api/v1/auth/register "HTTP/1.1 201 Created"
2026-09-05 09:19:34 | INFO     | app.services.auth_service | User logged in: username=ocrpaddlecheck_2938b610
2026-09-05 09:19:34 | INFO     | httpx | HTTP Request: POST http://testserver/api/v1/auth/login "HTTP/1.1 200 OK"
2026-09-05 09:19:34 | INFO     | app.services.document_service | Document uploaded: id=175 filename=paddle_check.pdf by_user=ocrpaddlecheck_2938b610
2026-09-05 09:19:34 | INFO     | httpx | HTTP Request: POST http://testserver/api/v1/documents/upload "HTTP/1.1 201 Created"
2026-09-05 09:19:34 | ERROR    | app.services.ocr_service | OCR failed for document 175
Traceback (most recent call last):
  File "C:\Users\conanferreira\Desktop\PROJECT-BLACKBOX\EFDI\backend\app\services\ocr_service.py", line 63, in run_ocr
    engine = get_ocr_engine(engine_name)
  File "C:\Users\conanferreira\Desktop\PROJECT-BLACKBOX\EFDI\backend\app\ocr\factory.py", line 46, in get_ocr_engine
    raise ValidationFailedException(
        f"Unknown OCR engine '{engine_name}'. Supported engines: {list(SUPPORTED_ENGINES)}"
    )
app.core.exceptions.ValidationFailedException: Unknown OCR engine 'paddleocr'. Supported engines: ['easyocr', 'stub']
2026-09-05 09:19:34 | WARNING  | app.main | Handled exception on POST /api/v1/ocr/documents/175/run: Unknown OCR engine 'paddleocr'. Supported engines: ['easyocr', 'stub']
2026-09-05 09:19:34 | INFO     | httpx | HTTP Request: POST http://testserver/api/v1/ocr/documents/175/run "HTTP/1.1 422 Unprocessable Entity"
2026-09-05 09:19:35 | INFO     | app.services.auth_service | New user registered: username=clsnoocr_a83d7394 role=FINANCE_ANALYST
2026-09-05 09:19:35 | INFO     | httpx | HTTP Request: POST http://testserver/api/v1/auth/register "HTTP/1.1 201 Created"
2026-09-05 09:19:35 | INFO     | app.services.auth_service | User logged in: username=clsnoocr_a83d7394
2026-09-05 09:19:35 | INFO     | httpx | HTTP Request: POST http://testserver/api/v1/auth/login "HTTP/1.1 200 OK"
2026-09-05 09:19:35 | INFO     | app.services.document_service | Document uploaded: id=176 filename=noocr.pdf by_user=clsnoocr_a83d7394
2026-09-05 09:19:35 | INFO     | httpx | HTTP Request: POST http://testserver/api/v1/documents/upload "HTTP/1.1 201 Created"
2026-09-05 09:19:35 | WARNING  | app.main | Handled exception on POST /api/v1/classification/documents/176/classify: Cannot classify a document with no OCR result. Run OCR first via POST /ocr/documents/{id}/run.
2026-09-05 09:19:35 | INFO     | httpx | HTTP Request: POST http://testserver/api/v1/classification/documents/176/classify "HTTP/1.1 422 Unprocessable Entity"
2026-09-05 09:19:35 | INFO     | app.services.auth_service | New user registered: username=clsstub_840f4498 role=FINANCE_ANALYST
2026-09-05 09:19:35 | INFO     | httpx | HTTP Request: POST http://testserver/api/v1/auth/register "HTTP/1.1 201 Created"
2026-09-05 09:19:36 | INFO     | app.services.auth_service | User logged in: username=clsstub_840f4498
2026-09-05 09:19:36 | INFO     | httpx | HTTP Request: POST http://testserver/api/v1/auth/login "HTTP/1.1 200 OK"
2026-09-05 09:19:36 | INFO     | app.services.document_service | Document uploaded: id=177 filename=test.pdf by_user=clsstub_840f4498
2026-09-05 09:19:36 | INFO     | httpx | HTTP Request: POST http://testserver/api/v1/documents/upload "HTTP/1.1 201 Created"
2026-09-05 09:19:36 | INFO     | app.services.ocr_service | OCR completed: document_id=177 engine=stub pages=1 avg_confidence=0.42 time_ms=163 status=OCR_COMPLETED
2026-09-05 09:19:36 | INFO     | httpx | HTTP Request: POST http://testserver/api/v1/ocr/documents/177/run "HTTP/1.1 201 Created"
2026-09-05 09:19:36 | INFO     | app.services.classification_service | Document classified: document_id=177 type=UNKNOWN confidence=0.00 engine=rule_based
2026-09-05 09:19:36 | INFO     | httpx | HTTP Request: POST http://testserver/api/v1/classification/documents/177/classify "HTTP/1.1 201 Created"
2026-09-05 09:19:37 | INFO     | app.services.auth_service | New user registered: username=clspoi_46d3cba1 role=FINANCE_ANALYST
2026-09-05 09:19:37 | INFO     | httpx | HTTP Request: POST http://testserver/api/v1/auth/register "HTTP/1.1 201 Created"
2026-09-05 09:19:37 | INFO     | app.services.auth_service | User logged in: username=clspoi_46d3cba1
2026-09-05 09:19:37 | INFO     | httpx | HTTP Request: POST http://testserver/api/v1/auth/login "HTTP/1.1 200 OK"
2026-09-05 09:19:37 | INFO     | app.services.document_service | Document uploaded: id=178 filename=test.pdf by_user=clspoi_46d3cba1
2026-09-05 09:19:37 | INFO     | httpx | HTTP Request: POST http://testserver/api/v1/documents/upload "HTTP/1.1 201 Created"
2026-09-05 09:19:37 | INFO     | app.services.ocr_service | OCR completed: document_id=178 engine=stub pages=1 avg_confidence=0.42 time_ms=165 status=OCR_COMPLETED
2026-09-05 09:19:37 | INFO     | httpx | HTTP Request: POST http://testserver/api/v1/ocr/documents/178/run "HTTP/1.1 201 Created"
2026-09-05 09:19:37 | INFO     | app.services.classification_service | Document classified: document_id=178 type=POI confidence=0.76 engine=rule_based
2026-09-05 09:19:37 | INFO     | httpx | HTTP Request: POST http://testserver/api/v1/classification/documents/178/classify "HTTP/1.1 201 Created"
2026-09-05 09:19:38 | INFO     | httpx | HTTP Request: GET http://testserver/api/v1/documents/178 "HTTP/1.1 200 OK"
2026-09-05 09:19:38 | INFO     | app.services.auth_service | New user registered: username=clsstatus_761ada3c role=FINANCE_ANALYST
2026-09-05 09:19:38 | INFO     | httpx | HTTP Request: POST http://testserver/api/v1/auth/register "HTTP/1.1 201 Created"
2026-09-05 09:19:38 | INFO     | app.services.auth_service | User logged in: username=clsstatus_761ada3c
2026-09-05 09:19:38 | INFO     | httpx | HTTP Request: POST http://testserver/api/v1/auth/login "HTTP/1.1 200 OK"
2026-09-05 09:19:38 | INFO     | app.services.document_service | Document uploaded: id=179 filename=test.pdf by_user=clsstatus_761ada3c
2026-09-05 09:19:38 | INFO     | httpx | HTTP Request: POST http://testserver/api/v1/documents/upload "HTTP/1.1 201 Created"
2026-09-05 09:19:39 | INFO     | app.services.ocr_service | OCR completed: document_id=179 engine=stub pages=1 avg_confidence=0.42 time_ms=174 status=OCR_COMPLETED
2026-09-05 09:19:39 | INFO     | httpx | HTTP Request: POST http://testserver/api/v1/ocr/documents/179/run "HTTP/1.1 201 Created"
2026-09-05 09:19:39 | INFO     | app.services.classification_service | Document classified: document_id=179 type=BKA confidence=0.87 engine=rule_based
2026-09-05 09:19:39 | INFO     | httpx | HTTP Request: POST http://testserver/api/v1/classification/documents/179/classify "HTTP/1.1 201 Created"
2026-09-05 09:19:39 | INFO     | httpx | HTTP Request: GET http://testserver/api/v1/documents/179 "HTTP/1.1 200 OK"
2026-09-05 09:19:39 | INFO     | app.services.auth_service | New user registered: username=clslatest_b91bcaf0 role=FINANCE_ANALYST
2026-09-05 09:19:39 | INFO     | httpx | HTTP Request: POST http://testserver/api/v1/auth/register "HTTP/1.1 201 Created"
2026-09-05 09:19:40 | INFO     | app.services.auth_service | User logged in: username=clslatest_b91bcaf0
2026-09-05 09:19:40 | INFO     | httpx | HTTP Request: POST http://testserver/api/v1/auth/login "HTTP/1.1 200 OK"
2026-09-05 09:19:40 | INFO     | app.services.document_service | Document uploaded: id=180 filename=test.pdf by_user=clslatest_b91bcaf0
2026-09-05 09:19:40 | INFO     | httpx | HTTP Request: POST http://testserver/api/v1/documents/upload "HTTP/1.1 201 Created"
2026-09-05 09:19:40 | INFO     | app.services.ocr_service | OCR completed: document_id=180 engine=stub pages=1 avg_confidence=0.42 time_ms=171 status=OCR_COMPLETED
2026-09-05 09:19:40 | INFO     | httpx | HTTP Request: POST http://testserver/api/v1/ocr/documents/180/run "HTTP/1.1 201 Created"
2026-09-05 09:19:40 | INFO     | app.services.classification_service | Document classified: document_id=180 type=JER confidence=0.68 engine=rule_based
2026-09-05 09:19:40 | INFO     | httpx | HTTP Request: POST http://testserver/api/v1/classification/documents/180/classify "HTTP/1.1 201 Created"
2026-09-05 09:19:40 | INFO     | app.services.auth_service | New user registered: username=clsget_1392f9ba role=FINANCE_ANALYST
2026-09-05 09:19:40 | INFO     | httpx | HTTP Request: POST http://testserver/api/v1/auth/register "HTTP/1.1 201 Created"
2026-09-05 09:19:41 | INFO     | app.services.auth_service | User logged in: username=clsget_1392f9ba
2026-09-05 09:19:41 | INFO     | httpx | HTTP Request: POST http://testserver/api/v1/auth/login "HTTP/1.1 200 OK"
2026-09-05 09:19:41 | INFO     | app.services.document_service | Document uploaded: id=181 filename=test.pdf by_user=clsget_1392f9ba
2026-09-05 09:19:41 | INFO     | httpx | HTTP Request: POST http://testserver/api/v1/documents/upload "HTTP/1.1 201 Created"
2026-09-05 09:19:41 | INFO     | app.services.ocr_service | OCR completed: document_id=181 engine=stub pages=1 avg_confidence=0.42 time_ms=161 status=OCR_COMPLETED
2026-09-05 09:19:41 | INFO     | httpx | HTTP Request: POST http://testserver/api/v1/ocr/documents/181/run "HTTP/1.1 201 Created"
2026-09-05 09:19:41 | INFO     | app.services.classification_service | Document classified: document_id=181 type=MSI confidence=0.57 engine=rule_based
2026-09-05 09:19:41 | INFO     | httpx | HTTP Request: POST http://testserver/api/v1/classification/documents/181/classify "HTTP/1.1 201 Created"
2026-09-05 09:19:41 | INFO     | httpx | HTTP Request: GET http://testserver/api/v1/classification/documents/181/result "HTTP/1.1 200 OK"
2026-09-05 09:19:42 | INFO     | app.services.auth_service | New user registered: username=clsnorun_f00dc55c role=FINANCE_ANALYST
2026-09-05 09:19:42 | INFO     | httpx | HTTP Request: POST http://testserver/api/v1/auth/register "HTTP/1.1 201 Created"
2026-09-05 09:19:42 | INFO     | app.services.auth_service | User logged in: username=clsnorun_f00dc55c
2026-09-05 09:19:42 | INFO     | httpx | HTTP Request: POST http://testserver/api/v1/auth/login "HTTP/1.1 200 OK"
2026-09-05 09:19:42 | INFO     | app.services.document_service | Document uploaded: id=182 filename=test.pdf by_user=clsnorun_f00dc55c
2026-09-05 09:19:42 | INFO     | httpx | HTTP Request: POST http://testserver/api/v1/documents/upload "HTTP/1.1 201 Created"
2026-09-05 09:19:42 | INFO     | app.services.ocr_service | OCR completed: document_id=182 engine=stub pages=1 avg_confidence=0.42 time_ms=187 status=OCR_COMPLETED
2026-09-05 09:19:42 | INFO     | httpx | HTTP Request: POST http://testserver/api/v1/ocr/documents/182/run "HTTP/1.1 201 Created"
2026-09-05 09:19:43 | WARNING  | app.main | Handled exception on GET /api/v1/classification/documents/182/result: Classification result for document with id '182' not found
2026-09-05 09:19:43 | INFO     | httpx | HTTP Request: GET http://testserver/api/v1/classification/documents/182/result "HTTP/1.1 404 Not Found"
2026-09-05 09:19:43 | INFO     | app.services.auth_service | New user registered: username=clsmulti_6e6d1dc4 role=FINANCE_ANALYST
2026-09-05 09:19:43 | INFO     | httpx | HTTP Request: POST http://testserver/api/v1/auth/register "HTTP/1.1 201 Created"
2026-09-05 09:19:43 | INFO     | app.services.auth_service | User logged in: username=clsmulti_6e6d1dc4
2026-09-05 09:19:43 | INFO     | httpx | HTTP Request: POST http://testserver/api/v1/auth/login "HTTP/1.1 200 OK"
2026-09-05 09:19:43 | INFO     | app.services.document_service | Document uploaded: id=183 filename=test.pdf by_user=clsmulti_6e6d1dc4
2026-09-05 09:19:43 | INFO     | httpx | HTTP Request: POST http://testserver/api/v1/documents/upload "HTTP/1.1 201 Created"
2026-09-05 09:19:44 | INFO     | app.services.ocr_service | OCR completed: document_id=183 engine=stub pages=1 avg_confidence=0.42 time_ms=180 status=OCR_COMPLETED
2026-09-05 09:19:44 | INFO     | httpx | HTTP Request: POST http://testserver/api/v1/ocr/documents/183/run "HTTP/1.1 201 Created"
2026-09-05 09:19:44 | INFO     | app.services.classification_service | Document classified: document_id=183 type=POI confidence=0.76 engine=rule_based
2026-09-05 09:19:44 | INFO     | httpx | HTTP Request: POST http://testserver/api/v1/classification/documents/183/classify "HTTP/1.1 201 Created"
2026-09-05 09:19:44 | INFO     | app.services.classification_service | Document classified: document_id=183 type=POI confidence=0.76 engine=rule_based
2026-09-05 09:19:44 | INFO     | httpx | HTTP Request: POST http://testserver/api/v1/classification/documents/183/classify "HTTP/1.1 201 Created"
2026-09-05 09:19:44 | INFO     | httpx | HTTP Request: GET http://testserver/api/v1/classification/documents/183/results "HTTP/1.1 200 OK"
2026-09-05 09:19:45 | INFO     | app.services.auth_service | New user registered: username=clsowner_c727c62f role=FINANCE_ANALYST
2026-09-05 09:19:45 | INFO     | httpx | HTTP Request: POST http://testserver/api/v1/auth/register "HTTP/1.1 201 Created"
2026-09-05 09:19:45 | INFO     | app.services.auth_service | User logged in: username=clsowner_c727c62f
2026-09-05 09:19:45 | INFO     | httpx | HTTP Request: POST http://testserver/api/v1/auth/login "HTTP/1.1 200 OK"
2026-09-05 09:19:45 | INFO     | app.services.auth_service | New user registered: username=clsother_7515855e role=FINANCE_ANALYST
2026-09-05 09:19:45 | INFO     | httpx | HTTP Request: POST http://testserver/api/v1/auth/register "HTTP/1.1 201 Created"
2026-09-05 09:19:46 | INFO     | app.services.auth_service | User logged in: username=clsother_7515855e
2026-09-05 09:19:46 | INFO     | httpx | HTTP Request: POST http://testserver/api/v1/auth/login "HTTP/1.1 200 OK"
2026-09-05 09:19:46 | INFO     | app.services.document_service | Document uploaded: id=184 filename=test.pdf by_user=clsowner_c727c62f
2026-09-05 09:19:46 | INFO     | httpx | HTTP Request: POST http://testserver/api/v1/documents/upload "HTTP/1.1 201 Created"
2026-09-05 09:19:46 | INFO     | app.services.ocr_service | OCR completed: document_id=184 engine=stub pages=1 avg_confidence=0.42 time_ms=162 status=OCR_COMPLETED
2026-09-05 09:19:46 | INFO     | httpx | HTTP Request: POST http://testserver/api/v1/ocr/documents/184/run "HTTP/1.1 201 Created"
2026-09-05 09:19:46 | WARNING  | app.main | Handled exception on POST /api/v1/classification/documents/184/classify: You may only access documents you uploaded
2026-09-05 09:19:46 | INFO     | httpx | HTTP Request: POST http://testserver/api/v1/classification/documents/184/classify "HTTP/1.1 403 Forbidden"
2026-09-05 09:19:46 | INFO     | app.extraction.rule_based | No extraction schema registered for document_type=UNKNOWN; returning empty result.
2026-09-05 09:19:47 | INFO     | app.services.auth_service | New user registered: username=extnoocr_dcc6c80b role=FINANCE_ANALYST
2026-09-05 09:19:47 | INFO     | httpx | HTTP Request: POST http://testserver/api/v1/auth/register "HTTP/1.1 201 Created"
2026-09-05 09:19:47 | INFO     | app.services.auth_service | User logged in: username=extnoocr_dcc6c80b
2026-09-05 09:19:47 | INFO     | httpx | HTTP Request: POST http://testserver/api/v1/auth/login "HTTP/1.1 200 OK"
2026-09-05 09:19:47 | INFO     | app.services.document_service | Document uploaded: id=185 filename=noocr.pdf by_user=extnoocr_dcc6c80b
2026-09-05 09:19:47 | INFO     | httpx | HTTP Request: POST http://testserver/api/v1/documents/upload "HTTP/1.1 201 Created"
2026-09-05 09:19:47 | WARNING  | app.main | Handled exception on POST /api/v1/extraction/documents/185/extract: Cannot extract fields from a document with no OCR result. Run OCR first via POST /ocr/documents/{id}/run.
2026-09-05 09:19:47 | INFO     | httpx | HTTP Request: POST http://testserver/api/v1/extraction/documents/185/extract "HTTP/1.1 422 Unprocessable Entity"
2026-09-05 09:19:47 | INFO     | app.services.auth_service | New user registered: username=extnocls_47afeed3 role=FINANCE_ANALYST
2026-09-05 09:19:47 | INFO     | httpx | HTTP Request: POST http://testserver/api/v1/auth/register "HTTP/1.1 201 Created"
2026-09-05 09:19:48 | INFO     | app.services.auth_service | User logged in: username=extnocls_47afeed3
2026-09-05 09:19:48 | INFO     | httpx | HTTP Request: POST http://testserver/api/v1/auth/login "HTTP/1.1 200 OK"
2026-09-05 09:19:48 | INFO     | app.services.document_service | Document uploaded: id=186 filename=test.pdf by_user=extnocls_47afeed3
2026-09-05 09:19:48 | INFO     | httpx | HTTP Request: POST http://testserver/api/v1/documents/upload "HTTP/1.1 201 Created"
2026-09-05 09:19:48 | INFO     | app.services.ocr_service | OCR completed: document_id=186 engine=stub pages=1 avg_confidence=0.42 time_ms=159 status=OCR_COMPLETED
2026-09-05 09:19:48 | INFO     | httpx | HTTP Request: POST http://testserver/api/v1/ocr/documents/186/run "HTTP/1.1 201 Created"
2026-09-05 09:19:48 | WARNING  | app.main | Handled exception on POST /api/v1/extraction/documents/186/extract: Cannot extract fields from a document with no classification result. Run classification first via POST /classification/documents/{id}/classify.
2026-09-05 09:19:48 | INFO     | httpx | HTTP Request: POST http://testserver/api/v1/extraction/documents/186/extract "HTTP/1.1 422 Unprocessable Entity"
2026-09-05 09:19:48 | INFO     | app.services.auth_service | New user registered: username=extpoi_78ddd18c role=FINANCE_ANALYST
2026-09-05 09:19:48 | INFO     | httpx | HTTP Request: POST http://testserver/api/v1/auth/register "HTTP/1.1 201 Created"
2026-09-05 09:19:49 | INFO     | app.services.auth_service | User logged in: username=extpoi_78ddd18c
2026-09-05 09:19:49 | INFO     | httpx | HTTP Request: POST http://testserver/api/v1/auth/login "HTTP/1.1 200 OK"
2026-09-05 09:19:49 | INFO     | app.services.document_service | Document uploaded: id=187 filename=test.pdf by_user=extpoi_78ddd18c
2026-09-05 09:19:49 | INFO     | httpx | HTTP Request: POST http://testserver/api/v1/documents/upload "HTTP/1.1 201 Created"
2026-09-05 09:19:49 | INFO     | app.services.ocr_service | OCR completed: document_id=187 engine=stub pages=1 avg_confidence=0.42 time_ms=144 status=OCR_COMPLETED
2026-09-05 09:19:49 | INFO     | httpx | HTTP Request: POST http://testserver/api/v1/ocr/documents/187/run "HTTP/1.1 201 Created"
2026-09-05 09:19:49 | INFO     | app.services.extraction_service | Document extracted: document_id=187 type=POI fields=14/24 confidence=0.90
2026-09-05 09:19:49 | INFO     | httpx | HTTP Request: POST http://testserver/api/v1/extraction/documents/187/extract "HTTP/1.1 201 Created"
2026-09-05 09:19:50 | INFO     | app.services.auth_service | New user registered: username=extstatus_d3a4c852 role=FINANCE_ANALYST
2026-09-05 09:19:50 | INFO     | httpx | HTTP Request: POST http://testserver/api/v1/auth/register "HTTP/1.1 201 Created"
2026-09-05 09:19:50 | INFO     | app.services.auth_service | User logged in: username=extstatus_d3a4c852
2026-09-05 09:19:50 | INFO     | httpx | HTTP Request: POST http://testserver/api/v1/auth/login "HTTP/1.1 200 OK"
2026-09-05 09:19:50 | INFO     | app.services.document_service | Document uploaded: id=188 filename=test.pdf by_user=extstatus_d3a4c852
2026-09-05 09:19:50 | INFO     | httpx | HTTP Request: POST http://testserver/api/v1/documents/upload "HTTP/1.1 201 Created"
2026-09-05 09:19:50 | INFO     | app.services.ocr_service | OCR completed: document_id=188 engine=stub pages=1 avg_confidence=0.42 time_ms=145 status=OCR_COMPLETED
2026-09-05 09:19:50 | INFO     | httpx | HTTP Request: POST http://testserver/api/v1/ocr/documents/188/run "HTTP/1.1 201 Created"
2026-09-05 09:19:50 | INFO     | app.services.extraction_service | Document extracted: document_id=188 type=BKA fields=7/22 confidence=0.90
2026-09-05 09:19:50 | INFO     | httpx | HTTP Request: POST http://testserver/api/v1/extraction/documents/188/extract "HTTP/1.1 201 Created"
2026-09-05 09:19:51 | INFO     | httpx | HTTP Request: GET http://testserver/api/v1/documents/188 "HTTP/1.1 200 OK"
2026-09-05 09:19:52 | INFO     | app.services.auth_service | New user registered: username=extunknown_4c72965b role=FINANCE_ANALYST
2026-09-05 09:19:52 | INFO     | httpx | HTTP Request: POST http://testserver/api/v1/auth/register "HTTP/1.1 201 Created"
2026-09-05 09:19:52 | INFO     | app.services.auth_service | User logged in: username=extunknown_4c72965b
2026-09-05 09:19:52 | INFO     | httpx | HTTP Request: POST http://testserver/api/v1/auth/login "HTTP/1.1 200 OK"
2026-09-05 09:19:52 | INFO     | app.services.document_service | Document uploaded: id=189 filename=test.pdf by_user=extunknown_4c72965b
2026-09-05 09:19:52 | INFO     | httpx | HTTP Request: POST http://testserver/api/v1/documents/upload "HTTP/1.1 201 Created"
2026-09-05 09:19:52 | INFO     | app.services.ocr_service | OCR completed: document_id=189 engine=stub pages=1 avg_confidence=0.42 time_ms=149 status=OCR_COMPLETED
2026-09-05 09:19:52 | INFO     | httpx | HTTP Request: POST http://testserver/api/v1/ocr/documents/189/run "HTTP/1.1 201 Created"
2026-09-05 09:19:52 | INFO     | app.extraction.rule_based | No extraction schema registered for document_type=UNKNOWN; returning empty result.
2026-09-05 09:19:52 | INFO     | app.services.extraction_service | Document extracted: document_id=189 type=UNKNOWN fields=0/0 confidence=0.00
2026-09-05 09:19:52 | INFO     | httpx | HTTP Request: POST http://testserver/api/v1/extraction/documents/189/extract "HTTP/1.1 201 Created"
2026-09-05 09:19:53 | INFO     | app.services.auth_service | New user registered: username=extget_478d0dca role=FINANCE_ANALYST
2026-09-05 09:19:53 | INFO     | httpx | HTTP Request: POST http://testserver/api/v1/auth/register "HTTP/1.1 201 Created"
2026-09-05 09:19:53 | INFO     | app.services.auth_service | User logged in: username=extget_478d0dca
2026-09-05 09:19:53 | INFO     | httpx | HTTP Request: POST http://testserver/api/v1/auth/login "HTTP/1.1 200 OK"
2026-09-05 09:19:53 | INFO     | app.services.document_service | Document uploaded: id=190 filename=test.pdf by_user=extget_478d0dca
2026-09-05 09:19:53 | INFO     | httpx | HTTP Request: POST http://testserver/api/v1/documents/upload "HTTP/1.1 201 Created"
2026-09-05 09:19:53 | INFO     | app.services.ocr_service | OCR completed: document_id=190 engine=stub pages=1 avg_confidence=0.42 time_ms=153 status=OCR_COMPLETED
2026-09-05 09:19:53 | INFO     | httpx | HTTP Request: POST http://testserver/api/v1/ocr/documents/190/run "HTTP/1.1 201 Created"
2026-09-05 09:19:54 | INFO     | app.services.extraction_service | Document extracted: document_id=190 type=JER fields=3/23 confidence=0.83
2026-09-05 09:19:54 | INFO     | httpx | HTTP Request: POST http://testserver/api/v1/extraction/documents/190/extract "HTTP/1.1 201 Created"
2026-09-05 09:19:55 | INFO     | httpx | HTTP Request: GET http://testserver/api/v1/extraction/documents/190/result "HTTP/1.1 200 OK"
2026-09-05 09:19:55 | INFO     | app.services.auth_service | New user registered: username=extnorun_fa82c396 role=FINANCE_ANALYST
2026-09-05 09:19:55 | INFO     | httpx | HTTP Request: POST http://testserver/api/v1/auth/register "HTTP/1.1 201 Created"
2026-09-05 09:19:56 | INFO     | app.services.auth_service | User logged in: username=extnorun_fa82c396
2026-09-05 09:19:56 | INFO     | httpx | HTTP Request: POST http://testserver/api/v1/auth/login "HTTP/1.1 200 OK"
2026-09-05 09:19:56 | INFO     | app.services.document_service | Document uploaded: id=191 filename=test.pdf by_user=extnorun_fa82c396
2026-09-05 09:19:56 | INFO     | httpx | HTTP Request: POST http://testserver/api/v1/documents/upload "HTTP/1.1 201 Created"
2026-09-05 09:19:56 | INFO     | app.services.ocr_service | OCR completed: document_id=191 engine=stub pages=1 avg_confidence=0.42 time_ms=157 status=OCR_COMPLETED
2026-09-05 09:19:56 | INFO     | httpx | HTTP Request: POST http://testserver/api/v1/ocr/documents/191/run "HTTP/1.1 201 Created"
2026-09-05 09:19:56 | WARNING  | app.main | Handled exception on GET /api/v1/extraction/documents/191/result: Extraction result for document with id '191' not found
2026-09-05 09:19:56 | INFO     | httpx | HTTP Request: GET http://testserver/api/v1/extraction/documents/191/result "HTTP/1.1 404 Not Found"
2026-09-05 09:19:56 | INFO     | app.services.auth_service | New user registered: username=extmulti_c8e7ef6d role=FINANCE_ANALYST
2026-09-05 09:19:56 | INFO     | httpx | HTTP Request: POST http://testserver/api/v1/auth/register "HTTP/1.1 201 Created"
2026-09-05 09:19:57 | INFO     | app.services.auth_service | User logged in: username=extmulti_c8e7ef6d
2026-09-05 09:19:57 | INFO     | httpx | HTTP Request: POST http://testserver/api/v1/auth/login "HTTP/1.1 200 OK"
2026-09-05 09:19:57 | INFO     | app.services.document_service | Document uploaded: id=192 filename=test.pdf by_user=extmulti_c8e7ef6d
2026-09-05 09:19:57 | INFO     | httpx | HTTP Request: POST http://testserver/api/v1/documents/upload "HTTP/1.1 201 Created"
2026-09-05 09:19:57 | INFO     | app.services.ocr_service | OCR completed: document_id=192 engine=stub pages=1 avg_confidence=0.42 time_ms=148 status=OCR_COMPLETED
2026-09-05 09:19:57 | INFO     | httpx | HTTP Request: POST http://testserver/api/v1/ocr/documents/192/run "HTTP/1.1 201 Created"
2026-09-05 09:19:57 | INFO     | app.services.extraction_service | Document extracted: document_id=192 type=MSI fields=2/22 confidence=0.90
2026-09-05 09:19:57 | INFO     | httpx | HTTP Request: POST http://testserver/api/v1/extraction/documents/192/extract "HTTP/1.1 201 Created"
2026-09-05 09:19:58 | INFO     | app.services.extraction_service | Document extracted: document_id=192 type=MSI fields=2/22 confidence=0.90
2026-09-05 09:19:58 | INFO     | httpx | HTTP Request: POST http://testserver/api/v1/extraction/documents/192/extract "HTTP/1.1 201 Created"
2026-09-05 09:19:59 | INFO     | httpx | HTTP Request: GET http://testserver/api/v1/extraction/documents/192/results "HTTP/1.1 200 OK"
2026-09-05 09:19:59 | INFO     | app.services.auth_service | New user registered: username=extcorrect_8d86c2a2 role=FINANCE_ANALYST
2026-09-05 09:19:59 | INFO     | httpx | HTTP Request: POST http://testserver/api/v1/auth/register "HTTP/1.1 201 Created"
2026-09-05 09:19:59 | INFO     | app.services.auth_service | User logged in: username=extcorrect_8d86c2a2
2026-09-05 09:19:59 | INFO     | httpx | HTTP Request: POST http://testserver/api/v1/auth/login "HTTP/1.1 200 OK"
2026-09-05 09:19:59 | INFO     | app.services.document_service | Document uploaded: id=193 filename=test.pdf by_user=extcorrect_8d86c2a2
2026-09-05 09:19:59 | INFO     | httpx | HTTP Request: POST http://testserver/api/v1/documents/upload "HTTP/1.1 201 Created"
2026-09-05 09:20:00 | INFO     | app.services.ocr_service | OCR completed: document_id=193 engine=stub pages=1 avg_confidence=0.42 time_ms=160 status=OCR_COMPLETED
2026-09-05 09:20:00 | INFO     | httpx | HTTP Request: POST http://testserver/api/v1/ocr/documents/193/run "HTTP/1.1 201 Created"
2026-09-05 09:20:00 | INFO     | app.services.extraction_service | Document extracted: document_id=193 type=POI fields=14/24 confidence=0.90
2026-09-05 09:20:00 | INFO     | httpx | HTTP Request: POST http://testserver/api/v1/extraction/documents/193/extract "HTTP/1.1 201 Created"
2026-09-05 09:20:01 | INFO     | app.services.extraction_service | Field manually corrected: document_id=193 field=location_code
2026-09-05 09:20:01 | INFO     | httpx | HTTP Request: PATCH http://testserver/api/v1/extraction/documents/193/fields/location_code "HTTP/1.1 200 OK"
2026-09-05 09:20:02 | INFO     | app.services.auth_service | New user registered: username=extbadfield_14f11157 role=FINANCE_ANALYST
2026-09-05 09:20:02 | INFO     | httpx | HTTP Request: POST http://testserver/api/v1/auth/register "HTTP/1.1 201 Created"
2026-09-05 09:20:02 | INFO     | app.services.auth_service | User logged in: username=extbadfield_14f11157
2026-09-05 09:20:02 | INFO     | httpx | HTTP Request: POST http://testserver/api/v1/auth/login "HTTP/1.1 200 OK"
2026-09-05 09:20:02 | INFO     | app.services.document_service | Document uploaded: id=194 filename=test.pdf by_user=extbadfield_14f11157
2026-09-05 09:20:02 | INFO     | httpx | HTTP Request: POST http://testserver/api/v1/documents/upload "HTTP/1.1 201 Created"
2026-09-05 09:20:02 | INFO     | app.services.ocr_service | OCR completed: document_id=194 engine=stub pages=1 avg_confidence=0.42 time_ms=162 status=OCR_COMPLETED
2026-09-05 09:20:02 | INFO     | httpx | HTTP Request: POST http://testserver/api/v1/ocr/documents/194/run "HTTP/1.1 201 Created"
2026-09-05 09:20:03 | INFO     | app.services.extraction_service | Document extracted: document_id=194 type=POI fields=14/24 confidence=0.90
2026-09-05 09:20:03 | INFO     | httpx | HTTP Request: POST http://testserver/api/v1/extraction/documents/194/extract "HTTP/1.1 201 Created"
2026-09-05 09:20:03 | WARNING  | app.main | Handled exception on PATCH /api/v1/extraction/documents/194/fields/totally_fake_field: Field 'totally_fake_field' is not part of this document's extraction schema.
2026-09-05 09:20:03 | INFO     | httpx | HTTP Request: PATCH http://testserver/api/v1/extraction/documents/194/fields/totally_fake_field "HTTP/1.1 422 Unprocessable Entity"
2026-09-05 09:20:04 | INFO     | app.services.auth_service | New user registered: username=extowner_105f636c role=FINANCE_ANALYST
2026-09-05 09:20:04 | INFO     | httpx | HTTP Request: POST http://testserver/api/v1/auth/register "HTTP/1.1 201 Created"
2026-09-05 09:20:04 | INFO     | app.services.auth_service | User logged in: username=extowner_105f636c
2026-09-05 09:20:04 | INFO     | httpx | HTTP Request: POST http://testserver/api/v1/auth/login "HTTP/1.1 200 OK"
2026-09-05 09:20:04 | INFO     | app.services.auth_service | New user registered: username=extother_424feb1d role=FINANCE_ANALYST
2026-09-05 09:20:04 | INFO     | httpx | HTTP Request: POST http://testserver/api/v1/auth/register "HTTP/1.1 201 Created"
2026-09-05 09:20:05 | INFO     | app.services.auth_service | User logged in: username=extother_424feb1d
2026-09-05 09:20:05 | INFO     | httpx | HTTP Request: POST http://testserver/api/v1/auth/login "HTTP/1.1 200 OK"
2026-09-05 09:20:05 | INFO     | app.services.document_service | Document uploaded: id=195 filename=test.pdf by_user=extowner_105f636c
2026-09-05 09:20:05 | INFO     | httpx | HTTP Request: POST http://testserver/api/v1/documents/upload "HTTP/1.1 201 Created"
2026-09-05 09:20:05 | INFO     | app.services.ocr_service | OCR completed: document_id=195 engine=stub pages=1 avg_confidence=0.42 time_ms=147 status=OCR_COMPLETED
2026-09-05 09:20:05 | INFO     | httpx | HTTP Request: POST http://testserver/api/v1/ocr/documents/195/run "HTTP/1.1 201 Created"
2026-09-05 09:20:05 | WARNING  | app.main | Handled exception on POST /api/v1/extraction/documents/195/extract: You may only access documents you uploaded
2026-09-05 09:20:05 | INFO     | httpx | HTTP Request: POST http://testserver/api/v1/extraction/documents/195/extract "HTTP/1.1 403 Forbidden"
2026-09-05 09:20:05 | INFO     | app.services.auth_service | New user registered: username=dupuser_43e82d94 role=FINANCE_ANALYST
2026-09-05 09:20:05 | INFO     | httpx | HTTP Request: POST http://testserver/api/v1/auth/register "HTTP/1.1 201 Created"
2026-09-05 09:20:06 | INFO     | app.services.auth_service | User logged in: username=dupuser_43e82d94
2026-09-05 09:20:06 | INFO     | httpx | HTTP Request: POST http://testserver/api/v1/auth/login "HTTP/1.1 200 OK"
2026-09-05 09:20:06 | INFO     | app.services.document_service | Document uploaded: id=196 filename=first.pdf by_user=dupuser_43e82d94
2026-09-05 09:20:06 | INFO     | httpx | HTTP Request: POST http://testserver/api/v1/documents/upload "HTTP/1.1 201 Created"
2026-09-05 09:20:06 | INFO     | app.services.document_service | Document uploaded: id=197 filename=second.pdf by_user=dupuser_43e82d94
2026-09-05 09:20:06 | INFO     | httpx | HTTP Request: POST http://testserver/api/v1/documents/upload "HTTP/1.1 201 Created"
2026-09-05 09:20:06 | INFO     | app.services.auth_service | New user registered: username=dup3user_c13e4fe5 role=FINANCE_ANALYST
2026-09-05 09:20:06 | INFO     | httpx | HTTP Request: POST http://testserver/api/v1/auth/register "HTTP/1.1 201 Created"
2026-09-05 09:20:06 | INFO     | app.services.auth_service | User logged in: username=dup3user_c13e4fe5
2026-09-05 09:20:06 | INFO     | httpx | HTTP Request: POST http://testserver/api/v1/auth/login "HTTP/1.1 200 OK"
2026-09-05 09:20:06 | INFO     | app.services.document_service | Document uploaded: id=198 filename=a.pdf by_user=dup3user_c13e4fe5
2026-09-05 09:20:06 | INFO     | httpx | HTTP Request: POST http://testserver/api/v1/documents/upload "HTTP/1.1 201 Created"
2026-09-05 09:20:06 | INFO     | app.services.document_service | Document uploaded: id=199 filename=b.pdf by_user=dup3user_c13e4fe5
2026-09-05 09:20:07 | INFO     | httpx | HTTP Request: POST http://testserver/api/v1/documents/upload "HTTP/1.1 201 Created"
2026-09-05 09:20:07 | INFO     | app.services.document_service | Document uploaded: id=200 filename=c.pdf by_user=dup3user_c13e4fe5
2026-09-05 09:20:07 | INFO     | httpx | HTTP Request: POST http://testserver/api/v1/documents/upload "HTTP/1.1 201 Created"
2026-09-05 09:20:07 | INFO     | app.services.auth_service | New user registered: username=uniqueuser_078925cd role=FINANCE_ANALYST
2026-09-05 09:20:07 | INFO     | httpx | HTTP Request: POST http://testserver/api/v1/auth/register "HTTP/1.1 201 Created"
2026-09-05 09:20:07 | INFO     | app.services.auth_service | User logged in: username=uniqueuser_078925cd
2026-09-05 09:20:07 | INFO     | httpx | HTTP Request: POST http://testserver/api/v1/auth/login "HTTP/1.1 200 OK"
2026-09-05 09:20:07 | INFO     | app.services.document_service | Document uploaded: id=201 filename=unique.pdf by_user=uniqueuser_078925cd
2026-09-05 09:20:07 | INFO     | httpx | HTTP Request: POST http://testserver/api/v1/documents/upload "HTTP/1.1 201 Created"
2026-09-05 09:20:08 | INFO     | app.services.auth_service | New user registered: username=valnoext_cef893ef role=FINANCE_ANALYST
2026-09-05 09:20:08 | INFO     | httpx | HTTP Request: POST http://testserver/api/v1/auth/register "HTTP/1.1 201 Created"
2026-09-05 09:20:08 | INFO     | app.services.auth_service | User logged in: username=valnoext_cef893ef
2026-09-05 09:20:08 | INFO     | httpx | HTTP Request: POST http://testserver/api/v1/auth/login "HTTP/1.1 200 OK"
2026-09-05 09:20:08 | INFO     | app.services.document_service | Document uploaded: id=202 filename=noext.pdf by_user=valnoext_cef893ef
2026-09-05 09:20:08 | INFO     | httpx | HTTP Request: POST http://testserver/api/v1/documents/upload "HTTP/1.1 201 Created"
2026-09-05 09:20:08 | INFO     | app.services.ocr_service | OCR completed: document_id=202 engine=stub pages=1 avg_confidence=0.42 time_ms=149 status=OCR_COMPLETED
2026-09-05 09:20:08 | INFO     | httpx | HTTP Request: POST http://testserver/api/v1/ocr/documents/202/run "HTTP/1.1 201 Created"
2026-09-05 09:20:08 | WARNING  | app.main | Handled exception on POST /api/v1/validation/documents/202/validate: Cannot validate a document with no extraction result. Run extraction first via POST /extraction/documents/{id}/extract.
2026-09-05 09:20:08 | INFO     | httpx | HTTP Request: POST http://testserver/api/v1/validation/documents/202/validate "HTTP/1.1 422 Unprocessable Entity"
2026-09-05 09:20:09 | INFO     | app.services.auth_service | New user registered: username=valclean_42c23a9a role=FINANCE_ANALYST
2026-09-05 09:20:09 | INFO     | httpx | HTTP Request: POST http://testserver/api/v1/auth/register "HTTP/1.1 201 Created"
2026-09-05 09:20:09 | INFO     | app.services.auth_service | User logged in: username=valclean_42c23a9a
2026-09-05 09:20:09 | INFO     | httpx | HTTP Request: POST http://testserver/api/v1/auth/login "HTTP/1.1 200 OK"
2026-09-05 09:20:09 | INFO     | app.services.document_service | Document uploaded: id=203 filename=test.pdf by_user=valclean_42c23a9a
2026-09-05 09:20:09 | INFO     | httpx | HTTP Request: POST http://testserver/api/v1/documents/upload "HTTP/1.1 201 Created"
2026-09-05 09:20:09 | INFO     | app.services.ocr_service | OCR completed: document_id=203 engine=stub pages=1 avg_confidence=0.42 time_ms=141 status=OCR_COMPLETED
2026-09-05 09:20:09 | INFO     | httpx | HTTP Request: POST http://testserver/api/v1/ocr/documents/203/run "HTTP/1.1 201 Created"
2026-09-05 09:20:10 | INFO     | app.services.validation_service | Document validated: document_id=203 is_valid=True errors=0 warnings=0
2026-09-05 09:20:10 | INFO     | httpx | HTTP Request: POST http://testserver/api/v1/validation/documents/203/validate "HTTP/1.1 201 Created"
2026-09-05 09:20:13 | INFO     | httpx | HTTP Request: GET http://testserver/api/v1/documents/203 "HTTP/1.1 200 OK"
2026-09-05 09:20:14 | INFO     | app.services.auth_service | New user registered: username=valbroken_d16e2944 role=FINANCE_ANALYST
2026-09-05 09:20:14 | INFO     | httpx | HTTP Request: POST http://testserver/api/v1/auth/register "HTTP/1.1 201 Created"
2026-09-05 09:20:14 | INFO     | app.services.auth_service | User logged in: username=valbroken_d16e2944
2026-09-05 09:20:14 | INFO     | httpx | HTTP Request: POST http://testserver/api/v1/auth/login "HTTP/1.1 200 OK"
2026-09-05 09:20:14 | INFO     | app.services.document_service | Document uploaded: id=204 filename=test.pdf by_user=valbroken_d16e2944
2026-09-05 09:20:14 | INFO     | httpx | HTTP Request: POST http://testserver/api/v1/documents/upload "HTTP/1.1 201 Created"
2026-09-05 09:20:14 | INFO     | app.services.ocr_service | OCR completed: document_id=204 engine=stub pages=1 avg_confidence=0.42 time_ms=152 status=OCR_COMPLETED
2026-09-05 09:20:14 | INFO     | httpx | HTTP Request: POST http://testserver/api/v1/ocr/documents/204/run "HTTP/1.1 201 Created"
2026-09-05 09:20:16 | INFO     | app.services.validation_service | Document validated: document_id=204 is_valid=False errors=1 warnings=0
2026-09-05 09:20:16 | INFO     | httpx | HTTP Request: POST http://testserver/api/v1/validation/documents/204/validate "HTTP/1.1 201 Created"
2026-09-05 09:20:18 | INFO     | httpx | HTTP Request: GET http://testserver/api/v1/documents/204 "HTTP/1.1 200 OK"
2026-09-05 09:20:18 | INFO     | app.services.auth_service | New user registered: username=valget_40cc1235 role=FINANCE_ANALYST
2026-09-05 09:20:18 | INFO     | httpx | HTTP Request: POST http://testserver/api/v1/auth/register "HTTP/1.1 201 Created"
2026-09-05 09:20:19 | INFO     | app.services.auth_service | User logged in: username=valget_40cc1235
2026-09-05 09:20:19 | INFO     | httpx | HTTP Request: POST http://testserver/api/v1/auth/login "HTTP/1.1 200 OK"
2026-09-05 09:20:19 | INFO     | app.services.document_service | Document uploaded: id=205 filename=test.pdf by_user=valget_40cc1235
2026-09-05 09:20:19 | INFO     | httpx | HTTP Request: POST http://testserver/api/v1/documents/upload "HTTP/1.1 201 Created"
2026-09-05 09:20:19 | INFO     | app.services.ocr_service | OCR completed: document_id=205 engine=stub pages=1 avg_confidence=0.42 time_ms=123 status=OCR_COMPLETED
2026-09-05 09:20:19 | INFO     | httpx | HTTP Request: POST http://testserver/api/v1/ocr/documents/205/run "HTTP/1.1 201 Created"
2026-09-05 09:20:20 | INFO     | app.services.validation_service | Document validated: document_id=205 is_valid=True errors=0 warnings=0
2026-09-05 09:20:20 | INFO     | httpx | HTTP Request: POST http://testserver/api/v1/validation/documents/205/validate "HTTP/1.1 201 Created"
2026-09-05 09:20:22 | INFO     | httpx | HTTP Request: GET http://testserver/api/v1/validation/documents/205/result "HTTP/1.1 200 OK"
2026-09-05 09:20:23 | INFO     | app.services.auth_service | New user registered: username=valnorun_85a21d52 role=FINANCE_ANALYST
2026-09-05 09:20:23 | INFO     | httpx | HTTP Request: POST http://testserver/api/v1/auth/register "HTTP/1.1 201 Created"
2026-09-05 09:20:23 | INFO     | app.services.auth_service | User logged in: username=valnorun_85a21d52
2026-09-05 09:20:23 | INFO     | httpx | HTTP Request: POST http://testserver/api/v1/auth/login "HTTP/1.1 200 OK"
2026-09-05 09:20:23 | INFO     | app.services.document_service | Document uploaded: id=206 filename=test.pdf by_user=valnorun_85a21d52
2026-09-05 09:20:23 | INFO     | httpx | HTTP Request: POST http://testserver/api/v1/documents/upload "HTTP/1.1 201 Created"
2026-09-05 09:20:23 | INFO     | app.services.ocr_service | OCR completed: document_id=206 engine=stub pages=1 avg_confidence=0.42 time_ms=121 status=OCR_COMPLETED
2026-09-05 09:20:23 | INFO     | httpx | HTTP Request: POST http://testserver/api/v1/ocr/documents/206/run "HTTP/1.1 201 Created"
2026-09-05 09:20:24 | WARNING  | app.main | Handled exception on GET /api/v1/validation/documents/206/result: Validation result for document with id '206' not found
2026-09-05 09:20:24 | INFO     | httpx | HTTP Request: GET http://testserver/api/v1/validation/documents/206/result "HTTP/1.1 404 Not Found"
2026-09-05 09:20:24 | INFO     | app.services.auth_service | New user registered: username=valmulti_716a8190 role=FINANCE_ANALYST
2026-09-05 09:20:24 | INFO     | httpx | HTTP Request: POST http://testserver/api/v1/auth/register "HTTP/1.1 201 Created"
2026-09-05 09:20:24 | INFO     | app.services.auth_service | User logged in: username=valmulti_716a8190
2026-09-05 09:20:24 | INFO     | httpx | HTTP Request: POST http://testserver/api/v1/auth/login "HTTP/1.1 200 OK"
2026-09-05 09:20:24 | INFO     | app.services.document_service | Document uploaded: id=207 filename=test.pdf by_user=valmulti_716a8190
2026-09-05 09:20:24 | INFO     | httpx | HTTP Request: POST http://testserver/api/v1/documents/upload "HTTP/1.1 201 Created"
2026-09-05 09:20:25 | INFO     | app.services.ocr_service | OCR completed: document_id=207 engine=stub pages=1 avg_confidence=0.42 time_ms=169 status=OCR_COMPLETED
2026-09-05 09:20:25 | INFO     | httpx | HTTP Request: POST http://testserver/api/v1/ocr/documents/207/run "HTTP/1.1 201 Created"
2026-09-05 09:20:25 | INFO     | app.services.validation_service | Document validated: document_id=207 is_valid=True errors=0 warnings=0
2026-09-05 09:20:25 | INFO     | httpx | HTTP Request: POST http://testserver/api/v1/validation/documents/207/validate "HTTP/1.1 201 Created"
2026-09-05 09:20:29 | INFO     | app.services.validation_service | Document validated: document_id=207 is_valid=True errors=0 warnings=0
2026-09-05 09:20:29 | INFO     | httpx | HTTP Request: POST http://testserver/api/v1/validation/documents/207/validate "HTTP/1.1 201 Created"
2026-09-05 09:20:32 | INFO     | httpx | HTTP Request: GET http://testserver/api/v1/validation/documents/207/results "HTTP/1.1 200 OK"
2026-09-05 09:20:32 | INFO     | app.services.auth_service | New user registered: username=valowner_4f2826d9 role=FINANCE_ANALYST
2026-09-05 09:20:32 | INFO     | httpx | HTTP Request: POST http://testserver/api/v1/auth/register "HTTP/1.1 201 Created"
2026-09-05 09:20:33 | INFO     | app.services.auth_service | User logged in: username=valowner_4f2826d9
2026-09-05 09:20:33 | INFO     | httpx | HTTP Request: POST http://testserver/api/v1/auth/login "HTTP/1.1 200 OK"
2026-09-05 09:20:33 | INFO     | app.services.auth_service | New user registered: username=valother_86b62692 role=FINANCE_ANALYST
2026-09-05 09:20:33 | INFO     | httpx | HTTP Request: POST http://testserver/api/v1/auth/register "HTTP/1.1 201 Created"
2026-09-05 09:20:33 | INFO     | app.services.auth_service | User logged in: username=valother_86b62692
2026-09-05 09:20:33 | INFO     | httpx | HTTP Request: POST http://testserver/api/v1/auth/login "HTTP/1.1 200 OK"
2026-09-05 09:20:33 | INFO     | app.services.document_service | Document uploaded: id=208 filename=test.pdf by_user=valowner_4f2826d9
2026-09-05 09:20:33 | INFO     | httpx | HTTP Request: POST http://testserver/api/v1/documents/upload "HTTP/1.1 201 Created"
2026-09-05 09:20:33 | INFO     | app.services.ocr_service | OCR completed: document_id=208 engine=stub pages=1 avg_confidence=0.42 time_ms=131 status=OCR_COMPLETED
2026-09-05 09:20:33 | INFO     | httpx | HTTP Request: POST http://testserver/api/v1/ocr/documents/208/run "HTTP/1.1 201 Created"
2026-09-05 09:20:34 | WARNING  | app.main | Handled exception on POST /api/v1/validation/documents/208/validate: You may only access documents you uploaded
2026-09-05 09:20:34 | INFO     | httpx | HTTP Request: POST http://testserver/api/v1/validation/documents/208/validate "HTTP/1.1 403 Forbidden"
2026-09-05 09:20:34 | INFO     | app.services.auth_service | New user registered: username=wfanalyst_9ad53f9c role=FINANCE_ANALYST
2026-09-05 09:20:34 | INFO     | httpx | HTTP Request: POST http://testserver/api/v1/auth/register "HTTP/1.1 201 Created"
2026-09-05 09:20:34 | INFO     | app.services.auth_service | User logged in: username=wfanalyst_9ad53f9c
2026-09-05 09:20:34 | INFO     | httpx | HTTP Request: POST http://testserver/api/v1/auth/login "HTTP/1.1 200 OK"
2026-09-05 09:20:35 | INFO     | app.services.auth_service | New user registered: username=wfmanager_774ab6a3 role=FINANCE_MANAGER
2026-09-05 09:20:35 | INFO     | httpx | HTTP Request: POST http://testserver/api/v1/auth/register "HTTP/1.1 201 Created"
2026-09-05 09:20:35 | INFO     | app.services.auth_service | User logged in: username=wfmanager_774ab6a3
2026-09-05 09:20:35 | INFO     | httpx | HTTP Request: POST http://testserver/api/v1/auth/login "HTTP/1.1 200 OK"
2026-09-05 09:20:35 | INFO     | app.services.document_service | Document uploaded: id=209 filename=test.pdf by_user=wfanalyst_9ad53f9c
2026-09-05 09:20:35 | INFO     | httpx | HTTP Request: POST http://testserver/api/v1/documents/upload "HTTP/1.1 201 Created"
2026-09-05 09:20:35 | INFO     | app.services.ocr_service | OCR completed: document_id=209 engine=stub pages=1 avg_confidence=0.42 time_ms=227 status=OCR_COMPLETED
2026-09-05 09:20:35 | INFO     | httpx | HTTP Request: POST http://testserver/api/v1/ocr/documents/209/run "HTTP/1.1 201 Created"
2026-09-05 09:20:36 | INFO     | app.services.validation_service | Document validated: document_id=209 is_valid=True errors=0 warnings=0
2026-09-05 09:20:36 | INFO     | httpx | HTTP Request: POST http://testserver/api/v1/validation/documents/209/validate "HTTP/1.1 201 Created"
2026-09-05 09:20:39 | INFO     | httpx | HTTP Request: GET http://testserver/api/v1/documents/209 "HTTP/1.1 200 OK"
2026-09-05 09:20:41 | INFO     | app.services.workflow_service | Workflow action performed: document_id=209 action=REQUEST_APPROVAL VALIDATED->PENDING_APPROVAL by_user=wfanalyst_9ad53f9c
2026-09-05 09:20:41 | INFO     | httpx | HTTP Request: POST http://testserver/api/v1/workflow/documents/209/request-approval "HTTP/1.1 200 OK"
2026-09-05 09:20:46 | INFO     | app.services.workflow_service | Workflow action performed: document_id=209 action=APPROVE PENDING_APPROVAL->APPROVED by_user=wfmanager_774ab6a3
2026-09-05 09:20:46 | INFO     | httpx | HTTP Request: POST http://testserver/api/v1/workflow/documents/209/approve "HTTP/1.1 200 OK"
2026-09-05 09:20:46 | INFO     | app.services.auth_service | New user registered: username=wfselfapprove_54f00d26 role=FINANCE_ANALYST
2026-09-05 09:20:46 | INFO     | httpx | HTTP Request: POST http://testserver/api/v1/auth/register "HTTP/1.1 201 Created"
2026-09-05 09:20:47 | INFO     | app.services.auth_service | User logged in: username=wfselfapprove_54f00d26
2026-09-05 09:20:47 | INFO     | httpx | HTTP Request: POST http://testserver/api/v1/auth/login "HTTP/1.1 200 OK"
2026-09-05 09:20:47 | INFO     | app.services.document_service | Document uploaded: id=210 filename=test.pdf by_user=wfselfapprove_54f00d26
2026-09-05 09:20:47 | INFO     | httpx | HTTP Request: POST http://testserver/api/v1/documents/upload "HTTP/1.1 201 Created"
2026-09-05 09:20:47 | INFO     | app.services.ocr_service | OCR completed: document_id=210 engine=stub pages=1 avg_confidence=0.42 time_ms=163 status=OCR_COMPLETED
2026-09-05 09:20:47 | INFO     | httpx | HTTP Request: POST http://testserver/api/v1/ocr/documents/210/run "HTTP/1.1 201 Created"
2026-09-05 09:20:47 | INFO     | app.services.validation_service | Document validated: document_id=210 is_valid=True errors=0 warnings=0
2026-09-05 09:20:47 | INFO     | httpx | HTTP Request: POST http://testserver/api/v1/validation/documents/210/validate "HTTP/1.1 201 Created"
2026-09-05 09:20:50 | INFO     | httpx | HTTP Request: GET http://testserver/api/v1/documents/210 "HTTP/1.1 200 OK"
2026-09-05 09:20:52 | INFO     | app.services.workflow_service | Workflow action performed: document_id=210 action=REQUEST_APPROVAL VALIDATED->PENDING_APPROVAL by_user=wfselfapprove_54f00d26
2026-09-05 09:20:52 | INFO     | httpx | HTTP Request: POST http://testserver/api/v1/workflow/documents/210/request-approval "HTTP/1.1 200 OK"
2026-09-05 09:21:00 | WARNING  | app.main | Handled exception on POST /api/v1/workflow/documents/210/approve: Your role (FINANCE_ANALYST) is not permitted to perform APPROVE.
2026-09-05 09:21:00 | INFO     | httpx | HTTP Request: POST http://testserver/api/v1/workflow/documents/210/approve "HTTP/1.1 403 Forbidden"
2026-09-05 09:21:00 | INFO     | app.services.auth_service | New user registered: username=wfnocoment_24e78471 role=FINANCE_ANALYST
2026-09-05 09:21:00 | INFO     | httpx | HTTP Request: POST http://testserver/api/v1/auth/register "HTTP/1.1 201 Created"
2026-09-05 09:21:01 | INFO     | app.services.auth_service | User logged in: username=wfnocoment_24e78471
2026-09-05 09:21:01 | INFO     | httpx | HTTP Request: POST http://testserver/api/v1/auth/login "HTTP/1.1 200 OK"
2026-09-05 09:21:01 | INFO     | app.services.auth_service | New user registered: username=wfnocoment_mgr_d6d81368 role=FINANCE_MANAGER
2026-09-05 09:21:01 | INFO     | httpx | HTTP Request: POST http://testserver/api/v1/auth/register "HTTP/1.1 201 Created"
2026-09-05 09:21:01 | INFO     | app.services.auth_service | User logged in: username=wfnocoment_mgr_d6d81368
2026-09-05 09:21:01 | INFO     | httpx | HTTP Request: POST http://testserver/api/v1/auth/login "HTTP/1.1 200 OK"
2026-09-05 09:21:01 | INFO     | app.services.document_service | Document uploaded: id=211 filename=test.pdf by_user=wfnocoment_24e78471
2026-09-05 09:21:01 | INFO     | httpx | HTTP Request: POST http://testserver/api/v1/documents/upload "HTTP/1.1 201 Created"
2026-09-05 09:21:01 | INFO     | app.services.ocr_service | OCR completed: document_id=211 engine=stub pages=1 avg_confidence=0.42 time_ms=177 status=OCR_COMPLETED
2026-09-05 09:21:01 | INFO     | httpx | HTTP Request: POST http://testserver/api/v1/ocr/documents/211/run "HTTP/1.1 201 Created"
2026-09-05 09:21:02 | INFO     | app.services.validation_service | Document validated: document_id=211 is_valid=True errors=0 warnings=0
2026-09-05 09:21:02 | INFO     | httpx | HTTP Request: POST http://testserver/api/v1/validation/documents/211/validate "HTTP/1.1 201 Created"
2026-09-05 09:21:05 | INFO     | httpx | HTTP Request: GET http://testserver/api/v1/documents/211 "HTTP/1.1 200 OK"
2026-09-05 09:21:07 | INFO     | app.services.workflow_service | Workflow action performed: document_id=211 action=REQUEST_APPROVAL VALIDATED->PENDING_APPROVAL by_user=wfnocoment_24e78471
2026-09-05 09:21:07 | INFO     | httpx | HTTP Request: POST http://testserver/api/v1/workflow/documents/211/request-approval "HTTP/1.1 200 OK"
2026-09-05 09:21:11 | WARNING  | app.main | Handled exception on POST /api/v1/workflow/documents/211/reject: A comment is required when performing REJECT.
2026-09-05 09:21:11 | INFO     | httpx | HTTP Request: POST http://testserver/api/v1/workflow/documents/211/reject "HTTP/1.1 422 Unprocessable Entity"
2026-09-05 09:21:11 | INFO     | app.services.auth_service | New user registered: username=wfreject_b0869a72 role=FINANCE_ANALYST
2026-09-05 09:21:11 | INFO     | httpx | HTTP Request: POST http://testserver/api/v1/auth/register "HTTP/1.1 201 Created"
2026-09-05 09:21:12 | INFO     | app.services.auth_service | User logged in: username=wfreject_b0869a72
2026-09-05 09:21:12 | INFO     | httpx | HTTP Request: POST http://testserver/api/v1/auth/login "HTTP/1.1 200 OK"
2026-09-05 09:21:12 | INFO     | app.services.auth_service | New user registered: username=wfreject_mgr_d1da53d1 role=FINANCE_MANAGER
2026-09-05 09:21:12 | INFO     | httpx | HTTP Request: POST http://testserver/api/v1/auth/register "HTTP/1.1 201 Created"
2026-09-05 09:21:12 | INFO     | app.services.auth_service | User logged in: username=wfreject_mgr_d1da53d1
2026-09-05 09:21:12 | INFO     | httpx | HTTP Request: POST http://testserver/api/v1/auth/login "HTTP/1.1 200 OK"
2026-09-05 09:21:12 | INFO     | app.services.document_service | Document uploaded: id=212 filename=test.pdf by_user=wfreject_b0869a72
2026-09-05 09:21:12 | INFO     | httpx | HTTP Request: POST http://testserver/api/v1/documents/upload "HTTP/1.1 201 Created"
2026-09-05 09:21:12 | INFO     | app.services.ocr_service | OCR completed: document_id=212 engine=stub pages=1 avg_confidence=0.42 time_ms=154 status=OCR_COMPLETED
2026-09-05 09:21:12 | INFO     | httpx | HTTP Request: POST http://testserver/api/v1/ocr/documents/212/run "HTTP/1.1 201 Created"
2026-09-05 09:21:13 | INFO     | app.services.validation_service | Document validated: document_id=212 is_valid=True errors=0 warnings=0
2026-09-05 09:21:13 | INFO     | httpx | HTTP Request: POST http://testserver/api/v1/validation/documents/212/validate "HTTP/1.1 201 Created"
2026-09-05 09:21:16 | INFO     | httpx | HTTP Request: GET http://testserver/api/v1/documents/212 "HTTP/1.1 200 OK"
2026-09-05 09:21:18 | INFO     | app.services.workflow_service | Workflow action performed: document_id=212 action=REQUEST_APPROVAL VALIDATED->PENDING_APPROVAL by_user=wfreject_b0869a72
2026-09-05 09:21:18 | INFO     | httpx | HTTP Request: POST http://testserver/api/v1/workflow/documents/212/request-approval "HTTP/1.1 200 OK"
2026-09-05 09:21:22 | INFO     | app.services.workflow_service | Workflow action performed: document_id=212 action=REJECT PENDING_APPROVAL->REJECTED by_user=wfreject_mgr_d1da53d1
2026-09-05 09:21:22 | INFO     | httpx | HTTP Request: POST http://testserver/api/v1/workflow/documents/212/reject "HTTP/1.1 200 OK"
2026-09-05 09:21:23 | INFO     | app.services.auth_service | New user registered: username=wfresub1_572255bf role=FINANCE_ANALYST
2026-09-05 09:21:23 | INFO     | httpx | HTTP Request: POST http://testserver/api/v1/auth/register "HTTP/1.1 201 Created"
2026-09-05 09:21:23 | INFO     | app.services.auth_service | User logged in: username=wfresub1_572255bf
2026-09-05 09:21:23 | INFO     | httpx | HTTP Request: POST http://testserver/api/v1/auth/login "HTTP/1.1 200 OK"
2026-09-05 09:21:23 | INFO     | app.services.auth_service | New user registered: username=wfresub1_mgr_d4aa6cd2 role=FINANCE_MANAGER
2026-09-05 09:21:23 | INFO     | httpx | HTTP Request: POST http://testserver/api/v1/auth/register "HTTP/1.1 201 Created"
2026-09-05 09:21:23 | INFO     | app.services.auth_service | User logged in: username=wfresub1_mgr_d4aa6cd2
2026-09-05 09:21:23 | INFO     | httpx | HTTP Request: POST http://testserver/api/v1/auth/login "HTTP/1.1 200 OK"
2026-09-05 09:21:23 | INFO     | app.services.document_service | Document uploaded: id=213 filename=test.pdf by_user=wfresub1_572255bf
2026-09-05 09:21:23 | INFO     | httpx | HTTP Request: POST http://testserver/api/v1/documents/upload "HTTP/1.1 201 Created"
2026-09-05 09:21:24 | INFO     | app.services.ocr_service | OCR completed: document_id=213 engine=stub pages=1 avg_confidence=0.42 time_ms=169 status=OCR_COMPLETED
2026-09-05 09:21:24 | INFO     | httpx | HTTP Request: POST http://testserver/api/v1/ocr/documents/213/run "HTTP/1.1 201 Created"
2026-09-05 09:21:24 | INFO     | app.services.validation_service | Document validated: document_id=213 is_valid=True errors=0 warnings=0
2026-09-05 09:21:24 | INFO     | httpx | HTTP Request: POST http://testserver/api/v1/validation/documents/213/validate "HTTP/1.1 201 Created"
2026-09-05 09:21:27 | INFO     | httpx | HTTP Request: GET http://testserver/api/v1/documents/213 "HTTP/1.1 200 OK"
2026-09-05 09:21:29 | INFO     | app.services.workflow_service | Workflow action performed: document_id=213 action=REQUEST_APPROVAL VALIDATED->PENDING_APPROVAL by_user=wfresub1_572255bf
2026-09-05 09:21:29 | INFO     | httpx | HTTP Request: POST http://testserver/api/v1/workflow/documents/213/request-approval "HTTP/1.1 200 OK"
2026-09-05 09:21:34 | INFO     | app.services.workflow_service | Workflow action performed: document_id=213 action=REJECT PENDING_APPROVAL->REJECTED by_user=wfresub1_mgr_d4aa6cd2
2026-09-05 09:21:34 | INFO     | httpx | HTTP Request: POST http://testserver/api/v1/workflow/documents/213/reject "HTTP/1.1 200 OK"
2026-09-05 09:21:42 | WARNING  | app.main | Handled exception on POST /api/v1/workflow/documents/213/request-approval: Cannot request approval: document is in status 'REJECTED', but this action requires status 'VALIDATED'.
2026-09-05 09:21:42 | INFO     | httpx | HTTP Request: POST http://testserver/api/v1/workflow/documents/213/request-approval "HTTP/1.1 409 Conflict"
2026-09-05 09:21:43 | INFO     | app.services.auth_service | New user registered: username=wfresub2_16d9edc0 role=FINANCE_ANALYST
2026-09-05 09:21:43 | INFO     | httpx | HTTP Request: POST http://testserver/api/v1/auth/register "HTTP/1.1 201 Created"
2026-09-05 09:21:43 | INFO     | app.services.auth_service | User logged in: username=wfresub2_16d9edc0
2026-09-05 09:21:43 | INFO     | httpx | HTTP Request: POST http://testserver/api/v1/auth/login "HTTP/1.1 200 OK"
2026-09-05 09:21:43 | INFO     | app.services.auth_service | New user registered: username=wfresub2_mgr_161ce14f role=FINANCE_MANAGER
2026-09-05 09:21:43 | INFO     | httpx | HTTP Request: POST http://testserver/api/v1/auth/register "HTTP/1.1 201 Created"
2026-09-05 09:21:43 | INFO     | app.services.auth_service | User logged in: username=wfresub2_mgr_161ce14f
2026-09-05 09:21:43 | INFO     | httpx | HTTP Request: POST http://testserver/api/v1/auth/login "HTTP/1.1 200 OK"
2026-09-05 09:21:43 | INFO     | app.services.document_service | Document uploaded: id=214 filename=test.pdf by_user=wfresub2_16d9edc0
2026-09-05 09:21:44 | INFO     | httpx | HTTP Request: POST http://testserver/api/v1/documents/upload "HTTP/1.1 201 Created"
2026-09-05 09:21:44 | INFO     | app.services.ocr_service | OCR completed: document_id=214 engine=stub pages=1 avg_confidence=0.42 time_ms=158 status=OCR_COMPLETED
2026-09-05 09:21:44 | INFO     | httpx | HTTP Request: POST http://testserver/api/v1/ocr/documents/214/run "HTTP/1.1 201 Created"
2026-09-05 09:21:45 | INFO     | app.services.validation_service | Document validated: document_id=214 is_valid=True errors=0 warnings=0
2026-09-05 09:21:45 | INFO     | httpx | HTTP Request: POST http://testserver/api/v1/validation/documents/214/validate "HTTP/1.1 201 Created"
2026-09-05 09:21:47 | INFO     | httpx | HTTP Request: GET http://testserver/api/v1/documents/214 "HTTP/1.1 200 OK"
2026-09-05 09:21:49 | INFO     | app.services.workflow_service | Workflow action performed: document_id=214 action=REQUEST_APPROVAL VALIDATED->PENDING_APPROVAL by_user=wfresub2_16d9edc0
2026-09-05 09:21:49 | INFO     | httpx | HTTP Request: POST http://testserver/api/v1/workflow/documents/214/request-approval "HTTP/1.1 200 OK"
2026-09-05 09:21:54 | INFO     | app.services.workflow_service | Workflow action performed: document_id=214 action=REJECT PENDING_APPROVAL->REJECTED by_user=wfresub2_mgr_161ce14f
2026-09-05 09:21:54 | INFO     | httpx | HTTP Request: POST http://testserver/api/v1/workflow/documents/214/reject "HTTP/1.1 200 OK"
2026-09-05 09:22:06 | INFO     | app.services.validation_service | Document validated: document_id=214 is_valid=True errors=0 warnings=0
2026-09-05 09:22:06 | INFO     | httpx | HTTP Request: POST http://testserver/api/v1/validation/documents/214/validate "HTTP/1.1 201 Created"
2026-09-05 09:22:14 | INFO     | app.services.workflow_service | Workflow action performed: document_id=214 action=REQUEST_APPROVAL VALIDATED->PENDING_APPROVAL by_user=wfresub2_16d9edc0
2026-09-05 09:22:14 | INFO     | httpx | HTTP Request: POST http://testserver/api/v1/workflow/documents/214/request-approval "HTTP/1.1 200 OK"
2026-09-05 09:22:14 | INFO     | app.services.auth_service | New user registered: username=wfhistory_1ba16106 role=FINANCE_ANALYST
2026-09-05 09:22:14 | INFO     | httpx | HTTP Request: POST http://testserver/api/v1/auth/register "HTTP/1.1 201 Created"
2026-09-05 09:22:14 | INFO     | app.services.auth_service | User logged in: username=wfhistory_1ba16106
2026-09-05 09:22:14 | INFO     | httpx | HTTP Request: POST http://testserver/api/v1/auth/login "HTTP/1.1 200 OK"
2026-09-05 09:22:15 | INFO     | app.services.auth_service | New user registered: username=wfhistory_mgr_a7ae4ec3 role=FINANCE_MANAGER
2026-09-05 09:22:15 | INFO     | httpx | HTTP Request: POST http://testserver/api/v1/auth/register "HTTP/1.1 201 Created"
2026-09-05 09:22:15 | INFO     | app.services.auth_service | User logged in: username=wfhistory_mgr_a7ae4ec3
2026-09-05 09:22:15 | INFO     | httpx | HTTP Request: POST http://testserver/api/v1/auth/login "HTTP/1.1 200 OK"
2026-09-05 09:22:15 | INFO     | app.services.document_service | Document uploaded: id=215 filename=test.pdf by_user=wfhistory_1ba16106
2026-09-05 09:22:15 | INFO     | httpx | HTTP Request: POST http://testserver/api/v1/documents/upload "HTTP/1.1 201 Created"
2026-09-05 09:22:15 | INFO     | app.services.ocr_service | OCR completed: document_id=215 engine=stub pages=1 avg_confidence=0.42 time_ms=214 status=OCR_COMPLETED
2026-09-05 09:22:15 | INFO     | httpx | HTTP Request: POST http://testserver/api/v1/ocr/documents/215/run "HTTP/1.1 201 Created"
2026-09-05 09:22:16 | INFO     | app.services.validation_service | Document validated: document_id=215 is_valid=True errors=0 warnings=0
2026-09-05 09:22:16 | INFO     | httpx | HTTP Request: POST http://testserver/api/v1/validation/documents/215/validate "HTTP/1.1 201 Created"
2026-09-05 09:22:18 | INFO     | httpx | HTTP Request: GET http://testserver/api/v1/documents/215 "HTTP/1.1 200 OK"
2026-09-05 09:22:20 | INFO     | app.services.workflow_service | Workflow action performed: document_id=215 action=REQUEST_APPROVAL VALIDATED->PENDING_APPROVAL by_user=wfhistory_1ba16106
2026-09-05 09:22:20 | INFO     | httpx | HTTP Request: POST http://testserver/api/v1/workflow/documents/215/request-approval "HTTP/1.1 200 OK"
2026-09-05 09:22:25 | INFO     | app.services.workflow_service | Workflow action performed: document_id=215 action=REJECT PENDING_APPROVAL->REJECTED by_user=wfhistory_mgr_a7ae4ec3
2026-09-05 09:22:25 | INFO     | httpx | HTTP Request: POST http://testserver/api/v1/workflow/documents/215/reject "HTTP/1.1 200 OK"
2026-09-05 09:22:34 | INFO     | httpx | HTTP Request: GET http://testserver/api/v1/workflow/documents/215/history "HTTP/1.1 200 OK"
2026-09-05 09:22:35 | INFO     | app.services.auth_service | New user registered: username=wfemptyhist_83ca7848 role=FINANCE_ANALYST
2026-09-05 09:22:35 | INFO     | httpx | HTTP Request: POST http://testserver/api/v1/auth/register "HTTP/1.1 201 Created"
2026-09-05 09:22:35 | INFO     | app.services.auth_service | User logged in: username=wfemptyhist_83ca7848
2026-09-05 09:22:35 | INFO     | httpx | HTTP Request: POST http://testserver/api/v1/auth/login "HTTP/1.1 200 OK"
2026-09-05 09:22:35 | INFO     | app.services.document_service | Document uploaded: id=216 filename=test.pdf by_user=wfemptyhist_83ca7848
2026-09-05 09:22:35 | INFO     | httpx | HTTP Request: POST http://testserver/api/v1/documents/upload "HTTP/1.1 201 Created"
2026-09-05 09:22:35 | INFO     | app.services.ocr_service | OCR completed: document_id=216 engine=stub pages=1 avg_confidence=0.42 time_ms=147 status=OCR_COMPLETED
2026-09-05 09:22:35 | INFO     | httpx | HTTP Request: POST http://testserver/api/v1/ocr/documents/216/run "HTTP/1.1 201 Created"
2026-09-05 09:22:36 | INFO     | app.services.validation_service | Document validated: document_id=216 is_valid=True errors=0 warnings=0
2026-09-05 09:22:36 | INFO     | httpx | HTTP Request: POST http://testserver/api/v1/validation/documents/216/validate "HTTP/1.1 201 Created"
2026-09-05 09:22:38 | INFO     | httpx | HTTP Request: GET http://testserver/api/v1/documents/216 "HTTP/1.1 200 OK"
2026-09-05 09:22:41 | INFO     | httpx | HTTP Request: GET http://testserver/api/v1/workflow/documents/216/history "HTTP/1.1 200 OK"
2026-09-05 09:22:41 | INFO     | app.services.auth_service | New user registered: username=wfowner_24f82fa3 role=FINANCE_ANALYST
2026-09-05 09:22:41 | INFO     | httpx | HTTP Request: POST http://testserver/api/v1/auth/register "HTTP/1.1 201 Created"
2026-09-05 09:22:42 | INFO     | app.services.auth_service | User logged in: username=wfowner_24f82fa3
2026-09-05 09:22:42 | INFO     | httpx | HTTP Request: POST http://testserver/api/v1/auth/login "HTTP/1.1 200 OK"
2026-09-05 09:22:42 | INFO     | app.services.auth_service | New user registered: username=wfother_24157634 role=FINANCE_ANALYST
2026-09-05 09:22:42 | INFO     | httpx | HTTP Request: POST http://testserver/api/v1/auth/register "HTTP/1.1 201 Created"
2026-09-05 09:22:42 | INFO     | app.services.auth_service | User logged in: username=wfother_24157634
2026-09-05 09:22:42 | INFO     | httpx | HTTP Request: POST http://testserver/api/v1/auth/login "HTTP/1.1 200 OK"
2026-09-05 09:22:42 | INFO     | app.services.document_service | Document uploaded: id=217 filename=test.pdf by_user=wfowner_24f82fa3
2026-09-05 09:22:42 | INFO     | httpx | HTTP Request: POST http://testserver/api/v1/documents/upload "HTTP/1.1 201 Created"
2026-09-05 09:22:42 | INFO     | app.services.ocr_service | OCR completed: document_id=217 engine=stub pages=1 avg_confidence=0.42 time_ms=162 status=OCR_COMPLETED
2026-09-05 09:22:42 | INFO     | httpx | HTTP Request: POST http://testserver/api/v1/ocr/documents/217/run "HTTP/1.1 201 Created"
2026-09-05 09:22:43 | INFO     | app.services.validation_service | Document validated: document_id=217 is_valid=True errors=0 warnings=0
2026-09-05 09:22:43 | INFO     | httpx | HTTP Request: POST http://testserver/api/v1/validation/documents/217/validate "HTTP/1.1 201 Created"
2026-09-05 09:22:45 | INFO     | httpx | HTTP Request: GET http://testserver/api/v1/documents/217 "HTTP/1.1 200 OK"
2026-09-05 09:22:46 | WARNING  | app.main | Handled exception on POST /api/v1/workflow/documents/217/request-approval: You may only access documents you uploaded
2026-09-05 09:22:46 | INFO     | httpx | HTTP Request: POST http://testserver/api/v1/workflow/documents/217/request-approval "HTTP/1.1 403 Forbidden"
2026-09-05 09:22:46 | INFO     | app.services.auth_service | New user registered: username=wfbadtrans_49abcd54 role=FINANCE_ANALYST
2026-09-05 09:22:46 | INFO     | httpx | HTTP Request: POST http://testserver/api/v1/auth/register "HTTP/1.1 201 Created"
2026-09-05 09:22:47 | INFO     | app.services.auth_service | User logged in: username=wfbadtrans_49abcd54
2026-09-05 09:22:47 | INFO     | httpx | HTTP Request: POST http://testserver/api/v1/auth/login "HTTP/1.1 200 OK"
2026-09-05 09:22:47 | INFO     | app.services.auth_service | New user registered: username=wfbadtrans_mgr_29f17880 role=FINANCE_MANAGER
2026-09-05 09:22:47 | INFO     | httpx | HTTP Request: POST http://testserver/api/v1/auth/register "HTTP/1.1 201 Created"
2026-09-05 09:22:47 | INFO     | app.services.auth_service | User logged in: username=wfbadtrans_mgr_29f17880
2026-09-05 09:22:47 | INFO     | httpx | HTTP Request: POST http://testserver/api/v1/auth/login "HTTP/1.1 200 OK"
2026-09-05 09:22:47 | INFO     | app.services.document_service | Document uploaded: id=218 filename=test.pdf by_user=wfbadtrans_49abcd54
2026-09-05 09:22:47 | INFO     | httpx | HTTP Request: POST http://testserver/api/v1/documents/upload "HTTP/1.1 201 Created"
2026-09-05 09:22:47 | INFO     | app.services.ocr_service | OCR completed: document_id=218 engine=stub pages=1 avg_confidence=0.42 time_ms=139 status=OCR_COMPLETED
2026-09-05 09:22:47 | INFO     | httpx | HTTP Request: POST http://testserver/api/v1/ocr/documents/218/run "HTTP/1.1 201 Created"
2026-09-05 09:22:49 | INFO     | app.services.validation_service | Document validated: document_id=218 is_valid=True errors=0 warnings=0
2026-09-05 09:22:49 | INFO     | httpx | HTTP Request: POST http://testserver/api/v1/validation/documents/218/validate "HTTP/1.1 201 Created"
2026-09-05 09:22:51 | INFO     | httpx | HTTP Request: GET http://testserver/api/v1/documents/218 "HTTP/1.1 200 OK"
2026-09-05 09:22:52 | WARNING  | app.main | Handled exception on POST /api/v1/workflow/documents/218/approve: Cannot approve: document is in status 'VALIDATED', but this action requires status 'PENDING_APPROVAL'.
2026-09-05 09:22:52 | INFO     | httpx | HTTP Request: POST http://testserver/api/v1/workflow/documents/218/approve "HTTP/1.1 409 Conflict"
2026-09-05 09:22:52 | INFO     | app.services.auth_service | New user registered: username=auditreg_559502ad role=FINANCE_ANALYST
2026-09-05 09:22:52 | INFO     | httpx | HTTP Request: POST http://testserver/api/v1/auth/register "HTTP/1.1 201 Created"
2026-09-05 09:22:53 | INFO     | app.services.auth_service | User logged in: username=auditreg_559502ad
2026-09-05 09:22:53 | INFO     | httpx | HTTP Request: POST http://testserver/api/v1/auth/login "HTTP/1.1 200 OK"
2026-09-05 09:22:53 | INFO     | app.services.auth_service | New user registered: username=auditloginok_65f9e51c role=FINANCE_ANALYST
2026-09-05 09:22:53 | INFO     | httpx | HTTP Request: POST http://testserver/api/v1/auth/register "HTTP/1.1 201 Created"
2026-09-05 09:22:53 | INFO     | app.services.auth_service | User logged in: username=auditloginok_65f9e51c
2026-09-05 09:22:53 | INFO     | httpx | HTTP Request: POST http://testserver/api/v1/auth/login "HTTP/1.1 200 OK"
2026-09-05 09:22:54 | INFO     | app.services.auth_service | New user registered: username=auditloginfail_1ca21cd9 role=FINANCE_ANALYST
2026-09-05 09:22:54 | INFO     | httpx | HTTP Request: POST http://testserver/api/v1/auth/register "HTTP/1.1 201 Created"
2026-09-05 09:22:54 | WARNING  | app.main | Handled exception on POST /api/v1/auth/login: Incorrect username or password
2026-09-05 09:22:54 | INFO     | httpx | HTTP Request: POST http://testserver/api/v1/auth/login "HTTP/1.1 401 Unauthorized"
2026-09-05 09:22:54 | WARNING  | app.main | Handled exception on POST /api/v1/auth/login: Incorrect username or password
2026-09-05 09:22:54 | INFO     | httpx | HTTP Request: POST http://testserver/api/v1/auth/login "HTTP/1.1 401 Unauthorized"
2026-09-05 09:22:54 | INFO     | app.services.auth_service | New user registered: username=auditupload_c40f6d00 role=FINANCE_ANALYST
2026-09-05 09:22:54 | INFO     | httpx | HTTP Request: POST http://testserver/api/v1/auth/register "HTTP/1.1 201 Created"
2026-09-05 09:22:54 | INFO     | app.services.auth_service | User logged in: username=auditupload_c40f6d00
2026-09-05 09:22:54 | INFO     | httpx | HTTP Request: POST http://testserver/api/v1/auth/login "HTTP/1.1 200 OK"
2026-09-05 09:22:54 | INFO     | app.services.document_service | Document uploaded: id=219 filename=test.pdf by_user=auditupload_c40f6d00
2026-09-05 09:22:54 | INFO     | httpx | HTTP Request: POST http://testserver/api/v1/documents/upload "HTTP/1.1 201 Created"
2026-09-05 09:22:55 | INFO     | app.services.auth_service | New user registered: username=auditdelete_ab567ff0 role=FINANCE_ANALYST
2026-09-05 09:22:55 | INFO     | httpx | HTTP Request: POST http://testserver/api/v1/auth/register "HTTP/1.1 201 Created"
2026-09-05 09:22:55 | INFO     | app.services.auth_service | User logged in: username=auditdelete_ab567ff0
2026-09-05 09:22:55 | INFO     | httpx | HTTP Request: POST http://testserver/api/v1/auth/login "HTTP/1.1 200 OK"
2026-09-05 09:22:55 | INFO     | app.services.document_service | Document uploaded: id=220 filename=test.pdf by_user=auditdelete_ab567ff0
2026-09-05 09:22:55 | INFO     | httpx | HTTP Request: POST http://testserver/api/v1/documents/upload "HTTP/1.1 201 Created"
2026-09-05 09:22:55 | INFO     | app.services.document_service | Document soft-deleted: id=220 by_user=auditdelete_ab567ff0
2026-09-05 09:22:55 | INFO     | httpx | HTTP Request: DELETE http://testserver/api/v1/documents/220 "HTTP/1.1 200 OK"
2026-09-05 09:22:55 | INFO     | app.services.auth_service | New user registered: username=auditocr_c8f61ad7 role=FINANCE_ANALYST
2026-09-05 09:22:55 | INFO     | httpx | HTTP Request: POST http://testserver/api/v1/auth/register "HTTP/1.1 201 Created"
2026-09-05 09:22:56 | INFO     | app.services.auth_service | User logged in: username=auditocr_c8f61ad7
2026-09-05 09:22:56 | INFO     | httpx | HTTP Request: POST http://testserver/api/v1/auth/login "HTTP/1.1 200 OK"
2026-09-05 09:22:56 | INFO     | app.services.document_service | Document uploaded: id=221 filename=test.pdf by_user=auditocr_c8f61ad7
2026-09-05 09:22:56 | INFO     | httpx | HTTP Request: POST http://testserver/api/v1/documents/upload "HTTP/1.1 201 Created"
2026-09-05 09:22:56 | INFO     | app.services.ocr_service | OCR completed: document_id=221 engine=stub pages=1 avg_confidence=0.42 time_ms=205 status=OCR_COMPLETED
2026-09-05 09:22:56 | INFO     | httpx | HTTP Request: POST http://testserver/api/v1/ocr/documents/221/run "HTTP/1.1 201 Created"
2026-09-05 09:22:56 | INFO     | app.services.auth_service | New user registered: username=auditclassify_4a1eb98f role=FINANCE_ANALYST
2026-09-05 09:22:56 | INFO     | httpx | HTTP Request: POST http://testserver/api/v1/auth/register "HTTP/1.1 201 Created"
2026-09-05 09:22:57 | INFO     | app.services.auth_service | User logged in: username=auditclassify_4a1eb98f
2026-09-05 09:22:57 | INFO     | httpx | HTTP Request: POST http://testserver/api/v1/auth/login "HTTP/1.1 200 OK"
2026-09-05 09:22:57 | INFO     | app.services.document_service | Document uploaded: id=222 filename=test.pdf by_user=auditclassify_4a1eb98f
2026-09-05 09:22:57 | INFO     | httpx | HTTP Request: POST http://testserver/api/v1/documents/upload "HTTP/1.1 201 Created"
2026-09-05 09:22:57 | INFO     | app.services.ocr_service | OCR completed: document_id=222 engine=stub pages=1 avg_confidence=0.42 time_ms=163 status=OCR_COMPLETED
2026-09-05 09:22:57 | INFO     | httpx | HTTP Request: POST http://testserver/api/v1/ocr/documents/222/run "HTTP/1.1 201 Created"
2026-09-05 09:22:57 | INFO     | app.services.classification_service | Document classified: document_id=222 type=UNKNOWN confidence=0.00 engine=rule_based
2026-09-05 09:22:57 | INFO     | httpx | HTTP Request: POST http://testserver/api/v1/classification/documents/222/classify "HTTP/1.1 201 Created"
2026-09-05 09:22:58 | INFO     | app.services.auth_service | New user registered: username=auditextract_024318cf role=FINANCE_ANALYST
2026-09-05 09:22:58 | INFO     | httpx | HTTP Request: POST http://testserver/api/v1/auth/register "HTTP/1.1 201 Created"
2026-09-05 09:22:58 | INFO     | app.services.auth_service | User logged in: username=auditextract_024318cf
2026-09-05 09:22:58 | INFO     | httpx | HTTP Request: POST http://testserver/api/v1/auth/login "HTTP/1.1 200 OK"
2026-09-05 09:22:58 | INFO     | app.services.document_service | Document uploaded: id=223 filename=test.pdf by_user=auditextract_024318cf
2026-09-05 09:22:58 | INFO     | httpx | HTTP Request: POST http://testserver/api/v1/documents/upload "HTTP/1.1 201 Created"
2026-09-05 09:22:58 | INFO     | app.services.ocr_service | OCR completed: document_id=223 engine=stub pages=1 avg_confidence=0.42 time_ms=170 status=OCR_COMPLETED
2026-09-05 09:22:58 | INFO     | httpx | HTTP Request: POST http://testserver/api/v1/ocr/documents/223/run "HTTP/1.1 201 Created"
2026-09-05 09:22:58 | INFO     | app.services.classification_service | Document classified: document_id=223 type=UNKNOWN confidence=0.00 engine=rule_based
2026-09-05 09:22:58 | INFO     | httpx | HTTP Request: POST http://testserver/api/v1/classification/documents/223/classify "HTTP/1.1 201 Created"
2026-09-05 09:22:58 | INFO     | app.extraction.rule_based | No extraction schema registered for document_type=UNKNOWN; returning empty result.
2026-09-05 09:22:58 | INFO     | app.services.extraction_service | Document extracted: document_id=223 type=UNKNOWN fields=0/0 confidence=0.00
2026-09-05 09:22:58 | INFO     | httpx | HTTP Request: POST http://testserver/api/v1/extraction/documents/223/extract "HTTP/1.1 201 Created"
2026-09-05 09:22:59 | INFO     | app.services.auth_service | New user registered: username=auditcorrect_98ff21d1 role=FINANCE_ANALYST
2026-09-05 09:22:59 | INFO     | httpx | HTTP Request: POST http://testserver/api/v1/auth/register "HTTP/1.1 201 Created"
2026-09-05 09:22:59 | INFO     | app.services.auth_service | User logged in: username=auditcorrect_98ff21d1
2026-09-05 09:22:59 | INFO     | httpx | HTTP Request: POST http://testserver/api/v1/auth/login "HTTP/1.1 200 OK"
2026-09-05 09:22:59 | INFO     | app.services.document_service | Document uploaded: id=224 filename=test.pdf by_user=auditcorrect_98ff21d1
2026-09-05 09:22:59 | INFO     | httpx | HTTP Request: POST http://testserver/api/v1/documents/upload "HTTP/1.1 201 Created"
2026-09-05 09:22:59 | INFO     | app.services.ocr_service | OCR completed: document_id=224 engine=stub pages=1 avg_confidence=0.42 time_ms=163 status=OCR_COMPLETED
2026-09-05 09:22:59 | INFO     | httpx | HTTP Request: POST http://testserver/api/v1/ocr/documents/224/run "HTTP/1.1 201 Created"
2026-09-05 09:23:01 | INFO     | app.services.extraction_service | Field manually corrected: document_id=224 field=vendor_name
2026-09-05 09:23:01 | INFO     | httpx | HTTP Request: PATCH http://testserver/api/v1/extraction/documents/224/fields/vendor_name "HTTP/1.1 200 OK"
2026-09-05 09:23:01 | INFO     | app.services.auth_service | New user registered: username=auditvalidate_c01ba9cd role=FINANCE_ANALYST
2026-09-05 09:23:01 | INFO     | httpx | HTTP Request: POST http://testserver/api/v1/auth/register "HTTP/1.1 201 Created"
2026-09-05 09:23:01 | INFO     | app.services.auth_service | User logged in: username=auditvalidate_c01ba9cd
2026-09-05 09:23:01 | INFO     | httpx | HTTP Request: POST http://testserver/api/v1/auth/login "HTTP/1.1 200 OK"
2026-09-05 09:23:01 | INFO     | app.services.document_service | Document uploaded: id=225 filename=test.pdf by_user=auditvalidate_c01ba9cd
2026-09-05 09:23:01 | INFO     | httpx | HTTP Request: POST http://testserver/api/v1/documents/upload "HTTP/1.1 201 Created"
2026-09-05 09:23:01 | INFO     | app.services.ocr_service | OCR completed: document_id=225 engine=stub pages=1 avg_confidence=0.42 time_ms=172 status=OCR_COMPLETED
2026-09-05 09:23:01 | INFO     | httpx | HTTP Request: POST http://testserver/api/v1/ocr/documents/225/run "HTTP/1.1 201 Created"
2026-09-05 09:23:02 | INFO     | app.services.validation_service | Document validated: document_id=225 is_valid=True errors=0 warnings=0
2026-09-05 09:23:02 | INFO     | httpx | HTTP Request: POST http://testserver/api/v1/validation/documents/225/validate "HTTP/1.1 201 Created"
2026-09-05 09:23:02 | INFO     | app.services.auth_service | New user registered: username=auditwfanalyst_14f5cdd8 role=FINANCE_ANALYST
2026-09-05 09:23:02 | INFO     | httpx | HTTP Request: POST http://testserver/api/v1/auth/register "HTTP/1.1 201 Created"
2026-09-05 09:23:03 | INFO     | app.services.auth_service | User logged in: username=auditwfanalyst_14f5cdd8
2026-09-05 09:23:03 | INFO     | httpx | HTTP Request: POST http://testserver/api/v1/auth/login "HTTP/1.1 200 OK"
2026-09-05 09:23:03 | INFO     | app.services.auth_service | New user registered: username=auditwfmanager_7375251f role=FINANCE_MANAGER
2026-09-05 09:23:03 | INFO     | httpx | HTTP Request: POST http://testserver/api/v1/auth/register "HTTP/1.1 201 Created"
2026-09-05 09:23:03 | INFO     | app.services.auth_service | User logged in: username=auditwfmanager_7375251f
2026-09-05 09:23:03 | INFO     | httpx | HTTP Request: POST http://testserver/api/v1/auth/login "HTTP/1.1 200 OK"
2026-09-05 09:23:03 | INFO     | app.services.document_service | Document uploaded: id=226 filename=test.pdf by_user=auditwfanalyst_14f5cdd8
2026-09-05 09:23:03 | INFO     | httpx | HTTP Request: POST http://testserver/api/v1/documents/upload "HTTP/1.1 201 Created"
2026-09-05 09:23:04 | INFO     | app.services.ocr_service | OCR completed: document_id=226 engine=stub pages=1 avg_confidence=0.42 time_ms=154 status=OCR_COMPLETED
2026-09-05 09:23:04 | INFO     | httpx | HTTP Request: POST http://testserver/api/v1/ocr/documents/226/run "HTTP/1.1 201 Created"
2026-09-05 09:23:04 | INFO     | app.services.validation_service | Document validated: document_id=226 is_valid=True errors=0 warnings=0
2026-09-05 09:23:04 | INFO     | httpx | HTTP Request: POST http://testserver/api/v1/validation/documents/226/validate "HTTP/1.1 201 Created"
2026-09-05 09:23:06 | INFO     | app.services.workflow_service | Workflow action performed: document_id=226 action=REQUEST_APPROVAL VALIDATED->PENDING_APPROVAL by_user=auditwfanalyst_14f5cdd8
2026-09-05 09:23:06 | INFO     | httpx | HTTP Request: POST http://testserver/api/v1/workflow/documents/226/request-approval "HTTP/1.1 200 OK"
2026-09-05 09:23:11 | INFO     | app.services.workflow_service | Workflow action performed: document_id=226 action=APPROVE PENDING_APPROVAL->APPROVED by_user=auditwfmanager_7375251f
2026-09-05 09:23:11 | INFO     | httpx | HTTP Request: POST http://testserver/api/v1/workflow/documents/226/approve "HTTP/1.1 200 OK"
2026-09-05 09:23:11 | INFO     | app.services.auth_service | New user registered: username=auditwfreject_0337c97a role=FINANCE_ANALYST
2026-09-05 09:23:11 | INFO     | httpx | HTTP Request: POST http://testserver/api/v1/auth/register "HTTP/1.1 201 Created"
2026-09-05 09:23:11 | INFO     | app.services.auth_service | User logged in: username=auditwfreject_0337c97a
2026-09-05 09:23:11 | INFO     | httpx | HTTP Request: POST http://testserver/api/v1/auth/login "HTTP/1.1 200 OK"
2026-09-05 09:23:12 | INFO     | app.services.auth_service | New user registered: username=auditwfreject_mgr_635ff6cb role=FINANCE_MANAGER
2026-09-05 09:23:12 | INFO     | httpx | HTTP Request: POST http://testserver/api/v1/auth/register "HTTP/1.1 201 Created"
2026-09-05 09:23:12 | INFO     | app.services.auth_service | User logged in: username=auditwfreject_mgr_635ff6cb
2026-09-05 09:23:12 | INFO     | httpx | HTTP Request: POST http://testserver/api/v1/auth/login "HTTP/1.1 200 OK"
2026-09-05 09:23:12 | INFO     | app.services.document_service | Document uploaded: id=227 filename=test.pdf by_user=auditwfreject_0337c97a
2026-09-05 09:23:12 | INFO     | httpx | HTTP Request: POST http://testserver/api/v1/documents/upload "HTTP/1.1 201 Created"
2026-09-05 09:23:12 | INFO     | app.services.ocr_service | OCR completed: document_id=227 engine=stub pages=1 avg_confidence=0.42 time_ms=165 status=OCR_COMPLETED
2026-09-05 09:23:12 | INFO     | httpx | HTTP Request: POST http://testserver/api/v1/ocr/documents/227/run "HTTP/1.1 201 Created"
2026-09-05 09:23:13 | INFO     | app.services.validation_service | Document validated: document_id=227 is_valid=True errors=0 warnings=0
2026-09-05 09:23:13 | INFO     | httpx | HTTP Request: POST http://testserver/api/v1/validation/documents/227/validate "HTTP/1.1 201 Created"
2026-09-05 09:23:15 | INFO     | app.services.workflow_service | Workflow action performed: document_id=227 action=REQUEST_APPROVAL VALIDATED->PENDING_APPROVAL by_user=auditwfreject_0337c97a
2026-09-05 09:23:15 | INFO     | httpx | HTTP Request: POST http://testserver/api/v1/workflow/documents/227/request-approval "HTTP/1.1 200 OK"
2026-09-05 09:23:20 | INFO     | app.services.workflow_service | Workflow action performed: document_id=227 action=REJECT PENDING_APPROVAL->REJECTED by_user=auditwfreject_mgr_635ff6cb
2026-09-05 09:23:20 | INFO     | httpx | HTTP Request: POST http://testserver/api/v1/workflow/documents/227/reject "HTTP/1.1 200 OK"
2026-09-05 09:23:20 | INFO     | app.services.auth_service | New user registered: username=auditnoaccess_628197d5 role=FINANCE_ANALYST
2026-09-05 09:23:20 | INFO     | httpx | HTTP Request: POST http://testserver/api/v1/auth/register "HTTP/1.1 201 Created"
2026-09-05 09:23:20 | INFO     | app.services.auth_service | User logged in: username=auditnoaccess_628197d5
2026-09-05 09:23:20 | INFO     | httpx | HTTP Request: POST http://testserver/api/v1/auth/login "HTTP/1.1 200 OK"
2026-09-05 09:23:20 | WARNING  | app.main | Handled exception on GET /api/v1/audit/logs: This action requires one of the following roles: ['ADMIN', 'AUDITOR']
2026-09-05 09:23:20 | INFO     | httpx | HTTP Request: GET http://testserver/api/v1/audit/logs "HTTP/1.1 403 Forbidden"
2026-09-05 09:23:21 | INFO     | app.services.auth_service | New user registered: username=auditnoaccessmgr_07162425 role=FINANCE_MANAGER
2026-09-05 09:23:21 | INFO     | httpx | HTTP Request: POST http://testserver/api/v1/auth/register "HTTP/1.1 201 Created"
2026-09-05 09:23:21 | INFO     | app.services.auth_service | User logged in: username=auditnoaccessmgr_07162425
2026-09-05 09:23:21 | INFO     | httpx | HTTP Request: POST http://testserver/api/v1/auth/login "HTTP/1.1 200 OK"
2026-09-05 09:23:21 | WARNING  | app.main | Handled exception on GET /api/v1/audit/logs: This action requires one of the following roles: ['ADMIN', 'AUDITOR']
2026-09-05 09:23:21 | INFO     | httpx | HTTP Request: GET http://testserver/api/v1/audit/logs "HTTP/1.1 403 Forbidden"
2026-09-05 09:23:21 | INFO     | app.services.auth_service | New user registered: username=auditviewer_4d7516fd role=AUDITOR
2026-09-05 09:23:21 | INFO     | httpx | HTTP Request: POST http://testserver/api/v1/auth/register "HTTP/1.1 201 Created"
2026-09-05 09:23:22 | INFO     | app.services.auth_service | User logged in: username=auditviewer_4d7516fd
2026-09-05 09:23:22 | INFO     | httpx | HTTP Request: POST http://testserver/api/v1/auth/login "HTTP/1.1 200 OK"
2026-09-05 09:23:32 | INFO     | httpx | HTTP Request: GET http://testserver/api/v1/audit/logs "HTTP/1.1 200 OK"
2026-09-05 09:23:32 | INFO     | app.services.auth_service | New user registered: username=auditviewadmin_7359ad4f role=ADMIN
2026-09-05 09:23:32 | INFO     | httpx | HTTP Request: POST http://testserver/api/v1/auth/register "HTTP/1.1 201 Created"
2026-09-05 09:23:33 | INFO     | app.services.auth_service | User logged in: username=auditviewadmin_7359ad4f
2026-09-05 09:23:33 | INFO     | httpx | HTTP Request: POST http://testserver/api/v1/auth/login "HTTP/1.1 200 OK"
2026-09-05 09:23:43 | INFO     | httpx | HTTP Request: GET http://testserver/api/v1/audit/logs "HTTP/1.1 200 OK"
2026-09-05 09:23:43 | INFO     | app.services.auth_service | New user registered: username=auditfilter_4828e346 role=AUDITOR
2026-09-05 09:23:43 | INFO     | httpx | HTTP Request: POST http://testserver/api/v1/auth/register "HTTP/1.1 201 Created"
2026-09-05 09:23:43 | INFO     | app.services.auth_service | User logged in: username=auditfilter_4828e346
2026-09-05 09:23:43 | INFO     | httpx | HTTP Request: POST http://testserver/api/v1/auth/login "HTTP/1.1 200 OK"
2026-09-05 09:24:35 | INFO     | httpx | HTTP Request: GET http://testserver/api/v1/audit/logs?action=LOGIN_SUCCESS "HTTP/1.1 200 OK"
2026-09-05 09:24:36 | INFO     | app.services.auth_service | New user registered: username=auditdocnoaccess_2bbe05bb role=FINANCE_ANALYST
2026-09-05 09:24:36 | INFO     | httpx | HTTP Request: POST http://testserver/api/v1/auth/register "HTTP/1.1 201 Created"
2026-09-05 09:24:36 | INFO     | app.services.auth_service | User logged in: username=auditdocnoaccess_2bbe05bb
2026-09-05 09:24:36 | INFO     | httpx | HTTP Request: POST http://testserver/api/v1/auth/login "HTTP/1.1 200 OK"
2026-09-05 09:24:36 | INFO     | app.services.document_service | Document uploaded: id=228 filename=test.pdf by_user=auditdocnoaccess_2bbe05bb
2026-09-05 09:24:36 | INFO     | httpx | HTTP Request: POST http://testserver/api/v1/documents/upload "HTTP/1.1 201 Created"
2026-09-05 09:24:36 | WARNING  | app.main | Handled exception on GET /api/v1/audit/documents/228/logs: This action requires one of the following roles: ['ADMIN', 'AUDITOR']
2026-09-05 09:24:36 | INFO     | httpx | HTTP Request: GET http://testserver/api/v1/audit/documents/228/logs "HTTP/1.1 403 Forbidden"
2026-09-05 09:24:36 | INFO     | app.services.auth_service | New user registered: username=auditdocowner_5b798983 role=FINANCE_ANALYST
2026-09-05 09:24:36 | INFO     | httpx | HTTP Request: POST http://testserver/api/v1/auth/register "HTTP/1.1 201 Created"
2026-09-05 09:24:36 | INFO     | app.services.auth_service | User logged in: username=auditdocowner_5b798983
2026-09-05 09:24:36 | INFO     | httpx | HTTP Request: POST http://testserver/api/v1/auth/login "HTTP/1.1 200 OK"
2026-09-05 09:24:37 | INFO     | app.services.auth_service | New user registered: username=auditdocviewer_dfaab7b1 role=AUDITOR
2026-09-05 09:24:37 | INFO     | httpx | HTTP Request: POST http://testserver/api/v1/auth/register "HTTP/1.1 201 Created"
2026-09-05 09:24:37 | INFO     | app.services.auth_service | User logged in: username=auditdocviewer_dfaab7b1
2026-09-05 09:24:37 | INFO     | httpx | HTTP Request: POST http://testserver/api/v1/auth/login "HTTP/1.1 200 OK"
2026-09-05 09:24:37 | INFO     | app.services.document_service | Document uploaded: id=229 filename=test.pdf by_user=auditdocowner_5b798983
2026-09-05 09:24:37 | INFO     | httpx | HTTP Request: POST http://testserver/api/v1/documents/upload "HTTP/1.1 201 Created"
2026-09-05 09:24:37 | INFO     | httpx | HTTP Request: GET http://testserver/api/v1/audit/documents/229/logs "HTTP/1.1 200 OK"
2026-09-05 09:28:16 | INFO     | app.services.auth_service | New user registered: username=clsnoocr_cc922664 role=FINANCE_ANALYST
2026-09-05 09:28:16 | INFO     | httpx | HTTP Request: POST http://testserver/api/v1/auth/register "HTTP/1.1 201 Created"
2026-09-05 09:28:16 | INFO     | app.services.auth_service | User logged in: username=clsnoocr_cc922664
2026-09-05 09:28:16 | INFO     | httpx | HTTP Request: POST http://testserver/api/v1/auth/login "HTTP/1.1 200 OK"
2026-09-05 09:28:16 | INFO     | app.services.document_service | Document uploaded: id=230 filename=noocr.pdf by_user=clsnoocr_cc922664
2026-09-05 09:28:16 | INFO     | httpx | HTTP Request: POST http://testserver/api/v1/documents/upload "HTTP/1.1 201 Created"
2026-09-05 09:28:16 | WARNING  | app.main | Handled exception on POST /api/v1/classification/documents/230/classify: Cannot classify a document with no OCR result. Run OCR first via POST /ocr/documents/{id}/run.
2026-09-05 09:28:16 | INFO     | httpx | HTTP Request: POST http://testserver/api/v1/classification/documents/230/classify "HTTP/1.1 422 Unprocessable Entity"
2026-09-05 09:28:17 | INFO     | app.services.auth_service | New user registered: username=clsstub_b258babf role=FINANCE_ANALYST
2026-09-05 09:28:17 | INFO     | httpx | HTTP Request: POST http://testserver/api/v1/auth/register "HTTP/1.1 201 Created"
2026-09-05 09:28:17 | INFO     | app.services.auth_service | User logged in: username=clsstub_b258babf
2026-09-05 09:28:17 | INFO     | httpx | HTTP Request: POST http://testserver/api/v1/auth/login "HTTP/1.1 200 OK"
2026-09-05 09:28:17 | INFO     | app.services.document_service | Document uploaded: id=231 filename=test.pdf by_user=clsstub_b258babf
2026-09-05 09:28:17 | INFO     | httpx | HTTP Request: POST http://testserver/api/v1/documents/upload "HTTP/1.1 201 Created"
2026-09-05 09:28:18 | INFO     | app.services.ocr_service | OCR completed: document_id=231 engine=stub pages=1 avg_confidence=0.42 time_ms=379 status=OCR_COMPLETED
2026-09-05 09:28:18 | INFO     | httpx | HTTP Request: POST http://testserver/api/v1/ocr/documents/231/run "HTTP/1.1 201 Created"
2026-09-05 09:28:18 | INFO     | app.services.classification_service | Document classified: document_id=231 type=UNKNOWN confidence=0.00 engine=rule_based
2026-09-05 09:28:18 | INFO     | httpx | HTTP Request: POST http://testserver/api/v1/classification/documents/231/classify "HTTP/1.1 201 Created"
2026-09-05 09:28:18 | INFO     | app.services.auth_service | New user registered: username=clspoi_69380a82 role=FINANCE_ANALYST
2026-09-05 09:28:18 | INFO     | httpx | HTTP Request: POST http://testserver/api/v1/auth/register "HTTP/1.1 201 Created"
2026-09-05 09:28:19 | INFO     | app.services.auth_service | User logged in: username=clspoi_69380a82
2026-09-05 09:28:19 | INFO     | httpx | HTTP Request: POST http://testserver/api/v1/auth/login "HTTP/1.1 200 OK"
2026-09-05 09:28:19 | INFO     | app.services.document_service | Document uploaded: id=232 filename=test.pdf by_user=clspoi_69380a82
2026-09-05 09:28:19 | INFO     | httpx | HTTP Request: POST http://testserver/api/v1/documents/upload "HTTP/1.1 201 Created"
2026-09-05 09:28:19 | INFO     | app.services.ocr_service | OCR completed: document_id=232 engine=stub pages=1 avg_confidence=0.42 time_ms=176 status=OCR_COMPLETED
2026-09-05 09:28:19 | INFO     | httpx | HTTP Request: POST http://testserver/api/v1/ocr/documents/232/run "HTTP/1.1 201 Created"
2026-09-05 09:28:19 | INFO     | app.services.classification_service | Document classified: document_id=232 type=POI confidence=0.76 engine=rule_based
2026-09-05 09:28:19 | INFO     | httpx | HTTP Request: POST http://testserver/api/v1/classification/documents/232/classify "HTTP/1.1 201 Created"
2026-09-05 09:28:19 | INFO     | httpx | HTTP Request: GET http://testserver/api/v1/documents/232 "HTTP/1.1 200 OK"
2026-09-05 09:28:20 | INFO     | app.services.auth_service | New user registered: username=clsstatus_b1ec3319 role=FINANCE_ANALYST
2026-09-05 09:28:20 | INFO     | httpx | HTTP Request: POST http://testserver/api/v1/auth/register "HTTP/1.1 201 Created"
2026-09-05 09:28:20 | INFO     | app.services.auth_service | User logged in: username=clsstatus_b1ec3319
2026-09-05 09:28:20 | INFO     | httpx | HTTP Request: POST http://testserver/api/v1/auth/login "HTTP/1.1 200 OK"
2026-09-05 09:28:20 | INFO     | app.services.document_service | Document uploaded: id=233 filename=test.pdf by_user=clsstatus_b1ec3319
2026-09-05 09:28:20 | INFO     | httpx | HTTP Request: POST http://testserver/api/v1/documents/upload "HTTP/1.1 201 Created"
2026-09-05 09:28:20 | INFO     | app.services.ocr_service | OCR completed: document_id=233 engine=stub pages=1 avg_confidence=0.42 time_ms=174 status=OCR_COMPLETED
2026-09-05 09:28:20 | INFO     | httpx | HTTP Request: POST http://testserver/api/v1/ocr/documents/233/run "HTTP/1.1 201 Created"
2026-09-05 09:28:20 | INFO     | app.services.classification_service | Document classified: document_id=233 type=BKA confidence=0.87 engine=rule_based
2026-09-05 09:28:20 | INFO     | httpx | HTTP Request: POST http://testserver/api/v1/classification/documents/233/classify "HTTP/1.1 201 Created"
2026-09-05 09:28:20 | INFO     | httpx | HTTP Request: GET http://testserver/api/v1/documents/233 "HTTP/1.1 200 OK"
2026-09-05 09:28:21 | INFO     | app.services.auth_service | New user registered: username=clslatest_3bc25ed0 role=FINANCE_ANALYST
2026-09-05 09:28:21 | INFO     | httpx | HTTP Request: POST http://testserver/api/v1/auth/register "HTTP/1.1 201 Created"
2026-09-05 09:28:21 | INFO     | app.services.auth_service | User logged in: username=clslatest_3bc25ed0
2026-09-05 09:28:21 | INFO     | httpx | HTTP Request: POST http://testserver/api/v1/auth/login "HTTP/1.1 200 OK"
2026-09-05 09:28:21 | INFO     | app.services.document_service | Document uploaded: id=234 filename=test.pdf by_user=clslatest_3bc25ed0
2026-09-05 09:28:21 | INFO     | httpx | HTTP Request: POST http://testserver/api/v1/documents/upload "HTTP/1.1 201 Created"
2026-09-05 09:28:21 | INFO     | app.services.ocr_service | OCR completed: document_id=234 engine=stub pages=1 avg_confidence=0.42 time_ms=197 status=OCR_COMPLETED
2026-09-05 09:28:21 | INFO     | httpx | HTTP Request: POST http://testserver/api/v1/ocr/documents/234/run "HTTP/1.1 201 Created"
2026-09-05 09:28:21 | INFO     | app.services.classification_service | Document classified: document_id=234 type=JER confidence=0.68 engine=rule_based
2026-09-05 09:28:21 | INFO     | httpx | HTTP Request: POST http://testserver/api/v1/classification/documents/234/classify "HTTP/1.1 201 Created"
2026-09-05 09:28:22 | INFO     | app.services.auth_service | New user registered: username=clsget_816de836 role=FINANCE_ANALYST
2026-09-05 09:28:22 | INFO     | httpx | HTTP Request: POST http://testserver/api/v1/auth/register "HTTP/1.1 201 Created"
2026-09-05 09:28:22 | INFO     | app.services.auth_service | User logged in: username=clsget_816de836
2026-09-05 09:28:22 | INFO     | httpx | HTTP Request: POST http://testserver/api/v1/auth/login "HTTP/1.1 200 OK"
2026-09-05 09:28:22 | INFO     | app.services.document_service | Document uploaded: id=235 filename=test.pdf by_user=clsget_816de836
2026-09-05 09:28:22 | INFO     | httpx | HTTP Request: POST http://testserver/api/v1/documents/upload "HTTP/1.1 201 Created"
2026-09-05 09:28:22 | INFO     | app.services.ocr_service | OCR completed: document_id=235 engine=stub pages=1 avg_confidence=0.42 time_ms=153 status=OCR_COMPLETED
2026-09-05 09:28:22 | INFO     | httpx | HTTP Request: POST http://testserver/api/v1/ocr/documents/235/run "HTTP/1.1 201 Created"
2026-09-05 09:28:22 | INFO     | app.services.classification_service | Document classified: document_id=235 type=MSI confidence=0.57 engine=rule_based
2026-09-05 09:28:22 | INFO     | httpx | HTTP Request: POST http://testserver/api/v1/classification/documents/235/classify "HTTP/1.1 201 Created"
2026-09-05 09:28:23 | INFO     | httpx | HTTP Request: GET http://testserver/api/v1/classification/documents/235/result "HTTP/1.1 200 OK"
2026-09-05 09:28:23 | INFO     | app.services.auth_service | New user registered: username=clsnorun_49cbed27 role=FINANCE_ANALYST
2026-09-05 09:28:23 | INFO     | httpx | HTTP Request: POST http://testserver/api/v1/auth/register "HTTP/1.1 201 Created"
2026-09-05 09:28:23 | INFO     | app.services.auth_service | User logged in: username=clsnorun_49cbed27
2026-09-05 09:28:23 | INFO     | httpx | HTTP Request: POST http://testserver/api/v1/auth/login "HTTP/1.1 200 OK"
2026-09-05 09:28:23 | INFO     | app.services.document_service | Document uploaded: id=236 filename=test.pdf by_user=clsnorun_49cbed27
2026-09-05 09:28:23 | INFO     | httpx | HTTP Request: POST http://testserver/api/v1/documents/upload "HTTP/1.1 201 Created"
2026-09-05 09:28:23 | INFO     | app.services.ocr_service | OCR completed: document_id=236 engine=stub pages=1 avg_confidence=0.42 time_ms=156 status=OCR_COMPLETED
2026-09-05 09:28:23 | INFO     | httpx | HTTP Request: POST http://testserver/api/v1/ocr/documents/236/run "HTTP/1.1 201 Created"
2026-09-05 09:28:23 | WARNING  | app.main | Handled exception on GET /api/v1/classification/documents/236/result: Classification result for document with id '236' not found
2026-09-05 09:28:23 | INFO     | httpx | HTTP Request: GET http://testserver/api/v1/classification/documents/236/result "HTTP/1.1 404 Not Found"
2026-09-05 09:28:24 | INFO     | app.services.auth_service | New user registered: username=clsmulti_c534f71f role=FINANCE_ANALYST
2026-09-05 09:28:24 | INFO     | httpx | HTTP Request: POST http://testserver/api/v1/auth/register "HTTP/1.1 201 Created"
2026-09-05 09:28:24 | INFO     | app.services.auth_service | User logged in: username=clsmulti_c534f71f
2026-09-05 09:28:24 | INFO     | httpx | HTTP Request: POST http://testserver/api/v1/auth/login "HTTP/1.1 200 OK"
2026-09-05 09:28:24 | INFO     | app.services.document_service | Document uploaded: id=237 filename=test.pdf by_user=clsmulti_c534f71f
2026-09-05 09:28:24 | INFO     | httpx | HTTP Request: POST http://testserver/api/v1/documents/upload "HTTP/1.1 201 Created"
2026-09-05 09:28:24 | INFO     | app.services.ocr_service | OCR completed: document_id=237 engine=stub pages=1 avg_confidence=0.42 time_ms=156 status=OCR_COMPLETED
2026-09-05 09:28:24 | INFO     | httpx | HTTP Request: POST http://testserver/api/v1/ocr/documents/237/run "HTTP/1.1 201 Created"
2026-09-05 09:28:24 | INFO     | app.services.classification_service | Document classified: document_id=237 type=POI confidence=0.76 engine=rule_based
2026-09-05 09:28:24 | INFO     | httpx | HTTP Request: POST http://testserver/api/v1/classification/documents/237/classify "HTTP/1.1 201 Created"
2026-09-05 09:28:25 | INFO     | app.services.classification_service | Document classified: document_id=237 type=POI confidence=0.76 engine=rule_based
2026-09-05 09:28:25 | INFO     | httpx | HTTP Request: POST http://testserver/api/v1/classification/documents/237/classify "HTTP/1.1 201 Created"
2026-09-05 09:28:25 | INFO     | httpx | HTTP Request: GET http://testserver/api/v1/classification/documents/237/results "HTTP/1.1 200 OK"
2026-09-05 09:28:25 | INFO     | app.services.auth_service | New user registered: username=clsowner_1840f427 role=FINANCE_ANALYST
2026-09-05 09:28:25 | INFO     | httpx | HTTP Request: POST http://testserver/api/v1/auth/register "HTTP/1.1 201 Created"
2026-09-05 09:28:25 | INFO     | app.services.auth_service | User logged in: username=clsowner_1840f427
2026-09-05 09:28:25 | INFO     | httpx | HTTP Request: POST http://testserver/api/v1/auth/login "HTTP/1.1 200 OK"
2026-09-05 09:28:26 | INFO     | app.services.auth_service | New user registered: username=clsother_d1625348 role=FINANCE_ANALYST
2026-09-05 09:28:26 | INFO     | httpx | HTTP Request: POST http://testserver/api/v1/auth/register "HTTP/1.1 201 Created"
2026-09-05 09:28:26 | INFO     | app.services.auth_service | User logged in: username=clsother_d1625348
2026-09-05 09:28:26 | INFO     | httpx | HTTP Request: POST http://testserver/api/v1/auth/login "HTTP/1.1 200 OK"
2026-09-05 09:28:26 | INFO     | app.services.document_service | Document uploaded: id=238 filename=test.pdf by_user=clsowner_1840f427
2026-09-05 09:28:26 | INFO     | httpx | HTTP Request: POST http://testserver/api/v1/documents/upload "HTTP/1.1 201 Created"
2026-09-05 09:28:26 | INFO     | app.services.ocr_service | OCR completed: document_id=238 engine=stub pages=1 avg_confidence=0.42 time_ms=158 status=OCR_COMPLETED
2026-09-05 09:28:26 | INFO     | httpx | HTTP Request: POST http://testserver/api/v1/ocr/documents/238/run "HTTP/1.1 201 Created"
2026-09-05 09:28:26 | WARNING  | app.main | Handled exception on POST /api/v1/classification/documents/238/classify: You may only access documents you uploaded
2026-09-05 09:28:26 | INFO     | httpx | HTTP Request: POST http://testserver/api/v1/classification/documents/238/classify "HTTP/1.1 403 Forbidden"
2026-09-05 09:29:49 | INFO     | app.services.auth_service | New user registered: username=clsnoocr_b68aa220 role=FINANCE_ANALYST
2026-09-05 09:29:49 | INFO     | httpx | HTTP Request: POST http://testserver/api/v1/auth/register "HTTP/1.1 201 Created"
2026-09-05 09:29:49 | INFO     | app.services.auth_service | User logged in: username=clsnoocr_b68aa220
2026-09-05 09:29:49 | INFO     | httpx | HTTP Request: POST http://testserver/api/v1/auth/login "HTTP/1.1 200 OK"
2026-09-05 09:29:50 | INFO     | app.services.document_service | Document uploaded: id=239 filename=noocr.pdf by_user=clsnoocr_b68aa220
2026-09-05 09:29:50 | INFO     | httpx | HTTP Request: POST http://testserver/api/v1/documents/upload "HTTP/1.1 201 Created"
2026-09-05 09:29:50 | WARNING  | app.main | Handled exception on POST /api/v1/classification/documents/239/classify: Cannot classify a document with no OCR result. Run OCR first via POST /ocr/documents/{id}/run.
2026-09-05 09:29:50 | INFO     | httpx | HTTP Request: POST http://testserver/api/v1/classification/documents/239/classify "HTTP/1.1 422 Unprocessable Entity"
2026-09-05 09:29:50 | INFO     | app.services.auth_service | New user registered: username=clsstub_2f7ea9fc role=FINANCE_ANALYST
2026-09-05 09:29:50 | INFO     | httpx | HTTP Request: POST http://testserver/api/v1/auth/register "HTTP/1.1 201 Created"
2026-09-05 09:29:50 | INFO     | app.services.auth_service | User logged in: username=clsstub_2f7ea9fc
2026-09-05 09:29:50 | INFO     | httpx | HTTP Request: POST http://testserver/api/v1/auth/login "HTTP/1.1 200 OK"
2026-09-05 09:29:50 | INFO     | app.services.document_service | Document uploaded: id=240 filename=test.pdf by_user=clsstub_2f7ea9fc
2026-09-05 09:29:50 | INFO     | httpx | HTTP Request: POST http://testserver/api/v1/documents/upload "HTTP/1.1 201 Created"
2026-09-05 09:29:51 | INFO     | app.services.ocr_service | OCR completed: document_id=240 engine=stub pages=1 avg_confidence=0.42 time_ms=388 status=OCR_COMPLETED
2026-09-05 09:29:51 | INFO     | httpx | HTTP Request: POST http://testserver/api/v1/ocr/documents/240/run "HTTP/1.1 201 Created"
2026-09-05 09:29:51 | INFO     | app.services.classification_service | Document classified: document_id=240 type=UNKNOWN confidence=0.00 engine=rule_based
2026-09-05 09:29:51 | INFO     | httpx | HTTP Request: POST http://testserver/api/v1/classification/documents/240/classify "HTTP/1.1 201 Created"
2026-09-05 09:29:52 | INFO     | app.services.auth_service | New user registered: username=clspoi_619e1bfb role=FINANCE_ANALYST
2026-09-05 09:29:52 | INFO     | httpx | HTTP Request: POST http://testserver/api/v1/auth/register "HTTP/1.1 201 Created"
2026-09-05 09:29:52 | INFO     | app.services.auth_service | User logged in: username=clspoi_619e1bfb
2026-09-05 09:29:52 | INFO     | httpx | HTTP Request: POST http://testserver/api/v1/auth/login "HTTP/1.1 200 OK"
2026-09-05 09:29:52 | INFO     | app.services.document_service | Document uploaded: id=241 filename=test.pdf by_user=clspoi_619e1bfb
2026-09-05 09:29:52 | INFO     | httpx | HTTP Request: POST http://testserver/api/v1/documents/upload "HTTP/1.1 201 Created"
2026-09-05 09:29:52 | INFO     | app.services.ocr_service | OCR completed: document_id=241 engine=stub pages=1 avg_confidence=0.42 time_ms=151 status=OCR_COMPLETED
2026-09-05 09:29:52 | INFO     | httpx | HTTP Request: POST http://testserver/api/v1/ocr/documents/241/run "HTTP/1.1 201 Created"
2026-09-05 09:29:52 | INFO     | app.services.classification_service | Document classified: document_id=241 type=POI confidence=0.76 engine=rule_based
2026-09-05 09:29:52 | INFO     | httpx | HTTP Request: POST http://testserver/api/v1/classification/documents/241/classify "HTTP/1.1 201 Created"
2026-09-05 09:29:53 | INFO     | httpx | HTTP Request: GET http://testserver/api/v1/documents/241 "HTTP/1.1 200 OK"
2026-09-05 09:29:53 | INFO     | app.services.auth_service | New user registered: username=clsstatus_c169ff69 role=FINANCE_ANALYST
2026-09-05 09:29:53 | INFO     | httpx | HTTP Request: POST http://testserver/api/v1/auth/register "HTTP/1.1 201 Created"
2026-09-05 09:29:53 | INFO     | app.services.auth_service | User logged in: username=clsstatus_c169ff69
2026-09-05 09:29:53 | INFO     | httpx | HTTP Request: POST http://testserver/api/v1/auth/login "HTTP/1.1 200 OK"
2026-09-05 09:29:53 | INFO     | app.services.document_service | Document uploaded: id=242 filename=test.pdf by_user=clsstatus_c169ff69
2026-09-05 09:29:53 | INFO     | httpx | HTTP Request: POST http://testserver/api/v1/documents/upload "HTTP/1.1 201 Created"
2026-09-05 09:29:54 | INFO     | app.services.ocr_service | OCR completed: document_id=242 engine=stub pages=1 avg_confidence=0.42 time_ms=159 status=OCR_COMPLETED
2026-09-05 09:29:54 | INFO     | httpx | HTTP Request: POST http://testserver/api/v1/ocr/documents/242/run "HTTP/1.1 201 Created"
2026-09-05 09:29:54 | INFO     | app.services.classification_service | Document classified: document_id=242 type=BKA confidence=0.87 engine=rule_based
2026-09-05 09:29:54 | INFO     | httpx | HTTP Request: POST http://testserver/api/v1/classification/documents/242/classify "HTTP/1.1 201 Created"
2026-09-05 09:29:54 | INFO     | httpx | HTTP Request: GET http://testserver/api/v1/documents/242 "HTTP/1.1 200 OK"
2026-09-05 09:29:54 | INFO     | app.services.auth_service | New user registered: username=clslatest_a945d63b role=FINANCE_ANALYST
2026-09-05 09:29:54 | INFO     | httpx | HTTP Request: POST http://testserver/api/v1/auth/register "HTTP/1.1 201 Created"
2026-09-05 09:29:55 | INFO     | app.services.auth_service | User logged in: username=clslatest_a945d63b
2026-09-05 09:29:55 | INFO     | httpx | HTTP Request: POST http://testserver/api/v1/auth/login "HTTP/1.1 200 OK"
2026-09-05 09:29:55 | INFO     | app.services.document_service | Document uploaded: id=243 filename=test.pdf by_user=clslatest_a945d63b
2026-09-05 09:29:55 | INFO     | httpx | HTTP Request: POST http://testserver/api/v1/documents/upload "HTTP/1.1 201 Created"
2026-09-05 09:29:55 | INFO     | app.services.ocr_service | OCR completed: document_id=243 engine=stub pages=1 avg_confidence=0.42 time_ms=157 status=OCR_COMPLETED
2026-09-05 09:29:55 | INFO     | httpx | HTTP Request: POST http://testserver/api/v1/ocr/documents/243/run "HTTP/1.1 201 Created"
2026-09-05 09:29:55 | INFO     | app.services.classification_service | Document classified: document_id=243 type=JER confidence=0.68 engine=rule_based
2026-09-05 09:29:55 | INFO     | httpx | HTTP Request: POST http://testserver/api/v1/classification/documents/243/classify "HTTP/1.1 201 Created"
2026-09-05 09:29:55 | INFO     | app.services.auth_service | New user registered: username=clsget_fb354fe4 role=FINANCE_ANALYST
2026-09-05 09:29:55 | INFO     | httpx | HTTP Request: POST http://testserver/api/v1/auth/register "HTTP/1.1 201 Created"
2026-09-05 09:29:56 | INFO     | app.services.auth_service | User logged in: username=clsget_fb354fe4
2026-09-05 09:29:56 | INFO     | httpx | HTTP Request: POST http://testserver/api/v1/auth/login "HTTP/1.1 200 OK"
2026-09-05 09:29:56 | INFO     | app.services.document_service | Document uploaded: id=244 filename=test.pdf by_user=clsget_fb354fe4
2026-09-05 09:29:56 | INFO     | httpx | HTTP Request: POST http://testserver/api/v1/documents/upload "HTTP/1.1 201 Created"
2026-09-05 09:29:56 | INFO     | app.services.ocr_service | OCR completed: document_id=244 engine=stub pages=1 avg_confidence=0.42 time_ms=143 status=OCR_COMPLETED
2026-09-05 09:29:56 | INFO     | httpx | HTTP Request: POST http://testserver/api/v1/ocr/documents/244/run "HTTP/1.1 201 Created"
2026-09-05 09:29:56 | INFO     | app.services.classification_service | Document classified: document_id=244 type=MSI confidence=0.57 engine=rule_based
2026-09-05 09:29:56 | INFO     | httpx | HTTP Request: POST http://testserver/api/v1/classification/documents/244/classify "HTTP/1.1 201 Created"
2026-09-05 09:29:56 | INFO     | httpx | HTTP Request: GET http://testserver/api/v1/classification/documents/244/result "HTTP/1.1 200 OK"
2026-09-05 09:29:57 | INFO     | app.services.auth_service | New user registered: username=clsnorun_d510ca7e role=FINANCE_ANALYST
2026-09-05 09:29:57 | INFO     | httpx | HTTP Request: POST http://testserver/api/v1/auth/register "HTTP/1.1 201 Created"
2026-09-05 09:29:57 | INFO     | app.services.auth_service | User logged in: username=clsnorun_d510ca7e
2026-09-05 09:29:57 | INFO     | httpx | HTTP Request: POST http://testserver/api/v1/auth/login "HTTP/1.1 200 OK"
2026-09-05 09:29:57 | INFO     | app.services.document_service | Document uploaded: id=245 filename=test.pdf by_user=clsnorun_d510ca7e
2026-09-05 09:29:57 | INFO     | httpx | HTTP Request: POST http://testserver/api/v1/documents/upload "HTTP/1.1 201 Created"
2026-09-05 09:29:57 | INFO     | app.services.ocr_service | OCR completed: document_id=245 engine=stub pages=1 avg_confidence=0.42 time_ms=134 status=OCR_COMPLETED
2026-09-05 09:29:57 | INFO     | httpx | HTTP Request: POST http://testserver/api/v1/ocr/documents/245/run "HTTP/1.1 201 Created"
2026-09-05 09:29:57 | WARNING  | app.main | Handled exception on GET /api/v1/classification/documents/245/result: Classification result for document with id '245' not found
2026-09-05 09:29:57 | INFO     | httpx | HTTP Request: GET http://testserver/api/v1/classification/documents/245/result "HTTP/1.1 404 Not Found"
2026-09-05 09:29:58 | INFO     | app.services.auth_service | New user registered: username=clsmulti_b071ebf6 role=FINANCE_ANALYST
2026-09-05 09:29:58 | INFO     | httpx | HTTP Request: POST http://testserver/api/v1/auth/register "HTTP/1.1 201 Created"
2026-09-05 09:29:58 | INFO     | app.services.auth_service | User logged in: username=clsmulti_b071ebf6
2026-09-05 09:29:58 | INFO     | httpx | HTTP Request: POST http://testserver/api/v1/auth/login "HTTP/1.1 200 OK"
2026-09-05 09:29:58 | INFO     | app.services.document_service | Document uploaded: id=246 filename=test.pdf by_user=clsmulti_b071ebf6
2026-09-05 09:29:58 | INFO     | httpx | HTTP Request: POST http://testserver/api/v1/documents/upload "HTTP/1.1 201 Created"
2026-09-05 09:29:58 | INFO     | app.services.ocr_service | OCR completed: document_id=246 engine=stub pages=1 avg_confidence=0.42 time_ms=140 status=OCR_COMPLETED
2026-09-05 09:29:58 | INFO     | httpx | HTTP Request: POST http://testserver/api/v1/ocr/documents/246/run "HTTP/1.1 201 Created"
2026-09-05 09:29:58 | INFO     | app.services.classification_service | Document classified: document_id=246 type=POI confidence=0.76 engine=rule_based
2026-09-05 09:29:58 | INFO     | httpx | HTTP Request: POST http://testserver/api/v1/classification/documents/246/classify "HTTP/1.1 201 Created"
2026-09-05 09:29:58 | INFO     | app.services.classification_service | Document classified: document_id=246 type=POI confidence=0.76 engine=rule_based
2026-09-05 09:29:58 | INFO     | httpx | HTTP Request: POST http://testserver/api/v1/classification/documents/246/classify "HTTP/1.1 201 Created"
2026-09-05 09:29:59 | INFO     | httpx | HTTP Request: GET http://testserver/api/v1/classification/documents/246/results "HTTP/1.1 200 OK"
2026-09-05 09:29:59 | INFO     | app.services.auth_service | New user registered: username=clsowner_fa21f201 role=FINANCE_ANALYST
2026-09-05 09:29:59 | INFO     | httpx | HTTP Request: POST http://testserver/api/v1/auth/register "HTTP/1.1 201 Created"
2026-09-05 09:29:59 | INFO     | app.services.auth_service | User logged in: username=clsowner_fa21f201
2026-09-05 09:29:59 | INFO     | httpx | HTTP Request: POST http://testserver/api/v1/auth/login "HTTP/1.1 200 OK"
2026-09-05 09:29:59 | INFO     | app.services.auth_service | New user registered: username=clsother_927ae3f8 role=FINANCE_ANALYST
2026-09-05 09:29:59 | INFO     | httpx | HTTP Request: POST http://testserver/api/v1/auth/register "HTTP/1.1 201 Created"
2026-09-05 09:30:00 | INFO     | app.services.auth_service | User logged in: username=clsother_927ae3f8
2026-09-05 09:30:00 | INFO     | httpx | HTTP Request: POST http://testserver/api/v1/auth/login "HTTP/1.1 200 OK"
2026-09-05 09:30:00 | INFO     | app.services.document_service | Document uploaded: id=247 filename=test.pdf by_user=clsowner_fa21f201
2026-09-05 09:30:00 | INFO     | httpx | HTTP Request: POST http://testserver/api/v1/documents/upload "HTTP/1.1 201 Created"
2026-09-05 09:30:00 | INFO     | app.services.ocr_service | OCR completed: document_id=247 engine=stub pages=1 avg_confidence=0.42 time_ms=171 status=OCR_COMPLETED
2026-09-05 09:30:00 | INFO     | httpx | HTTP Request: POST http://testserver/api/v1/ocr/documents/247/run "HTTP/1.1 201 Created"
2026-09-05 09:30:00 | WARNING  | app.main | Handled exception on POST /api/v1/classification/documents/247/classify: You may only access documents you uploaded
2026-09-05 09:30:00 | INFO     | httpx | HTTP Request: POST http://testserver/api/v1/classification/documents/247/classify "HTTP/1.1 403 Forbidden"
2026-09-05 10:02:02 | INFO     | app.services.auth_service | New user registered: username=clsnoocr_05bad98d role=FINANCE_ANALYST
2026-09-05 10:02:02 | INFO     | httpx | HTTP Request: POST http://testserver/api/v1/auth/register "HTTP/1.1 201 Created"
2026-09-05 10:02:02 | INFO     | app.services.auth_service | User logged in: username=clsnoocr_05bad98d
2026-09-05 10:02:02 | INFO     | httpx | HTTP Request: POST http://testserver/api/v1/auth/login "HTTP/1.1 200 OK"
2026-09-05 10:02:02 | INFO     | app.services.document_service | Document uploaded: id=248 filename=noocr.pdf by_user=clsnoocr_05bad98d
2026-09-05 10:02:02 | INFO     | httpx | HTTP Request: POST http://testserver/api/v1/documents/upload "HTTP/1.1 201 Created"
2026-09-05 10:02:03 | WARNING  | app.main | Handled exception on POST /api/v1/classification/documents/248/classify: Cannot classify a document with no OCR result. Run OCR first via POST /ocr/documents/{id}/run.
2026-09-05 10:02:03 | INFO     | httpx | HTTP Request: POST http://testserver/api/v1/classification/documents/248/classify "HTTP/1.1 422 Unprocessable Entity"
2026-09-05 10:02:03 | INFO     | app.services.auth_service | New user registered: username=clsstub_939f4f6f role=FINANCE_ANALYST
2026-09-05 10:02:03 | INFO     | httpx | HTTP Request: POST http://testserver/api/v1/auth/register "HTTP/1.1 201 Created"
2026-09-05 10:02:03 | INFO     | app.services.auth_service | User logged in: username=clsstub_939f4f6f
2026-09-05 10:02:03 | INFO     | httpx | HTTP Request: POST http://testserver/api/v1/auth/login "HTTP/1.1 200 OK"
2026-09-05 10:02:03 | INFO     | app.services.document_service | Document uploaded: id=249 filename=test.pdf by_user=clsstub_939f4f6f
2026-09-05 10:02:03 | INFO     | httpx | HTTP Request: POST http://testserver/api/v1/documents/upload "HTTP/1.1 201 Created"
2026-09-05 10:02:04 | INFO     | app.services.ocr_service | OCR completed: document_id=249 engine=stub pages=1 avg_confidence=0.42 time_ms=435 status=OCR_COMPLETED
2026-09-05 10:02:04 | INFO     | httpx | HTTP Request: POST http://testserver/api/v1/ocr/documents/249/run "HTTP/1.1 201 Created"
2026-09-05 10:02:04 | INFO     | app.services.classification_service | Document classified: document_id=249 type=UNKNOWN confidence=0.00 engine=rule_based
2026-09-05 10:02:04 | INFO     | httpx | HTTP Request: POST http://testserver/api/v1/classification/documents/249/classify "HTTP/1.1 201 Created"
2026-09-05 10:02:04 | INFO     | app.services.auth_service | New user registered: username=clspoi_d485e390 role=FINANCE_ANALYST
2026-09-05 10:02:04 | INFO     | httpx | HTTP Request: POST http://testserver/api/v1/auth/register "HTTP/1.1 201 Created"
2026-09-05 10:02:05 | INFO     | app.services.auth_service | User logged in: username=clspoi_d485e390
2026-09-05 10:02:05 | INFO     | httpx | HTTP Request: POST http://testserver/api/v1/auth/login "HTTP/1.1 200 OK"
2026-09-05 10:02:05 | INFO     | app.services.document_service | Document uploaded: id=250 filename=test.pdf by_user=clspoi_d485e390
2026-09-05 10:02:05 | INFO     | httpx | HTTP Request: POST http://testserver/api/v1/documents/upload "HTTP/1.1 201 Created"
2026-09-05 10:02:05 | INFO     | app.services.ocr_service | OCR completed: document_id=250 engine=stub pages=1 avg_confidence=0.42 time_ms=151 status=OCR_COMPLETED
2026-09-05 10:02:05 | INFO     | httpx | HTTP Request: POST http://testserver/api/v1/ocr/documents/250/run "HTTP/1.1 201 Created"
2026-09-05 10:02:05 | INFO     | app.services.classification_service | Document classified: document_id=250 type=POI confidence=0.76 engine=rule_based
2026-09-05 10:02:05 | INFO     | httpx | HTTP Request: POST http://testserver/api/v1/classification/documents/250/classify "HTTP/1.1 201 Created"
2026-09-05 10:02:05 | INFO     | httpx | HTTP Request: GET http://testserver/api/v1/documents/250 "HTTP/1.1 200 OK"
2026-09-05 10:02:06 | INFO     | app.services.auth_service | New user registered: username=clsstatus_1f52590b role=FINANCE_ANALYST
2026-09-05 10:02:06 | INFO     | httpx | HTTP Request: POST http://testserver/api/v1/auth/register "HTTP/1.1 201 Created"
2026-09-05 10:02:06 | INFO     | app.services.auth_service | User logged in: username=clsstatus_1f52590b
2026-09-05 10:02:06 | INFO     | httpx | HTTP Request: POST http://testserver/api/v1/auth/login "HTTP/1.1 200 OK"
2026-09-05 10:02:06 | INFO     | app.services.document_service | Document uploaded: id=251 filename=test.pdf by_user=clsstatus_1f52590b
2026-09-05 10:02:06 | INFO     | httpx | HTTP Request: POST http://testserver/api/v1/documents/upload "HTTP/1.1 201 Created"
2026-09-05 10:02:06 | INFO     | app.services.ocr_service | OCR completed: document_id=251 engine=stub pages=1 avg_confidence=0.42 time_ms=143 status=OCR_COMPLETED
2026-09-05 10:02:06 | INFO     | httpx | HTTP Request: POST http://testserver/api/v1/ocr/documents/251/run "HTTP/1.1 201 Created"
2026-09-05 10:02:06 | INFO     | app.services.classification_service | Document classified: document_id=251 type=BKA confidence=0.87 engine=rule_based
2026-09-05 10:02:06 | INFO     | httpx | HTTP Request: POST http://testserver/api/v1/classification/documents/251/classify "HTTP/1.1 201 Created"
2026-09-05 10:02:06 | INFO     | httpx | HTTP Request: GET http://testserver/api/v1/documents/251 "HTTP/1.1 200 OK"
2026-09-05 10:02:07 | INFO     | app.services.auth_service | New user registered: username=clslatest_4f09dd06 role=FINANCE_ANALYST
2026-09-05 10:02:07 | INFO     | httpx | HTTP Request: POST http://testserver/api/v1/auth/register "HTTP/1.1 201 Created"
2026-09-05 10:02:07 | INFO     | app.services.auth_service | User logged in: username=clslatest_4f09dd06
2026-09-05 10:02:07 | INFO     | httpx | HTTP Request: POST http://testserver/api/v1/auth/login "HTTP/1.1 200 OK"
2026-09-05 10:02:07 | INFO     | app.services.document_service | Document uploaded: id=252 filename=test.pdf by_user=clslatest_4f09dd06
2026-09-05 10:02:07 | INFO     | httpx | HTTP Request: POST http://testserver/api/v1/documents/upload "HTTP/1.1 201 Created"
2026-09-05 10:02:07 | INFO     | app.services.ocr_service | OCR completed: document_id=252 engine=stub pages=1 avg_confidence=0.42 time_ms=133 status=OCR_COMPLETED
2026-09-05 10:02:07 | INFO     | httpx | HTTP Request: POST http://testserver/api/v1/ocr/documents/252/run "HTTP/1.1 201 Created"
2026-09-05 10:02:07 | INFO     | app.services.classification_service | Document classified: document_id=252 type=JER confidence=0.68 engine=rule_based
2026-09-05 10:02:07 | INFO     | httpx | HTTP Request: POST http://testserver/api/v1/classification/documents/252/classify "HTTP/1.1 201 Created"
2026-09-05 10:02:07 | INFO     | app.services.auth_service | New user registered: username=clsget_71d66011 role=FINANCE_ANALYST
2026-09-05 10:02:07 | INFO     | httpx | HTTP Request: POST http://testserver/api/v1/auth/register "HTTP/1.1 201 Created"
2026-09-05 10:02:08 | INFO     | app.services.auth_service | User logged in: username=clsget_71d66011
2026-09-05 10:02:08 | INFO     | httpx | HTTP Request: POST http://testserver/api/v1/auth/login "HTTP/1.1 200 OK"
2026-09-05 10:02:08 | INFO     | app.services.document_service | Document uploaded: id=253 filename=test.pdf by_user=clsget_71d66011
2026-09-05 10:02:08 | INFO     | httpx | HTTP Request: POST http://testserver/api/v1/documents/upload "HTTP/1.1 201 Created"
2026-09-05 10:02:08 | INFO     | app.services.ocr_service | OCR completed: document_id=253 engine=stub pages=1 avg_confidence=0.42 time_ms=126 status=OCR_COMPLETED
2026-09-05 10:02:08 | INFO     | httpx | HTTP Request: POST http://testserver/api/v1/ocr/documents/253/run "HTTP/1.1 201 Created"
2026-09-05 10:02:08 | INFO     | app.services.classification_service | Document classified: document_id=253 type=MSI confidence=0.57 engine=rule_based
2026-09-05 10:02:08 | INFO     | httpx | HTTP Request: POST http://testserver/api/v1/classification/documents/253/classify "HTTP/1.1 201 Created"
2026-09-05 10:02:08 | INFO     | httpx | HTTP Request: GET http://testserver/api/v1/classification/documents/253/result "HTTP/1.1 200 OK"
2026-09-05 10:02:08 | INFO     | app.services.auth_service | New user registered: username=clsnorun_c2454407 role=FINANCE_ANALYST
2026-09-05 10:02:08 | INFO     | httpx | HTTP Request: POST http://testserver/api/v1/auth/register "HTTP/1.1 201 Created"
2026-09-05 10:02:09 | INFO     | app.services.auth_service | User logged in: username=clsnorun_c2454407
2026-09-05 10:02:09 | INFO     | httpx | HTTP Request: POST http://testserver/api/v1/auth/login "HTTP/1.1 200 OK"
2026-09-05 10:02:09 | INFO     | app.services.document_service | Document uploaded: id=254 filename=test.pdf by_user=clsnorun_c2454407
2026-09-05 10:02:09 | INFO     | httpx | HTTP Request: POST http://testserver/api/v1/documents/upload "HTTP/1.1 201 Created"
2026-09-05 10:02:09 | INFO     | app.services.ocr_service | OCR completed: document_id=254 engine=stub pages=1 avg_confidence=0.42 time_ms=163 status=OCR_COMPLETED
2026-09-05 10:02:09 | INFO     | httpx | HTTP Request: POST http://testserver/api/v1/ocr/documents/254/run "HTTP/1.1 201 Created"
2026-09-05 10:02:09 | WARNING  | app.main | Handled exception on GET /api/v1/classification/documents/254/result: Classification result for document with id '254' not found
2026-09-05 10:02:09 | INFO     | httpx | HTTP Request: GET http://testserver/api/v1/classification/documents/254/result "HTTP/1.1 404 Not Found"
2026-09-05 10:02:09 | INFO     | app.services.auth_service | New user registered: username=clsmulti_618ea0aa role=FINANCE_ANALYST
2026-09-05 10:02:09 | INFO     | httpx | HTTP Request: POST http://testserver/api/v1/auth/register "HTTP/1.1 201 Created"
2026-09-05 10:02:10 | INFO     | app.services.auth_service | User logged in: username=clsmulti_618ea0aa
2026-09-05 10:02:10 | INFO     | httpx | HTTP Request: POST http://testserver/api/v1/auth/login "HTTP/1.1 200 OK"
2026-09-05 10:02:10 | INFO     | app.services.document_service | Document uploaded: id=255 filename=test.pdf by_user=clsmulti_618ea0aa
2026-09-05 10:02:10 | INFO     | httpx | HTTP Request: POST http://testserver/api/v1/documents/upload "HTTP/1.1 201 Created"
2026-09-05 10:02:10 | INFO     | app.services.ocr_service | OCR completed: document_id=255 engine=stub pages=1 avg_confidence=0.42 time_ms=122 status=OCR_COMPLETED
2026-09-05 10:02:10 | INFO     | httpx | HTTP Request: POST http://testserver/api/v1/ocr/documents/255/run "HTTP/1.1 201 Created"
2026-09-05 10:02:10 | INFO     | app.services.classification_service | Document classified: document_id=255 type=POI confidence=0.76 engine=rule_based
2026-09-05 10:02:10 | INFO     | httpx | HTTP Request: POST http://testserver/api/v1/classification/documents/255/classify "HTTP/1.1 201 Created"
2026-09-05 10:02:10 | INFO     | app.services.classification_service | Document classified: document_id=255 type=POI confidence=0.76 engine=rule_based
2026-09-05 10:02:10 | INFO     | httpx | HTTP Request: POST http://testserver/api/v1/classification/documents/255/classify "HTTP/1.1 201 Created"
2026-09-05 10:02:10 | INFO     | httpx | HTTP Request: GET http://testserver/api/v1/classification/documents/255/results "HTTP/1.1 200 OK"
2026-09-05 10:02:10 | INFO     | app.services.auth_service | New user registered: username=clsowner_65e4bcaf role=FINANCE_ANALYST
2026-09-05 10:02:10 | INFO     | httpx | HTTP Request: POST http://testserver/api/v1/auth/register "HTTP/1.1 201 Created"
2026-09-05 10:02:11 | INFO     | app.services.auth_service | User logged in: username=clsowner_65e4bcaf
2026-09-05 10:02:11 | INFO     | httpx | HTTP Request: POST http://testserver/api/v1/auth/login "HTTP/1.1 200 OK"
2026-09-05 10:02:11 | INFO     | app.services.auth_service | New user registered: username=clsother_4fdfb451 role=FINANCE_ANALYST
2026-09-05 10:02:11 | INFO     | httpx | HTTP Request: POST http://testserver/api/v1/auth/register "HTTP/1.1 201 Created"
2026-09-05 10:02:11 | INFO     | app.services.auth_service | User logged in: username=clsother_4fdfb451
2026-09-05 10:02:11 | INFO     | httpx | HTTP Request: POST http://testserver/api/v1/auth/login "HTTP/1.1 200 OK"
2026-09-05 10:02:11 | INFO     | app.services.document_service | Document uploaded: id=256 filename=test.pdf by_user=clsowner_65e4bcaf
2026-09-05 10:02:11 | INFO     | httpx | HTTP Request: POST http://testserver/api/v1/documents/upload "HTTP/1.1 201 Created"
2026-09-05 10:02:12 | INFO     | app.services.ocr_service | OCR completed: document_id=256 engine=stub pages=1 avg_confidence=0.42 time_ms=169 status=OCR_COMPLETED
2026-09-05 10:02:12 | INFO     | httpx | HTTP Request: POST http://testserver/api/v1/ocr/documents/256/run "HTTP/1.1 201 Created"
2026-09-05 10:02:12 | WARNING  | app.main | Handled exception on POST /api/v1/classification/documents/256/classify: You may only access documents you uploaded
2026-09-05 10:02:12 | INFO     | httpx | HTTP Request: POST http://testserver/api/v1/classification/documents/256/classify "HTTP/1.1 403 Forbidden"
2026-09-05 10:02:32 | INFO     | app.extraction.rule_based | No extraction schema registered for document_type=UNKNOWN; returning empty result.
2026-09-05 10:02:33 | INFO     | app.services.auth_service | New user registered: username=extnoocr_86ccb5b9 role=FINANCE_ANALYST
2026-09-05 10:02:33 | INFO     | httpx | HTTP Request: POST http://testserver/api/v1/auth/register "HTTP/1.1 201 Created"
2026-09-05 10:02:33 | INFO     | app.services.auth_service | User logged in: username=extnoocr_86ccb5b9
2026-09-05 10:02:33 | INFO     | httpx | HTTP Request: POST http://testserver/api/v1/auth/login "HTTP/1.1 200 OK"
2026-09-05 10:02:34 | INFO     | app.services.document_service | Document uploaded: id=257 filename=noocr.pdf by_user=extnoocr_86ccb5b9
2026-09-05 10:02:34 | INFO     | httpx | HTTP Request: POST http://testserver/api/v1/documents/upload "HTTP/1.1 201 Created"
2026-09-05 10:02:34 | WARNING  | app.main | Handled exception on POST /api/v1/extraction/documents/257/extract: Cannot extract fields from a document with no OCR result. Run OCR first via POST /ocr/documents/{id}/run.
2026-09-05 10:02:34 | INFO     | httpx | HTTP Request: POST http://testserver/api/v1/extraction/documents/257/extract "HTTP/1.1 422 Unprocessable Entity"
2026-09-05 10:02:34 | INFO     | app.services.auth_service | New user registered: username=extnocls_395f5369 role=FINANCE_ANALYST
2026-09-05 10:02:34 | INFO     | httpx | HTTP Request: POST http://testserver/api/v1/auth/register "HTTP/1.1 201 Created"
2026-09-05 10:02:34 | INFO     | app.services.auth_service | User logged in: username=extnocls_395f5369
2026-09-05 10:02:34 | INFO     | httpx | HTTP Request: POST http://testserver/api/v1/auth/login "HTTP/1.1 200 OK"
2026-09-05 10:02:34 | INFO     | app.services.document_service | Document uploaded: id=258 filename=test.pdf by_user=extnocls_395f5369
2026-09-05 10:02:34 | INFO     | httpx | HTTP Request: POST http://testserver/api/v1/documents/upload "HTTP/1.1 201 Created"
2026-09-05 10:02:35 | INFO     | app.services.ocr_service | OCR completed: document_id=258 engine=stub pages=1 avg_confidence=0.42 time_ms=399 status=OCR_COMPLETED
2026-09-05 10:02:35 | INFO     | httpx | HTTP Request: POST http://testserver/api/v1/ocr/documents/258/run "HTTP/1.1 201 Created"
2026-09-05 10:02:35 | WARNING  | app.main | Handled exception on POST /api/v1/extraction/documents/258/extract: Cannot extract fields from a document with no classification result. Run classification first via POST /classification/documents/{id}/classify.
2026-09-05 10:02:35 | INFO     | httpx | HTTP Request: POST http://testserver/api/v1/extraction/documents/258/extract "HTTP/1.1 422 Unprocessable Entity"
2026-09-05 10:02:35 | INFO     | app.services.auth_service | New user registered: username=extpoi_42cf5c02 role=FINANCE_ANALYST
2026-09-05 10:02:36 | INFO     | httpx | HTTP Request: POST http://testserver/api/v1/auth/register "HTTP/1.1 201 Created"
2026-09-05 10:02:36 | INFO     | app.services.auth_service | User logged in: username=extpoi_42cf5c02
2026-09-05 10:02:36 | INFO     | httpx | HTTP Request: POST http://testserver/api/v1/auth/login "HTTP/1.1 200 OK"
2026-09-05 10:02:36 | INFO     | app.services.document_service | Document uploaded: id=259 filename=test.pdf by_user=extpoi_42cf5c02
2026-09-05 10:02:36 | INFO     | httpx | HTTP Request: POST http://testserver/api/v1/documents/upload "HTTP/1.1 201 Created"
2026-09-05 10:02:36 | INFO     | app.services.ocr_service | OCR completed: document_id=259 engine=stub pages=1 avg_confidence=0.42 time_ms=129 status=OCR_COMPLETED
2026-09-05 10:02:36 | INFO     | httpx | HTTP Request: POST http://testserver/api/v1/ocr/documents/259/run "HTTP/1.1 201 Created"
2026-09-05 10:02:36 | INFO     | app.services.extraction_service | Document extracted: document_id=259 type=POI fields=14/24 confidence=0.90
2026-09-05 10:02:36 | INFO     | httpx | HTTP Request: POST http://testserver/api/v1/extraction/documents/259/extract "HTTP/1.1 201 Created"
2026-09-05 10:02:37 | INFO     | app.services.auth_service | New user registered: username=extstatus_275e7971 role=FINANCE_ANALYST
2026-09-05 10:02:37 | INFO     | httpx | HTTP Request: POST http://testserver/api/v1/auth/register "HTTP/1.1 201 Created"
2026-09-05 10:02:37 | INFO     | app.services.auth_service | User logged in: username=extstatus_275e7971
2026-09-05 10:02:37 | INFO     | httpx | HTTP Request: POST http://testserver/api/v1/auth/login "HTTP/1.1 200 OK"
2026-09-05 10:02:37 | INFO     | app.services.document_service | Document uploaded: id=260 filename=test.pdf by_user=extstatus_275e7971
2026-09-05 10:02:37 | INFO     | httpx | HTTP Request: POST http://testserver/api/v1/documents/upload "HTTP/1.1 201 Created"
2026-09-05 10:02:37 | INFO     | app.services.ocr_service | OCR completed: document_id=260 engine=stub pages=1 avg_confidence=0.42 time_ms=137 status=OCR_COMPLETED
2026-09-05 10:02:37 | INFO     | httpx | HTTP Request: POST http://testserver/api/v1/ocr/documents/260/run "HTTP/1.1 201 Created"
2026-09-05 10:02:37 | INFO     | app.services.extraction_service | Document extracted: document_id=260 type=BKA fields=7/22 confidence=0.90
2026-09-05 10:02:37 | INFO     | httpx | HTTP Request: POST http://testserver/api/v1/extraction/documents/260/extract "HTTP/1.1 201 Created"
2026-09-05 10:02:38 | INFO     | httpx | HTTP Request: GET http://testserver/api/v1/documents/260 "HTTP/1.1 200 OK"
2026-09-05 10:02:38 | INFO     | app.services.auth_service | New user registered: username=extunknown_b9aa91f7 role=FINANCE_ANALYST
2026-09-05 10:02:38 | INFO     | httpx | HTTP Request: POST http://testserver/api/v1/auth/register "HTTP/1.1 201 Created"
2026-09-05 10:02:39 | INFO     | app.services.auth_service | User logged in: username=extunknown_b9aa91f7
2026-09-05 10:02:39 | INFO     | httpx | HTTP Request: POST http://testserver/api/v1/auth/login "HTTP/1.1 200 OK"
2026-09-05 10:02:39 | INFO     | app.services.document_service | Document uploaded: id=261 filename=test.pdf by_user=extunknown_b9aa91f7
2026-09-05 10:02:39 | INFO     | httpx | HTTP Request: POST http://testserver/api/v1/documents/upload "HTTP/1.1 201 Created"
2026-09-05 10:02:39 | INFO     | app.services.ocr_service | OCR completed: document_id=261 engine=stub pages=1 avg_confidence=0.42 time_ms=123 status=OCR_COMPLETED
2026-09-05 10:02:39 | INFO     | httpx | HTTP Request: POST http://testserver/api/v1/ocr/documents/261/run "HTTP/1.1 201 Created"
2026-09-05 10:02:39 | INFO     | app.extraction.rule_based | No extraction schema registered for document_type=UNKNOWN; returning empty result.
2026-09-05 10:02:39 | INFO     | app.services.extraction_service | Document extracted: document_id=261 type=UNKNOWN fields=0/0 confidence=0.00
2026-09-05 10:02:39 | INFO     | httpx | HTTP Request: POST http://testserver/api/v1/extraction/documents/261/extract "HTTP/1.1 201 Created"
2026-09-05 10:02:39 | INFO     | app.services.auth_service | New user registered: username=extget_abeae7a7 role=FINANCE_ANALYST
2026-09-05 10:02:39 | INFO     | httpx | HTTP Request: POST http://testserver/api/v1/auth/register "HTTP/1.1 201 Created"
2026-09-05 10:02:40 | INFO     | app.services.auth_service | User logged in: username=extget_abeae7a7
2026-09-05 10:02:40 | INFO     | httpx | HTTP Request: POST http://testserver/api/v1/auth/login "HTTP/1.1 200 OK"
2026-09-05 10:02:40 | INFO     | app.services.document_service | Document uploaded: id=262 filename=test.pdf by_user=extget_abeae7a7
2026-09-05 10:02:40 | INFO     | httpx | HTTP Request: POST http://testserver/api/v1/documents/upload "HTTP/1.1 201 Created"
2026-09-05 10:02:40 | INFO     | app.services.ocr_service | OCR completed: document_id=262 engine=stub pages=1 avg_confidence=0.42 time_ms=129 status=OCR_COMPLETED
2026-09-05 10:02:40 | INFO     | httpx | HTTP Request: POST http://testserver/api/v1/ocr/documents/262/run "HTTP/1.1 201 Created"
2026-09-05 10:02:40 | INFO     | app.services.extraction_service | Document extracted: document_id=262 type=JER fields=3/23 confidence=0.83
2026-09-05 10:02:40 | INFO     | httpx | HTTP Request: POST http://testserver/api/v1/extraction/documents/262/extract "HTTP/1.1 201 Created"
2026-09-05 10:02:41 | INFO     | httpx | HTTP Request: GET http://testserver/api/v1/extraction/documents/262/result "HTTP/1.1 200 OK"
2026-09-05 10:02:41 | INFO     | app.services.auth_service | New user registered: username=extnorun_dfb3a4ad role=FINANCE_ANALYST
2026-09-05 10:02:41 | INFO     | httpx | HTTP Request: POST http://testserver/api/v1/auth/register "HTTP/1.1 201 Created"
2026-09-05 10:02:41 | INFO     | app.services.auth_service | User logged in: username=extnorun_dfb3a4ad
2026-09-05 10:02:41 | INFO     | httpx | HTTP Request: POST http://testserver/api/v1/auth/login "HTTP/1.1 200 OK"
2026-09-05 10:02:41 | INFO     | app.services.document_service | Document uploaded: id=263 filename=test.pdf by_user=extnorun_dfb3a4ad
2026-09-05 10:02:41 | INFO     | httpx | HTTP Request: POST http://testserver/api/v1/documents/upload "HTTP/1.1 201 Created"
2026-09-05 10:02:41 | INFO     | app.services.ocr_service | OCR completed: document_id=263 engine=stub pages=1 avg_confidence=0.42 time_ms=144 status=OCR_COMPLETED
2026-09-05 10:02:41 | INFO     | httpx | HTTP Request: POST http://testserver/api/v1/ocr/documents/263/run "HTTP/1.1 201 Created"
2026-09-05 10:02:42 | WARNING  | app.main | Handled exception on GET /api/v1/extraction/documents/263/result: Extraction result for document with id '263' not found
2026-09-05 10:02:42 | INFO     | httpx | HTTP Request: GET http://testserver/api/v1/extraction/documents/263/result "HTTP/1.1 404 Not Found"
2026-09-05 10:02:42 | INFO     | app.services.auth_service | New user registered: username=extmulti_1a76e003 role=FINANCE_ANALYST
2026-09-05 10:02:42 | INFO     | httpx | HTTP Request: POST http://testserver/api/v1/auth/register "HTTP/1.1 201 Created"
2026-09-05 10:02:42 | INFO     | app.services.auth_service | User logged in: username=extmulti_1a76e003
2026-09-05 10:02:42 | INFO     | httpx | HTTP Request: POST http://testserver/api/v1/auth/login "HTTP/1.1 200 OK"
2026-09-05 10:02:42 | INFO     | app.services.document_service | Document uploaded: id=264 filename=test.pdf by_user=extmulti_1a76e003
2026-09-05 10:02:42 | INFO     | httpx | HTTP Request: POST http://testserver/api/v1/documents/upload "HTTP/1.1 201 Created"
2026-09-05 10:02:42 | INFO     | app.services.ocr_service | OCR completed: document_id=264 engine=stub pages=1 avg_confidence=0.42 time_ms=163 status=OCR_COMPLETED
2026-09-05 10:02:42 | INFO     | httpx | HTTP Request: POST http://testserver/api/v1/ocr/documents/264/run "HTTP/1.1 201 Created"
2026-09-05 10:02:43 | INFO     | app.services.extraction_service | Document extracted: document_id=264 type=MSI fields=2/22 confidence=0.90
2026-09-05 10:02:43 | INFO     | httpx | HTTP Request: POST http://testserver/api/v1/extraction/documents/264/extract "HTTP/1.1 201 Created"
2026-09-05 10:02:43 | INFO     | app.services.extraction_service | Document extracted: document_id=264 type=MSI fields=2/22 confidence=0.90
2026-09-05 10:02:43 | INFO     | httpx | HTTP Request: POST http://testserver/api/v1/extraction/documents/264/extract "HTTP/1.1 201 Created"
2026-09-05 10:02:44 | INFO     | httpx | HTTP Request: GET http://testserver/api/v1/extraction/documents/264/results "HTTP/1.1 200 OK"
2026-09-05 10:02:44 | INFO     | app.services.auth_service | New user registered: username=extcorrect_ea11069c role=FINANCE_ANALYST
2026-09-05 10:02:44 | INFO     | httpx | HTTP Request: POST http://testserver/api/v1/auth/register "HTTP/1.1 201 Created"
2026-09-05 10:02:44 | INFO     | app.services.auth_service | User logged in: username=extcorrect_ea11069c
2026-09-05 10:02:44 | INFO     | httpx | HTTP Request: POST http://testserver/api/v1/auth/login "HTTP/1.1 200 OK"
2026-09-05 10:02:44 | INFO     | app.services.document_service | Document uploaded: id=265 filename=test.pdf by_user=extcorrect_ea11069c
2026-09-05 10:02:44 | INFO     | httpx | HTTP Request: POST http://testserver/api/v1/documents/upload "HTTP/1.1 201 Created"
2026-09-05 10:02:44 | INFO     | app.services.ocr_service | OCR completed: document_id=265 engine=stub pages=1 avg_confidence=0.42 time_ms=129 status=OCR_COMPLETED
2026-09-05 10:02:44 | INFO     | httpx | HTTP Request: POST http://testserver/api/v1/ocr/documents/265/run "HTTP/1.1 201 Created"
2026-09-05 10:02:45 | INFO     | app.services.extraction_service | Document extracted: document_id=265 type=POI fields=14/24 confidence=0.90
2026-09-05 10:02:45 | INFO     | httpx | HTTP Request: POST http://testserver/api/v1/extraction/documents/265/extract "HTTP/1.1 201 Created"
2026-09-05 10:02:45 | INFO     | app.services.extraction_service | Field manually corrected: document_id=265 field=location_code
2026-09-05 10:02:45 | INFO     | httpx | HTTP Request: PATCH http://testserver/api/v1/extraction/documents/265/fields/location_code "HTTP/1.1 200 OK"
2026-09-05 10:02:46 | INFO     | app.services.auth_service | New user registered: username=extbadfield_a16003e2 role=FINANCE_ANALYST
2026-09-05 10:02:46 | INFO     | httpx | HTTP Request: POST http://testserver/api/v1/auth/register "HTTP/1.1 201 Created"
2026-09-05 10:02:46 | INFO     | app.services.auth_service | User logged in: username=extbadfield_a16003e2
2026-09-05 10:02:46 | INFO     | httpx | HTTP Request: POST http://testserver/api/v1/auth/login "HTTP/1.1 200 OK"
2026-09-05 10:02:46 | INFO     | app.services.document_service | Document uploaded: id=266 filename=test.pdf by_user=extbadfield_a16003e2
2026-09-05 10:02:46 | INFO     | httpx | HTTP Request: POST http://testserver/api/v1/documents/upload "HTTP/1.1 201 Created"
2026-09-05 10:02:46 | INFO     | app.services.ocr_service | OCR completed: document_id=266 engine=stub pages=1 avg_confidence=0.42 time_ms=132 status=OCR_COMPLETED
2026-09-05 10:02:46 | INFO     | httpx | HTTP Request: POST http://testserver/api/v1/ocr/documents/266/run "HTTP/1.1 201 Created"
2026-09-05 10:02:46 | INFO     | app.services.extraction_service | Document extracted: document_id=266 type=POI fields=14/24 confidence=0.90
2026-09-05 10:02:46 | INFO     | httpx | HTTP Request: POST http://testserver/api/v1/extraction/documents/266/extract "HTTP/1.1 201 Created"
2026-09-05 10:02:47 | WARNING  | app.main | Handled exception on PATCH /api/v1/extraction/documents/266/fields/totally_fake_field: Field 'totally_fake_field' is not part of this document's extraction schema.
2026-09-05 10:02:47 | INFO     | httpx | HTTP Request: PATCH http://testserver/api/v1/extraction/documents/266/fields/totally_fake_field "HTTP/1.1 422 Unprocessable Entity"
2026-09-05 10:02:47 | INFO     | app.services.auth_service | New user registered: username=extowner_60f39cdf role=FINANCE_ANALYST
2026-09-05 10:02:47 | INFO     | httpx | HTTP Request: POST http://testserver/api/v1/auth/register "HTTP/1.1 201 Created"
2026-09-05 10:02:47 | INFO     | app.services.auth_service | User logged in: username=extowner_60f39cdf
2026-09-05 10:02:47 | INFO     | httpx | HTTP Request: POST http://testserver/api/v1/auth/login "HTTP/1.1 200 OK"
2026-09-05 10:02:48 | INFO     | app.services.auth_service | New user registered: username=extother_2594dedf role=FINANCE_ANALYST
2026-09-05 10:02:48 | INFO     | httpx | HTTP Request: POST http://testserver/api/v1/auth/register "HTTP/1.1 201 Created"
2026-09-05 10:02:48 | INFO     | app.services.auth_service | User logged in: username=extother_2594dedf
2026-09-05 10:02:48 | INFO     | httpx | HTTP Request: POST http://testserver/api/v1/auth/login "HTTP/1.1 200 OK"
2026-09-05 10:02:48 | INFO     | app.services.document_service | Document uploaded: id=267 filename=test.pdf by_user=extowner_60f39cdf
2026-09-05 10:02:48 | INFO     | httpx | HTTP Request: POST http://testserver/api/v1/documents/upload "HTTP/1.1 201 Created"
2026-09-05 10:02:48 | INFO     | app.services.ocr_service | OCR completed: document_id=267 engine=stub pages=1 avg_confidence=0.42 time_ms=181 status=OCR_COMPLETED
2026-09-05 10:02:48 | INFO     | httpx | HTTP Request: POST http://testserver/api/v1/ocr/documents/267/run "HTTP/1.1 201 Created"
2026-09-05 10:02:48 | WARNING  | app.main | Handled exception on POST /api/v1/extraction/documents/267/extract: You may only access documents you uploaded
2026-09-05 10:02:48 | INFO     | httpx | HTTP Request: POST http://testserver/api/v1/extraction/documents/267/extract "HTTP/1.1 403 Forbidden"
2026-09-06 02:23:26 | INFO     | app.extraction.reconciliation | 
============================================================
RECONCILIATION START
============================================================
document_id: 826
document_type: NPO
engine: hybrid
field_count: 25
rule_engine_status: OK
llm_engine_status: OK
============================================================
2026-09-06 02:23:26 | INFO     | app.extraction.reconciliation | 
============================================================
RECONCILIATION RESULT
============================================================
Document ID: 826
Field: vendor_name

FINAL
  value: Andrews, Kirby and Valdez
  confidence: 0.95
  provenance: llm
  conflict_value: null

DECISION
  LLM-BASED RESULT ACCEPTED
============================================================
2026-09-06 02:23:26 | INFO     | app.extraction.reconciliation | 
============================================================
RECONCILIATION INPUT
============================================================
Document ID: 826
Field: invoice_number

RULE-BASED
  value: 51109338
  confidence: 0.80
  provenance: rule_based

LLM-BASED
  value: 51109338
  confidence: 0.92
  provenance: llm

NORMALIZED
  rule_based: 51109338
  llm: 51109338
============================================================
2026-09-06 02:23:26 | INFO     | app.extraction.reconciliation | 
============================================================
RECONCILIATION RESULT
============================================================
Document ID: 826
Field: invoice_number

FINAL
  value: 51109338
  confidence: 0.97
  provenance: agreed
  conflict_value: null

DECISION
  BOTH ENGINES AGREED
============================================================
2026-09-06 02:23:26 | INFO     | app.extraction.reconciliation | 
============================================================
RECONCILIATION RESULT
============================================================
Document ID: 826
Field: invoice_date

FINAL
  value: 04/13/2013
  confidence: 0.94
  provenance: llm
  conflict_value: null

DECISION
  LLM-BASED RESULT ACCEPTED
============================================================
2026-09-06 02:23:26 | INFO     | app.extraction.reconciliation | 
============================================================
RECONCILIATION INPUT
============================================================
Document ID: 826
Field: invoice_amount

RULE-BASED
  value: 41742.00
  confidence: 0.82
  provenance: rule_based

LLM-BASED
  value: 6204.19
  confidence: 0.91
  provenance: llm

NORMALIZED
  rule_based: 41742.00
  llm: 6204.19
============================================================
2026-09-06 02:23:26 | WARNING  | app.extraction.reconciliation | 
============================================================
RECONCILIATION RESULT
============================================================
Document ID: 826
Field: invoice_amount

FINAL
  value: 6204.19
  confidence: 0.82
  provenance: unresolved_conflict
  conflict_value: 41742.00

DECISION
  UNRESOLVED CONFLICT
============================================================
2026-09-06 02:23:26 | INFO     | app.extraction.reconciliation | 
============================================================
RECONCILIATION RESULT
============================================================
Document ID: 826
Field: tax_amount

FINAL
  value: 564.02
  confidence: 0.90
  provenance: llm
  conflict_value: null

DECISION
  LLM-BASED RESULT ACCEPTED
============================================================
2026-09-06 02:23:26 | INFO     | app.extraction.reconciliation | 
============================================================
RECONCILIATION INPUT
============================================================
Document ID: 826
Field: net_amount

RULE-BASED
  value: 264017.00
  confidence: 0.82
  provenance: rule_based

LLM-BASED
  value: 5640.17
  confidence: 0.91
  provenance: llm

NORMALIZED
  rule_based: 264017.00
  llm: 5640.17
============================================================
2026-09-06 02:23:26 | WARNING  | app.extraction.reconciliation | 
============================================================
RECONCILIATION RESULT
============================================================
Document ID: 826
Field: net_amount

FINAL
  value: 5640.17
  confidence: 0.82
  provenance: unresolved_conflict
  conflict_value: 264017.00

DECISION
  UNRESOLVED CONFLICT
============================================================
2026-09-06 02:23:26 | INFO     | app.extraction.reconciliation | 
============================================================
RECONCILIATION COMPLETE
============================================================
document_id: 826

agreed_fields: 1
rule_based_fields: 0
llm_fields: 3
reconciled_fields: 0
unresolved_conflicts: 2
not_found_fields: 19
============================================================
HYBRID EXTRACTION — FINAL DECISIONS
============================================================
Document ID: 826
Document Type: NPO

Field                    RULE-BASED           LLM-BASED            FINAL               
----------------------------------------------------------------------------------------
document_id              -                    -                    -                   
document_type            -                    -                    -                   
document_category        -                    -                    -                   
company_code             -                    -                    -                   
company_name             -                    -                    -                   
fiscal_year              -                    -                    -                   
location_code            -                    -                    -                   
vertical_code            -                    -                    -                   
document_source          -                    -                    -                   
barcode                  -                    -                    -                   
currency                 -                    -                    -                   
document_date            -                    -                    -                   
ocr_confidence_score     -                    -                    -                   
processing_status        -                    -                    -                   
validation_status        -                    -                    -                   
vendor_code              -                    -                    -                   
vendor_name              -                    Andrews, Kirby an... Andrews, Kirby an...
invoice_number           51109338             51109338             51109338            
invoice_date             -                    04/13/2013           04/13/2013          
invoice_amount           41742.00             6204.19              6204.19             
expense_category         -                    -                    -                   
cost_center              -                    -                    -                   
department               -                    -                    -                   
tax_amount               -                    564.02               564.02              
net_amount               264017.00            5640.17              5640.17             
============================================================
FINAL PROVENANCE
============================================================
Field                    PROVENANCE              
--------------------------------------------------
document_id              not_found               
document_type            not_found               
document_category        not_found               
company_code             not_found               
company_name             not_found               
fiscal_year              not_found               
location_code            not_found               
vertical_code            not_found               
document_source          not_found               
barcode                  not_found               
currency                 not_found               
document_date            not_found               
ocr_confidence_score     not_found               
processing_status        not_found               
validation_status        not_found               
vendor_code              not_found               
vendor_name              llm                     
invoice_number           agreed                  
invoice_date             llm                     
invoice_amount           unresolved_conflict     
expense_category         not_found               
cost_center              not_found               
department               not_found               
tax_amount               llm                     
net_amount               unresolved_conflict     
============================================================
2026-09-07 11:38:02 | INFO     | httpx | HTTP Request: POST http://testserver/api/v1/auth/register "HTTP/1.1 422 Unprocessable Entity"
2026-09-07 11:38:02 | INFO     | httpx | HTTP Request: POST http://testserver/api/v1/auth/login "HTTP/1.1 422 Unprocessable Entity"
2026-09-07 11:38:29 | INFO     | app.services.auth_service | New user registered: username=diag_f6bfcba9 role=FINANCE_ANALYST
2026-09-07 11:38:29 | INFO     | httpx | HTTP Request: POST http://testserver/api/v1/auth/register "HTTP/1.1 201 Created"
2026-09-07 11:38:30 | INFO     | app.services.auth_service | User logged in: username=diag_f6bfcba9
2026-09-07 11:38:30 | INFO     | httpx | HTTP Request: POST http://testserver/api/v1/auth/login "HTTP/1.1 200 OK"
2026-09-07 11:38:30 | INFO     | app.services.document_service | Document uploaded: id=990 filename=batch1-0001.pdf by_user=diag_f6bfcba9
2026-09-07 11:38:30 | INFO     | httpx | HTTP Request: POST http://testserver/api/v1/documents/upload "HTTP/1.1 201 Created"
2026-09-07 11:38:44 | INFO     | app.ocr.easyocr_engine | Loading EasyOCR engine (langs=['en'], gpu=False)...
2026-09-07 11:38:44 | WARNING  | easyocr.easyocr | Using CPU. Note: This module is much faster with a GPU.
2026-09-07 11:38:49 | INFO     | app.ocr.easyocr_engine | EasyOCR engine loaded successfully.
2026-09-07 11:39:27 | INFO     | app.services.ocr_service | OCR completed: document_id=990 engine=easyocr pages=1 avg_confidence=0.87 time_ms=56658 status=OCR_COMPLETED
2026-09-07 11:39:27 | INFO     | httpx | HTTP Request: POST http://testserver/api/v1/ocr/documents/990/run "HTTP/1.1 201 Created"
2026-09-07 11:39:28 | INFO     | app.services.classification_service | Document classified: document_id=990 type=NPO confidence=0.62 engine=rule_based
2026-09-07 11:39:28 | INFO     | httpx | HTTP Request: POST http://testserver/api/v1/classification/documents/990/classify "HTTP/1.1 201 Created"
2026-09-07 11:39:28 | INFO     | app.extraction.llm_extractor | LLM extractor initialized: provider=mistral model=mistral-small-2603 api_base=https://api.mistral.ai/v1 api_key_configured=False
2026-09-07 11:39:28 | WARNING  | app.extraction.llm_extractor | MISTRAL_API_KEY not configured. Falling back to rule-based extractor for type=NPO.
2026-09-07 11:39:28 | WARNING  | app.extraction.llm_extractor | MISTRAL_API_KEY not configured. Falling back to rule-based extractor for type=NPO.
2026-09-07 11:39:28 | INFO     | app.extraction.reconciliation | 
============================================================
RECONCILIATION START
============================================================
document_id: 990
document_type: NPO
engine: hybrid
field_count: 25
rule_engine_status: OK
llm_engine_status: OK
============================================================
2026-09-07 11:39:28 | INFO     | app.extraction.reconciliation | 
============================================================
RECONCILIATION INPUT
============================================================
Document ID: 990
Field: invoice_number

RULE-BASED
  value: 51109338
  confidence: 0.80
  provenance: rule_based

LLM-BASED
  value: 51109338
  confidence: 0.80
  provenance: llm

NORMALIZED
  rule_based: 51109338
  llm: 51109338
============================================================
2026-09-07 11:39:28 | INFO     | app.extraction.reconciliation | 
============================================================
RECONCILIATION RESULT
============================================================
Document ID: 990
Field: invoice_number

FINAL
  value: 51109338
  confidence: 0.85
  provenance: agreed
  conflict_value: null

DECISION
  BOTH ENGINES AGREED
============================================================
2026-09-07 11:39:28 | INFO     | app.extraction.reconciliation | 
============================================================
RECONCILIATION INPUT
============================================================
Document ID: 990
Field: invoice_amount

RULE-BASED
  value: 41742.00
  confidence: 0.82
  provenance: rule_based

LLM-BASED
  value: 41742.00
  confidence: 0.82
  provenance: llm

NORMALIZED
  rule_based: 41742.00
  llm: 41742.00
============================================================
2026-09-07 11:39:28 | INFO     | app.extraction.reconciliation | 
============================================================
RECONCILIATION RESULT
============================================================
Document ID: 990
Field: invoice_amount

FINAL
  value: 41742.00
  confidence: 0.87
  provenance: agreed
  conflict_value: null

DECISION
  BOTH ENGINES AGREED
============================================================
2026-09-07 11:39:28 | INFO     | app.extraction.reconciliation | 
============================================================
RECONCILIATION INPUT
============================================================
Document ID: 990
Field: net_amount

RULE-BASED
  value: 264017.00
  confidence: 0.82
  provenance: rule_based

LLM-BASED
  value: 264017.00
  confidence: 0.82
  provenance: llm

NORMALIZED
  rule_based: 264017.00
  llm: 264017.00
============================================================
2026-09-07 11:39:28 | INFO     | app.extraction.reconciliation | 
============================================================
RECONCILIATION RESULT
============================================================
Document ID: 990
Field: net_amount

FINAL
  value: 264017.00
  confidence: 0.87
  provenance: agreed
  conflict_value: null

DECISION
  BOTH ENGINES AGREED
============================================================
2026-09-07 11:39:28 | INFO     | app.extraction.reconciliation | 
============================================================
RECONCILIATION COMPLETE
============================================================
document_id: 990

agreed_fields: 3
rule_based_fields: 0
llm_fields: 0
reconciled_fields: 0
unresolved_conflicts: 0
not_found_fields: 22
============================================================
HYBRID EXTRACTION -- FINAL DECISIONS
============================================================
Document ID: 990
Document Type: NPO

Field                    RULE-BASED           LLM-BASED            FINAL               
----------------------------------------------------------------------------------------
document_id              -                    -                    -                   
document_type            -                    -                    -                   
document_category        -                    -                    -                   
company_code             -                    -                    -                   
company_name             -                    -                    -                   
fiscal_year              -                    -                    -                   
location_code            -                    -                    -                   
vertical_code            -                    -                    -                   
document_source          -                    -                    -                   
barcode                  -                    -                    -                   
currency                 -                    -                    -                   
document_date            -                    -                    -                   
ocr_confidence_score     -                    -                    -                   
processing_status        -                    -                    -                   
validation_status        -                    -                    -                   
vendor_code              -                    -                    -                   
vendor_name              -                    -                    -                   
invoice_number           51109338             51109338             51109338            
invoice_date             -                    -                    -                   
invoice_amount           41742.00             41742.00             41742.00            
expense_category         -                    -                    -                   
cost_center              -                    -                    -                   
department               -                    -                    -                   
tax_amount               -                    -                    -                   
net_amount               264017.00            264017.00            264017.00           
============================================================
FINAL PROVENANCE
============================================================
Field                    PROVENANCE              
--------------------------------------------------
document_id              not_found               
document_type            not_found               
document_category        not_found               
company_code             not_found               
company_name             not_found               
fiscal_year              not_found               
location_code            not_found               
vertical_code            not_found               
document_source          not_found               
barcode                  not_found               
currency                 not_found               
document_date            not_found               
ocr_confidence_score     not_found               
processing_status        not_found               
validation_status        not_found               
vendor_code              not_found               
vendor_name              not_found               
invoice_number           agreed                  
invoice_date             not_found               
invoice_amount           agreed                  
expense_category         not_found               
cost_center              not_found               
department               not_found               
tax_amount               not_found               
net_amount               agreed                  
============================================================
2026-09-07 11:39:30 | INFO     | app.extraction.llm_extractor | LLM extractor initialized: provider=mistral model=mistral-small-2603 api_base=https://api.mistral.ai/v1 api_key_configured=False
2026-09-07 11:39:30 | INFO     | app.extraction.parallel_orchestrator | HYBRID EXTRACTION
  Rule-Based: enabled
  LLM-Based: enabled
  LLM provider: mistral
  model: mistral-small-2603
  document_type: NPO
2026-09-07 11:39:30 | WARNING  | app.extraction.llm_extractor | MISTRAL_API_KEY not configured. Falling back to rule-based extractor for type=NPO.
2026-09-07 11:39:30 | INFO     | app.extraction.reconciliation | 
============================================================
RECONCILIATION START
============================================================
document_id: 990
document_type: NPO
engine: hybrid
field_count: 25
rule_engine_status: OK
llm_engine_status: OK
============================================================
2026-09-07 11:39:30 | INFO     | app.extraction.reconciliation | 
============================================================
RECONCILIATION INPUT
============================================================
Document ID: 990
Field: invoice_number

RULE-BASED
  value: 51109338
  confidence: 0.80
  provenance: rule_based

LLM-BASED
  value: 51109338
  confidence: 0.80
  provenance: llm

NORMALIZED
  rule_based: 51109338
  llm: 51109338
============================================================
2026-09-07 11:39:30 | INFO     | app.extraction.reconciliation | 
============================================================
RECONCILIATION RESULT
============================================================
Document ID: 990
Field: invoice_number

FINAL
  value: 51109338
  confidence: 0.85
  provenance: agreed
  conflict_value: null

DECISION
  BOTH ENGINES AGREED
============================================================
2026-09-07 11:39:30 | INFO     | app.extraction.reconciliation | 
============================================================
RECONCILIATION INPUT
============================================================
Document ID: 990
Field: invoice_amount

RULE-BASED
  value: 41742.00
  confidence: 0.82
  provenance: rule_based

LLM-BASED
  value: 41742.00
  confidence: 0.82
  provenance: llm

NORMALIZED
  rule_based: 41742.00
  llm: 41742.00
============================================================
2026-09-07 11:39:30 | INFO     | app.extraction.reconciliation | 
============================================================
RECONCILIATION RESULT
============================================================
Document ID: 990
Field: invoice_amount

FINAL
  value: 41742.00
  confidence: 0.87
  provenance: agreed
  conflict_value: null

DECISION
  BOTH ENGINES AGREED
============================================================
2026-09-07 11:39:30 | INFO     | app.extraction.reconciliation | 
============================================================
RECONCILIATION INPUT
============================================================
Document ID: 990
Field: net_amount

RULE-BASED
  value: 264017.00
  confidence: 0.82
  provenance: rule_based

LLM-BASED
  value: 264017.00
  confidence: 0.82
  provenance: llm

NORMALIZED
  rule_based: 264017.00
  llm: 264017.00
============================================================
2026-09-07 11:39:30 | INFO     | app.extraction.reconciliation | 
============================================================
RECONCILIATION RESULT
============================================================
Document ID: 990
Field: net_amount

FINAL
  value: 264017.00
  confidence: 0.87
  provenance: agreed
  conflict_value: null

DECISION
  BOTH ENGINES AGREED
============================================================
2026-09-07 11:39:30 | INFO     | app.extraction.reconciliation | 
============================================================
RECONCILIATION COMPLETE
============================================================
document_id: 990

agreed_fields: 3
rule_based_fields: 0
llm_fields: 0
reconciled_fields: 0
unresolved_conflicts: 0
not_found_fields: 22
============================================================
HYBRID EXTRACTION -- FINAL DECISIONS
============================================================
Document ID: 990
Document Type: NPO

Field                    RULE-BASED           LLM-BASED            FINAL               
----------------------------------------------------------------------------------------
document_id              -                    -                    -                   
document_type            -                    -                    -                   
document_category        -                    -                    -                   
company_code             -                    -                    -                   
company_name             -                    -                    -                   
fiscal_year              -                    -                    -                   
location_code            -                    -                    -                   
vertical_code            -                    -                    -                   
document_source          -                    -                    -                   
barcode                  -                    -                    -                   
currency                 -                    -                    -                   
document_date            -                    -                    -                   
ocr_confidence_score     -                    -                    -                   
processing_status        -                    -                    -                   
validation_status        -                    -                    -                   
vendor_code              -                    -                    -                   
vendor_name              -                    -                    -                   
invoice_number           51109338             51109338             51109338            
invoice_date             -                    -                    -                   
invoice_amount           41742.00             41742.00             41742.00            
expense_category         -                    -                    -                   
cost_center              -                    -                    -                   
department               -                    -                    -                   
tax_amount               -                    -                    -                   
net_amount               264017.00            264017.00            264017.00           
============================================================
FINAL PROVENANCE
============================================================
Field                    PROVENANCE              
--------------------------------------------------
document_id              not_found               
document_type            not_found               
document_category        not_found               
company_code             not_found               
company_name             not_found               
fiscal_year              not_found               
location_code            not_found               
vertical_code            not_found               
document_source          not_found               
barcode                  not_found               
currency                 not_found               
document_date            not_found               
ocr_confidence_score     not_found               
processing_status        not_found               
validation_status        not_found               
vendor_code              not_found               
vendor_name              not_found               
invoice_number           agreed                  
invoice_date             not_found               
invoice_amount           agreed                  
expense_category         not_found               
cost_center              not_found               
department               not_found               
tax_amount               not_found               
net_amount               agreed                  
============================================================
2026-09-07 11:39:30 | INFO     | app.services.extraction_service | Document extracted: document_id=990 type=NPO fields=3/25 confidence=0.86
2026-09-07 11:39:30 | INFO     | httpx | HTTP Request: POST http://testserver/api/v1/extraction/documents/990/extract "HTTP/1.1 201 Created"
2026-09-07 11:44:54 | INFO     | app.services.auth_service | New user registered: username=diag_afaf5881 role=FINANCE_ANALYST
2026-09-07 11:44:54 | INFO     | httpx | HTTP Request: POST http://testserver/api/v1/auth/register "HTTP/1.1 201 Created"
2026-09-07 11:44:54 | INFO     | app.services.auth_service | User logged in: username=diag_afaf5881
2026-09-07 11:44:54 | INFO     | httpx | HTTP Request: POST http://testserver/api/v1/auth/login "HTTP/1.1 200 OK"
2026-09-07 11:44:54 | INFO     | app.services.document_service | Document uploaded: id=991 filename=batch1-0001.pdf by_user=diag_afaf5881
2026-09-07 11:44:54 | INFO     | httpx | HTTP Request: POST http://testserver/api/v1/documents/upload "HTTP/1.1 201 Created"
2026-09-07 11:45:06 | INFO     | app.ocr.easyocr_engine | Loading EasyOCR engine (langs=['en'], gpu=False)...
2026-09-07 11:45:06 | WARNING  | easyocr.easyocr | Using CPU. Note: This module is much faster with a GPU.
2026-09-07 11:45:10 | INFO     | app.ocr.easyocr_engine | EasyOCR engine loaded successfully.
2026-09-07 11:45:49 | INFO     | app.services.ocr_service | OCR completed: document_id=991 engine=easyocr pages=1 avg_confidence=0.87 time_ms=53727 status=OCR_COMPLETED
2026-09-07 11:45:49 | INFO     | httpx | HTTP Request: POST http://testserver/api/v1/ocr/documents/991/run "HTTP/1.1 201 Created"
2026-09-07 11:45:50 | INFO     | app.services.classification_service | Document classified: document_id=991 type=NPO confidence=0.62 engine=rule_based
2026-09-07 11:45:50 | INFO     | httpx | HTTP Request: POST http://testserver/api/v1/classification/documents/991/classify "HTTP/1.1 201 Created"
2026-09-07 11:45:50 | INFO     | app.extraction.llm_extractor | LLM extractor initialized: provider=mistral model=mistral-small-2603 api_base=https://api.mistral.ai/v1 api_key_configured=True
2026-09-07 11:45:51 | ERROR    | app.extraction.llm_extractor | LLM extraction failed: HTTP Error 429: Too Many Requests. Falling back to rule-based extractor.
2026-09-07 11:45:51 | ERROR    | app.extraction.llm_extractor | LLM extraction failed: HTTP Error 429: Too Many Requests. Falling back to rule-based extractor.
2026-09-07 11:45:51 | INFO     | app.extraction.reconciliation | 
============================================================
RECONCILIATION START
============================================================
document_id: 991
document_type: NPO
engine: hybrid
field_count: 25
rule_engine_status: OK
llm_engine_status: OK
============================================================
2026-09-07 11:45:51 | INFO     | app.extraction.reconciliation | 
============================================================
RECONCILIATION INPUT
============================================================
Document ID: 991
Field: invoice_number

RULE-BASED
  value: 51109338
  confidence: 0.80
  provenance: rule_based

LLM-BASED
  value: 51109338
  confidence: 0.80
  provenance: llm

NORMALIZED
  rule_based: 51109338
  llm: 51109338
============================================================
2026-09-07 11:45:51 | INFO     | app.extraction.reconciliation | 
============================================================
RECONCILIATION RESULT
============================================================
Document ID: 991
Field: invoice_number

FINAL
  value: 51109338
  confidence: 0.85
  provenance: agreed
  conflict_value: null

DECISION
  BOTH ENGINES AGREED
============================================================
2026-09-07 11:45:51 | INFO     | app.extraction.reconciliation | 
============================================================
RECONCILIATION INPUT
============================================================
Document ID: 991
Field: invoice_amount

RULE-BASED
  value: 41742.00
  confidence: 0.82
  provenance: rule_based

LLM-BASED
  value: 41742.00
  confidence: 0.82
  provenance: llm

NORMALIZED
  rule_based: 41742.00
  llm: 41742.00
============================================================
2026-09-07 11:45:51 | INFO     | app.extraction.reconciliation | 
============================================================
RECONCILIATION RESULT
============================================================
Document ID: 991
Field: invoice_amount

FINAL
  value: 41742.00
  confidence: 0.87
  provenance: agreed
  conflict_value: null

DECISION
  BOTH ENGINES AGREED
============================================================
2026-09-07 11:45:51 | INFO     | app.extraction.reconciliation | 
============================================================
RECONCILIATION INPUT
============================================================
Document ID: 991
Field: net_amount

RULE-BASED
  value: 264017.00
  confidence: 0.82
  provenance: rule_based

LLM-BASED
  value: 264017.00
  confidence: 0.82
  provenance: llm

NORMALIZED
  rule_based: 264017.00
  llm: 264017.00
============================================================
2026-09-07 11:45:51 | INFO     | app.extraction.reconciliation | 
============================================================
RECONCILIATION RESULT
============================================================
Document ID: 991
Field: net_amount

FINAL
  value: 264017.00
  confidence: 0.87
  provenance: agreed
  conflict_value: null

DECISION
  BOTH ENGINES AGREED
============================================================
2026-09-07 11:45:51 | INFO     | app.extraction.reconciliation | 
============================================================
RECONCILIATION COMPLETE
============================================================
document_id: 991

agreed_fields: 3
rule_based_fields: 0
llm_fields: 0
reconciled_fields: 0
unresolved_conflicts: 0
not_found_fields: 22
============================================================
HYBRID EXTRACTION -- FINAL DECISIONS
============================================================
Document ID: 991
Document Type: NPO

Field                    RULE-BASED           LLM-BASED            FINAL               
----------------------------------------------------------------------------------------
document_id              -                    -                    -                   
document_type            -                    -                    -                   
document_category        -                    -                    -                   
company_code             -                    -                    -                   
company_name             -                    -                    -                   
fiscal_year              -                    -                    -                   
location_code            -                    -                    -                   
vertical_code            -                    -                    -                   
document_source          -                    -                    -                   
barcode                  -                    -                    -                   
currency                 -                    -                    -                   
document_date            -                    -                    -                   
ocr_confidence_score     -                    -                    -                   
processing_status        -                    -                    -                   
validation_status        -                    -                    -                   
vendor_code              -                    -                    -                   
vendor_name              -                    -                    -                   
invoice_number           51109338             51109338             51109338            
invoice_date             -                    -                    -                   
invoice_amount           41742.00             41742.00             41742.00            
expense_category         -                    -                    -                   
cost_center              -                    -                    -                   
department               -                    -                    -                   
tax_amount               -                    -                    -                   
net_amount               264017.00            264017.00            264017.00           
============================================================
FINAL PROVENANCE
============================================================
Field                    PROVENANCE              
--------------------------------------------------
document_id              not_found               
document_type            not_found               
document_category        not_found               
company_code             not_found               
company_name             not_found               
fiscal_year              not_found               
location_code            not_found               
vertical_code            not_found               
document_source          not_found               
barcode                  not_found               
currency                 not_found               
document_date            not_found               
ocr_confidence_score     not_found               
processing_status        not_found               
validation_status        not_found               
vendor_code              not_found               
vendor_name              not_found               
invoice_number           agreed                  
invoice_date             not_found               
invoice_amount           agreed                  
expense_category         not_found               
cost_center              not_found               
department               not_found               
tax_amount               not_found               
net_amount               agreed                  
============================================================
2026-09-07 11:45:53 | INFO     | app.extraction.llm_extractor | LLM extractor initialized: provider=mistral model=mistral-small-2603 api_base=https://api.mistral.ai/v1 api_key_configured=True
2026-09-07 11:45:53 | INFO     | app.extraction.parallel_orchestrator | HYBRID EXTRACTION
  Rule-Based: enabled
  LLM-Based: enabled
  LLM provider: mistral
  model: mistral-small-2603
  document_type: NPO
2026-09-07 11:45:53 | ERROR    | app.extraction.llm_extractor | LLM extraction failed: HTTP Error 429: Too Many Requests. Falling back to rule-based extractor.
2026-09-07 11:45:53 | INFO     | app.extraction.reconciliation | 
============================================================
RECONCILIATION START
============================================================
document_id: 991
document_type: NPO
engine: hybrid
field_count: 25
rule_engine_status: OK
llm_engine_status: OK
============================================================
2026-09-07 11:45:53 | INFO     | app.extraction.reconciliation | 
============================================================
RECONCILIATION INPUT
============================================================
Document ID: 991
Field: invoice_number

RULE-BASED
  value: 51109338
  confidence: 0.80
  provenance: rule_based

LLM-BASED
  value: 51109338
  confidence: 0.80
  provenance: llm

NORMALIZED
  rule_based: 51109338
  llm: 51109338
============================================================
2026-09-07 11:45:53 | INFO     | app.extraction.reconciliation | 
============================================================
RECONCILIATION RESULT
============================================================
Document ID: 991
Field: invoice_number

FINAL
  value: 51109338
  confidence: 0.85
  provenance: agreed
  conflict_value: null

DECISION
  BOTH ENGINES AGREED
============================================================
2026-09-07 11:45:53 | INFO     | app.extraction.reconciliation | 
============================================================
RECONCILIATION INPUT
============================================================
Document ID: 991
Field: invoice_amount

RULE-BASED
  value: 41742.00
  confidence: 0.82
  provenance: rule_based

LLM-BASED
  value: 41742.00
  confidence: 0.82
  provenance: llm

NORMALIZED
  rule_based: 41742.00
  llm: 41742.00
============================================================
2026-09-07 11:45:53 | INFO     | app.extraction.reconciliation | 
============================================================
RECONCILIATION RESULT
============================================================
Document ID: 991
Field: invoice_amount

FINAL
  value: 41742.00
  confidence: 0.87
  provenance: agreed
  conflict_value: null

DECISION
  BOTH ENGINES AGREED
============================================================
2026-09-07 11:45:53 | INFO     | app.extraction.reconciliation | 
============================================================
RECONCILIATION INPUT
============================================================
Document ID: 991
Field: net_amount

RULE-BASED
  value: 264017.00
  confidence: 0.82
  provenance: rule_based

LLM-BASED
  value: 264017.00
  confidence: 0.82
  provenance: llm

NORMALIZED
  rule_based: 264017.00
  llm: 264017.00
============================================================
2026-09-07 11:45:53 | INFO     | app.extraction.reconciliation | 
============================================================
RECONCILIATION RESULT
============================================================
Document ID: 991
Field: net_amount

FINAL
  value: 264017.00
  confidence: 0.87
  provenance: agreed
  conflict_value: null

DECISION
  BOTH ENGINES AGREED
============================================================
2026-09-07 11:45:53 | INFO     | app.extraction.reconciliation | 
============================================================
RECONCILIATION COMPLETE
============================================================
document_id: 991

agreed_fields: 3
rule_based_fields: 0
llm_fields: 0
reconciled_fields: 0
unresolved_conflicts: 0
not_found_fields: 22
============================================================
HYBRID EXTRACTION -- FINAL DECISIONS
============================================================
Document ID: 991
Document Type: NPO

Field                    RULE-BASED           LLM-BASED            FINAL               
----------------------------------------------------------------------------------------
document_id              -                    -                    -                   
document_type            -                    -                    -                   
document_category        -                    -                    -                   
company_code             -                    -                    -                   
company_name             -                    -                    -                   
fiscal_year              -                    -                    -                   
location_code            -                    -                    -                   
vertical_code            -                    -                    -                   
document_source          -                    -                    -                   
barcode                  -                    -                    -                   
currency                 -                    -                    -                   
document_date            -                    -                    -                   
ocr_confidence_score     -                    -                    -                   
processing_status        -                    -                    -                   
validation_status        -                    -                    -                   
vendor_code              -                    -                    -                   
vendor_name              -                    -                    -                   
invoice_number           51109338             51109338             51109338            
invoice_date             -                    -                    -                   
invoice_amount           41742.00             41742.00             41742.00            
expense_category         -                    -                    -                   
cost_center              -                    -                    -                   
department               -                    -                    -                   
tax_amount               -                    -                    -                   
net_amount               264017.00            264017.00            264017.00           
============================================================
FINAL PROVENANCE
============================================================
Field                    PROVENANCE              
--------------------------------------------------
document_id              not_found               
document_type            not_found               
document_category        not_found               
company_code             not_found               
company_name             not_found               
fiscal_year              not_found               
location_code            not_found               
vertical_code            not_found               
document_source          not_found               
barcode                  not_found               
currency                 not_found               
document_date            not_found               
ocr_confidence_score     not_found               
processing_status        not_found               
validation_status        not_found               
vendor_code              not_found               
vendor_name              not_found               
invoice_number           agreed                  
invoice_date             not_found               
invoice_amount           agreed                  
expense_category         not_found               
cost_center              not_found               
department               not_found               
tax_amount               not_found               
net_amount               agreed                  
============================================================
2026-09-07 11:45:53 | INFO     | app.services.extraction_service | Document extracted: document_id=991 type=NPO fields=3/25 confidence=0.86
2026-09-07 11:45:53 | INFO     | httpx | HTTP Request: POST http://testserver/api/v1/extraction/documents/991/extract "HTTP/1.1 201 Created"
2026-09-07 12:10:14 | INFO     | app.services.auth_service | New user registered: username=diag_a73c6500 role=FINANCE_ANALYST
2026-09-07 12:10:14 | INFO     | httpx | HTTP Request: POST http://testserver/api/v1/auth/register "HTTP/1.1 201 Created"
2026-09-07 12:10:14 | INFO     | app.services.auth_service | User logged in: username=diag_a73c6500
2026-09-07 12:10:14 | INFO     | httpx | HTTP Request: POST http://testserver/api/v1/auth/login "HTTP/1.1 200 OK"
2026-09-07 12:10:14 | INFO     | app.services.document_service | Document uploaded: id=992 filename=batch1-0001.pdf by_user=diag_a73c6500
2026-09-07 12:10:14 | INFO     | httpx | HTTP Request: POST http://testserver/api/v1/documents/upload "HTTP/1.1 201 Created"
2026-09-07 12:10:21 | INFO     | app.ocr.easyocr_engine | Loading EasyOCR engine (langs=['en'], gpu=False)...
2026-09-07 12:10:21 | WARNING  | easyocr.easyocr | Using CPU. Note: This module is much faster with a GPU.
2026-09-07 12:10:23 | INFO     | app.ocr.easyocr_engine | EasyOCR engine loaded successfully.
2026-09-07 12:10:49 | INFO     | app.services.ocr_service | OCR completed: document_id=992 engine=easyocr pages=1 avg_confidence=0.87 time_ms=34930 status=OCR_COMPLETED
2026-09-07 12:10:50 | INFO     | httpx | HTTP Request: POST http://testserver/api/v1/ocr/documents/992/run "HTTP/1.1 201 Created"
2026-09-07 12:10:50 | INFO     | app.services.classification_service | Document classified: document_id=992 type=NPO confidence=0.62 engine=rule_based
2026-09-07 12:10:50 | INFO     | httpx | HTTP Request: POST http://testserver/api/v1/classification/documents/992/classify "HTTP/1.1 201 Created"
2026-09-07 12:10:50 | INFO     | app.extraction.llm_extractor | LLM extractor initialized: provider=mistral model=mistral-small-2603 api_base=https://api.mistral.ai/v1 api_key_configured=True
2026-09-07 12:10:50 | INFO     | app.extraction.llm_extractor | LLM extractor initialized: provider=mistral model=open-mistral-nemo api_base=https://api.mistral.ai/v1 api_key_configured=True
2026-09-07 12:10:59 | INFO     | app.extraction.reconciliation | 
============================================================
RECONCILIATION START
============================================================
document_id: 992
document_type: NPO
engine: hybrid
field_count: 25
rule_engine_status: OK
llm_engine_status: OK
============================================================
2026-09-07 12:10:59 | INFO     | app.extraction.reconciliation | 
============================================================
RECONCILIATION INPUT
============================================================
Document ID: 992
Field: invoice_number

RULE-BASED
  value: 51109338
  confidence: 0.80
  provenance: rule_based

LLM-BASED
  value: 51109338
  confidence: 0.80
  provenance: llm

NORMALIZED
  rule_based: 51109338
  llm: 51109338
============================================================
2026-09-07 12:10:59 | INFO     | app.extraction.reconciliation | 
============================================================
RECONCILIATION RESULT
============================================================
Document ID: 992
Field: invoice_number

FINAL
  value: 51109338
  confidence: 0.85
  provenance: agreed
  conflict_value: null

DECISION
  BOTH ENGINES AGREED
============================================================
2026-09-07 12:10:59 | INFO     | app.extraction.reconciliation | 
============================================================
RECONCILIATION INPUT
============================================================
Document ID: 992
Field: invoice_amount

RULE-BASED
  value: 41742.00
  confidence: 0.82
  provenance: rule_based

LLM-BASED
  value: 41742.00
  confidence: 0.82
  provenance: llm

NORMALIZED
  rule_based: 41742.00
  llm: 41742.00
============================================================
2026-09-07 12:10:59 | INFO     | app.extraction.reconciliation | 
============================================================
RECONCILIATION RESULT
============================================================
Document ID: 992
Field: invoice_amount

FINAL
  value: 41742.00
  confidence: 0.87
  provenance: agreed
  conflict_value: null

DECISION
  BOTH ENGINES AGREED
============================================================
2026-09-07 12:10:59 | INFO     | app.extraction.reconciliation | 
============================================================
RECONCILIATION INPUT
============================================================
Document ID: 992
Field: net_amount

RULE-BASED
  value: 264017.00
  confidence: 0.82
  provenance: rule_based

LLM-BASED
  value: 264017.00
  confidence: 0.82
  provenance: llm

NORMALIZED
  rule_based: 264017.00
  llm: 264017.00
============================================================
2026-09-07 12:10:59 | INFO     | app.extraction.reconciliation | 
============================================================
RECONCILIATION RESULT
============================================================
Document ID: 992
Field: net_amount

FINAL
  value: 264017.00
  confidence: 0.87
  provenance: agreed
  conflict_value: null

DECISION
  BOTH ENGINES AGREED
============================================================
2026-09-07 12:10:59 | INFO     | app.extraction.reconciliation | 
============================================================
RECONCILIATION COMPLETE
============================================================
document_id: 992

agreed_fields: 3
rule_based_fields: 0
llm_fields: 0
reconciled_fields: 0
unresolved_conflicts: 0
not_found_fields: 22
============================================================
HYBRID EXTRACTION -- FINAL DECISIONS
============================================================
Document ID: 992
Document Type: NPO

Field                    RULE-BASED           LLM-BASED            FINAL               
----------------------------------------------------------------------------------------
document_id              -                    -                    -                   
document_type            -                    -                    -                   
document_category        -                    -                    -                   
company_code             -                    -                    -                   
company_name             -                    -                    -                   
fiscal_year              -                    -                    -                   
location_code            -                    -                    -                   
vertical_code            -                    -                    -                   
document_source          -                    -                    -                   
barcode                  -                    -                    -                   
currency                 -                    -                    -                   
document_date            -                    -                    -                   
ocr_confidence_score     -                    -                    -                   
processing_status        -                    -                    -                   
validation_status        -                    -                    -                   
vendor_code              -                    -                    -                   
vendor_name              -                    -                    -                   
invoice_number           51109338             51109338             51109338            
invoice_date             -                    -                    -                   
invoice_amount           41742.00             41742.00             41742.00            
expense_category         -                    -                    -                   
cost_center              -                    -                    -                   
department               -                    -                    -                   
tax_amount               -                    -                    -                   
net_amount               264017.00            264017.00            264017.00           
============================================================
FINAL PROVENANCE
============================================================
Field                    PROVENANCE              
--------------------------------------------------
document_id              not_found               
document_type            not_found               
document_category        not_found               
company_code             not_found               
company_name             not_found               
fiscal_year              not_found               
location_code            not_found               
vertical_code            not_found               
document_source          not_found               
barcode                  not_found               
currency                 not_found               
document_date            not_found               
ocr_confidence_score     not_found               
processing_status        not_found               
validation_status        not_found               
vendor_code              not_found               
vendor_name              not_found               
invoice_number           agreed                  
invoice_date             not_found               
invoice_amount           agreed                  
expense_category         not_found               
cost_center              not_found               
department               not_found               
tax_amount               not_found               
net_amount               agreed                  
============================================================
2026-09-07 12:11:20 | INFO     | app.services.auth_service | New user registered: username=diag_905a461d role=FINANCE_ANALYST
2026-09-07 12:11:20 | INFO     | httpx | HTTP Request: POST http://testserver/api/v1/auth/register "HTTP/1.1 201 Created"
2026-09-07 12:11:20 | INFO     | app.services.auth_service | User logged in: username=diag_905a461d
2026-09-07 12:11:20 | INFO     | httpx | HTTP Request: POST http://testserver/api/v1/auth/login "HTTP/1.1 200 OK"
2026-09-07 12:11:20 | INFO     | app.services.document_service | Document uploaded: id=993 filename=batch1-0001.pdf by_user=diag_905a461d
2026-09-07 12:11:20 | INFO     | httpx | HTTP Request: POST http://testserver/api/v1/documents/upload "HTTP/1.1 201 Created"
2026-09-07 12:11:26 | INFO     | app.ocr.easyocr_engine | Loading EasyOCR engine (langs=['en'], gpu=False)...
2026-09-07 12:11:26 | WARNING  | easyocr.easyocr | Using CPU. Note: This module is much faster with a GPU.
2026-09-07 12:11:28 | INFO     | app.ocr.easyocr_engine | EasyOCR engine loaded successfully.
2026-09-07 12:11:53 | INFO     | app.services.ocr_service | OCR completed: document_id=993 engine=easyocr pages=1 avg_confidence=0.87 time_ms=31786 status=OCR_COMPLETED
2026-09-07 12:11:53 | INFO     | httpx | HTTP Request: POST http://testserver/api/v1/ocr/documents/993/run "HTTP/1.1 201 Created"
2026-09-07 12:11:53 | INFO     | app.services.classification_service | Document classified: document_id=993 type=NPO confidence=0.62 engine=rule_based
2026-09-07 12:11:53 | INFO     | httpx | HTTP Request: POST http://testserver/api/v1/classification/documents/993/classify "HTTP/1.1 201 Created"
2026-09-07 12:11:53 | INFO     | app.extraction.llm_extractor | LLM extractor initialized: provider=mistral model=mistral-small-2603 api_base=https://api.mistral.ai/v1 api_key_configured=True
2026-09-07 12:11:53 | INFO     | app.extraction.llm_extractor | LLM extractor initialized: provider=mistral model=open-mistral-nemo api_base=https://api.mistral.ai/v1 api_key_configured=True
2026-09-07 12:12:05 | INFO     | app.extraction.reconciliation | 
============================================================
RECONCILIATION START
============================================================
document_id: 993
document_type: NPO
engine: hybrid
field_count: 25
rule_engine_status: OK
llm_engine_status: OK
============================================================
2026-09-07 12:12:05 | INFO     | app.extraction.reconciliation | 
============================================================
RECONCILIATION RESULT
============================================================
Document ID: 993
Field: document_type

FINAL
  value: NPO
  confidence: 0.99
  provenance: llm
  conflict_value: null

DECISION
  LLM-BASED RESULT ACCEPTED
============================================================
2026-09-07 12:12:05 | INFO     | app.extraction.reconciliation | 
============================================================
RECONCILIATION RESULT
============================================================
Document ID: 993
Field: company_name

FINAL
  value: Kirby and Valdez
  confidence: 0.98
  provenance: llm
  conflict_value: null

DECISION
  LLM-BASED RESULT ACCEPTED
============================================================
2026-09-07 12:12:05 | INFO     | app.extraction.reconciliation | 
============================================================
RECONCILIATION RESULT
============================================================
Document ID: 993
Field: document_source

FINAL
  value: batch1-0001.jpg
  confidence: 0.99
  provenance: llm
  conflict_value: null

DECISION
  LLM-BASED RESULT ACCEPTED
============================================================
2026-09-07 12:12:05 | INFO     | app.extraction.reconciliation | 
============================================================
RECONCILIATION RESULT
============================================================
Document ID: 993
Field: currency

FINAL
  value: EUR
  confidence: 0.85
  provenance: llm
  conflict_value: null

DECISION
  LLM-BASED RESULT ACCEPTED
============================================================
2026-09-07 12:12:05 | INFO     | app.extraction.reconciliation | 
============================================================
RECONCILIATION RESULT
============================================================
Document ID: 993
Field: document_date

FINAL
  value: 2013-04-13
  confidence: 0.98
  provenance: llm
  conflict_value: null

DECISION
  LLM-BASED RESULT ACCEPTED
============================================================
2026-09-07 12:12:05 | INFO     | app.extraction.reconciliation | 
============================================================
RECONCILIATION RESULT
============================================================
Document ID: 993
Field: vendor_name

FINAL
  value: Kirby and Valdez
  confidence: 0.98
  provenance: llm
  conflict_value: null

DECISION
  LLM-BASED RESULT ACCEPTED
============================================================
2026-09-07 12:12:05 | INFO     | app.extraction.reconciliation | 
============================================================
RECONCILIATION INPUT
============================================================
Document ID: 993
Field: invoice_number

RULE-BASED
  value: 51109338
  confidence: 0.80
  provenance: rule_based

LLM-BASED
  value: 51109338
  confidence: 0.99
  provenance: llm

NORMALIZED
  rule_based: 51109338
  llm: 51109338
============================================================
2026-09-07 12:12:05 | INFO     | app.extraction.reconciliation | 
============================================================
RECONCILIATION RESULT
============================================================
Document ID: 993
Field: invoice_number

FINAL
  value: 51109338
  confidence: 1.00
  provenance: agreed
  conflict_value: null

DECISION
  BOTH ENGINES AGREED
============================================================
2026-09-07 12:12:05 | INFO     | app.extraction.reconciliation | 
============================================================
RECONCILIATION RESULT
============================================================
Document ID: 993
Field: invoice_date

FINAL
  value: 2013-04-13
  confidence: 0.98
  provenance: llm
  conflict_value: null

DECISION
  LLM-BASED RESULT ACCEPTED
============================================================
2026-09-07 12:12:05 | INFO     | app.extraction.reconciliation | 
============================================================
RECONCILIATION INPUT
============================================================
Document ID: 993
Field: invoice_amount

RULE-BASED
  value: 41742.00
  confidence: 0.82
  provenance: rule_based

LLM-BASED
  value: 2041.90
  confidence: 0.85
  provenance: llm

NORMALIZED
  rule_based: 41742.00
  llm: 2041.90
============================================================
2026-09-07 12:12:05 | INFO     | app.extraction.reconciliation | 
============================================================
RECONCILIATION RESULT
============================================================
Document ID: 993
Field: invoice_amount

FINAL
  value: 41742.00
  confidence: 0.88
  provenance: reconciled_table_verified
  conflict_value: 2041.90

DECISION
  TABLE-VERIFIED RECONCILIATION
============================================================
2026-09-07 12:12:05 | INFO     | app.extraction.reconciliation | 
============================================================
RECONCILIATION RESULT
============================================================
Document ID: 993
Field: tax_amount

FINAL
  value: 640.17
  confidence: 0.85
  provenance: llm
  conflict_value: null

DECISION
  LLM-BASED RESULT ACCEPTED
============================================================
2026-09-07 12:12:05 | INFO     | app.extraction.reconciliation | 
============================================================
RECONCILIATION INPUT
============================================================
Document ID: 993
Field: net_amount

RULE-BASED
  value: 264017.00
  confidence: 0.82
  provenance: rule_based

LLM-BASED
  value: 5640.17
  confidence: 0.85
  provenance: llm

NORMALIZED
  rule_based: 264017.00
  llm: 5640.17
============================================================
2026-09-07 12:12:05 | INFO     | app.extraction.reconciliation | 
============================================================
RECONCILIATION RESULT
============================================================
Document ID: 993
Field: net_amount

FINAL
  value: 264017.00
  confidence: 0.88
  provenance: reconciled_table_verified
  conflict_value: 5640.17

DECISION
  TABLE-VERIFIED RECONCILIATION
============================================================
2026-09-07 12:12:05 | INFO     | app.extraction.reconciliation | 
============================================================
RECONCILIATION COMPLETE
============================================================
document_id: 993

agreed_fields: 1
rule_based_fields: 0
llm_fields: 8
reconciled_fields: 2
unresolved_conflicts: 0
not_found_fields: 14
============================================================
HYBRID EXTRACTION -- FINAL DECISIONS
============================================================
Document ID: 993
Document Type: NPO

Field                    RULE-BASED           LLM-BASED            FINAL               
----------------------------------------------------------------------------------------
document_id              -                    -                    -                   
document_type            -                    NPO                  NPO                 
document_category        -                    -                    -                   
company_code             -                    -                    -                   
company_name             -                    Kirby and Valdez     Kirby and Valdez    
fiscal_year              -                    -                    -                   
location_code            -                    -                    -                   
vertical_code            -                    -                    -                   
document_source          -                    batch1-0001.jpg      batch1-0001.jpg     
barcode                  -                    -                    -                   
currency                 -                    EUR                  EUR                 
document_date            -                    2013-04-13           2013-04-13          
ocr_confidence_score     -                    -                    -                   
processing_status        -                    -                    -                   
validation_status        -                    -                    -                   
vendor_code              -                    -                    -                   
vendor_name              -                    Kirby and Valdez     Kirby and Valdez    
invoice_number           51109338             51109338             51109338            
invoice_date             -                    2013-04-13           2013-04-13          
invoice_amount           41742.00             2041.90              41742.00            
expense_category         -                    -                    -                   
cost_center              -                    -                    -                   
department               -                    -                    -                   
tax_amount               -                    640.17               640.17              
net_amount               264017.00            5640.17              264017.00           
============================================================
FINAL PROVENANCE
============================================================
Field                    PROVENANCE              
--------------------------------------------------
document_id              not_found               
document_type            llm                     
document_category        not_found               
company_code             not_found               
company_name             llm                     
fiscal_year              not_found               
location_code            not_found               
vertical_code            not_found               
document_source          llm                     
barcode                  not_found               
currency                 llm                     
document_date            llm                     
ocr_confidence_score     not_found               
processing_status        not_found               
validation_status        not_found               
vendor_code              not_found               
vendor_name              llm                     
invoice_number           agreed                  
invoice_date             llm                     
invoice_amount           reconciled_table_verified
expense_category         not_found               
cost_center              not_found               
department               not_found               
tax_amount               llm                     
net_amount               reconciled_table_verified
============================================================
2026-09-07 12:12:06 | INFO     | app.extraction.llm_extractor | LLM extractor initialized: provider=mistral model=mistral-small-2603 api_base=https://api.mistral.ai/v1 api_key_configured=True
2026-09-07 12:12:06 | INFO     | app.extraction.parallel_orchestrator | HYBRID EXTRACTION
  Rule-Based: enabled
  LLM-Based: enabled
  LLM provider: mistral
  model: mistral-small-2603
  document_type: NPO
2026-09-07 12:12:07 | ERROR    | app.extraction.llm_extractor | LLM extraction failed: HTTP Error 429: Too Many Requests. Falling back to rule-based extractor.
2026-09-07 12:12:07 | INFO     | app.extraction.reconciliation | 
============================================================
RECONCILIATION START
============================================================
document_id: 993
document_type: NPO
engine: hybrid
field_count: 25
rule_engine_status: OK
llm_engine_status: OK
============================================================
2026-09-07 12:12:07 | INFO     | app.extraction.reconciliation | 
============================================================
RECONCILIATION INPUT
============================================================
Document ID: 993
Field: invoice_number

RULE-BASED
  value: 51109338
  confidence: 0.80
  provenance: rule_based

LLM-BASED
  value: 51109338
  confidence: 0.80
  provenance: llm

NORMALIZED
  rule_based: 51109338
  llm: 51109338
============================================================
2026-09-07 12:12:07 | INFO     | app.extraction.reconciliation | 
============================================================
RECONCILIATION RESULT
============================================================
Document ID: 993
Field: invoice_number

FINAL
  value: 51109338
  confidence: 0.85
  provenance: agreed
  conflict_value: null

DECISION
  BOTH ENGINES AGREED
============================================================
2026-09-07 12:12:07 | INFO     | app.extraction.reconciliation | 
============================================================
RECONCILIATION INPUT
============================================================
Document ID: 993
Field: invoice_amount

RULE-BASED
  value: 41742.00
  confidence: 0.82
  provenance: rule_based

LLM-BASED
  value: 41742.00
  confidence: 0.82
  provenance: llm

NORMALIZED
  rule_based: 41742.00
  llm: 41742.00
============================================================
2026-09-07 12:12:07 | INFO     | app.extraction.reconciliation | 
============================================================
RECONCILIATION RESULT
============================================================
Document ID: 993
Field: invoice_amount

FINAL
  value: 41742.00
  confidence: 0.87
  provenance: agreed
  conflict_value: null

DECISION
  BOTH ENGINES AGREED
============================================================
2026-09-07 12:12:07 | INFO     | app.extraction.reconciliation | 
============================================================
RECONCILIATION INPUT
============================================================
Document ID: 993
Field: net_amount

RULE-BASED
  value: 264017.00
  confidence: 0.82
  provenance: rule_based

LLM-BASED
  value: 264017.00
  confidence: 0.82
  provenance: llm

NORMALIZED
  rule_based: 264017.00
  llm: 264017.00
============================================================
2026-09-07 12:12:07 | INFO     | app.extraction.reconciliation | 
============================================================
RECONCILIATION RESULT
============================================================
Document ID: 993
Field: net_amount

FINAL
  value: 264017.00
  confidence: 0.87
  provenance: agreed
  conflict_value: null

DECISION
  BOTH ENGINES AGREED
============================================================
2026-09-07 12:12:07 | INFO     | app.extraction.reconciliation | 
============================================================
RECONCILIATION COMPLETE
============================================================
document_id: 993

agreed_fields: 3
rule_based_fields: 0
llm_fields: 0
reconciled_fields: 0
unresolved_conflicts: 0
not_found_fields: 22
============================================================
HYBRID EXTRACTION -- FINAL DECISIONS
============================================================
Document ID: 993
Document Type: NPO

Field                    RULE-BASED           LLM-BASED            FINAL               
----------------------------------------------------------------------------------------
document_id              -                    -                    -                   
document_type            -                    -                    -                   
document_category        -                    -                    -                   
company_code             -                    -                    -                   
company_name             -                    -                    -                   
fiscal_year              -                    -                    -                   
location_code            -                    -                    -                   
vertical_code            -                    -                    -                   
document_source          -                    -                    -                   
barcode                  -                    -                    -                   
currency                 -                    -                    -                   
document_date            -                    -                    -                   
ocr_confidence_score     -                    -                    -                   
processing_status        -                    -                    -                   
validation_status        -                    -                    -                   
vendor_code              -                    -                    -                   
vendor_name              -                    -                    -                   
invoice_number           51109338             51109338             51109338            
invoice_date             -                    -                    -                   
invoice_amount           41742.00             41742.00             41742.00            
expense_category         -                    -                    -                   
cost_center              -                    -                    -                   
department               -                    -                    -                   
tax_amount               -                    -                    -                   
net_amount               264017.00            264017.00            264017.00           
============================================================
FINAL PROVENANCE
============================================================
Field                    PROVENANCE              
--------------------------------------------------
document_id              not_found               
document_type            not_found               
document_category        not_found               
company_code             not_found               
company_name             not_found               
fiscal_year              not_found               
location_code            not_found               
vertical_code            not_found               
document_source          not_found               
barcode                  not_found               
currency                 not_found               
document_date            not_found               
ocr_confidence_score     not_found               
processing_status        not_found               
validation_status        not_found               
vendor_code              not_found               
vendor_name              not_found               
invoice_number           agreed                  
invoice_date             not_found               
invoice_amount           agreed                  
expense_category         not_found               
cost_center              not_found               
department               not_found               
tax_amount               not_found               
net_amount               agreed                  
============================================================
2026-09-07 12:12:07 | INFO     | app.services.extraction_service | Document extracted: document_id=993 type=NPO fields=3/25 confidence=0.86
2026-09-07 12:12:07 | INFO     | httpx | HTTP Request: POST http://testserver/api/v1/extraction/documents/993/extract "HTTP/1.1 201 Created"
2026-09-07 12:12:36 | INFO     | app.services.auth_service | New user registered: username=diag_64a15d2e role=FINANCE_ANALYST
2026-09-07 12:12:36 | INFO     | httpx | HTTP Request: POST http://testserver/api/v1/auth/register "HTTP/1.1 201 Created"
2026-09-07 12:12:36 | INFO     | app.services.auth_service | User logged in: username=diag_64a15d2e
2026-09-07 12:12:36 | INFO     | httpx | HTTP Request: POST http://testserver/api/v1/auth/login "HTTP/1.1 200 OK"
2026-09-07 12:12:36 | INFO     | app.services.document_service | Document uploaded: id=994 filename=batch1-0001.pdf by_user=diag_64a15d2e
2026-09-07 12:12:36 | INFO     | httpx | HTTP Request: POST http://testserver/api/v1/documents/upload "HTTP/1.1 201 Created"
2026-09-07 12:12:42 | INFO     | app.ocr.easyocr_engine | Loading EasyOCR engine (langs=['en'], gpu=False)...
2026-09-07 12:12:42 | WARNING  | easyocr.easyocr | Using CPU. Note: This module is much faster with a GPU.
2026-09-07 12:12:43 | INFO     | app.ocr.easyocr_engine | EasyOCR engine loaded successfully.
2026-09-07 12:13:10 | INFO     | app.services.ocr_service | OCR completed: document_id=994 engine=easyocr pages=1 avg_confidence=0.87 time_ms=33139 status=OCR_COMPLETED
2026-09-07 12:13:10 | INFO     | httpx | HTTP Request: POST http://testserver/api/v1/ocr/documents/994/run "HTTP/1.1 201 Created"
2026-09-07 12:13:10 | INFO     | app.services.classification_service | Document classified: document_id=994 type=NPO confidence=0.62 engine=rule_based
2026-09-07 12:13:10 | INFO     | httpx | HTTP Request: POST http://testserver/api/v1/classification/documents/994/classify "HTTP/1.1 201 Created"
2026-09-07 12:13:10 | INFO     | app.extraction.llm_extractor | LLM extractor initialized: provider=mistral model=mistral-small-2603 api_base=https://api.mistral.ai/v1 api_key_configured=True
2026-09-07 12:13:11 | INFO     | app.extraction.llm_extractor | LLM extractor initialized: provider=mistral model=open-mistral-nemo api_base=https://api.mistral.ai/v1 api_key_configured=True
2026-09-07 12:13:15 | INFO     | app.extraction.reconciliation | 
============================================================
RECONCILIATION START
============================================================
document_id: 994
document_type: NPO
engine: hybrid
field_count: 25
rule_engine_status: OK
llm_engine_status: OK
============================================================
2026-09-07 12:13:15 | INFO     | app.extraction.reconciliation | 
============================================================
RECONCILIATION RESULT
============================================================
Document ID: 994
Field: document_type

FINAL
  value: NPO
  confidence: 1.00
  provenance: llm
  conflict_value: null

DECISION
  LLM-BASED RESULT ACCEPTED
============================================================
2026-09-07 12:13:15 | INFO     | app.extraction.reconciliation | 
============================================================
RECONCILIATION RESULT
============================================================
Document ID: 994
Field: company_name

FINAL
  value: Kirby and Valdez
  confidence: 0.98
  provenance: llm
  conflict_value: null

DECISION
  LLM-BASED RESULT ACCEPTED
============================================================
2026-09-07 12:13:15 | INFO     | app.extraction.reconciliation | 
============================================================
RECONCILIATION RESULT
============================================================
Document ID: 994
Field: document_source

FINAL
  value: batch1-0001.jpg
  confidence: 0.99
  provenance: llm
  conflict_value: null

DECISION
  LLM-BASED RESULT ACCEPTED
============================================================
2026-09-07 12:13:15 | INFO     | app.extraction.reconciliation | 
============================================================
RECONCILIATION RESULT
============================================================
Document ID: 994
Field: currency

FINAL
  value: EUR
  confidence: 0.85
  provenance: llm
  conflict_value: null

DECISION
  LLM-BASED RESULT ACCEPTED
============================================================
2026-09-07 12:13:15 | INFO     | app.extraction.reconciliation | 
============================================================
RECONCILIATION RESULT
============================================================
Document ID: 994
Field: invoice_number

FINAL
  value: 51109338
  confidence: 0.80
  provenance: rule_based
  conflict_value: null

DECISION
  RULE-BASED RESULT ACCEPTED
============================================================
2026-09-07 12:13:15 | INFO     | app.extraction.reconciliation | 
============================================================
RECONCILIATION RESULT
============================================================
Document ID: 994
Field: invoice_amount

FINAL
  value: 41742.00
  confidence: 0.82
  provenance: rule_based
  conflict_value: null

DECISION
  RULE-BASED RESULT ACCEPTED
============================================================
2026-09-07 12:13:15 | INFO     | app.extraction.reconciliation | 
============================================================
RECONCILIATION RESULT
============================================================
Document ID: 994
Field: net_amount

FINAL
  value: 264017.00
  confidence: 0.82
  provenance: rule_based
  conflict_value: null

DECISION
  RULE-BASED RESULT ACCEPTED
============================================================
2026-09-07 12:13:15 | INFO     | app.extraction.reconciliation | 
============================================================
RECONCILIATION COMPLETE
============================================================
document_id: 994

agreed_fields: 0
rule_based_fields: 3
llm_fields: 4
reconciled_fields: 0
unresolved_conflicts: 0
not_found_fields: 18
============================================================
HYBRID EXTRACTION -- FINAL DECISIONS
============================================================
Document ID: 994
Document Type: NPO

Field                    RULE-BASED           LLM-BASED            FINAL               
----------------------------------------------------------------------------------------
document_id              -                    -                    -                   
document_type            -                    NPO                  NPO                 
document_category        -                    -                    -                   
company_code             -                    -                    -                   
company_name             -                    Kirby and Valdez     Kirby and Valdez    
fiscal_year              -                    -                    -                   
location_code            -                    -                    -                   
vertical_code            -                    -                    -                   
document_source          -                    batch1-0001.jpg      batch1-0001.jpg     
barcode                  -                    -                    -                   
currency                 -                    EUR                  EUR                 
document_date            -                    -                    -                   
ocr_confidence_score     -                    -                    -                   
processing_status        -                    -                    -                   
validation_status        -                    -                    -                   
vendor_code              -                    -                    -                   
vendor_name              -                    -                    -                   
invoice_number           51109338             -                    51109338            
invoice_date             -                    -                    -                   
invoice_amount           41742.00             -                    41742.00            
expense_category         -                    -                    -                   
cost_center              -                    -                    -                   
department               -                    -                    -                   
tax_amount               -                    -                    -                   
net_amount               264017.00            -                    264017.00           
============================================================
FINAL PROVENANCE
============================================================
Field                    PROVENANCE              
--------------------------------------------------
document_id              not_found               
document_type            llm                     
document_category        not_found               
company_code             not_found               
company_name             llm                     
fiscal_year              not_found               
location_code            not_found               
vertical_code            not_found               
document_source          llm                     
barcode                  not_found               
currency                 llm                     
document_date            not_found               
ocr_confidence_score     not_found               
processing_status        not_found               
validation_status        not_found               
vendor_code              not_found               
vendor_name              not_found               
invoice_number           rule_based              
invoice_date             not_found               
invoice_amount           rule_based              
expense_category         not_found               
cost_center              not_found               
department               not_found               
tax_amount               not_found               
net_amount               rule_based              
============================================================
2026-09-07 12:13:16 | INFO     | app.extraction.llm_extractor | LLM extractor initialized: provider=mistral model=mistral-small-2603 api_base=https://api.mistral.ai/v1 api_key_configured=True
2026-09-07 12:13:16 | INFO     | app.extraction.parallel_orchestrator | HYBRID EXTRACTION
  Rule-Based: enabled
  LLM-Based: enabled
  LLM provider: mistral
  model: mistral-small-2603
  document_type: NPO
2026-09-07 12:13:16 | ERROR    | app.extraction.llm_extractor | LLM extraction failed: HTTP Error 429: Too Many Requests. Falling back to rule-based extractor.
2026-09-07 12:13:16 | INFO     | app.extraction.reconciliation | 
============================================================
RECONCILIATION START
============================================================
document_id: 994
document_type: NPO
engine: hybrid
field_count: 25
rule_engine_status: OK
llm_engine_status: OK
============================================================
2026-09-07 12:13:16 | INFO     | app.extraction.reconciliation | 
============================================================
RECONCILIATION INPUT
============================================================
Document ID: 994
Field: invoice_number

RULE-BASED
  value: 51109338
  confidence: 0.80
  provenance: rule_based

LLM-BASED
  value: 51109338
  confidence: 0.80
  provenance: llm

NORMALIZED
  rule_based: 51109338
  llm: 51109338
============================================================
2026-09-07 12:13:16 | INFO     | app.extraction.reconciliation | 
============================================================
RECONCILIATION RESULT
============================================================
Document ID: 994
Field: invoice_number

FINAL
  value: 51109338
  confidence: 0.85
  provenance: agreed
  conflict_value: null

DECISION
  BOTH ENGINES AGREED
============================================================
2026-09-07 12:13:16 | INFO     | app.extraction.reconciliation | 
============================================================
RECONCILIATION INPUT
============================================================
Document ID: 994
Field: invoice_amount

RULE-BASED
  value: 41742.00
  confidence: 0.82
  provenance: rule_based

LLM-BASED
  value: 41742.00
  confidence: 0.82
  provenance: llm

NORMALIZED
  rule_based: 41742.00
  llm: 41742.00
============================================================
2026-09-07 12:13:16 | INFO     | app.extraction.reconciliation | 
============================================================
RECONCILIATION RESULT
============================================================
Document ID: 994
Field: invoice_amount

FINAL
  value: 41742.00
  confidence: 0.87
  provenance: agreed
  conflict_value: null

DECISION
  BOTH ENGINES AGREED
============================================================
2026-09-07 12:13:16 | INFO     | app.extraction.reconciliation | 
============================================================
RECONCILIATION INPUT
============================================================
Document ID: 994
Field: net_amount

RULE-BASED
  value: 264017.00
  confidence: 0.82
  provenance: rule_based

LLM-BASED
  value: 264017.00
  confidence: 0.82
  provenance: llm

NORMALIZED
  rule_based: 264017.00
  llm: 264017.00
============================================================
2026-09-07 12:13:16 | INFO     | app.extraction.reconciliation | 
============================================================
RECONCILIATION RESULT
============================================================
Document ID: 994
Field: net_amount

FINAL
  value: 264017.00
  confidence: 0.87
  provenance: agreed
  conflict_value: null

DECISION
  BOTH ENGINES AGREED
============================================================
2026-09-07 12:13:16 | INFO     | app.extraction.reconciliation | 
============================================================
RECONCILIATION COMPLETE
============================================================
document_id: 994

agreed_fields: 3
rule_based_fields: 0
llm_fields: 0
reconciled_fields: 0
unresolved_conflicts: 0
not_found_fields: 22
============================================================
HYBRID EXTRACTION -- FINAL DECISIONS
============================================================
Document ID: 994
Document Type: NPO

Field                    RULE-BASED           LLM-BASED            FINAL               
----------------------------------------------------------------------------------------
document_id              -                    -                    -                   
document_type            -                    -                    -                   
document_category        -                    -                    -                   
company_code             -                    -                    -                   
company_name             -                    -                    -                   
fiscal_year              -                    -                    -                   
location_code            -                    -                    -                   
vertical_code            -                    -                    -                   
document_source          -                    -                    -                   
barcode                  -                    -                    -                   
currency                 -                    -                    -                   
document_date            -                    -                    -                   
ocr_confidence_score     -                    -                    -                   
processing_status        -                    -                    -                   
validation_status        -                    -                    -                   
vendor_code              -                    -                    -                   
vendor_name              -                    -                    -                   
invoice_number           51109338             51109338             51109338            
invoice_date             -                    -                    -                   
invoice_amount           41742.00             41742.00             41742.00            
expense_category         -                    -                    -                   
cost_center              -                    -                    -                   
department               -                    -                    -                   
tax_amount               -                    -                    -                   
net_amount               264017.00            264017.00            264017.00           
============================================================
FINAL PROVENANCE
============================================================
Field                    PROVENANCE              
--------------------------------------------------
document_id              not_found               
document_type            not_found               
document_category        not_found               
company_code             not_found               
company_name             not_found               
fiscal_year              not_found               
location_code            not_found               
vertical_code            not_found               
document_source          not_found               
barcode                  not_found               
currency                 not_found               
document_date            not_found               
ocr_confidence_score     not_found               
processing_status        not_found               
validation_status        not_found               
vendor_code              not_found               
vendor_name              not_found               
invoice_number           agreed                  
invoice_date             not_found               
invoice_amount           agreed                  
expense_category         not_found               
cost_center              not_found               
department               not_found               
tax_amount               not_found               
net_amount               agreed                  
============================================================
2026-09-07 12:13:16 | INFO     | app.services.extraction_service | Document extracted: document_id=994 type=NPO fields=3/25 confidence=0.86
2026-09-07 12:13:16 | INFO     | httpx | HTTP Request: POST http://testserver/api/v1/extraction/documents/994/extract "HTTP/1.1 201 Created"
2026-09-07 12:13:50 | INFO     | app.extraction.llm_extractor | LLM extractor initialized: provider=mistral model=mistral-small-2603 api_base=https://api.mistral.ai/v1 api_key_configured=True
2026-09-07 12:13:50 | INFO     | app.extraction.llm_extractor | LLM extractor initialized: provider=mistral model=mistral-small-2603 api_base=https://api.mistral.ai/v1 api_key_configured=True
2026-09-07 12:13:50 | INFO     | app.extraction.llm_extractor | LLM extractor initialized: provider=mistral model=mistral-small-2603 api_base=https://api.mistral.ai/v1 api_key_configured=True
2026-09-07 12:13:51 | ERROR    | app.extraction.llm_extractor | LLM extraction failed: HTTP Error 429: Too Many Requests. Falling back to rule-based extractor.
2026-09-07 12:13:51 | INFO     | app.services.extraction_service | Document extracted: document_id=123 type=POI fields=1/1 confidence=0.99
2026-09-07 12:13:51 | INFO     | app.extraction.llm_extractor | LLM extractor initialized: provider=mistral model=mistral-small-2603 api_base=https://api.mistral.ai/v1 api_key_configured=True
2026-09-07 12:13:51 | INFO     | app.extraction.llm_extractor | LLM extractor initialized: provider=mistral model=mistral-small-2603 api_base=https://api.mistral.ai/v1 api_key_configured=True
2026-09-07 12:13:51 | INFO     | app.extraction.llm_extractor | LLM extractor initialized: provider=mistral model=mistral-small-2603 api_base=https://api.mistral.ai/v1 api_key_configured=True
2026-09-07 12:13:51 | INFO     | app.services.auth_service | New user registered: username=ocrtest_489fb8f9 role=FINANCE_ANALYST
2026-09-07 12:13:51 | INFO     | httpx | HTTP Request: POST http://testserver/api/v1/auth/register "HTTP/1.1 201 Created"
2026-09-07 12:13:51 | INFO     | app.services.auth_service | User logged in: username=ocrtest_489fb8f9
2026-09-07 12:13:51 | INFO     | httpx | HTTP Request: POST http://testserver/api/v1/auth/login "HTTP/1.1 200 OK"
2026-09-07 12:13:52 | INFO     | app.services.document_service | Document uploaded: id=995 filename=invoice_51109301.pdf by_user=ocrtest_489fb8f9
2026-09-07 12:13:52 | INFO     | httpx | HTTP Request: POST http://testserver/api/v1/documents/upload "HTTP/1.1 201 Created"
2026-09-07 12:13:57 | INFO     | app.ocr.easyocr_engine | Loading EasyOCR engine (langs=['en'], gpu=False)...
2026-09-07 12:13:57 | WARNING  | easyocr.easyocr | Using CPU. Note: This module is much faster with a GPU.
2026-09-07 12:13:59 | INFO     | app.ocr.easyocr_engine | EasyOCR engine loaded successfully.
2026-09-07 12:14:23 | INFO     | app.services.ocr_service | OCR completed: document_id=995 engine=easyocr pages=1 avg_confidence=0.87 time_ms=31609 status=OCR_COMPLETED
2026-09-07 12:14:24 | INFO     | httpx | HTTP Request: POST http://testserver/api/v1/ocr/documents/995/run "HTTP/1.1 201 Created"
2026-09-07 12:14:24 | INFO     | app.services.auth_service | New user registered: username=ocrtest_d666deb8 role=FINANCE_ANALYST
2026-09-07 12:14:24 | INFO     | httpx | HTTP Request: POST http://testserver/api/v1/auth/register "HTTP/1.1 201 Created"
2026-09-07 12:14:24 | INFO     | app.services.auth_service | User logged in: username=ocrtest_d666deb8
2026-09-07 12:14:24 | INFO     | httpx | HTTP Request: POST http://testserver/api/v1/auth/login "HTTP/1.1 200 OK"
2026-09-07 12:14:24 | INFO     | app.services.document_service | Document uploaded: id=996 filename=corrupt.pdf by_user=ocrtest_d666deb8
2026-09-07 12:14:24 | INFO     | httpx | HTTP Request: POST http://testserver/api/v1/documents/upload "HTTP/1.1 201 Created"
2026-09-07 12:14:24 | ERROR    | app.services.ocr_service | OCR failed for document 996
Traceback (most recent call last):
  File "C:\Users\conanferreira\Desktop\PROJECT-BLACKBOX\EFDI\backend\app\services\ocr_service.py", line 63, in run_ocr
    engine = get_ocr_engine(engine_name)
  File "C:\Users\conanferreira\Desktop\PROJECT-BLACKBOX\EFDI\backend\app\ocr\factory.py", line 46, in get_ocr_engine
    raise ValidationFailedException(
        f"Unknown OCR engine '{engine_name}'. Supported engines: {list(SUPPORTED_ENGINES)}"
    )
app.core.exceptions.ValidationFailedException: Unknown OCR engine 'nonexistent_engine'. Supported engines: ['easyocr', 'stub']
2026-09-07 12:14:24 | WARNING  | app.main | Handled exception on POST /api/v1/ocr/documents/996/run: Unknown OCR engine 'nonexistent_engine'. Supported engines: ['easyocr', 'stub']
2026-09-07 12:14:24 | INFO     | httpx | HTTP Request: POST http://testserver/api/v1/ocr/documents/996/run "HTTP/1.1 422 Unprocessable Entity"
2026-09-07 12:14:25 | INFO     | app.services.auth_service | New user registered: username=bulkok_d9c66b17 role=FINANCE_ANALYST
2026-09-07 12:14:25 | INFO     | httpx | HTTP Request: POST http://testserver/api/v1/auth/register "HTTP/1.1 201 Created"
2026-09-07 12:14:25 | INFO     | app.services.auth_service | User logged in: username=bulkok_d9c66b17
2026-09-07 12:14:25 | INFO     | httpx | HTTP Request: POST http://testserver/api/v1/auth/login "HTTP/1.1 200 OK"
2026-09-07 12:14:25 | INFO     | app.services.document_service | Document uploaded: id=997 filename=doc_0.pdf by_user=bulkok_d9c66b17
2026-09-07 12:14:25 | INFO     | app.services.document_service | Document uploaded: id=998 filename=doc_1.pdf by_user=bulkok_d9c66b17
2026-09-07 12:14:25 | INFO     | app.services.document_service | Document uploaded: id=999 filename=doc_2.pdf by_user=bulkok_d9c66b17
2026-09-07 12:14:25 | INFO     | httpx | HTTP Request: POST http://testserver/api/v1/documents/upload/bulk "HTTP/1.1 201 Created"
2026-09-07 12:14:25 | INFO     | app.services.auth_service | New user registered: username=bulkpartial_a8e66ce0 role=FINANCE_ANALYST
2026-09-07 12:14:25 | INFO     | httpx | HTTP Request: POST http://testserver/api/v1/auth/register "HTTP/1.1 201 Created"
2026-09-07 12:14:26 | INFO     | app.services.auth_service | User logged in: username=bulkpartial_a8e66ce0
2026-09-07 12:14:26 | INFO     | httpx | HTTP Request: POST http://testserver/api/v1/auth/login "HTTP/1.1 200 OK"
2026-09-07 12:14:26 | INFO     | app.services.document_service | Document uploaded: id=1000 filename=good.pdf by_user=bulkpartial_a8e66ce0
2026-09-07 12:14:26 | WARNING  | app.services.document_service | Bulk upload item failed: filename=bad.exe by_user=bulkpartial_a8e66ce0 error=Unsupported file type 'application/x-msdownload'. Allowed types: application/pdf, image/png, image/jpeg
2026-09-07 12:14:26 | INFO     | httpx | HTTP Request: POST http://testserver/api/v1/documents/upload/bulk "HTTP/1.1 201 Created"
2026-09-07 12:14:26 | WARNING  | app.main | Handled exception on POST /api/v1/documents/upload/bulk: Not authenticated
2026-09-07 12:14:26 | INFO     | httpx | HTTP Request: POST http://testserver/api/v1/documents/upload/bulk "HTTP/1.1 401 Unauthorized"
2026-09-07 12:14:26 | INFO     | app.services.auth_service | New user registered: username=bulkaudit_131b965d role=FINANCE_ANALYST
2026-09-07 12:14:26 | INFO     | httpx | HTTP Request: POST http://testserver/api/v1/auth/register "HTTP/1.1 201 Created"
2026-09-07 12:14:26 | INFO     | app.services.auth_service | User logged in: username=bulkaudit_131b965d
2026-09-07 12:14:26 | INFO     | httpx | HTTP Request: POST http://testserver/api/v1/auth/login "HTTP/1.1 200 OK"
2026-09-07 12:14:26 | INFO     | app.services.document_service | Document uploaded: id=1001 filename=audited_0.pdf by_user=bulkaudit_131b965d
2026-09-07 12:14:26 | INFO     | app.services.document_service | Document uploaded: id=1002 filename=audited_1.pdf by_user=bulkaudit_131b965d
2026-09-07 12:14:26 | INFO     | httpx | HTTP Request: POST http://testserver/api/v1/documents/upload/bulk "HTTP/1.1 201 Created"
2026-09-07 12:14:26 | INFO     | app.services.auth_service | New user registered: username=scannoaccess_29fe8b35 role=FINANCE_ANALYST
2026-09-07 12:14:26 | INFO     | httpx | HTTP Request: POST http://testserver/api/v1/auth/register "HTTP/1.1 201 Created"
2026-09-07 12:14:27 | INFO     | app.services.auth_service | User logged in: username=scannoaccess_29fe8b35
2026-09-07 12:14:27 | INFO     | httpx | HTTP Request: POST http://testserver/api/v1/auth/login "HTTP/1.1 200 OK"
2026-09-07 12:14:27 | WARNING  | app.main | Handled exception on POST /api/v1/documents/intake/scan-folder: This action requires one of the following roles: ['ADMIN']
2026-09-07 12:14:27 | INFO     | httpx | HTTP Request: POST http://testserver/api/v1/documents/intake/scan-folder "HTTP/1.1 403 Forbidden"
2026-09-07 12:14:27 | INFO     | app.services.auth_service | New user registered: username=scanadmin_37a9bc2f role=ADMIN
2026-09-07 12:14:27 | INFO     | httpx | HTTP Request: POST http://testserver/api/v1/auth/register "HTTP/1.1 201 Created"
2026-09-07 12:14:27 | INFO     | app.services.auth_service | User logged in: username=scanadmin_37a9bc2f
2026-09-07 12:14:27 | INFO     | httpx | HTTP Request: POST http://testserver/api/v1/auth/login "HTTP/1.1 200 OK"
2026-09-07 12:14:27 | INFO     | app.services.document_service | Document uploaded: id=1003 filename=scan_17b1a489.pdf by_user=scanadmin_37a9bc2f
2026-09-07 12:14:27 | INFO     | app.services.document_service | Document uploaded: id=1004 filename=scan_241a1948.pdf by_user=scanadmin_37a9bc2f
2026-09-07 12:14:27 | INFO     | app.services.document_service | Document uploaded: id=1005 filename=scanaudit_60d2df82.pdf by_user=scanadmin_37a9bc2f
2026-09-07 12:14:27 | INFO     | httpx | HTTP Request: POST http://testserver/api/v1/documents/intake/scan-folder "HTTP/1.1 201 Created"
2026-09-07 12:14:28 | INFO     | app.services.auth_service | New user registered: username=scanescape_83e0a885 role=ADMIN
2026-09-07 12:14:28 | INFO     | httpx | HTTP Request: POST http://testserver/api/v1/auth/register "HTTP/1.1 201 Created"
2026-09-07 12:14:28 | INFO     | app.services.auth_service | User logged in: username=scanescape_83e0a885
2026-09-07 12:14:28 | INFO     | httpx | HTTP Request: POST http://testserver/api/v1/auth/login "HTTP/1.1 200 OK"
2026-09-07 12:14:28 | WARNING  | app.main | Handled exception on POST /api/v1/documents/intake/scan-folder: Resolved scan path escapes the configured intake directory
2026-09-07 12:14:28 | INFO     | httpx | HTTP Request: POST http://testserver/api/v1/documents/intake/scan-folder "HTTP/1.1 422 Unprocessable Entity"
2026-09-07 12:14:28 | INFO     | app.services.auth_service | New user registered: username=scanmissing_e07436f6 role=ADMIN
2026-09-07 12:14:28 | INFO     | httpx | HTTP Request: POST http://testserver/api/v1/auth/register "HTTP/1.1 201 Created"
2026-09-07 12:14:28 | INFO     | app.services.auth_service | User logged in: username=scanmissing_e07436f6
2026-09-07 12:14:28 | INFO     | httpx | HTTP Request: POST http://testserver/api/v1/auth/login "HTTP/1.1 200 OK"
2026-09-07 12:14:28 | WARNING  | app.main | Handled exception on POST /api/v1/documents/intake/scan-folder: Intake directory does not exist: C:\Users\conanferreira\Desktop\PROJECT-BLACKBOX\EFDI\intake\does_not_exist_c0b5c44f
2026-09-07 12:14:28 | INFO     | httpx | HTTP Request: POST http://testserver/api/v1/documents/intake/scan-folder "HTTP/1.1 422 Unprocessable Entity"
2026-09-07 12:14:29 | INFO     | app.services.auth_service | New user registered: username=scanskip_4a351805 role=ADMIN
2026-09-07 12:14:29 | INFO     | httpx | HTTP Request: POST http://testserver/api/v1/auth/register "HTTP/1.1 201 Created"
2026-09-07 12:14:29 | INFO     | app.services.auth_service | User logged in: username=scanskip_4a351805
2026-09-07 12:14:29 | INFO     | httpx | HTTP Request: POST http://testserver/api/v1/auth/login "HTTP/1.1 200 OK"
2026-09-07 12:14:29 | INFO     | app.services.document_service | Document uploaded: id=1006 filename=scan_17b1a489.pdf by_user=scanskip_4a351805
2026-09-07 12:14:29 | INFO     | app.services.document_service | Document uploaded: id=1007 filename=scan_241a1948.pdf by_user=scanskip_4a351805
2026-09-07 12:14:29 | INFO     | app.services.document_service | Document uploaded: id=1008 filename=scanaudit_60d2df82.pdf by_user=scanskip_4a351805
2026-09-07 12:14:29 | INFO     | httpx | HTTP Request: POST http://testserver/api/v1/documents/intake/scan-folder "HTTP/1.1 201 Created"
2026-09-07 12:14:29 | INFO     | app.services.auth_service | New user registered: username=scanaudit_48b3aa56 role=ADMIN
2026-09-07 12:14:29 | INFO     | httpx | HTTP Request: POST http://testserver/api/v1/auth/register "HTTP/1.1 201 Created"
2026-09-07 12:14:30 | INFO     | app.services.auth_service | User logged in: username=scanaudit_48b3aa56
2026-09-07 12:14:30 | INFO     | httpx | HTTP Request: POST http://testserver/api/v1/auth/login "HTTP/1.1 200 OK"
2026-09-07 12:14:30 | INFO     | app.services.document_service | Document uploaded: id=1009 filename=scan_17b1a489.pdf by_user=scanaudit_48b3aa56
2026-09-07 12:14:30 | INFO     | app.services.document_service | Document uploaded: id=1010 filename=scan_241a1948.pdf by_user=scanaudit_48b3aa56
2026-09-07 12:14:30 | INFO     | app.services.document_service | Document uploaded: id=1011 filename=scanaudit_5387e5d2.pdf by_user=scanaudit_48b3aa56
2026-09-07 12:14:30 | INFO     | app.services.document_service | Document uploaded: id=1012 filename=scanaudit_60d2df82.pdf by_user=scanaudit_48b3aa56
2026-09-07 12:14:30 | INFO     | httpx | HTTP Request: POST http://testserver/api/v1/documents/intake/scan-folder "HTTP/1.1 201 Created"
2026-09-07 12:14:30 | INFO     | httpx | HTTP Request: GET http://testserver/health "HTTP/1.1 200 OK"
2026-09-07 12:14:30 | INFO     | httpx | HTTP Request: GET http://testserver/ "HTTP/1.1 200 OK"
2026-09-07 12:14:30 | INFO     | httpx | HTTP Request: GET http://testserver/api/openapi.json "HTTP/1.1 200 OK"
2026-09-07 12:14:30 | WARNING  | app.main | Handled exception on GET /raise/not-found: Document with id '42' not found
2026-09-07 12:14:30 | INFO     | httpx | HTTP Request: GET http://testserver/raise/not-found "HTTP/1.1 404 Not Found"
2026-09-07 12:14:30 | WARNING  | app.main | Handled exception on GET /raise/already-exists: User with username 'jdoe' already exists
2026-09-07 12:14:30 | INFO     | httpx | HTTP Request: GET http://testserver/raise/already-exists "HTTP/1.1 409 Conflict"
2026-09-07 12:14:30 | WARNING  | app.main | Handled exception on GET /raise/validation: Bad input
2026-09-07 12:14:30 | INFO     | httpx | HTTP Request: GET http://testserver/raise/validation "HTTP/1.1 422 Unprocessable Entity"
2026-09-07 12:14:30 | WARNING  | app.main | Handled exception on GET /raise/auth: Invalid authentication credentials
2026-09-07 12:14:30 | INFO     | httpx | HTTP Request: GET http://testserver/raise/auth "HTTP/1.1 401 Unauthorized"
2026-09-07 12:14:30 | WARNING  | app.main | Handled exception on GET /raise/authz: You do not have permission to perform this action
2026-09-07 12:14:30 | INFO     | httpx | HTTP Request: GET http://testserver/raise/authz "HTTP/1.1 403 Forbidden"
2026-09-07 12:14:30 | ERROR    | app.main | Unhandled exception on GET /raise/unhandled
Traceback (most recent call last):
  File "C:\Users\conanferreira\AppData\Roaming\Python\Python313\site-packages\starlette\middleware\errors.py", line 164, in __call__
    await self.app(scope, receive, _send)
  File "C:\Users\conanferreira\AppData\Roaming\Python\Python313\site-packages\starlette\middleware\exceptions.py", line 63, in __call__
    await wrap_app_handling_exceptions(self.app, conn)(scope, receive, send)
  File "C:\Users\conanferreira\AppData\Roaming\Python\Python313\site-packages\starlette\_exception_handler.py", line 53, in wrapped_app
    raise exc
  File "C:\Users\conanferreira\AppData\Roaming\Python\Python313\site-packages\starlette\_exception_handler.py", line 42, in wrapped_app
    await app(scope, receive, sender)
  File "C:\Users\conanferreira\AppData\Roaming\Python\Python313\site-packages\fastapi\middleware\asyncexitstack.py", line 18, in __call__
    await self.app(scope, receive, send)
  File "C:\Users\conanferreira\AppData\Roaming\Python\Python313\site-packages\starlette\routing.py", line 660, in __call__
    await self.middleware_stack(scope, receive, send)
  File "C:\Users\conanferreira\AppData\Roaming\Python\Python313\site-packages\starlette\routing.py", line 680, in app
    await route.handle(scope, receive, send)
  File "C:\Users\conanferreira\AppData\Roaming\Python\Python313\site-packages\fastapi\routing.py", line 1220, in handle
    await super().handle(scope, receive, send)
  File "C:\Users\conanferreira\AppData\Roaming\Python\Python313\site-packages\starlette\routing.py", line 276, in handle
    await self.app(scope, receive, send)
  File "C:\Users\conanferreira\AppData\Roaming\Python\Python313\site-packages\fastapi\routing.py", line 143, in app
    await wrap_app_handling_exceptions(app, request)(scope, receive, send)
  File "C:\Users\conanferreira\AppData\Roaming\Python\Python313\site-packages\starlette\_exception_handler.py", line 53, in wrapped_app
    raise exc
  File "C:\Users\conanferreira\AppData\Roaming\Python\Python313\site-packages\starlette\_exception_handler.py", line 42, in wrapped_app
    await app(scope, receive, sender)
  File "C:\Users\conanferreira\AppData\Roaming\Python\Python313\site-packages\fastapi\routing.py", line 129, in app
    response = await f(request)
               ^^^^^^^^^^^^^^^^
  File "C:\Users\conanferreira\AppData\Roaming\Python\Python313\site-packages\fastapi\routing.py", line 683, in app
    raw_response = await run_endpoint_function(
                   ^^^^^^^^^^^^^^^^^^^^^^^^^^^^
    ...<3 lines>...
    )
    ^
  File "C:\Users\conanferreira\AppData\Roaming\Python\Python313\site-packages\fastapi\routing.py", line 339, in run_endpoint_function
    return await run_in_threadpool(dependant.call, **values)
           ^^^^^^^^^^^^^^^^^^^^^^^^^^^^^^^^^^^^^^^^^^^^^^^^^
  File "C:\Users\conanferreira\AppData\Roaming\Python\Python313\site-packages\starlette\concurrency.py", line 34, in run_in_threadpool
    return await anyio.to_thread.run_sync(func)
           ^^^^^^^^^^^^^^^^^^^^^^^^^^^^^^^^^^^^
  File "C:\Users\conanferreira\AppData\Roaming\Python\Python313\site-packages\anyio\to_thread.py", line 63, in run_sync
    return await get_async_backend().run_sync_in_worker_thread(
           ^^^^^^^^^^^^^^^^^^^^^^^^^^^^^^^^^^^^^^^^^^^^^^^^^^^^
        func, args, abandon_on_cancel=abandon_on_cancel, limiter=limiter
        ^^^^^^^^^^^^^^^^^^^^^^^^^^^^^^^^^^^^^^^^^^^^^^^^^^^^^^^^^^^^^^^^
    )
    ^
  File "C:\Users\conanferreira\AppData\Roaming\Python\Python313\site-packages\anyio\_backends\_asyncio.py", line 2592, in run_sync_in_worker_thread
    return await future
           ^^^^^^^^^^^^
  File "C:\Users\conanferreira\AppData\Roaming\Python\Python313\site-packages\anyio\_backends\_asyncio.py", line 1029, in run
    result = context.run(func, *args)
  File "C:\Users\conanferreira\Desktop\PROJECT-BLACKBOX\EFDI\backend\tests\test_phase1_foundation.py", line 80, in raise_unhandled
    raise RuntimeError("boom - this should never leak to the client")
RuntimeError: boom - this should never leak to the client
2026-09-07 12:14:30 | INFO     | httpx | HTTP Request: GET http://testserver/raise/unhandled "HTTP/1.1 500 Internal Server Error"
2026-09-07 12:14:30 | INFO     | app.services.auth_service | New user registered: username=reg_7d03acc2 role=FINANCE_MANAGER
2026-09-07 12:14:30 | INFO     | httpx | HTTP Request: POST http://testserver/api/v1/auth/register "HTTP/1.1 201 Created"
2026-09-07 12:14:31 | INFO     | app.services.auth_service | New user registered: username=dup_5f6d1536 role=FINANCE_ANALYST
2026-09-07 12:14:31 | INFO     | httpx | HTTP Request: POST http://testserver/api/v1/auth/register "HTTP/1.1 201 Created"
2026-09-07 12:14:31 | WARNING  | app.main | Handled exception on POST /api/v1/auth/register: User with username 'dup_5f6d1536' already exists
2026-09-07 12:14:31 | INFO     | httpx | HTTP Request: POST http://testserver/api/v1/auth/register "HTTP/1.1 409 Conflict"
2026-09-07 12:14:31 | INFO     | httpx | HTTP Request: POST http://testserver/api/v1/auth/register "HTTP/1.1 422 Unprocessable Entity"
2026-09-07 12:14:31 | INFO     | httpx | HTTP Request: POST http://testserver/api/v1/auth/register "HTTP/1.1 422 Unprocessable Entity"
2026-09-07 12:14:31 | INFO     | app.services.auth_service | New user registered: username=login_315a08f0 role=FINANCE_ANALYST
2026-09-07 12:14:31 | INFO     | httpx | HTTP Request: POST http://testserver/api/v1/auth/register "HTTP/1.1 201 Created"
2026-09-07 12:14:31 | INFO     | app.services.auth_service | User logged in: username=login_315a08f0
2026-09-07 12:14:31 | INFO     | httpx | HTTP Request: POST http://testserver/api/v1/auth/login "HTTP/1.1 200 OK"
2026-09-07 12:14:31 | INFO     | app.services.auth_service | New user registered: username=login_email_ff6a6bd2 role=FINANCE_ANALYST
2026-09-07 12:14:31 | INFO     | httpx | HTTP Request: POST http://testserver/api/v1/auth/register "HTTP/1.1 201 Created"
2026-09-07 12:14:32 | INFO     | app.services.auth_service | User logged in: username=login_email_ff6a6bd2
2026-09-07 12:14:32 | INFO     | httpx | HTTP Request: POST http://testserver/api/v1/auth/login "HTTP/1.1 200 OK"
2026-09-07 12:14:32 | INFO     | app.services.auth_service | New user registered: username=login_ws_21b5b4b6 role=FINANCE_ANALYST
2026-09-07 12:14:32 | INFO     | httpx | HTTP Request: POST http://testserver/api/v1/auth/register "HTTP/1.1 201 Created"
2026-09-07 12:14:32 | INFO     | app.services.auth_service | User logged in: username=login_ws_21b5b4b6
2026-09-07 12:14:32 | INFO     | httpx | HTTP Request: POST http://testserver/api/v1/auth/login "HTTP/1.1 200 OK"
2026-09-07 12:14:32 | INFO     | app.services.auth_service | New user registered: username=wrongpw_044c538f role=FINANCE_ANALYST
2026-09-07 12:14:32 | INFO     | httpx | HTTP Request: POST http://testserver/api/v1/auth/register "HTTP/1.1 201 Created"
2026-09-07 12:14:33 | WARNING  | app.main | Handled exception on POST /api/v1/auth/login: Incorrect username or password
2026-09-07 12:14:33 | INFO     | httpx | HTTP Request: POST http://testserver/api/v1/auth/login "HTTP/1.1 401 Unauthorized"
2026-09-07 12:14:33 | WARNING  | app.main | Handled exception on POST /api/v1/auth/login: Incorrect username or password
2026-09-07 12:14:33 | INFO     | httpx | HTTP Request: POST http://testserver/api/v1/auth/login "HTTP/1.1 401 Unauthorized"
2026-09-07 12:14:33 | INFO     | app.services.auth_service | New user registered: username=me_6c10c16a role=FINANCE_ANALYST
2026-09-07 12:14:33 | INFO     | httpx | HTTP Request: POST http://testserver/api/v1/auth/register "HTTP/1.1 201 Created"
2026-09-07 12:14:33 | INFO     | app.services.auth_service | User logged in: username=me_6c10c16a
2026-09-07 12:14:33 | INFO     | httpx | HTTP Request: POST http://testserver/api/v1/auth/login "HTTP/1.1 200 OK"
2026-09-07 12:14:33 | INFO     | httpx | HTTP Request: GET http://testserver/api/v1/auth/me "HTTP/1.1 200 OK"
2026-09-07 12:14:33 | WARNING  | app.main | Handled exception on GET /api/v1/auth/me: Not authenticated
2026-09-07 12:14:33 | INFO     | httpx | HTTP Request: GET http://testserver/api/v1/auth/me "HTTP/1.1 401 Unauthorized"
2026-09-07 12:14:33 | WARNING  | app.main | Handled exception on GET /api/v1/auth/me: Invalid or expired token
2026-09-07 12:14:33 | INFO     | httpx | HTTP Request: GET http://testserver/api/v1/auth/me "HTTP/1.1 401 Unauthorized"
2026-09-07 12:14:33 | INFO     | app.services.auth_service | New user registered: username=admin_11625f33 role=ADMIN
2026-09-07 12:14:33 | INFO     | httpx | HTTP Request: POST http://testserver/api/v1/auth/register "HTTP/1.1 201 Created"
2026-09-07 12:14:34 | INFO     | app.services.auth_service | User logged in: username=admin_11625f33
2026-09-07 12:14:34 | INFO     | httpx | HTTP Request: POST http://testserver/api/v1/auth/login "HTTP/1.1 200 OK"
2026-09-07 12:14:34 | INFO     | httpx | HTTP Request: GET http://testserver/api/v1/users "HTTP/1.1 200 OK"
2026-09-07 12:14:34 | INFO     | app.services.auth_service | New user registered: username=finance_manager_5fd5570f role=FINANCE_MANAGER
2026-09-07 12:14:34 | INFO     | httpx | HTTP Request: POST http://testserver/api/v1/auth/register "HTTP/1.1 201 Created"
2026-09-07 12:14:34 | INFO     | app.services.auth_service | User logged in: username=finance_manager_5fd5570f
2026-09-07 12:14:34 | INFO     | httpx | HTTP Request: POST http://testserver/api/v1/auth/login "HTTP/1.1 200 OK"
2026-09-07 12:14:34 | WARNING  | app.main | Handled exception on GET /api/v1/users: This action requires one of the following roles: ['ADMIN']
2026-09-07 12:14:34 | INFO     | httpx | HTTP Request: GET http://testserver/api/v1/users "HTTP/1.1 403 Forbidden"
2026-09-07 12:14:35 | INFO     | app.services.auth_service | New user registered: username=finance_analyst_aab8ce84 role=FINANCE_ANALYST
2026-09-07 12:14:35 | INFO     | httpx | HTTP Request: POST http://testserver/api/v1/auth/register "HTTP/1.1 201 Created"
2026-09-07 12:14:35 | INFO     | app.services.auth_service | User logged in: username=finance_analyst_aab8ce84
2026-09-07 12:14:35 | INFO     | httpx | HTTP Request: POST http://testserver/api/v1/auth/login "HTTP/1.1 200 OK"
2026-09-07 12:14:35 | WARNING  | app.main | Handled exception on GET /api/v1/users: This action requires one of the following roles: ['ADMIN']
2026-09-07 12:14:35 | INFO     | httpx | HTTP Request: GET http://testserver/api/v1/users "HTTP/1.1 403 Forbidden"
2026-09-07 12:14:35 | INFO     | app.services.auth_service | New user registered: username=auditor_6007c78d role=AUDITOR
2026-09-07 12:14:35 | INFO     | httpx | HTTP Request: POST http://testserver/api/v1/auth/register "HTTP/1.1 201 Created"
2026-09-07 12:14:35 | INFO     | app.services.auth_service | User logged in: username=auditor_6007c78d
2026-09-07 12:14:35 | INFO     | httpx | HTTP Request: POST http://testserver/api/v1/auth/login "HTTP/1.1 200 OK"
2026-09-07 12:14:35 | WARNING  | app.main | Handled exception on GET /api/v1/users: This action requires one of the following roles: ['ADMIN']
2026-09-07 12:14:35 | INFO     | httpx | HTTP Request: GET http://testserver/api/v1/users "HTTP/1.1 403 Forbidden"
2026-09-07 12:14:36 | INFO     | app.services.auth_service | New user registered: username=admin2_3275fa1f role=ADMIN
2026-09-07 12:14:36 | INFO     | httpx | HTTP Request: POST http://testserver/api/v1/auth/register "HTTP/1.1 201 Created"
2026-09-07 12:14:36 | INFO     | app.services.auth_service | User logged in: username=admin2_3275fa1f
2026-09-07 12:14:36 | INFO     | httpx | HTTP Request: POST http://testserver/api/v1/auth/login "HTTP/1.1 200 OK"
2026-09-07 12:14:36 | INFO     | app.services.auth_service | New user registered: username=target_caff86cf role=FINANCE_ANALYST
2026-09-07 12:14:36 | INFO     | httpx | HTTP Request: POST http://testserver/api/v1/auth/register "HTTP/1.1 201 Created"
2026-09-07 12:14:36 | INFO     | httpx | HTTP Request: PATCH http://testserver/api/v1/users/1092/role "HTTP/1.1 200 OK"
2026-09-07 12:14:36 | INFO     | app.services.auth_service | New user registered: username=admin3_18d16e79 role=ADMIN
2026-09-07 12:14:36 | INFO     | httpx | HTTP Request: POST http://testserver/api/v1/auth/register "HTTP/1.1 201 Created"
2026-09-07 12:14:37 | INFO     | app.services.auth_service | User logged in: username=admin3_18d16e79
2026-09-07 12:14:37 | INFO     | httpx | HTTP Request: POST http://testserver/api/v1/auth/login "HTTP/1.1 200 OK"
2026-09-07 12:14:37 | INFO     | app.services.auth_service | New user registered: username=deact_b81a365d role=FINANCE_ANALYST
2026-09-07 12:14:37 | INFO     | httpx | HTTP Request: POST http://testserver/api/v1/auth/register "HTTP/1.1 201 Created"
2026-09-07 12:14:37 | INFO     | httpx | HTTP Request: PATCH http://testserver/api/v1/users/1094/status "HTTP/1.1 200 OK"
2026-09-07 12:14:37 | WARNING  | app.main | Handled exception on POST /api/v1/auth/login: This account has been deactivated
2026-09-07 12:14:37 | INFO     | httpx | HTTP Request: POST http://testserver/api/v1/auth/login "HTTP/1.1 401 Unauthorized"
2026-09-07 12:14:37 | INFO     | app.services.auth_service | New user registered: username=admin4_8c183e17 role=ADMIN
2026-09-07 12:14:37 | INFO     | httpx | HTTP Request: POST http://testserver/api/v1/auth/register "HTTP/1.1 201 Created"
2026-09-07 12:14:37 | INFO     | app.services.auth_service | User logged in: username=admin4_8c183e17
2026-09-07 12:14:37 | INFO     | httpx | HTTP Request: POST http://testserver/api/v1/auth/login "HTTP/1.1 200 OK"
2026-09-07 12:14:38 | INFO     | app.services.auth_service | New user registered: username=midsession_3e39255c role=FINANCE_ANALYST
2026-09-07 12:14:38 | INFO     | httpx | HTTP Request: POST http://testserver/api/v1/auth/register "HTTP/1.1 201 Created"
2026-09-07 12:14:38 | INFO     | app.services.auth_service | User logged in: username=midsession_3e39255c
2026-09-07 12:14:38 | INFO     | httpx | HTTP Request: POST http://testserver/api/v1/auth/login "HTTP/1.1 200 OK"
2026-09-07 12:14:38 | INFO     | httpx | HTTP Request: GET http://testserver/api/v1/auth/me "HTTP/1.1 200 OK"
2026-09-07 12:14:38 | INFO     | httpx | HTTP Request: PATCH http://testserver/api/v1/users/1096/status "HTTP/1.1 200 OK"
2026-09-07 12:14:38 | WARNING  | app.main | Handled exception on GET /api/v1/auth/me: This account has been deactivated
2026-09-07 12:14:38 | INFO     | httpx | HTTP Request: GET http://testserver/api/v1/auth/me "HTTP/1.1 401 Unauthorized"
2026-09-07 12:14:38 | INFO     | app.services.auth_service | New user registered: username=notadmin_5844afc4 role=FINANCE_ANALYST
2026-09-07 12:14:38 | INFO     | httpx | HTTP Request: POST http://testserver/api/v1/auth/register "HTTP/1.1 201 Created"
2026-09-07 12:14:38 | INFO     | app.services.auth_service | User logged in: username=notadmin_5844afc4
2026-09-07 12:14:38 | INFO     | httpx | HTTP Request: POST http://testserver/api/v1/auth/login "HTTP/1.1 200 OK"
2026-09-07 12:14:38 | WARNING  | app.main | Handled exception on PATCH /api/v1/users/1097/role: This action requires one of the following roles: ['ADMIN']
2026-09-07 12:14:38 | INFO     | httpx | HTTP Request: PATCH http://testserver/api/v1/users/1097/role "HTTP/1.1 403 Forbidden"
2026-09-07 12:14:39 | INFO     | app.services.auth_service | New user registered: username=user_1050c471 role=FINANCE_ANALYST
2026-09-07 12:14:39 | INFO     | httpx | HTTP Request: POST http://testserver/api/v1/auth/register "HTTP/1.1 201 Created"
2026-09-07 12:14:39 | INFO     | app.services.auth_service | User logged in: username=user_1050c471
2026-09-07 12:14:39 | INFO     | httpx | HTTP Request: POST http://testserver/api/v1/auth/login "HTTP/1.1 200 OK"
2026-09-07 12:14:39 | INFO     | app.services.document_service | Document uploaded: id=1013 filename=invoice.pdf by_user=user_1050c471
2026-09-07 12:14:39 | INFO     | httpx | HTTP Request: POST http://testserver/api/v1/documents/upload "HTTP/1.1 201 Created"
2026-09-07 12:14:39 | INFO     | app.services.auth_service | New user registered: username=user_7767e74c role=FINANCE_ANALYST
2026-09-07 12:14:39 | INFO     | httpx | HTTP Request: POST http://testserver/api/v1/auth/register "HTTP/1.1 201 Created"
2026-09-07 12:14:39 | INFO     | app.services.auth_service | User logged in: username=user_7767e74c
2026-09-07 12:14:39 | INFO     | httpx | HTTP Request: POST http://testserver/api/v1/auth/login "HTTP/1.1 200 OK"
2026-09-07 12:14:39 | WARNING  | app.main | Handled exception on POST /api/v1/documents/upload: Unsupported file type 'text/plain'. Allowed types: application/pdf, image/png, image/jpeg
2026-09-07 12:14:39 | INFO     | httpx | HTTP Request: POST http://testserver/api/v1/documents/upload "HTTP/1.1 422 Unprocessable Entity"
2026-09-07 12:14:40 | INFO     | app.services.auth_service | New user registered: username=user_32515899 role=FINANCE_ANALYST
2026-09-07 12:14:40 | INFO     | httpx | HTTP Request: POST http://testserver/api/v1/auth/register "HTTP/1.1 201 Created"
2026-09-07 12:14:40 | INFO     | app.services.auth_service | User logged in: username=user_32515899
2026-09-07 12:14:40 | INFO     | httpx | HTTP Request: POST http://testserver/api/v1/auth/login "HTTP/1.1 200 OK"
2026-09-07 12:14:40 | WARNING  | app.main | Handled exception on POST /api/v1/documents/upload: File exceeds the maximum allowed size of 0MB
2026-09-07 12:14:40 | INFO     | httpx | HTTP Request: POST http://testserver/api/v1/documents/upload "HTTP/1.1 422 Unprocessable Entity"
2026-09-07 12:14:40 | WARNING  | app.main | Handled exception on POST /api/v1/documents/upload: Not authenticated
2026-09-07 12:14:40 | INFO     | httpx | HTTP Request: POST http://testserver/api/v1/documents/upload "HTTP/1.1 401 Unauthorized"
2026-09-07 12:14:40 | INFO     | app.services.auth_service | New user registered: username=user_f4691274 role=FINANCE_ANALYST
2026-09-07 12:14:40 | INFO     | httpx | HTTP Request: POST http://testserver/api/v1/auth/register "HTTP/1.1 201 Created"
2026-09-07 12:14:40 | INFO     | app.services.auth_service | User logged in: username=user_f4691274
2026-09-07 12:14:40 | INFO     | httpx | HTTP Request: POST http://testserver/api/v1/auth/login "HTTP/1.1 200 OK"
2026-09-07 12:14:40 | INFO     | app.services.document_service | Document uploaded: id=1014 filename=roundtrip.pdf by_user=user_f4691274
2026-09-07 12:14:40 | INFO     | httpx | HTTP Request: POST http://testserver/api/v1/documents/upload "HTTP/1.1 201 Created"
2026-09-07 12:14:40 | INFO     | httpx | HTTP Request: GET http://testserver/api/v1/documents/1014/download "HTTP/1.1 200 OK"
2026-09-07 12:14:41 | INFO     | app.services.auth_service | New user registered: username=user_c7fbf935 role=FINANCE_ANALYST
2026-09-07 12:14:41 | INFO     | httpx | HTTP Request: POST http://testserver/api/v1/auth/register "HTTP/1.1 201 Created"
2026-09-07 12:14:41 | INFO     | app.services.auth_service | User logged in: username=user_c7fbf935
2026-09-07 12:14:41 | INFO     | httpx | HTTP Request: POST http://testserver/api/v1/auth/login "HTTP/1.1 200 OK"
2026-09-07 12:14:41 | WARNING  | app.main | Handled exception on GET /api/v1/documents/99999999: Document with id '99999999' not found
2026-09-07 12:14:41 | INFO     | httpx | HTTP Request: GET http://testserver/api/v1/documents/99999999 "HTTP/1.1 404 Not Found"
2026-09-07 12:14:41 | INFO     | app.services.auth_service | New user registered: username=analyst_a_b991345e role=FINANCE_ANALYST
2026-09-07 12:14:41 | INFO     | httpx | HTTP Request: POST http://testserver/api/v1/auth/register "HTTP/1.1 201 Created"
2026-09-07 12:14:41 | INFO     | app.services.auth_service | User logged in: username=analyst_a_b991345e
2026-09-07 12:14:41 | INFO     | httpx | HTTP Request: POST http://testserver/api/v1/auth/login "HTTP/1.1 200 OK"
2026-09-07 12:14:42 | INFO     | app.services.auth_service | New user registered: username=analyst_b_d9ae4f67 role=FINANCE_ANALYST
2026-09-07 12:14:42 | INFO     | httpx | HTTP Request: POST http://testserver/api/v1/auth/register "HTTP/1.1 201 Created"
2026-09-07 12:14:42 | INFO     | app.services.auth_service | User logged in: username=analyst_b_d9ae4f67
2026-09-07 12:14:42 | INFO     | httpx | HTTP Request: POST http://testserver/api/v1/auth/login "HTTP/1.1 200 OK"
2026-09-07 12:14:42 | INFO     | app.services.document_service | Document uploaded: id=1015 filename=a_doc.pdf by_user=analyst_a_b991345e
2026-09-07 12:14:42 | INFO     | httpx | HTTP Request: POST http://testserver/api/v1/documents/upload "HTTP/1.1 201 Created"
2026-09-07 12:14:42 | INFO     | app.services.document_service | Document uploaded: id=1016 filename=b_doc.pdf by_user=analyst_b_d9ae4f67
2026-09-07 12:14:42 | INFO     | httpx | HTTP Request: POST http://testserver/api/v1/documents/upload "HTTP/1.1 201 Created"
2026-09-07 12:14:42 | INFO     | httpx | HTTP Request: GET http://testserver/api/v1/documents "HTTP/1.1 200 OK"
2026-09-07 12:14:42 | INFO     | app.services.auth_service | New user registered: username=direct_a_417a593f role=FINANCE_ANALYST
2026-09-07 12:14:42 | INFO     | httpx | HTTP Request: POST http://testserver/api/v1/auth/register "HTTP/1.1 201 Created"
2026-09-07 12:14:42 | INFO     | app.services.auth_service | User logged in: username=direct_a_417a593f
2026-09-07 12:14:42 | INFO     | httpx | HTTP Request: POST http://testserver/api/v1/auth/login "HTTP/1.1 200 OK"
2026-09-07 12:14:42 | INFO     | app.services.auth_service | New user registered: username=direct_b_a047e55c role=FINANCE_ANALYST
2026-09-07 12:14:42 | INFO     | httpx | HTTP Request: POST http://testserver/api/v1/auth/register "HTTP/1.1 201 Created"
2026-09-07 12:14:43 | INFO     | app.services.auth_service | User logged in: username=direct_b_a047e55c
2026-09-07 12:14:43 | INFO     | httpx | HTTP Request: POST http://testserver/api/v1/auth/login "HTTP/1.1 200 OK"
2026-09-07 12:14:43 | INFO     | app.services.document_service | Document uploaded: id=1017 filename=private.pdf by_user=direct_b_a047e55c
2026-09-07 12:14:43 | INFO     | httpx | HTTP Request: POST http://testserver/api/v1/documents/upload "HTTP/1.1 201 Created"
2026-09-07 12:14:43 | WARNING  | app.main | Handled exception on GET /api/v1/documents/1017: You may only access documents you uploaded
2026-09-07 12:14:43 | INFO     | httpx | HTTP Request: GET http://testserver/api/v1/documents/1017 "HTTP/1.1 403 Forbidden"
2026-09-07 12:14:43 | INFO     | app.services.auth_service | New user registered: username=oversight_target_724e5232 role=FINANCE_ANALYST
2026-09-07 12:14:43 | INFO     | httpx | HTTP Request: POST http://testserver/api/v1/auth/register "HTTP/1.1 201 Created"
2026-09-07 12:14:43 | INFO     | app.services.auth_service | User logged in: username=oversight_target_724e5232
2026-09-07 12:14:43 | INFO     | httpx | HTTP Request: POST http://testserver/api/v1/auth/login "HTTP/1.1 200 OK"
2026-09-07 12:14:43 | INFO     | app.services.auth_service | New user registered: username=oversight_auditor_1ffa7185 role=AUDITOR
2026-09-07 12:14:43 | INFO     | httpx | HTTP Request: POST http://testserver/api/v1/auth/register "HTTP/1.1 201 Created"
2026-09-07 12:14:44 | INFO     | app.services.auth_service | User logged in: username=oversight_auditor_1ffa7185
2026-09-07 12:14:44 | INFO     | httpx | HTTP Request: POST http://testserver/api/v1/auth/login "HTTP/1.1 200 OK"
2026-09-07 12:14:44 | INFO     | app.services.document_service | Document uploaded: id=1018 filename=oversight.pdf by_user=oversight_target_724e5232
2026-09-07 12:14:44 | INFO     | httpx | HTTP Request: POST http://testserver/api/v1/documents/upload "HTTP/1.1 201 Created"
2026-09-07 12:14:44 | INFO     | httpx | HTTP Request: GET http://testserver/api/v1/documents/1018 "HTTP/1.1 200 OK"
2026-09-07 12:14:44 | INFO     | app.services.auth_service | New user registered: username=search_user_bc4ed740 role=FINANCE_ANALYST
2026-09-07 12:14:44 | INFO     | httpx | HTTP Request: POST http://testserver/api/v1/auth/register "HTTP/1.1 201 Created"
2026-09-07 12:14:44 | INFO     | app.services.auth_service | User logged in: username=search_user_bc4ed740
2026-09-07 12:14:44 | INFO     | httpx | HTTP Request: POST http://testserver/api/v1/auth/login "HTTP/1.1 200 OK"
2026-09-07 12:14:44 | INFO     | app.services.document_service | Document uploaded: id=1019 filename=findme_74226769.pdf by_user=search_user_bc4ed740
2026-09-07 12:14:44 | INFO     | httpx | HTTP Request: POST http://testserver/api/v1/documents/upload "HTTP/1.1 201 Created"
2026-09-07 12:14:44 | INFO     | app.services.document_service | Document uploaded: id=1020 filename=other_74226769.pdf by_user=search_user_bc4ed740
2026-09-07 12:14:44 | INFO     | httpx | HTTP Request: POST http://testserver/api/v1/documents/upload "HTTP/1.1 201 Created"
2026-09-07 12:14:44 | INFO     | httpx | HTTP Request: GET http://testserver/api/v1/documents?filename=findme_74226769 "HTTP/1.1 200 OK"
2026-09-07 12:14:45 | INFO     | app.services.auth_service | New user registered: username=deleter_98f99422 role=FINANCE_ANALYST
2026-09-07 12:14:45 | INFO     | httpx | HTTP Request: POST http://testserver/api/v1/auth/register "HTTP/1.1 201 Created"
2026-09-07 12:14:45 | INFO     | app.services.auth_service | User logged in: username=deleter_98f99422
2026-09-07 12:14:45 | INFO     | httpx | HTTP Request: POST http://testserver/api/v1/auth/login "HTTP/1.1 200 OK"
2026-09-07 12:14:45 | INFO     | app.services.document_service | Document uploaded: id=1021 filename=to_delete.pdf by_user=deleter_98f99422
2026-09-07 12:14:45 | INFO     | httpx | HTTP Request: POST http://testserver/api/v1/documents/upload "HTTP/1.1 201 Created"
2026-09-07 12:14:45 | INFO     | app.services.document_service | Document soft-deleted: id=1021 by_user=deleter_98f99422
2026-09-07 12:14:45 | INFO     | httpx | HTTP Request: DELETE http://testserver/api/v1/documents/1021 "HTTP/1.1 200 OK"
2026-09-07 12:14:45 | WARNING  | app.main | Handled exception on GET /api/v1/documents/1021: Document with id '1021' not found
2026-09-07 12:14:45 | INFO     | httpx | HTTP Request: GET http://testserver/api/v1/documents/1021 "HTTP/1.1 404 Not Found"
2026-09-07 12:14:45 | INFO     | app.services.auth_service | New user registered: username=victim_57230ef7 role=FINANCE_ANALYST
2026-09-07 12:14:45 | INFO     | httpx | HTTP Request: POST http://testserver/api/v1/auth/register "HTTP/1.1 201 Created"
2026-09-07 12:14:45 | INFO     | app.services.auth_service | User logged in: username=victim_57230ef7
2026-09-07 12:14:45 | INFO     | httpx | HTTP Request: POST http://testserver/api/v1/auth/login "HTTP/1.1 200 OK"
2026-09-07 12:14:46 | INFO     | app.services.auth_service | New user registered: username=attacker_ae8e5408 role=FINANCE_ANALYST
2026-09-07 12:14:46 | INFO     | httpx | HTTP Request: POST http://testserver/api/v1/auth/register "HTTP/1.1 201 Created"
2026-09-07 12:14:46 | INFO     | app.services.auth_service | User logged in: username=attacker_ae8e5408
2026-09-07 12:14:46 | INFO     | httpx | HTTP Request: POST http://testserver/api/v1/auth/login "HTTP/1.1 200 OK"
2026-09-07 12:14:46 | INFO     | app.services.document_service | Document uploaded: id=1022 filename=victim_doc.pdf by_user=victim_57230ef7
2026-09-07 12:14:46 | INFO     | httpx | HTTP Request: POST http://testserver/api/v1/documents/upload "HTTP/1.1 201 Created"
2026-09-07 12:14:46 | WARNING  | app.main | Handled exception on DELETE /api/v1/documents/1022: You may only access documents you uploaded
2026-09-07 12:14:46 | INFO     | httpx | HTTP Request: DELETE http://testserver/api/v1/documents/1022 "HTTP/1.1 403 Forbidden"
2026-09-07 12:14:46 | INFO     | app.extraction.llm_extractor | LLM extractor initialized: provider=mistral model=mistral-small-2603 api_base=https://api.mistral.ai/v1 api_key_configured=True
2026-09-07 12:14:46 | INFO     | app.extraction.llm_extractor | LLM extractor initialized: provider=mistral model=mistral-small-2603 api_base=https://api.mistral.ai/v1 api_key_configured=True
2026-09-07 12:14:46 | ERROR    | app.extraction.llm_extractor | LLM extraction failed: HTTP Error 429: Too Many Requests. Falling back to rule-based extractor.
2026-09-07 12:14:46 | INFO     | httpx | HTTP Request: GET http://testserver/api/v1/ocr/engines "HTTP/1.1 200 OK"
2026-09-07 12:14:46 | INFO     | app.services.auth_service | New user registered: username=ocruser_690d9bcd role=FINANCE_ANALYST
2026-09-07 12:14:46 | INFO     | httpx | HTTP Request: POST http://testserver/api/v1/auth/register "HTTP/1.1 201 Created"
2026-09-07 12:14:47 | INFO     | app.services.auth_service | User logged in: username=ocruser_690d9bcd
2026-09-07 12:14:47 | INFO     | httpx | HTTP Request: POST http://testserver/api/v1/auth/login "HTTP/1.1 200 OK"
2026-09-07 12:14:47 | INFO     | app.services.document_service | Document uploaded: id=1023 filename=ocr_test.pdf by_user=ocruser_690d9bcd
2026-09-07 12:14:47 | INFO     | httpx | HTTP Request: POST http://testserver/api/v1/documents/upload "HTTP/1.1 201 Created"
2026-09-07 12:14:47 | INFO     | app.services.ocr_service | OCR completed: document_id=1023 engine=stub pages=1 avg_confidence=0.42 time_ms=126 status=OCR_COMPLETED
2026-09-07 12:14:47 | INFO     | httpx | HTTP Request: POST http://testserver/api/v1/ocr/documents/1023/run "HTTP/1.1 201 Created"
2026-09-07 12:14:47 | INFO     | httpx | HTTP Request: GET http://testserver/api/v1/documents/1023 "HTTP/1.1 200 OK"
2026-09-07 12:14:47 | INFO     | app.services.auth_service | New user registered: username=ocrlatest_10804c42 role=FINANCE_ANALYST
2026-09-07 12:14:47 | INFO     | httpx | HTTP Request: POST http://testserver/api/v1/auth/register "HTTP/1.1 201 Created"
2026-09-07 12:14:47 | INFO     | app.services.auth_service | User logged in: username=ocrlatest_10804c42
2026-09-07 12:14:47 | INFO     | httpx | HTTP Request: POST http://testserver/api/v1/auth/login "HTTP/1.1 200 OK"
2026-09-07 12:14:47 | INFO     | app.services.document_service | Document uploaded: id=1024 filename=latest_test.pdf by_user=ocrlatest_10804c42
2026-09-07 12:14:47 | INFO     | httpx | HTTP Request: POST http://testserver/api/v1/documents/upload "HTTP/1.1 201 Created"
2026-09-07 12:14:48 | INFO     | app.services.ocr_service | OCR completed: document_id=1024 engine=stub pages=1 avg_confidence=0.42 time_ms=110 status=OCR_COMPLETED
2026-09-07 12:14:48 | INFO     | httpx | HTTP Request: POST http://testserver/api/v1/ocr/documents/1024/run "HTTP/1.1 201 Created"
2026-09-07 12:14:48 | INFO     | httpx | HTTP Request: GET http://testserver/api/v1/ocr/documents/1024/result "HTTP/1.1 200 OK"
2026-09-07 12:14:48 | INFO     | app.services.auth_service | New user registered: username=ocrnorun_d3383da0 role=FINANCE_ANALYST
2026-09-07 12:14:48 | INFO     | httpx | HTTP Request: POST http://testserver/api/v1/auth/register "HTTP/1.1 201 Created"
2026-09-07 12:14:48 | INFO     | app.services.auth_service | User logged in: username=ocrnorun_d3383da0
2026-09-07 12:14:48 | INFO     | httpx | HTTP Request: POST http://testserver/api/v1/auth/login "HTTP/1.1 200 OK"
2026-09-07 12:14:48 | INFO     | app.services.document_service | Document uploaded: id=1025 filename=no_ocr_yet.pdf by_user=ocrnorun_d3383da0
2026-09-07 12:14:48 | INFO     | httpx | HTTP Request: POST http://testserver/api/v1/documents/upload "HTTP/1.1 201 Created"
2026-09-07 12:14:48 | WARNING  | app.main | Handled exception on GET /api/v1/ocr/documents/1025/result: OCR result for document with id '1025' not found
2026-09-07 12:14:48 | INFO     | httpx | HTTP Request: GET http://testserver/api/v1/ocr/documents/1025/result "HTTP/1.1 404 Not Found"
2026-09-07 12:14:48 | INFO     | app.services.auth_service | New user registered: username=ocrmulti_692f4ca7 role=FINANCE_ANALYST
2026-09-07 12:14:48 | INFO     | httpx | HTTP Request: POST http://testserver/api/v1/auth/register "HTTP/1.1 201 Created"
2026-09-07 12:14:49 | INFO     | app.services.auth_service | User logged in: username=ocrmulti_692f4ca7
2026-09-07 12:14:49 | INFO     | httpx | HTTP Request: POST http://testserver/api/v1/auth/login "HTTP/1.1 200 OK"
2026-09-07 12:14:49 | INFO     | app.services.document_service | Document uploaded: id=1026 filename=multi_run.pdf by_user=ocrmulti_692f4ca7
2026-09-07 12:14:49 | INFO     | httpx | HTTP Request: POST http://testserver/api/v1/documents/upload "HTTP/1.1 201 Created"
2026-09-07 12:14:49 | INFO     | app.services.ocr_service | OCR completed: document_id=1026 engine=stub pages=1 avg_confidence=0.42 time_ms=106 status=OCR_COMPLETED
2026-09-07 12:14:49 | INFO     | httpx | HTTP Request: POST http://testserver/api/v1/ocr/documents/1026/run "HTTP/1.1 201 Created"
2026-09-07 12:14:49 | INFO     | app.services.ocr_service | OCR completed: document_id=1026 engine=stub pages=1 avg_confidence=0.42 time_ms=113 status=OCR_COMPLETED
2026-09-07 12:14:49 | INFO     | httpx | HTTP Request: POST http://testserver/api/v1/ocr/documents/1026/run "HTTP/1.1 201 Created"
2026-09-07 12:14:49 | INFO     | httpx | HTTP Request: GET http://testserver/api/v1/ocr/documents/1026/results "HTTP/1.1 200 OK"
2026-09-07 12:14:49 | INFO     | app.services.auth_service | New user registered: username=ocrowner_e877d21d role=FINANCE_ANALYST
2026-09-07 12:14:49 | INFO     | httpx | HTTP Request: POST http://testserver/api/v1/auth/register "HTTP/1.1 201 Created"
2026-09-07 12:14:49 | INFO     | app.services.auth_service | User logged in: username=ocrowner_e877d21d
2026-09-07 12:14:49 | INFO     | httpx | HTTP Request: POST http://testserver/api/v1/auth/login "HTTP/1.1 200 OK"
2026-09-07 12:14:50 | INFO     | app.services.auth_service | New user registered: username=ocrother_3434e118 role=FINANCE_ANALYST
2026-09-07 12:14:50 | INFO     | httpx | HTTP Request: POST http://testserver/api/v1/auth/register "HTTP/1.1 201 Created"
2026-09-07 12:14:50 | INFO     | app.services.auth_service | User logged in: username=ocrother_3434e118
2026-09-07 12:14:50 | INFO     | httpx | HTTP Request: POST http://testserver/api/v1/auth/login "HTTP/1.1 200 OK"
2026-09-07 12:14:50 | INFO     | app.services.document_service | Document uploaded: id=1027 filename=owned.pdf by_user=ocrowner_e877d21d
2026-09-07 12:14:50 | INFO     | httpx | HTTP Request: POST http://testserver/api/v1/documents/upload "HTTP/1.1 201 Created"
2026-09-07 12:14:50 | WARNING  | app.main | Handled exception on POST /api/v1/ocr/documents/1027/run: You may only access documents you uploaded
2026-09-07 12:14:50 | INFO     | httpx | HTTP Request: POST http://testserver/api/v1/ocr/documents/1027/run "HTTP/1.1 403 Forbidden"
2026-09-07 12:14:50 | INFO     | app.services.auth_service | New user registered: username=ocrimage_92736c2f role=FINANCE_ANALYST
2026-09-07 12:14:50 | INFO     | httpx | HTTP Request: POST http://testserver/api/v1/auth/register "HTTP/1.1 201 Created"
2026-09-07 12:14:50 | INFO     | app.services.auth_service | User logged in: username=ocrimage_92736c2f
2026-09-07 12:14:50 | INFO     | httpx | HTTP Request: POST http://testserver/api/v1/auth/login "HTTP/1.1 200 OK"
2026-09-07 12:14:50 | INFO     | app.services.document_service | Document uploaded: id=1028 filename=receipt.png by_user=ocrimage_92736c2f
2026-09-07 12:14:50 | INFO     | httpx | HTTP Request: POST http://testserver/api/v1/documents/upload "HTTP/1.1 201 Created"
2026-09-07 12:14:50 | INFO     | app.services.ocr_service | OCR completed: document_id=1028 engine=stub pages=1 avg_confidence=0.42 time_ms=1 status=OCR_COMPLETED
2026-09-07 12:14:51 | INFO     | httpx | HTTP Request: POST http://testserver/api/v1/ocr/documents/1028/run "HTTP/1.1 201 Created"
2026-09-07 12:14:51 | INFO     | app.services.auth_service | New user registered: username=ocrbadengine_a02fe01e role=FINANCE_ANALYST
2026-09-07 12:14:51 | INFO     | httpx | HTTP Request: POST http://testserver/api/v1/auth/register "HTTP/1.1 201 Created"
2026-09-07 12:14:51 | INFO     | app.services.auth_service | User logged in: username=ocrbadengine_a02fe01e
2026-09-07 12:14:51 | INFO     | httpx | HTTP Request: POST http://testserver/api/v1/auth/login "HTTP/1.1 200 OK"
2026-09-07 12:14:51 | INFO     | app.services.document_service | Document uploaded: id=1029 filename=bad_engine.pdf by_user=ocrbadengine_a02fe01e
2026-09-07 12:14:51 | INFO     | httpx | HTTP Request: POST http://testserver/api/v1/documents/upload "HTTP/1.1 201 Created"
2026-09-07 12:14:51 | ERROR    | app.services.ocr_service | OCR failed for document 1029
Traceback (most recent call last):
  File "C:\Users\conanferreira\Desktop\PROJECT-BLACKBOX\EFDI\backend\app\services\ocr_service.py", line 63, in run_ocr
    engine = get_ocr_engine(engine_name)
  File "C:\Users\conanferreira\Desktop\PROJECT-BLACKBOX\EFDI\backend\app\ocr\factory.py", line 46, in get_ocr_engine
    raise ValidationFailedException(
        f"Unknown OCR engine '{engine_name}'. Supported engines: {list(SUPPORTED_ENGINES)}"
    )
app.core.exceptions.ValidationFailedException: Unknown OCR engine 'definitely_not_a_real_engine'. Supported engines: ['easyocr', 'stub']
2026-09-07 12:14:51 | WARNING  | app.main | Handled exception on POST /api/v1/ocr/documents/1029/run: Unknown OCR engine 'definitely_not_a_real_engine'. Supported engines: ['easyocr', 'stub']
2026-09-07 12:14:51 | INFO     | httpx | HTTP Request: POST http://testserver/api/v1/ocr/documents/1029/run "HTTP/1.1 422 Unprocessable Entity"
2026-09-07 12:14:51 | INFO     | app.services.auth_service | New user registered: username=ocrpaddlecheck_c0e5bf8c role=FINANCE_ANALYST
2026-09-07 12:14:51 | INFO     | httpx | HTTP Request: POST http://testserver/api/v1/auth/register "HTTP/1.1 201 Created"
2026-09-07 12:14:52 | INFO     | app.services.auth_service | User logged in: username=ocrpaddlecheck_c0e5bf8c
2026-09-07 12:14:52 | INFO     | httpx | HTTP Request: POST http://testserver/api/v1/auth/login "HTTP/1.1 200 OK"
2026-09-07 12:14:52 | INFO     | app.services.document_service | Document uploaded: id=1030 filename=paddle_check.pdf by_user=ocrpaddlecheck_c0e5bf8c
2026-09-07 12:14:52 | INFO     | httpx | HTTP Request: POST http://testserver/api/v1/documents/upload "HTTP/1.1 201 Created"
2026-09-07 12:14:52 | ERROR    | app.services.ocr_service | OCR failed for document 1030
Traceback (most recent call last):
  File "C:\Users\conanferreira\Desktop\PROJECT-BLACKBOX\EFDI\backend\app\services\ocr_service.py", line 63, in run_ocr
    engine = get_ocr_engine(engine_name)
  File "C:\Users\conanferreira\Desktop\PROJECT-BLACKBOX\EFDI\backend\app\ocr\factory.py", line 46, in get_ocr_engine
    raise ValidationFailedException(
        f"Unknown OCR engine '{engine_name}'. Supported engines: {list(SUPPORTED_ENGINES)}"
    )
app.core.exceptions.ValidationFailedException: Unknown OCR engine 'paddleocr'. Supported engines: ['easyocr', 'stub']
2026-09-07 12:14:52 | WARNING  | app.main | Handled exception on POST /api/v1/ocr/documents/1030/run: Unknown OCR engine 'paddleocr'. Supported engines: ['easyocr', 'stub']
2026-09-07 12:14:52 | INFO     | httpx | HTTP Request: POST http://testserver/api/v1/ocr/documents/1030/run "HTTP/1.1 422 Unprocessable Entity"
2026-09-07 12:14:52 | ERROR    | app.extraction.parallel_orchestrator | LLMBasedExtractor failed in parallel execution: OpenAI API connection timeout
2026-09-07 12:14:52 | ERROR    | app.extraction.parallel_orchestrator | RuleBasedExtractor failed in parallel execution: Rule regex engine memory error
2026-09-07 12:14:52 | ERROR    | app.extraction.parallel_orchestrator | RuleBasedExtractor failed in parallel execution: Rule crash
2026-09-07 12:14:52 | ERROR    | app.extraction.parallel_orchestrator | LLMBasedExtractor failed in parallel execution: LLM crash
2026-09-07 12:14:52 | INFO     | app.extraction.parallel_orchestrator | HYBRID EXTRACTION
  Rule-Based: enabled
  LLM-Based: enabled
  LLM provider: <MagicMock name='mock.llm_extractor.provider' id='2367566532624'>
  model: <MagicMock name='mock.llm_extractor.model_name' id='2367566538336'>
  document_type: POI
2026-09-07 12:14:52 | INFO     | app.extraction.reconciliation | 
============================================================
RECONCILIATION START
============================================================
document_id: N/A
document_type: POI
engine: hybrid
field_count: 26
rule_engine_status: OK
llm_engine_status: OK
============================================================
2026-09-07 12:14:52 | INFO     | app.extraction.reconciliation | 
============================================================
RECONCILIATION INPUT
============================================================
Document ID: N/A
Field: invoice_number

RULE-BASED
  value: INV-123
  confidence: 0.90
  provenance: rule_based

LLM-BASED
  value: INV-123
  confidence: 0.95
  provenance: llm

NORMALIZED
  rule_based: INV-123
  llm: INV-123
============================================================
2026-09-07 12:14:52 | INFO     | app.extraction.reconciliation | 
============================================================
RECONCILIATION RESULT
============================================================
Document ID: N/A
Field: invoice_number

FINAL
  value: INV-123
  confidence: 1.00
  provenance: agreed
  conflict_value: null

DECISION
  BOTH ENGINES AGREED
============================================================
2026-09-07 12:14:52 | INFO     | app.extraction.reconciliation | 
============================================================
RECONCILIATION COMPLETE
============================================================
document_id: N/A

agreed_fields: 1
rule_based_fields: 0
llm_fields: 0
reconciled_fields: 0
unresolved_conflicts: 0
not_found_fields: 25
============================================================
HYBRID EXTRACTION -- FINAL DECISIONS
============================================================
Document ID: N/A
Document Type: POI

Field                    RULE-BASED           LLM-BASED            FINAL               
----------------------------------------------------------------------------------------
document_id              -                    -                    -                   
document_type            -                    -                    -                   
document_category        -                    -                    -                   
company_code             -                    -                    -                   
company_name             -                    -                    -                   
fiscal_year              -                    -                    -                   
location_code            -                    -                    -                   
vertical_code            -                    -                    -                   
document_source          -                    -                    -                   
barcode                  -                    -                    -                   
currency                 -                    -                    -                   
document_date            -                    -                    -                   
ocr_confidence_score     -                    -                    -                   
processing_status        -                    -                    -                   
validation_status        -                    -                    -                   
vendor_code              -                    -                    -                   
vendor_name              -                    -                    -                   
po_number                -                    -                    -                   
grn_number               -                    -                    -                   
srn_number               -                    -                    -                   
invoice_number           INV-123              INV-123              INV-123             
invoice_date             -                    -                    -                   
invoice_amount           -                    -                    -                   
tax_amount               -                    -                    -                   
net_amount               -                    -                    -                   
payment_terms            -                    -                    -                   
============================================================
FINAL PROVENANCE
============================================================
Field                    PROVENANCE              
--------------------------------------------------
document_id              not_found               
document_type            not_found               
document_category        not_found               
company_code             not_found               
company_name             not_found               
fiscal_year              not_found               
location_code            not_found               
vertical_code            not_found               
document_source          not_found               
barcode                  not_found               
currency                 not_found               
document_date            not_found               
ocr_confidence_score     not_found               
processing_status        not_found               
validation_status        not_found               
vendor_code              not_found               
vendor_name              not_found               
po_number                not_found               
grn_number               not_found               
srn_number               not_found               
invoice_number           agreed                  
invoice_date             not_found               
invoice_amount           not_found               
tax_amount               not_found               
net_amount               not_found               
payment_terms            not_found               
============================================================
2026-09-07 12:14:52 | INFO     | app.extraction.llm_extractor | LLM extractor initialized: provider=mistral model=mistral-small-2603 api_base=https://api.mistral.ai/v1 api_key_configured=True
2026-09-07 12:14:52 | INFO     | app.services.auth_service | New user registered: username=clsnoocr_b66b3d5e role=FINANCE_ANALYST
2026-09-07 12:14:52 | INFO     | httpx | HTTP Request: POST http://testserver/api/v1/auth/register "HTTP/1.1 201 Created"
2026-09-07 12:14:52 | INFO     | app.services.auth_service | User logged in: username=clsnoocr_b66b3d5e
2026-09-07 12:14:52 | INFO     | httpx | HTTP Request: POST http://testserver/api/v1/auth/login "HTTP/1.1 200 OK"
2026-09-07 12:14:52 | INFO     | app.services.document_service | Document uploaded: id=1031 filename=noocr.pdf by_user=clsnoocr_b66b3d5e
2026-09-07 12:14:52 | INFO     | httpx | HTTP Request: POST http://testserver/api/v1/documents/upload "HTTP/1.1 201 Created"
2026-09-07 12:14:52 | WARNING  | app.main | Handled exception on POST /api/v1/classification/documents/1031/classify: Cannot classify a document with no OCR result. Run OCR first via POST /ocr/documents/{id}/run.
2026-09-07 12:14:52 | INFO     | httpx | HTTP Request: POST http://testserver/api/v1/classification/documents/1031/classify "HTTP/1.1 422 Unprocessable Entity"
2026-09-07 12:14:52 | INFO     | app.services.auth_service | New user registered: username=clsstub_46f6c066 role=FINANCE_ANALYST
2026-09-07 12:14:52 | INFO     | httpx | HTTP Request: POST http://testserver/api/v1/auth/register "HTTP/1.1 201 Created"
2026-09-07 12:14:53 | INFO     | app.services.auth_service | User logged in: username=clsstub_46f6c066
2026-09-07 12:14:53 | INFO     | httpx | HTTP Request: POST http://testserver/api/v1/auth/login "HTTP/1.1 200 OK"
2026-09-07 12:14:53 | INFO     | app.services.document_service | Document uploaded: id=1032 filename=test.pdf by_user=clsstub_46f6c066
2026-09-07 12:14:53 | INFO     | httpx | HTTP Request: POST http://testserver/api/v1/documents/upload "HTTP/1.1 201 Created"
2026-09-07 12:14:53 | INFO     | app.services.ocr_service | OCR completed: document_id=1032 engine=stub pages=1 avg_confidence=0.42 time_ms=110 status=OCR_COMPLETED
2026-09-07 12:14:53 | INFO     | httpx | HTTP Request: POST http://testserver/api/v1/ocr/documents/1032/run "HTTP/1.1 201 Created"
2026-09-07 12:14:53 | INFO     | app.services.classification_service | Document classified: document_id=1032 type=UNKNOWN confidence=0.00 engine=rule_based
2026-09-07 12:14:53 | INFO     | httpx | HTTP Request: POST http://testserver/api/v1/classification/documents/1032/classify "HTTP/1.1 201 Created"
2026-09-07 12:14:53 | INFO     | app.services.auth_service | New user registered: username=clspoi_65004966 role=FINANCE_ANALYST
2026-09-07 12:14:53 | INFO     | httpx | HTTP Request: POST http://testserver/api/v1/auth/register "HTTP/1.1 201 Created"
2026-09-07 12:14:53 | INFO     | app.services.auth_service | User logged in: username=clspoi_65004966
2026-09-07 12:14:53 | INFO     | httpx | HTTP Request: POST http://testserver/api/v1/auth/login "HTTP/1.1 200 OK"
2026-09-07 12:14:53 | INFO     | app.services.document_service | Document uploaded: id=1033 filename=test.pdf by_user=clspoi_65004966
2026-09-07 12:14:53 | INFO     | httpx | HTTP Request: POST http://testserver/api/v1/documents/upload "HTTP/1.1 201 Created"
2026-09-07 12:14:54 | INFO     | app.services.ocr_service | OCR completed: document_id=1033 engine=stub pages=1 avg_confidence=0.42 time_ms=109 status=OCR_COMPLETED
2026-09-07 12:14:54 | INFO     | httpx | HTTP Request: POST http://testserver/api/v1/ocr/documents/1033/run "HTTP/1.1 201 Created"
2026-09-07 12:14:54 | INFO     | app.services.classification_service | Document classified: document_id=1033 type=POI confidence=0.76 engine=rule_based
2026-09-07 12:14:54 | INFO     | httpx | HTTP Request: POST http://testserver/api/v1/classification/documents/1033/classify "HTTP/1.1 201 Created"
2026-09-07 12:14:54 | INFO     | httpx | HTTP Request: GET http://testserver/api/v1/documents/1033 "HTTP/1.1 200 OK"
2026-09-07 12:14:54 | INFO     | app.services.auth_service | New user registered: username=clsstatus_a39cd609 role=FINANCE_ANALYST
2026-09-07 12:14:54 | INFO     | httpx | HTTP Request: POST http://testserver/api/v1/auth/register "HTTP/1.1 201 Created"
2026-09-07 12:14:54 | INFO     | app.services.auth_service | User logged in: username=clsstatus_a39cd609
2026-09-07 12:14:54 | INFO     | httpx | HTTP Request: POST http://testserver/api/v1/auth/login "HTTP/1.1 200 OK"
2026-09-07 12:14:54 | INFO     | app.services.document_service | Document uploaded: id=1034 filename=test.pdf by_user=clsstatus_a39cd609
2026-09-07 12:14:54 | INFO     | httpx | HTTP Request: POST http://testserver/api/v1/documents/upload "HTTP/1.1 201 Created"
2026-09-07 12:14:54 | INFO     | app.services.ocr_service | OCR completed: document_id=1034 engine=stub pages=1 avg_confidence=0.42 time_ms=107 status=OCR_COMPLETED
2026-09-07 12:14:54 | INFO     | httpx | HTTP Request: POST http://testserver/api/v1/ocr/documents/1034/run "HTTP/1.1 201 Created"
2026-09-07 12:14:55 | INFO     | app.services.classification_service | Document classified: document_id=1034 type=BKA confidence=0.87 engine=rule_based
2026-09-07 12:14:55 | INFO     | httpx | HTTP Request: POST http://testserver/api/v1/classification/documents/1034/classify "HTTP/1.1 201 Created"
2026-09-07 12:14:55 | INFO     | httpx | HTTP Request: GET http://testserver/api/v1/documents/1034 "HTTP/1.1 200 OK"
2026-09-07 12:14:55 | INFO     | app.services.auth_service | New user registered: username=clslatest_c94e6414 role=FINANCE_ANALYST
2026-09-07 12:14:55 | INFO     | httpx | HTTP Request: POST http://testserver/api/v1/auth/register "HTTP/1.1 201 Created"
2026-09-07 12:14:55 | INFO     | app.services.auth_service | User logged in: username=clslatest_c94e6414
2026-09-07 12:14:55 | INFO     | httpx | HTTP Request: POST http://testserver/api/v1/auth/login "HTTP/1.1 200 OK"
2026-09-07 12:14:55 | INFO     | app.services.document_service | Document uploaded: id=1035 filename=test.pdf by_user=clslatest_c94e6414
2026-09-07 12:14:55 | INFO     | httpx | HTTP Request: POST http://testserver/api/v1/documents/upload "HTTP/1.1 201 Created"
2026-09-07 12:14:55 | INFO     | app.services.ocr_service | OCR completed: document_id=1035 engine=stub pages=1 avg_confidence=0.42 time_ms=102 status=OCR_COMPLETED
2026-09-07 12:14:55 | INFO     | httpx | HTTP Request: POST http://testserver/api/v1/ocr/documents/1035/run "HTTP/1.1 201 Created"
2026-09-07 12:14:55 | INFO     | app.services.classification_service | Document classified: document_id=1035 type=JER confidence=0.68 engine=rule_based
2026-09-07 12:14:55 | INFO     | httpx | HTTP Request: POST http://testserver/api/v1/classification/documents/1035/classify "HTTP/1.1 201 Created"
2026-09-07 12:14:56 | INFO     | app.services.auth_service | New user registered: username=clsget_7694890b role=FINANCE_ANALYST
2026-09-07 12:14:56 | INFO     | httpx | HTTP Request: POST http://testserver/api/v1/auth/register "HTTP/1.1 201 Created"
2026-09-07 12:14:56 | INFO     | app.services.auth_service | User logged in: username=clsget_7694890b
2026-09-07 12:14:56 | INFO     | httpx | HTTP Request: POST http://testserver/api/v1/auth/login "HTTP/1.1 200 OK"
2026-09-07 12:14:56 | INFO     | app.services.document_service | Document uploaded: id=1036 filename=test.pdf by_user=clsget_7694890b
2026-09-07 12:14:56 | INFO     | httpx | HTTP Request: POST http://testserver/api/v1/documents/upload "HTTP/1.1 201 Created"
2026-09-07 12:14:56 | INFO     | app.services.ocr_service | OCR completed: document_id=1036 engine=stub pages=1 avg_confidence=0.42 time_ms=110 status=OCR_COMPLETED
2026-09-07 12:14:56 | INFO     | httpx | HTTP Request: POST http://testserver/api/v1/ocr/documents/1036/run "HTTP/1.1 201 Created"
2026-09-07 12:14:56 | INFO     | app.services.classification_service | Document classified: document_id=1036 type=MSI confidence=0.57 engine=rule_based
2026-09-07 12:14:56 | INFO     | httpx | HTTP Request: POST http://testserver/api/v1/classification/documents/1036/classify "HTTP/1.1 201 Created"
2026-09-07 12:14:56 | INFO     | httpx | HTTP Request: GET http://testserver/api/v1/classification/documents/1036/result "HTTP/1.1 200 OK"
2026-09-07 12:14:56 | INFO     | app.services.auth_service | New user registered: username=clsnorun_2052f3f2 role=FINANCE_ANALYST
2026-09-07 12:14:56 | INFO     | httpx | HTTP Request: POST http://testserver/api/v1/auth/register "HTTP/1.1 201 Created"
2026-09-07 12:14:57 | INFO     | app.services.auth_service | User logged in: username=clsnorun_2052f3f2
2026-09-07 12:14:57 | INFO     | httpx | HTTP Request: POST http://testserver/api/v1/auth/login "HTTP/1.1 200 OK"
2026-09-07 12:14:57 | INFO     | app.services.document_service | Document uploaded: id=1037 filename=test.pdf by_user=clsnorun_2052f3f2
2026-09-07 12:14:57 | INFO     | httpx | HTTP Request: POST http://testserver/api/v1/documents/upload "HTTP/1.1 201 Created"
2026-09-07 12:14:57 | INFO     | app.services.ocr_service | OCR completed: document_id=1037 engine=stub pages=1 avg_confidence=0.42 time_ms=106 status=OCR_COMPLETED
2026-09-07 12:14:57 | INFO     | httpx | HTTP Request: POST http://testserver/api/v1/ocr/documents/1037/run "HTTP/1.1 201 Created"
2026-09-07 12:14:57 | WARNING  | app.main | Handled exception on GET /api/v1/classification/documents/1037/result: Classification result for document with id '1037' not found
2026-09-07 12:14:57 | INFO     | httpx | HTTP Request: GET http://testserver/api/v1/classification/documents/1037/result "HTTP/1.1 404 Not Found"
2026-09-07 12:14:57 | INFO     | app.services.auth_service | New user registered: username=clsmulti_ab286ec0 role=FINANCE_ANALYST
2026-09-07 12:14:57 | INFO     | httpx | HTTP Request: POST http://testserver/api/v1/auth/register "HTTP/1.1 201 Created"
2026-09-07 12:14:57 | INFO     | app.services.auth_service | User logged in: username=clsmulti_ab286ec0
2026-09-07 12:14:57 | INFO     | httpx | HTTP Request: POST http://testserver/api/v1/auth/login "HTTP/1.1 200 OK"
2026-09-07 12:14:57 | INFO     | app.services.document_service | Document uploaded: id=1038 filename=test.pdf by_user=clsmulti_ab286ec0
2026-09-07 12:14:57 | INFO     | httpx | HTTP Request: POST http://testserver/api/v1/documents/upload "HTTP/1.1 201 Created"
2026-09-07 12:14:57 | INFO     | app.services.ocr_service | OCR completed: document_id=1038 engine=stub pages=1 avg_confidence=0.42 time_ms=108 status=OCR_COMPLETED
2026-09-07 12:14:57 | INFO     | httpx | HTTP Request: POST http://testserver/api/v1/ocr/documents/1038/run "HTTP/1.1 201 Created"
2026-09-07 12:14:58 | INFO     | app.services.classification_service | Document classified: document_id=1038 type=POI confidence=0.76 engine=rule_based
2026-09-07 12:14:58 | INFO     | httpx | HTTP Request: POST http://testserver/api/v1/classification/documents/1038/classify "HTTP/1.1 201 Created"
2026-09-07 12:14:58 | INFO     | app.services.classification_service | Document classified: document_id=1038 type=POI confidence=0.76 engine=rule_based
2026-09-07 12:14:58 | INFO     | httpx | HTTP Request: POST http://testserver/api/v1/classification/documents/1038/classify "HTTP/1.1 201 Created"
2026-09-07 12:14:58 | INFO     | httpx | HTTP Request: GET http://testserver/api/v1/classification/documents/1038/results "HTTP/1.1 200 OK"
2026-09-07 12:14:58 | INFO     | app.services.auth_service | New user registered: username=clsowner_0f95156b role=FINANCE_ANALYST
2026-09-07 12:14:58 | INFO     | httpx | HTTP Request: POST http://testserver/api/v1/auth/register "HTTP/1.1 201 Created"
2026-09-07 12:14:59 | INFO     | app.services.auth_service | User logged in: username=clsowner_0f95156b
2026-09-07 12:14:59 | INFO     | httpx | HTTP Request: POST http://testserver/api/v1/auth/login "HTTP/1.1 200 OK"
2026-09-07 12:14:59 | INFO     | app.services.auth_service | New user registered: username=clsother_0864e3a1 role=FINANCE_ANALYST
2026-09-07 12:14:59 | INFO     | httpx | HTTP Request: POST http://testserver/api/v1/auth/register "HTTP/1.1 201 Created"
2026-09-07 12:14:59 | INFO     | app.services.auth_service | User logged in: username=clsother_0864e3a1
2026-09-07 12:14:59 | INFO     | httpx | HTTP Request: POST http://testserver/api/v1/auth/login "HTTP/1.1 200 OK"
2026-09-07 12:14:59 | INFO     | app.services.document_service | Document uploaded: id=1039 filename=test.pdf by_user=clsowner_0f95156b
2026-09-07 12:14:59 | INFO     | httpx | HTTP Request: POST http://testserver/api/v1/documents/upload "HTTP/1.1 201 Created"
2026-09-07 12:14:59 | INFO     | app.services.ocr_service | OCR completed: document_id=1039 engine=stub pages=1 avg_confidence=0.42 time_ms=104 status=OCR_COMPLETED
2026-09-07 12:14:59 | INFO     | httpx | HTTP Request: POST http://testserver/api/v1/ocr/documents/1039/run "HTTP/1.1 201 Created"
2026-09-07 12:14:59 | WARNING  | app.main | Handled exception on POST /api/v1/classification/documents/1039/classify: You may only access documents you uploaded
2026-09-07 12:14:59 | INFO     | httpx | HTTP Request: POST http://testserver/api/v1/classification/documents/1039/classify "HTTP/1.1 403 Forbidden"
2026-09-07 12:14:59 | INFO     | app.extraction.reconciliation | 
============================================================
RECONCILIATION START
============================================================
document_id: N/A
document_type: POI
engine: hybrid
field_count: 26
rule_engine_status: OK
llm_engine_status: OK
============================================================
2026-09-07 12:14:59 | INFO     | app.extraction.reconciliation | 
============================================================
RECONCILIATION INPUT
============================================================
Document ID: N/A
Field: invoice_number

RULE-BASED
  value: INV-2026-999
  confidence: 0.90
  provenance: rule_based

LLM-BASED
  value: INV-2026-999
  confidence: 0.92
  provenance: llm

NORMALIZED
  rule_based: INV-2026-999
  llm: INV-2026-999
============================================================
2026-09-07 12:14:59 | INFO     | app.extraction.reconciliation | 
============================================================
RECONCILIATION RESULT
============================================================
Document ID: N/A
Field: invoice_number

FINAL
  value: INV-2026-999
  confidence: 0.97
  provenance: agreed
  conflict_value: null

DECISION
  BOTH ENGINES AGREED
============================================================
2026-09-07 12:14:59 | INFO     | app.extraction.reconciliation | 
============================================================
RECONCILIATION COMPLETE
============================================================
document_id: N/A

agreed_fields: 1
rule_based_fields: 0
llm_fields: 0
reconciled_fields: 0
unresolved_conflicts: 0
not_found_fields: 25
============================================================
HYBRID EXTRACTION -- FINAL DECISIONS
============================================================
Document ID: N/A
Document Type: POI

Field                    RULE-BASED           LLM-BASED            FINAL               
----------------------------------------------------------------------------------------
document_id              -                    -                    -                   
document_type            -                    -                    -                   
document_category        -                    -                    -                   
company_code             -                    -                    -                   
company_name             -                    -                    -                   
fiscal_year              -                    -                    -                   
location_code            -                    -                    -                   
vertical_code            -                    -                    -                   
document_source          -                    -                    -                   
barcode                  -                    -                    -                   
currency                 -                    -                    -                   
document_date            -                    -                    -                   
ocr_confidence_score     -                    -                    -                   
processing_status        -                    -                    -                   
validation_status        -                    -                    -                   
vendor_code              -                    -                    -                   
vendor_name              -                    -                    -                   
po_number                -                    -                    -                   
grn_number               -                    -                    -                   
srn_number               -                    -                    -                   
invoice_number           INV-2026-999         INV-2026-999         INV-2026-999        
invoice_date             -                    -                    -                   
invoice_amount           -                    -                    -                   
tax_amount               -                    -                    -                   
net_amount               -                    -                    -                   
payment_terms            -                    -                    -                   
============================================================
FINAL PROVENANCE
============================================================
Field                    PROVENANCE              
--------------------------------------------------
document_id              not_found               
document_type            not_found               
document_category        not_found               
company_code             not_found               
company_name             not_found               
fiscal_year              not_found               
location_code            not_found               
vertical_code            not_found               
document_source          not_found               
barcode                  not_found               
currency                 not_found               
document_date            not_found               
ocr_confidence_score     not_found               
processing_status        not_found               
validation_status        not_found               
vendor_code              not_found               
vendor_name              not_found               
po_number                not_found               
grn_number               not_found               
srn_number               not_found               
invoice_number           agreed                  
invoice_date             not_found               
invoice_amount           not_found               
tax_amount               not_found               
net_amount               not_found               
payment_terms            not_found               
============================================================
2026-09-07 12:14:59 | INFO     | app.extraction.reconciliation | 
============================================================
RECONCILIATION START
============================================================
document_id: N/A
document_type: POI
engine: hybrid
field_count: 26
rule_engine_status: OK
llm_engine_status: OK
============================================================
2026-09-07 12:14:59 | INFO     | app.extraction.reconciliation | 
============================================================
RECONCILIATION INPUT
============================================================
Document ID: N/A
Field: invoice_date

RULE-BASED
  value: 15/06/2026
  confidence: 0.88
  provenance: rule_based

LLM-BASED
  value: 2026-06-15
  confidence: 0.94
  provenance: llm

NORMALIZED
  rule_based: 2026-06-15
  llm: 2026-06-15
============================================================
2026-09-07 12:14:59 | INFO     | app.extraction.reconciliation | 
============================================================
RECONCILIATION RESULT
============================================================
Document ID: N/A
Field: invoice_date

FINAL
  value: 2026-06-15
  confidence: 0.99
  provenance: agreed
  conflict_value: null

DECISION
  BOTH ENGINES AGREED
============================================================
2026-09-07 12:14:59 | INFO     | app.extraction.reconciliation | 
============================================================
RECONCILIATION COMPLETE
============================================================
document_id: N/A

agreed_fields: 1
rule_based_fields: 0
llm_fields: 0
reconciled_fields: 0
unresolved_conflicts: 0
not_found_fields: 25
============================================================
HYBRID EXTRACTION -- FINAL DECISIONS
============================================================
Document ID: N/A
Document Type: POI

Field                    RULE-BASED           LLM-BASED            FINAL               
----------------------------------------------------------------------------------------
document_id              -                    -                    -                   
document_type            -                    -                    -                   
document_category        -                    -                    -                   
company_code             -                    -                    -                   
company_name             -                    -                    -                   
fiscal_year              -                    -                    -                   
location_code            -                    -                    -                   
vertical_code            -                    -                    -                   
document_source          -                    -                    -                   
barcode                  -                    -                    -                   
currency                 -                    -                    -                   
document_date            -                    -                    -                   
ocr_confidence_score     -                    -                    -                   
processing_status        -                    -                    -                   
validation_status        -                    -                    -                   
vendor_code              -                    -                    -                   
vendor_name              -                    -                    -                   
po_number                -                    -                    -                   
grn_number               -                    -                    -                   
srn_number               -                    -                    -                   
invoice_number           -                    -                    -                   
invoice_date             15/06/2026           2026-06-15           2026-06-15          
invoice_amount           -                    -                    -                   
tax_amount               -                    -                    -                   
net_amount               -                    -                    -                   
payment_terms            -                    -                    -                   
============================================================
FINAL PROVENANCE
============================================================
Field                    PROVENANCE              
--------------------------------------------------
document_id              not_found               
document_type            not_found               
document_category        not_found               
company_code             not_found               
company_name             not_found               
fiscal_year              not_found               
location_code            not_found               
vertical_code            not_found               
document_source          not_found               
barcode                  not_found               
currency                 not_found               
document_date            not_found               
ocr_confidence_score     not_found               
processing_status        not_found               
validation_status        not_found               
vendor_code              not_found               
vendor_name              not_found               
po_number                not_found               
grn_number               not_found               
srn_number               not_found               
invoice_number           not_found               
invoice_date             agreed                  
invoice_amount           not_found               
tax_amount               not_found               
net_amount               not_found               
payment_terms            not_found               
============================================================
2026-09-07 12:14:59 | INFO     | app.extraction.reconciliation | 
============================================================
RECONCILIATION START
============================================================
document_id: N/A
document_type: POI
engine: hybrid
field_count: 26
rule_engine_status: OK
llm_engine_status: OK
============================================================
2026-09-07 12:14:59 | INFO     | app.extraction.reconciliation | 
============================================================
RECONCILIATION INPUT
============================================================
Document ID: N/A
Field: invoice_amount

RULE-BASED
  value: 25,000.00
  confidence: 0.85
  provenance: rule_based

LLM-BASED
  value: 25000.00
  confidence: 0.90
  provenance: llm

NORMALIZED
  rule_based: 25000.00
  llm: 25000.00
============================================================
2026-09-07 12:14:59 | INFO     | app.extraction.reconciliation | 
============================================================
RECONCILIATION RESULT
============================================================
Document ID: N/A
Field: invoice_amount

FINAL
  value: 25000.00
  confidence: 0.95
  provenance: agreed
  conflict_value: null

DECISION
  BOTH ENGINES AGREED
============================================================
2026-09-07 12:14:59 | INFO     | app.extraction.reconciliation | 
============================================================
RECONCILIATION COMPLETE
============================================================
document_id: N/A

agreed_fields: 1
rule_based_fields: 0
llm_fields: 0
reconciled_fields: 0
unresolved_conflicts: 0
not_found_fields: 25
============================================================
HYBRID EXTRACTION -- FINAL DECISIONS
============================================================
Document ID: N/A
Document Type: POI

Field                    RULE-BASED           LLM-BASED            FINAL               
----------------------------------------------------------------------------------------
document_id              -                    -                    -                   
document_type            -                    -                    -                   
document_category        -                    -                    -                   
company_code             -                    -                    -                   
company_name             -                    -                    -                   
fiscal_year              -                    -                    -                   
location_code            -                    -                    -                   
vertical_code            -                    -                    -                   
document_source          -                    -                    -                   
barcode                  -                    -                    -                   
currency                 -                    -                    -                   
document_date            -                    -                    -                   
ocr_confidence_score     -                    -                    -                   
processing_status        -                    -                    -                   
validation_status        -                    -                    -                   
vendor_code              -                    -                    -                   
vendor_name              -                    -                    -                   
po_number                -                    -                    -                   
grn_number               -                    -                    -                   
srn_number               -                    -                    -                   
invoice_number           -                    -                    -                   
invoice_date             -                    -                    -                   
invoice_amount           25,000.00            25000.00             25000.00            
tax_amount               -                    -                    -                   
net_amount               -                    -                    -                   
payment_terms            -                    -                    -                   
============================================================
FINAL PROVENANCE
============================================================
Field                    PROVENANCE              
--------------------------------------------------
document_id              not_found               
document_type            not_found               
document_category        not_found               
company_code             not_found               
company_name             not_found               
fiscal_year              not_found               
location_code            not_found               
vertical_code            not_found               
document_source          not_found               
barcode                  not_found               
currency                 not_found               
document_date            not_found               
ocr_confidence_score     not_found               
processing_status        not_found               
validation_status        not_found               
vendor_code              not_found               
vendor_name              not_found               
po_number                not_found               
grn_number               not_found               
srn_number               not_found               
invoice_number           not_found               
invoice_date             not_found               
invoice_amount           agreed                  
tax_amount               not_found               
net_amount               not_found               
payment_terms            not_found               
============================================================
2026-09-07 12:14:59 | INFO     | app.extraction.reconciliation | 
============================================================
RECONCILIATION START
============================================================
document_id: N/A
document_type: POI
engine: hybrid
field_count: 26
rule_engine_status: OK
llm_engine_status: OK
============================================================
2026-09-07 12:14:59 | INFO     | app.extraction.reconciliation | 
============================================================
RECONCILIATION RESULT
============================================================
Document ID: N/A
Field: po_number

FINAL
  value: PO-9988
  confidence: 0.89
  provenance: rule_based
  conflict_value: null

DECISION
  RULE-BASED RESULT ACCEPTED
============================================================
2026-09-07 12:14:59 | INFO     | app.extraction.reconciliation | 
============================================================
RECONCILIATION COMPLETE
============================================================
document_id: N/A

agreed_fields: 0
rule_based_fields: 1
llm_fields: 0
reconciled_fields: 0
unresolved_conflicts: 0
not_found_fields: 25
============================================================
HYBRID EXTRACTION -- FINAL DECISIONS
============================================================
Document ID: N/A
Document Type: POI

Field                    RULE-BASED           LLM-BASED            FINAL               
----------------------------------------------------------------------------------------
document_id              -                    -                    -                   
document_type            -                    -                    -                   
document_category        -                    -                    -                   
company_code             -                    -                    -                   
company_name             -                    -                    -                   
fiscal_year              -                    -                    -                   
location_code            -                    -                    -                   
vertical_code            -                    -                    -                   
document_source          -                    -                    -                   
barcode                  -                    -                    -                   
currency                 -                    -                    -                   
document_date            -                    -                    -                   
ocr_confidence_score     -                    -                    -                   
processing_status        -                    -                    -                   
validation_status        -                    -                    -                   
vendor_code              -                    -                    -                   
vendor_name              -                    -                    -                   
po_number                PO-9988              -                    PO-9988             
grn_number               -                    -                    -                   
srn_number               -                    -                    -                   
invoice_number           -                    -                    -                   
invoice_date             -                    -                    -                   
invoice_amount           -                    -                    -                   
tax_amount               -                    -                    -                   
net_amount               -                    -                    -                   
payment_terms            -                    -                    -                   
============================================================
FINAL PROVENANCE
============================================================
Field                    PROVENANCE              
--------------------------------------------------
document_id              not_found               
document_type            not_found               
document_category        not_found               
company_code             not_found               
company_name             not_found               
fiscal_year              not_found               
location_code            not_found               
vertical_code            not_found               
document_source          not_found               
barcode                  not_found               
currency                 not_found               
document_date            not_found               
ocr_confidence_score     not_found               
processing_status        not_found               
validation_status        not_found               
vendor_code              not_found               
vendor_name              not_found               
po_number                rule_based              
grn_number               not_found               
srn_number               not_found               
invoice_number           not_found               
invoice_date             not_found               
invoice_amount           not_found               
tax_amount               not_found               
net_amount               not_found               
payment_terms            not_found               
============================================================
2026-09-07 12:14:59 | INFO     | app.extraction.reconciliation | 
============================================================
RECONCILIATION START
============================================================
document_id: N/A
document_type: POI
engine: hybrid
field_count: 26
rule_engine_status: OK
llm_engine_status: OK
============================================================
2026-09-07 12:14:59 | INFO     | app.extraction.reconciliation | 
============================================================
RECONCILIATION RESULT
============================================================
Document ID: N/A
Field: vendor_name

FINAL
  value: Acme Corporation
  confidence: 0.95
  provenance: llm
  conflict_value: null

DECISION
  LLM-BASED RESULT ACCEPTED
============================================================
2026-09-07 12:14:59 | INFO     | app.extraction.reconciliation | 
============================================================
RECONCILIATION COMPLETE
============================================================
document_id: N/A

agreed_fields: 0
rule_based_fields: 0
llm_fields: 1
reconciled_fields: 0
unresolved_conflicts: 0
not_found_fields: 25
============================================================
HYBRID EXTRACTION -- FINAL DECISIONS
============================================================
Document ID: N/A
Document Type: POI

Field                    RULE-BASED           LLM-BASED            FINAL               
----------------------------------------------------------------------------------------
document_id              -                    -                    -                   
document_type            -                    -                    -                   
document_category        -                    -                    -                   
company_code             -                    -                    -                   
company_name             -                    -                    -                   
fiscal_year              -                    -                    -                   
location_code            -                    -                    -                   
vertical_code            -                    -                    -                   
document_source          -                    -                    -                   
barcode                  -                    -                    -                   
currency                 -                    -                    -                   
document_date            -                    -                    -                   
ocr_confidence_score     -                    -                    -                   
processing_status        -                    -                    -                   
validation_status        -                    -                    -                   
vendor_code              -                    -                    -                   
vendor_name              -                    Acme Corporation     Acme Corporation    
po_number                -                    -                    -                   
grn_number               -                    -                    -                   
srn_number               -                    -                    -                   
invoice_number           -                    -                    -                   
invoice_date             -                    -                    -                   
invoice_amount           -                    -                    -                   
tax_amount               -                    -                    -                   
net_amount               -                    -                    -                   
payment_terms            -                    -                    -                   
============================================================
FINAL PROVENANCE
============================================================
Field                    PROVENANCE              
--------------------------------------------------
document_id              not_found               
document_type            not_found               
document_category        not_found               
company_code             not_found               
company_name             not_found               
fiscal_year              not_found               
location_code            not_found               
vertical_code            not_found               
document_source          not_found               
barcode                  not_found               
currency                 not_found               
document_date            not_found               
ocr_confidence_score     not_found               
processing_status        not_found               
validation_status        not_found               
vendor_code              not_found               
vendor_name              llm                     
po_number                not_found               
grn_number               not_found               
srn_number               not_found               
invoice_number           not_found               
invoice_date             not_found               
invoice_amount           not_found               
tax_amount               not_found               
net_amount               not_found               
payment_terms            not_found               
============================================================
2026-09-07 12:14:59 | INFO     | app.extraction.reconciliation | 
============================================================
RECONCILIATION START
============================================================
document_id: N/A
document_type: POI
engine: hybrid
field_count: 26
rule_engine_status: OK
llm_engine_status: OK
============================================================
2026-09-07 12:14:59 | INFO     | app.extraction.reconciliation | 
============================================================
RECONCILIATION INPUT
============================================================
Document ID: N/A
Field: invoice_date

RULE-BASED
  value: Unparseable Text Date
  confidence: 0.40
  provenance: rule_based

LLM-BASED
  value: 2026-03-25
  confidence: 0.90
  provenance: llm

NORMALIZED
  rule_based: None
  llm: 2026-03-25
============================================================
2026-09-07 12:14:59 | INFO     | app.extraction.reconciliation | 
============================================================
RECONCILIATION RESULT
============================================================
Document ID: N/A
Field: invoice_date

FINAL
  value: 2026-03-25
  confidence: 0.90
  provenance: reconciled_llm_date
  conflict_value: Unparseable Text Date

DECISION
  DATE RECONCILIATION (RECONCILED_LLM_DATE)
============================================================
2026-09-07 12:14:59 | INFO     | app.extraction.reconciliation | 
============================================================
RECONCILIATION COMPLETE
============================================================
document_id: N/A

agreed_fields: 0
rule_based_fields: 0
llm_fields: 0
reconciled_fields: 1
unresolved_conflicts: 0
not_found_fields: 25
============================================================
HYBRID EXTRACTION -- FINAL DECISIONS
============================================================
Document ID: N/A
Document Type: POI

Field                    RULE-BASED           LLM-BASED            FINAL               
----------------------------------------------------------------------------------------
document_id              -                    -                    -                   
document_type            -                    -                    -                   
document_category        -                    -                    -                   
company_code             -                    -                    -                   
company_name             -                    -                    -                   
fiscal_year              -                    -                    -                   
location_code            -                    -                    -                   
vertical_code            -                    -                    -                   
document_source          -                    -                    -                   
barcode                  -                    -                    -                   
currency                 -                    -                    -                   
document_date            -                    -                    -                   
ocr_confidence_score     -                    -                    -                   
processing_status        -                    -                    -                   
validation_status        -                    -                    -                   
vendor_code              -                    -                    -                   
vendor_name              -                    -                    -                   
po_number                -                    -                    -                   
grn_number               -                    -                    -                   
srn_number               -                    -                    -                   
invoice_number           -                    -                    -                   
invoice_date             Unparseable Text ... 2026-03-25           2026-03-25          
invoice_amount           -                    -                    -                   
tax_amount               -                    -                    -                   
net_amount               -                    -                    -                   
payment_terms            -                    -                    -                   
============================================================
FINAL PROVENANCE
============================================================
Field                    PROVENANCE              
--------------------------------------------------
document_id              not_found               
document_type            not_found               
document_category        not_found               
company_code             not_found               
company_name             not_found               
fiscal_year              not_found               
location_code            not_found               
vertical_code            not_found               
document_source          not_found               
barcode                  not_found               
currency                 not_found               
document_date            not_found               
ocr_confidence_score     not_found               
processing_status        not_found               
validation_status        not_found               
vendor_code              not_found               
vendor_name              not_found               
po_number                not_found               
grn_number               not_found               
srn_number               not_found               
invoice_number           not_found               
invoice_date             reconciled_llm_date     
invoice_amount           not_found               
tax_amount               not_found               
net_amount               not_found               
payment_terms            not_found               
============================================================
2026-09-07 12:14:59 | INFO     | app.extraction.reconciliation | 
============================================================
RECONCILIATION START
============================================================
document_id: N/A
document_type: POI
engine: hybrid
field_count: 26
rule_engine_status: OK
llm_engine_status: OK
============================================================
2026-09-07 12:14:59 | INFO     | app.extraction.reconciliation | 
============================================================
RECONCILIATION INPUT
============================================================
Document ID: N/A
Field: net_amount

RULE-BASED
  value: 5000.00
  confidence: 0.80
  provenance: rule_based

LLM-BASED
  value: 4000.00
  confidence: 0.85
  provenance: llm

NORMALIZED
  rule_based: 5000.00
  llm: 4000.00
============================================================
2026-09-07 12:14:59 | INFO     | app.extraction.reconciliation | 
============================================================
RECONCILIATION RESULT
============================================================
Document ID: N/A
Field: net_amount

FINAL
  value: 5000.00
  confidence: 0.88
  provenance: reconciled_table_verified
  conflict_value: 4000.00

DECISION
  TABLE-VERIFIED RECONCILIATION
============================================================
2026-09-07 12:14:59 | INFO     | app.extraction.reconciliation | 
============================================================
RECONCILIATION COMPLETE
============================================================
document_id: N/A

agreed_fields: 0
rule_based_fields: 0
llm_fields: 0
reconciled_fields: 1
unresolved_conflicts: 0
not_found_fields: 25
============================================================
HYBRID EXTRACTION -- FINAL DECISIONS
============================================================
Document ID: N/A
Document Type: POI

Field                    RULE-BASED           LLM-BASED            FINAL               
----------------------------------------------------------------------------------------
document_id              -                    -                    -                   
document_type            -                    -                    -                   
document_category        -                    -                    -                   
company_code             -                    -                    -                   
company_name             -                    -                    -                   
fiscal_year              -                    -                    -                   
location_code            -                    -                    -                   
vertical_code            -                    -                    -                   
document_source          -                    -                    -                   
barcode                  -                    -                    -                   
currency                 -                    -                    -                   
document_date            -                    -                    -                   
ocr_confidence_score     -                    -                    -                   
processing_status        -                    -                    -                   
validation_status        -                    -                    -                   
vendor_code              -                    -                    -                   
vendor_name              -                    -                    -                   
po_number                -                    -                    -                   
grn_number               -                    -                    -                   
srn_number               -                    -                    -                   
invoice_number           -                    -                    -                   
invoice_date             -                    -                    -                   
invoice_amount           -                    -                    -                   
tax_amount               -                    -                    -                   
net_amount               5000.00              4000.00              5000.00             
payment_terms            -                    -                    -                   
============================================================
FINAL PROVENANCE
============================================================
Field                    PROVENANCE              
--------------------------------------------------
document_id              not_found               
document_type            not_found               
document_category        not_found               
company_code             not_found               
company_name             not_found               
fiscal_year              not_found               
location_code            not_found               
vertical_code            not_found               
document_source          not_found               
barcode                  not_found               
currency                 not_found               
document_date            not_found               
ocr_confidence_score     not_found               
processing_status        not_found               
validation_status        not_found               
vendor_code              not_found               
vendor_name              not_found               
po_number                not_found               
grn_number               not_found               
srn_number               not_found               
invoice_number           not_found               
invoice_date             not_found               
invoice_amount           not_found               
tax_amount               not_found               
net_amount               reconciled_table_verified
payment_terms            not_found               
============================================================
2026-09-07 12:14:59 | INFO     | app.extraction.reconciliation | 
============================================================
RECONCILIATION START
============================================================
document_id: N/A
document_type: POI
engine: hybrid
field_count: 26
rule_engine_status: OK
llm_engine_status: OK
============================================================
2026-09-07 12:14:59 | INFO     | app.extraction.reconciliation | 
============================================================
RECONCILIATION INPUT
============================================================
Document ID: N/A
Field: invoice_number

RULE-BASED
  value: INV-RULE-111
  confidence: 0.85
  provenance: rule_based

LLM-BASED
  value: INV-LLM-222
  confidence: 0.92
  provenance: llm

NORMALIZED
  rule_based: INV-RULE-111
  llm: INV-LLM-222
============================================================
2026-09-07 12:14:59 | WARNING  | app.extraction.reconciliation | 
============================================================
RECONCILIATION RESULT
============================================================
Document ID: N/A
Field: invoice_number

FINAL
  value: INV-LLM-222
  confidence: 0.85
  provenance: unresolved_conflict
  conflict_value: INV-RULE-111

DECISION
  UNRESOLVED CONFLICT
============================================================
2026-09-07 12:14:59 | INFO     | app.extraction.reconciliation | 
============================================================
RECONCILIATION COMPLETE
============================================================
document_id: N/A

agreed_fields: 0
rule_based_fields: 0
llm_fields: 0
reconciled_fields: 0
unresolved_conflicts: 1
not_found_fields: 25
============================================================
HYBRID EXTRACTION -- FINAL DECISIONS
============================================================
Document ID: N/A
Document Type: POI

Field                    RULE-BASED           LLM-BASED            FINAL               
----------------------------------------------------------------------------------------
document_id              -                    -                    -                   
document_type            -                    -                    -                   
document_category        -                    -                    -                   
company_code             -                    -                    -                   
company_name             -                    -                    -                   
fiscal_year              -                    -                    -                   
location_code            -                    -                    -                   
vertical_code            -                    -                    -                   
document_source          -                    -                    -                   
barcode                  -                    -                    -                   
currency                 -                    -                    -                   
document_date            -                    -                    -                   
ocr_confidence_score     -                    -                    -                   
processing_status        -                    -                    -                   
validation_status        -                    -                    -                   
vendor_code              -                    -                    -                   
vendor_name              -                    -                    -                   
po_number                -                    -                    -                   
grn_number               -                    -                    -                   
srn_number               -                    -                    -                   
invoice_number           INV-RULE-111         INV-LLM-222          INV-LLM-222         
invoice_date             -                    -                    -                   
invoice_amount           -                    -                    -                   
tax_amount               -                    -                    -                   
net_amount               -                    -                    -                   
payment_terms            -                    -                    -                   
============================================================
FINAL PROVENANCE
============================================================
Field                    PROVENANCE              
--------------------------------------------------
document_id              not_found               
document_type            not_found               
document_category        not_found               
company_code             not_found               
company_name             not_found               
fiscal_year              not_found               
location_code            not_found               
vertical_code            not_found               
document_source          not_found               
barcode                  not_found               
currency                 not_found               
document_date            not_found               
ocr_confidence_score     not_found               
processing_status        not_found               
validation_status        not_found               
vendor_code              not_found               
vendor_name              not_found               
po_number                not_found               
grn_number               not_found               
srn_number               not_found               
invoice_number           unresolved_conflict     
invoice_date             not_found               
invoice_amount           not_found               
tax_amount               not_found               
net_amount               not_found               
payment_terms            not_found               
============================================================
2026-09-07 12:14:59 | INFO     | app.extraction.parallel_orchestrator | HYBRID EXTRACTION
  Rule-Based: enabled
  LLM-Based: enabled
  LLM provider: <MagicMock name='mock.llm_extractor.provider' id='2367566537328'>
  model: <MagicMock name='mock.llm_extractor.model_name' id='2367566536656'>
  document_type: POI
2026-09-07 12:14:59 | INFO     | app.extraction.reconciliation | 
============================================================
RECONCILIATION START
============================================================
document_id: N/A
document_type: POI
engine: hybrid
field_count: 26
rule_engine_status: OK
llm_engine_status: OK
============================================================
2026-09-07 12:14:59 | INFO     | app.extraction.reconciliation | 
============================================================
RECONCILIATION INPUT
============================================================
Document ID: N/A
Field: invoice_number

RULE-BASED
  value: INV-MATCH-10
  confidence: 0.90
  provenance: rule_based

LLM-BASED
  value: INV-MATCH-10
  confidence: 0.95
  provenance: llm

NORMALIZED
  rule_based: INV-MATCH-10
  llm: INV-MATCH-10
============================================================
2026-09-07 12:14:59 | INFO     | app.extraction.reconciliation | 
============================================================
RECONCILIATION RESULT
============================================================
Document ID: N/A
Field: invoice_number

FINAL
  value: INV-MATCH-10
  confidence: 1.00
  provenance: agreed
  conflict_value: null

DECISION
  BOTH ENGINES AGREED
============================================================
2026-09-07 12:14:59 | INFO     | app.extraction.reconciliation | 
============================================================
RECONCILIATION COMPLETE
============================================================
document_id: N/A

agreed_fields: 1
rule_based_fields: 0
llm_fields: 0
reconciled_fields: 0
unresolved_conflicts: 0
not_found_fields: 25
============================================================
HYBRID EXTRACTION -- FINAL DECISIONS
============================================================
Document ID: N/A
Document Type: POI

Field                    RULE-BASED           LLM-BASED            FINAL               
----------------------------------------------------------------------------------------
document_id              -                    -                    -                   
document_type            -                    -                    -                   
document_category        -                    -                    -                   
company_code             -                    -                    -                   
company_name             -                    -                    -                   
fiscal_year              -                    -                    -                   
location_code            -                    -                    -                   
vertical_code            -                    -                    -                   
document_source          -                    -                    -                   
barcode                  -                    -                    -                   
currency                 -                    -                    -                   
document_date            -                    -                    -                   
ocr_confidence_score     -                    -                    -                   
processing_status        -                    -                    -                   
validation_status        -                    -                    -                   
vendor_code              -                    -                    -                   
vendor_name              -                    -                    -                   
po_number                -                    -                    -                   
grn_number               -                    -                    -                   
srn_number               -                    -                    -                   
invoice_number           INV-MATCH-10         INV-MATCH-10         INV-MATCH-10        
invoice_date             -                    -                    -                   
invoice_amount           -                    -                    -                   
tax_amount               -                    -                    -                   
net_amount               -                    -                    -                   
payment_terms            -                    -                    -                   
============================================================
FINAL PROVENANCE
============================================================
Field                    PROVENANCE              
--------------------------------------------------
document_id              not_found               
document_type            not_found               
document_category        not_found               
company_code             not_found               
company_name             not_found               
fiscal_year              not_found               
location_code            not_found               
vertical_code            not_found               
document_source          not_found               
barcode                  not_found               
currency                 not_found               
document_date            not_found               
ocr_confidence_score     not_found               
processing_status        not_found               
validation_status        not_found               
vendor_code              not_found               
vendor_name              not_found               
po_number                not_found               
grn_number               not_found               
srn_number               not_found               
invoice_number           agreed                  
invoice_date             not_found               
invoice_amount           not_found               
tax_amount               not_found               
net_amount               not_found               
payment_terms            not_found               
============================================================
2026-09-07 12:14:59 | INFO     | app.extraction.rule_based | No extraction schema registered for document_type=UNKNOWN; returning empty result.
2026-09-07 12:15:00 | INFO     | app.services.auth_service | New user registered: username=extnoocr_ba110dfe role=FINANCE_ANALYST
2026-09-07 12:15:00 | INFO     | httpx | HTTP Request: POST http://testserver/api/v1/auth/register "HTTP/1.1 201 Created"
2026-09-07 12:15:00 | INFO     | app.services.auth_service | User logged in: username=extnoocr_ba110dfe
2026-09-07 12:15:00 | INFO     | httpx | HTTP Request: POST http://testserver/api/v1/auth/login "HTTP/1.1 200 OK"
2026-09-07 12:15:00 | INFO     | app.services.document_service | Document uploaded: id=1040 filename=noocr.pdf by_user=extnoocr_ba110dfe
2026-09-07 12:15:00 | INFO     | httpx | HTTP Request: POST http://testserver/api/v1/documents/upload "HTTP/1.1 201 Created"
2026-09-07 12:15:00 | WARNING  | app.main | Handled exception on POST /api/v1/extraction/documents/1040/extract: Cannot extract fields from a document with no OCR result. Run OCR first via POST /ocr/documents/{id}/run.
2026-09-07 12:15:00 | INFO     | httpx | HTTP Request: POST http://testserver/api/v1/extraction/documents/1040/extract "HTTP/1.1 422 Unprocessable Entity"
2026-09-07 12:15:00 | INFO     | app.services.auth_service | New user registered: username=extnocls_17007d6a role=FINANCE_ANALYST
2026-09-07 12:15:00 | INFO     | httpx | HTTP Request: POST http://testserver/api/v1/auth/register "HTTP/1.1 201 Created"
2026-09-07 12:15:00 | INFO     | app.services.auth_service | User logged in: username=extnocls_17007d6a
2026-09-07 12:15:00 | INFO     | httpx | HTTP Request: POST http://testserver/api/v1/auth/login "HTTP/1.1 200 OK"
2026-09-07 12:15:00 | INFO     | app.services.document_service | Document uploaded: id=1041 filename=test.pdf by_user=extnocls_17007d6a
2026-09-07 12:15:00 | INFO     | httpx | HTTP Request: POST http://testserver/api/v1/documents/upload "HTTP/1.1 201 Created"
2026-09-07 12:15:01 | INFO     | app.services.ocr_service | OCR completed: document_id=1041 engine=stub pages=1 avg_confidence=0.42 time_ms=125 status=OCR_COMPLETED
2026-09-07 12:15:01 | INFO     | httpx | HTTP Request: POST http://testserver/api/v1/ocr/documents/1041/run "HTTP/1.1 201 Created"
2026-09-07 12:15:01 | WARNING  | app.main | Handled exception on POST /api/v1/extraction/documents/1041/extract: Cannot extract fields from a document with no classification result. Run classification first via POST /classification/documents/{id}/classify.
2026-09-07 12:15:01 | INFO     | httpx | HTTP Request: POST http://testserver/api/v1/extraction/documents/1041/extract "HTTP/1.1 422 Unprocessable Entity"
2026-09-07 12:15:01 | INFO     | app.services.auth_service | New user registered: username=extpoi_fd6a4c2d role=FINANCE_ANALYST
2026-09-07 12:15:01 | INFO     | httpx | HTTP Request: POST http://testserver/api/v1/auth/register "HTTP/1.1 201 Created"
2026-09-07 12:15:01 | INFO     | app.services.auth_service | User logged in: username=extpoi_fd6a4c2d
2026-09-07 12:15:01 | INFO     | httpx | HTTP Request: POST http://testserver/api/v1/auth/login "HTTP/1.1 200 OK"
2026-09-07 12:15:01 | INFO     | app.services.document_service | Document uploaded: id=1042 filename=test.pdf by_user=extpoi_fd6a4c2d
2026-09-07 12:15:01 | INFO     | httpx | HTTP Request: POST http://testserver/api/v1/documents/upload "HTTP/1.1 201 Created"
2026-09-07 12:15:01 | INFO     | app.services.ocr_service | OCR completed: document_id=1042 engine=stub pages=1 avg_confidence=0.42 time_ms=115 status=OCR_COMPLETED
2026-09-07 12:15:01 | INFO     | httpx | HTTP Request: POST http://testserver/api/v1/ocr/documents/1042/run "HTTP/1.1 201 Created"
2026-09-07 12:15:02 | INFO     | app.extraction.parallel_orchestrator | HYBRID EXTRACTION
  Rule-Based: enabled
  LLM-Based: enabled
  LLM provider: mistral
  model: mistral-small-2603
  document_type: POI
2026-09-07 12:15:03 | ERROR    | app.extraction.llm_extractor | LLM extraction failed: HTTP Error 429: Too Many Requests. Falling back to rule-based extractor.
2026-09-07 12:15:03 | INFO     | app.extraction.reconciliation | 
============================================================
RECONCILIATION START
============================================================
document_id: 1042
document_type: POI
engine: hybrid
field_count: 26
rule_engine_status: OK
llm_engine_status: OK
============================================================
2026-09-07 12:15:03 | INFO     | app.extraction.reconciliation | 
============================================================
RECONCILIATION INPUT
============================================================
Document ID: 1042
Field: company_code

RULE-BASED
  value: CC-100
  confidence: 0.90
  provenance: rule_based

LLM-BASED
  value: CC-100
  confidence: 0.90
  provenance: llm

NORMALIZED
  rule_based: CC-100
  llm: CC-100
============================================================
2026-09-07 12:15:03 | INFO     | app.extraction.reconciliation | 
============================================================
RECONCILIATION RESULT
============================================================
Document ID: 1042
Field: company_code

FINAL
  value: CC-100
  confidence: 0.95
  provenance: agreed
  conflict_value: null

DECISION
  BOTH ENGINES AGREED
============================================================
2026-09-07 12:15:03 | INFO     | app.extraction.reconciliation | 
============================================================
RECONCILIATION INPUT
============================================================
Document ID: 1042
Field: company_name

RULE-BASED
  value: Our Company Pvt Ltd
  confidence: 0.90
  provenance: rule_based

LLM-BASED
  value: Our Company Pvt Ltd
  confidence: 0.90
  provenance: llm

NORMALIZED
  rule_based: Our Company Pvt Ltd
  llm: Our Company Pvt Ltd
============================================================
2026-09-07 12:15:03 | INFO     | app.extraction.reconciliation | 
============================================================
RECONCILIATION RESULT
============================================================
Document ID: 1042
Field: company_name

FINAL
  value: Our Company Pvt Ltd
  confidence: 0.95
  provenance: agreed
  conflict_value: null

DECISION
  BOTH ENGINES AGREED
============================================================
2026-09-07 12:15:03 | INFO     | app.extraction.reconciliation | 
============================================================
RECONCILIATION INPUT
============================================================
Document ID: 1042
Field: fiscal_year

RULE-BASED
  value: FY2026
  confidence: 0.90
  provenance: rule_based

LLM-BASED
  value: FY2026
  confidence: 0.90
  provenance: llm

NORMALIZED
  rule_based: FY2026
  llm: FY2026
============================================================
2026-09-07 12:15:03 | INFO     | app.extraction.reconciliation | 
============================================================
RECONCILIATION RESULT
============================================================
Document ID: 1042
Field: fiscal_year

FINAL
  value: FY2026
  confidence: 0.95
  provenance: agreed
  conflict_value: null

DECISION
  BOTH ENGINES AGREED
============================================================
2026-09-07 12:15:03 | INFO     | app.extraction.reconciliation | 
============================================================
RECONCILIATION INPUT
============================================================
Document ID: 1042
Field: currency

RULE-BASED
  value: INR
  confidence: 0.90
  provenance: rule_based

LLM-BASED
  value: INR
  confidence: 0.90
  provenance: llm

NORMALIZED
  rule_based: INR
  llm: INR
============================================================
2026-09-07 12:15:03 | INFO     | app.extraction.reconciliation | 
============================================================
RECONCILIATION RESULT
============================================================
Document ID: 1042
Field: currency

FINAL
  value: INR
  confidence: 0.95
  provenance: agreed
  conflict_value: null

DECISION
  BOTH ENGINES AGREED
============================================================
2026-09-07 12:15:03 | INFO     | app.extraction.reconciliation | 
============================================================
RECONCILIATION INPUT
============================================================
Document ID: 1042
Field: vendor_code

RULE-BASED
  value: V-1001
  confidence: 0.90
  provenance: rule_based

LLM-BASED
  value: V-1001
  confidence: 0.90
  provenance: llm

NORMALIZED
  rule_based: V-1001
  llm: V-1001
============================================================
2026-09-07 12:15:03 | INFO     | app.extraction.reconciliation | 
============================================================
RECONCILIATION RESULT
============================================================
Document ID: 1042
Field: vendor_code

FINAL
  value: V-1001
  confidence: 0.95
  provenance: agreed
  conflict_value: null

DECISION
  BOTH ENGINES AGREED
============================================================
2026-09-07 12:15:03 | INFO     | app.extraction.reconciliation | 
============================================================
RECONCILIATION INPUT
============================================================
Document ID: 1042
Field: vendor_name

RULE-BASED
  value: Acme Corporation
  confidence: 0.90
  provenance: rule_based

LLM-BASED
  value: Acme Corporation
  confidence: 0.90
  provenance: llm

NORMALIZED
  rule_based: Acme Corporation
  llm: Acme Corporation
============================================================
2026-09-07 12:15:03 | INFO     | app.extraction.reconciliation | 
============================================================
RECONCILIATION RESULT
============================================================
Document ID: 1042
Field: vendor_name

FINAL
  value: Acme Corporation
  confidence: 0.95
  provenance: agreed
  conflict_value: null

DECISION
  BOTH ENGINES AGREED
============================================================
2026-09-07 12:15:03 | INFO     | app.extraction.reconciliation | 
============================================================
RECONCILIATION INPUT
============================================================
Document ID: 1042
Field: po_number

RULE-BASED
  value: PO-2026-789
  confidence: 0.90
  provenance: rule_based

LLM-BASED
  value: PO-2026-789
  confidence: 0.90
  provenance: llm

NORMALIZED
  rule_based: PO-2026-789
  llm: PO-2026-789
============================================================
2026-09-07 12:15:03 | INFO     | app.extraction.reconciliation | 
============================================================
RECONCILIATION RESULT
============================================================
Document ID: 1042
Field: po_number

FINAL
  value: PO-2026-789
  confidence: 0.95
  provenance: agreed
  conflict_value: null

DECISION
  BOTH ENGINES AGREED
============================================================
2026-09-07 12:15:03 | INFO     | app.extraction.reconciliation | 
============================================================
RECONCILIATION INPUT
============================================================
Document ID: 1042
Field: grn_number

RULE-BASED
  value: GRN-445
  confidence: 0.90
  provenance: rule_based

LLM-BASED
  value: GRN-445
  confidence: 0.90
  provenance: llm

NORMALIZED
  rule_based: GRN-445
  llm: GRN-445
============================================================
2026-09-07 12:15:03 | INFO     | app.extraction.reconciliation | 
============================================================
RECONCILIATION RESULT
============================================================
Document ID: 1042
Field: grn_number

FINAL
  value: GRN-445
  confidence: 0.95
  provenance: agreed
  conflict_value: null

DECISION
  BOTH ENGINES AGREED
============================================================
2026-09-07 12:15:03 | INFO     | app.extraction.reconciliation | 
============================================================
RECONCILIATION INPUT
============================================================
Document ID: 1042
Field: invoice_number

RULE-BASED
  value: INV-2026-001
  confidence: 0.90
  provenance: rule_based

LLM-BASED
  value: INV-2026-001
  confidence: 0.90
  provenance: llm

NORMALIZED
  rule_based: INV-2026-001
  llm: INV-2026-001
============================================================
2026-09-07 12:15:03 | INFO     | app.extraction.reconciliation | 
============================================================
RECONCILIATION RESULT
============================================================
Document ID: 1042
Field: invoice_number

FINAL
  value: INV-2026-001
  confidence: 0.95
  provenance: agreed
  conflict_value: null

DECISION
  BOTH ENGINES AGREED
============================================================
2026-09-07 12:15:03 | INFO     | app.extraction.reconciliation | 
============================================================
RECONCILIATION INPUT
============================================================
Document ID: 1042
Field: invoice_date

RULE-BASED
  value: 2026-06-15
  confidence: 0.90
  provenance: rule_based

LLM-BASED
  value: 2026-06-15
  confidence: 0.90
  provenance: llm

NORMALIZED
  rule_based: 2026-06-15
  llm: 2026-06-15
============================================================
2026-09-07 12:15:03 | INFO     | app.extraction.reconciliation | 
============================================================
RECONCILIATION RESULT
============================================================
Document ID: 1042
Field: invoice_date

FINAL
  value: 2026-06-15
  confidence: 0.95
  provenance: agreed
  conflict_value: null

DECISION
  BOTH ENGINES AGREED
============================================================
2026-09-07 12:15:03 | INFO     | app.extraction.reconciliation | 
============================================================
RECONCILIATION INPUT
============================================================
Document ID: 1042
Field: invoice_amount

RULE-BASED
  value: 25000.00
  confidence: 0.90
  provenance: rule_based

LLM-BASED
  value: 25000.00
  confidence: 0.90
  provenance: llm

NORMALIZED
  rule_based: 25000.00
  llm: 25000.00
============================================================
2026-09-07 12:15:03 | INFO     | app.extraction.reconciliation | 
============================================================
RECONCILIATION RESULT
============================================================
Document ID: 1042
Field: invoice_amount

FINAL
  value: 25000.00
  confidence: 0.95
  provenance: agreed
  conflict_value: null

DECISION
  BOTH ENGINES AGREED
============================================================
2026-09-07 12:15:03 | INFO     | app.extraction.reconciliation | 
============================================================
RECONCILIATION INPUT
============================================================
Document ID: 1042
Field: tax_amount

RULE-BASED
  value: 4500.00
  confidence: 0.90
  provenance: rule_based

LLM-BASED
  value: 4500.00
  confidence: 0.90
  provenance: llm

NORMALIZED
  rule_based: 4500.00
  llm: 4500.00
============================================================
2026-09-07 12:15:03 | INFO     | app.extraction.reconciliation | 
============================================================
RECONCILIATION RESULT
============================================================
Document ID: 1042
Field: tax_amount

FINAL
  value: 4500.00
  confidence: 0.95
  provenance: agreed
  conflict_value: null

DECISION
  BOTH ENGINES AGREED
============================================================
2026-09-07 12:15:03 | INFO     | app.extraction.reconciliation | 
============================================================
RECONCILIATION INPUT
============================================================
Document ID: 1042
Field: net_amount

RULE-BASED
  value: 20500.00
  confidence: 0.90
  provenance: rule_based

LLM-BASED
  value: 20500.00
  confidence: 0.90
  provenance: llm

NORMALIZED
  rule_based: 20500.00
  llm: 20500.00
============================================================
2026-09-07 12:15:03 | INFO     | app.extraction.reconciliation | 
============================================================
RECONCILIATION RESULT
============================================================
Document ID: 1042
Field: net_amount

FINAL
  value: 20500.00
  confidence: 0.95
  provenance: agreed
  conflict_value: null

DECISION
  BOTH ENGINES AGREED
============================================================
2026-09-07 12:15:03 | INFO     | app.extraction.reconciliation | 
============================================================
RECONCILIATION INPUT
============================================================
Document ID: 1042
Field: payment_terms

RULE-BASED
  value: Net 30
  confidence: 0.90
  provenance: rule_based

LLM-BASED
  value: Net 30
  confidence: 0.90
  provenance: llm

NORMALIZED
  rule_based: Net 30
  llm: Net 30
============================================================
2026-09-07 12:15:03 | INFO     | app.extraction.reconciliation | 
============================================================
RECONCILIATION RESULT
============================================================
Document ID: 1042
Field: payment_terms

FINAL
  value: Net 30
  confidence: 0.95
  provenance: agreed
  conflict_value: null

DECISION
  BOTH ENGINES AGREED
============================================================
2026-09-07 12:15:03 | INFO     | app.extraction.reconciliation | 
============================================================
RECONCILIATION COMPLETE
============================================================
document_id: 1042

agreed_fields: 14
rule_based_fields: 0
llm_fields: 0
reconciled_fields: 0
unresolved_conflicts: 0
not_found_fields: 12
============================================================
HYBRID EXTRACTION -- FINAL DECISIONS
============================================================
Document ID: 1042
Document Type: POI

Field                    RULE-BASED           LLM-BASED            FINAL               
----------------------------------------------------------------------------------------
document_id              -                    -                    -                   
document_type            -                    -                    -                   
document_category        -                    -                    -                   
company_code             CC-100               CC-100               CC-100              
company_name             Our Company Pvt Ltd  Our Company Pvt Ltd  Our Company Pvt Ltd 
fiscal_year              FY2026               FY2026               FY2026              
location_code            -                    -                    -                   
vertical_code            -                    -                    -                   
document_source          -                    -                    -                   
barcode                  -                    -                    -                   
currency                 INR                  INR                  INR                 
document_date            -                    -                    -                   
ocr_confidence_score     -                    -                    -                   
processing_status        -                    -                    -                   
validation_status        -                    -                    -                   
vendor_code              V-1001               V-1001               V-1001              
vendor_name              Acme Corporation     Acme Corporation     Acme Corporation    
po_number                PO-2026-789          PO-2026-789          PO-2026-789         
grn_number               GRN-445              GRN-445              GRN-445             
srn_number               -                    -                    -                   
invoice_number           INV-2026-001         INV-2026-001         INV-2026-001        
invoice_date             2026-06-15           2026-06-15           2026-06-15          
invoice_amount           25000.00             25000.00             25000.00            
tax_amount               4500.00              4500.00              4500.00             
net_amount               20500.00             20500.00             20500.00            
payment_terms            Net 30               Net 30               Net 30              
============================================================
FINAL PROVENANCE
============================================================
Field                    PROVENANCE              
--------------------------------------------------
document_id              not_found               
document_type            not_found               
document_category        not_found               
company_code             agreed                  
company_name             agreed                  
fiscal_year              agreed                  
location_code            not_found               
vertical_code            not_found               
document_source          not_found               
barcode                  not_found               
currency                 agreed                  
document_date            not_found               
ocr_confidence_score     not_found               
processing_status        not_found               
validation_status        not_found               
vendor_code              agreed                  
vendor_name              agreed                  
po_number                agreed                  
grn_number               agreed                  
srn_number               not_found               
invoice_number           agreed                  
invoice_date             agreed                  
invoice_amount           agreed                  
tax_amount               agreed                  
net_amount               agreed                  
payment_terms            agreed                  
============================================================
2026-09-07 12:15:03 | INFO     | app.services.extraction_service | Document extracted: document_id=1042 type=POI fields=14/26 confidence=0.95
2026-09-07 12:15:03 | INFO     | httpx | HTTP Request: POST http://testserver/api/v1/extraction/documents/1042/extract "HTTP/1.1 201 Created"
2026-09-07 12:15:03 | INFO     | app.services.auth_service | New user registered: username=extstatus_4a0310be role=FINANCE_ANALYST
2026-09-07 12:15:03 | INFO     | httpx | HTTP Request: POST http://testserver/api/v1/auth/register "HTTP/1.1 201 Created"
2026-09-07 12:15:03 | INFO     | app.services.auth_service | User logged in: username=extstatus_4a0310be
2026-09-07 12:15:03 | INFO     | httpx | HTTP Request: POST http://testserver/api/v1/auth/login "HTTP/1.1 200 OK"
2026-09-07 12:15:03 | INFO     | app.services.document_service | Document uploaded: id=1043 filename=test.pdf by_user=extstatus_4a0310be
2026-09-07 12:15:03 | INFO     | httpx | HTTP Request: POST http://testserver/api/v1/documents/upload "HTTP/1.1 201 Created"
2026-09-07 12:15:04 | INFO     | app.services.ocr_service | OCR completed: document_id=1043 engine=stub pages=1 avg_confidence=0.42 time_ms=112 status=OCR_COMPLETED
2026-09-07 12:15:04 | INFO     | httpx | HTTP Request: POST http://testserver/api/v1/ocr/documents/1043/run "HTTP/1.1 201 Created"
2026-09-07 12:15:04 | INFO     | app.extraction.parallel_orchestrator | HYBRID EXTRACTION
  Rule-Based: enabled
  LLM-Based: enabled
  LLM provider: mistral
  model: mistral-small-2603
  document_type: BKA
2026-09-07 12:15:04 | ERROR    | app.extraction.llm_extractor | LLM extraction failed: HTTP Error 429: Too Many Requests. Falling back to rule-based extractor.
2026-09-07 12:15:04 | INFO     | app.extraction.reconciliation | 
============================================================
RECONCILIATION START
============================================================
document_id: 1043
document_type: BKA
engine: hybrid
field_count: 24
rule_engine_status: OK
llm_engine_status: OK
============================================================
2026-09-07 12:15:04 | INFO     | app.extraction.reconciliation | 
============================================================
RECONCILIATION INPUT
============================================================
Document ID: 1043
Field: advice_number

RULE-BASED
  value: ADV-2026-01
  confidence: 0.90
  provenance: rule_based

LLM-BASED
  value: ADV-2026-01
  confidence: 0.90
  provenance: llm

NORMALIZED
  rule_based: ADV-2026-01
  llm: ADV-2026-01
============================================================
2026-09-07 12:15:04 | INFO     | app.extraction.reconciliation | 
============================================================
RECONCILIATION RESULT
============================================================
Document ID: 1043
Field: advice_number

FINAL
  value: ADV-2026-01
  confidence: 0.95
  provenance: agreed
  conflict_value: null

DECISION
  BOTH ENGINES AGREED
============================================================
2026-09-07 12:15:04 | INFO     | app.extraction.reconciliation | 
============================================================
RECONCILIATION INPUT
============================================================
Document ID: 1043
Field: advice_date

RULE-BASED
  value: 2026-06-10
  confidence: 0.90
  provenance: rule_based

LLM-BASED
  value: 2026-06-10
  confidence: 0.90
  provenance: llm

NORMALIZED
  rule_based: 2026-06-10
  llm: 2026-06-10
============================================================
2026-09-07 12:15:04 | INFO     | app.extraction.reconciliation | 
============================================================
RECONCILIATION RESULT
============================================================
Document ID: 1043
Field: advice_date

FINAL
  value: 2026-06-10
  confidence: 0.95
  provenance: agreed
  conflict_value: null

DECISION
  BOTH ENGINES AGREED
============================================================
2026-09-07 12:15:04 | INFO     | app.extraction.reconciliation | 
============================================================
RECONCILIATION INPUT
============================================================
Document ID: 1043
Field: bank_name

RULE-BASED
  value: ICICI Bank
  confidence: 0.90
  provenance: rule_based

LLM-BASED
  value: ICICI Bank
  confidence: 0.90
  provenance: llm

NORMALIZED
  rule_based: ICICI Bank
  llm: ICICI Bank
============================================================
2026-09-07 12:15:04 | INFO     | app.extraction.reconciliation | 
============================================================
RECONCILIATION RESULT
============================================================
Document ID: 1043
Field: bank_name

FINAL
  value: ICICI Bank
  confidence: 0.95
  provenance: agreed
  conflict_value: null

DECISION
  BOTH ENGINES AGREED
============================================================
2026-09-07 12:15:04 | INFO     | app.extraction.reconciliation | 
============================================================
RECONCILIATION INPUT
============================================================
Document ID: 1043
Field: account_number

RULE-BASED
  value: 1234567890123
  confidence: 0.90
  provenance: rule_based

LLM-BASED
  value: 1234567890123
  confidence: 0.90
  provenance: llm

NORMALIZED
  rule_based: 1234567890123
  llm: 1234567890123
============================================================
2026-09-07 12:15:04 | INFO     | app.extraction.reconciliation | 
============================================================
RECONCILIATION RESULT
============================================================
Document ID: 1043
Field: account_number

FINAL
  value: 1234567890123
  confidence: 0.95
  provenance: agreed
  conflict_value: null

DECISION
  BOTH ENGINES AGREED
============================================================
2026-09-07 12:15:04 | INFO     | app.extraction.reconciliation | 
============================================================
RECONCILIATION INPUT
============================================================
Document ID: 1043
Field: transaction_type

RULE-BASED
  value: Credit
  confidence: 0.90
  provenance: rule_based

LLM-BASED
  value: Credit
  confidence: 0.90
  provenance: llm

NORMALIZED
  rule_based: Credit
  llm: Credit
============================================================
2026-09-07 12:15:04 | INFO     | app.extraction.reconciliation | 
============================================================
RECONCILIATION RESULT
============================================================
Document ID: 1043
Field: transaction_type

FINAL
  value: Credit
  confidence: 0.95
  provenance: agreed
  conflict_value: null

DECISION
  BOTH ENGINES AGREED
============================================================
2026-09-07 12:15:04 | INFO     | app.extraction.reconciliation | 
============================================================
RECONCILIATION INPUT
============================================================
Document ID: 1043
Field: transaction_amount

RULE-BASED
  value: 75000.00
  confidence: 0.90
  provenance: rule_based

LLM-BASED
  value: 75000.00
  confidence: 0.90
  provenance: llm

NORMALIZED
  rule_based: 75000.00
  llm: 75000.00
============================================================
2026-09-07 12:15:04 | INFO     | app.extraction.reconciliation | 
============================================================
RECONCILIATION RESULT
============================================================
Document ID: 1043
Field: transaction_amount

FINAL
  value: 75000.00
  confidence: 0.95
  provenance: agreed
  conflict_value: null

DECISION
  BOTH ENGINES AGREED
============================================================
2026-09-07 12:15:04 | INFO     | app.extraction.reconciliation | 
============================================================
RECONCILIATION INPUT
============================================================
Document ID: 1043
Field: value_date

RULE-BASED
  value: 2026-06-11
  confidence: 0.90
  provenance: rule_based

LLM-BASED
  value: 2026-06-11
  confidence: 0.90
  provenance: llm

NORMALIZED
  rule_based: 2026-06-11
  llm: 2026-06-11
============================================================
2026-09-07 12:15:04 | INFO     | app.extraction.reconciliation | 
============================================================
RECONCILIATION RESULT
============================================================
Document ID: 1043
Field: value_date

FINAL
  value: 2026-06-11
  confidence: 0.95
  provenance: agreed
  conflict_value: null

DECISION
  BOTH ENGINES AGREED
============================================================
2026-09-07 12:15:04 | INFO     | app.extraction.reconciliation | 
============================================================
RECONCILIATION COMPLETE
============================================================
document_id: 1043

agreed_fields: 7
rule_based_fields: 0
llm_fields: 0
reconciled_fields: 0
unresolved_conflicts: 0
not_found_fields: 17
============================================================
HYBRID EXTRACTION -- FINAL DECISIONS
============================================================
Document ID: 1043
Document Type: BKA

Field                    RULE-BASED           LLM-BASED            FINAL               
----------------------------------------------------------------------------------------
document_id              -                    -                    -                   
document_type            -                    -                    -                   
document_category        -                    -                    -                   
company_code             -                    -                    -                   
company_name             -                    -                    -                   
fiscal_year              -                    -                    -                   
location_code            -                    -                    -                   
vertical_code            -                    -                    -                   
document_source          -                    -                    -                   
barcode                  -                    -                    -                   
currency                 -                    -                    -                   
document_date            -                    -                    -                   
ocr_confidence_score     -                    -                    -                   
processing_status        -                    -                    -                   
validation_status        -                    -                    -                   
advice_number            ADV-2026-01          ADV-2026-01          ADV-2026-01         
advice_date              2026-06-10           2026-06-10           2026-06-10          
bank_name                ICICI Bank           ICICI Bank           ICICI Bank          
account_number           1234567890123        1234567890123        1234567890123       
transaction_reference    -                    -                    -                   
transaction_type         Credit               Credit               Credit              
transaction_amount       75000.00             75000.00             75000.00            
value_date               2026-06-11           2026-06-11           2026-06-11          
reconciliation_status    -                    -                    -                   
============================================================
FINAL PROVENANCE
============================================================
Field                    PROVENANCE              
--------------------------------------------------
document_id              not_found               
document_type            not_found               
document_category        not_found               
company_code             not_found               
company_name             not_found               
fiscal_year              not_found               
location_code            not_found               
vertical_code            not_found               
document_source          not_found               
barcode                  not_found               
currency                 not_found               
document_date            not_found               
ocr_confidence_score     not_found               
processing_status        not_found               
validation_status        not_found               
advice_number            agreed                  
advice_date              agreed                  
bank_name                agreed                  
account_number           agreed                  
transaction_reference    not_found               
transaction_type         agreed                  
transaction_amount       agreed                  
value_date               agreed                  
reconciliation_status    not_found               
============================================================
2026-09-07 12:15:04 | INFO     | app.services.extraction_service | Document extracted: document_id=1043 type=BKA fields=7/24 confidence=0.95
2026-09-07 12:15:04 | INFO     | httpx | HTTP Request: POST http://testserver/api/v1/extraction/documents/1043/extract "HTTP/1.1 201 Created"
2026-09-07 12:15:05 | INFO     | httpx | HTTP Request: GET http://testserver/api/v1/documents/1043 "HTTP/1.1 200 OK"
2026-09-07 12:15:05 | INFO     | app.services.auth_service | New user registered: username=extunknown_f8cec22b role=FINANCE_ANALYST
2026-09-07 12:15:05 | INFO     | httpx | HTTP Request: POST http://testserver/api/v1/auth/register "HTTP/1.1 201 Created"
2026-09-07 12:15:05 | INFO     | app.services.auth_service | User logged in: username=extunknown_f8cec22b
2026-09-07 12:15:05 | INFO     | httpx | HTTP Request: POST http://testserver/api/v1/auth/login "HTTP/1.1 200 OK"
2026-09-07 12:15:05 | INFO     | app.services.document_service | Document uploaded: id=1044 filename=test.pdf by_user=extunknown_f8cec22b
2026-09-07 12:15:05 | INFO     | httpx | HTTP Request: POST http://testserver/api/v1/documents/upload "HTTP/1.1 201 Created"
2026-09-07 12:15:05 | INFO     | app.services.ocr_service | OCR completed: document_id=1044 engine=stub pages=1 avg_confidence=0.42 time_ms=109 status=OCR_COMPLETED
2026-09-07 12:15:05 | INFO     | httpx | HTTP Request: POST http://testserver/api/v1/ocr/documents/1044/run "HTTP/1.1 201 Created"
2026-09-07 12:15:05 | INFO     | app.extraction.parallel_orchestrator | HYBRID EXTRACTION
  Rule-Based: enabled
  LLM-Based: enabled
  LLM provider: mistral
  model: mistral-small-2603
  document_type: UNKNOWN
2026-09-07 12:15:05 | INFO     | app.extraction.rule_based | No extraction schema registered for document_type=UNKNOWN; returning empty result.
2026-09-07 12:15:06 | ERROR    | app.extraction.llm_extractor | LLM extraction failed: HTTP Error 429: Too Many Requests. Falling back to rule-based extractor.
2026-09-07 12:15:06 | INFO     | app.extraction.rule_based | No extraction schema registered for document_type=UNKNOWN; returning empty result.
2026-09-07 12:15:06 | INFO     | app.extraction.reconciliation | No extraction schema registered for document_type=UNKNOWN; returning empty result.
2026-09-07 12:15:06 | INFO     | app.services.extraction_service | Document extracted: document_id=1044 type=UNKNOWN fields=0/0 confidence=0.00
2026-09-07 12:15:06 | INFO     | httpx | HTTP Request: POST http://testserver/api/v1/extraction/documents/1044/extract "HTTP/1.1 201 Created"
2026-09-07 12:15:06 | INFO     | app.services.auth_service | New user registered: username=extget_746d6bea role=FINANCE_ANALYST
2026-09-07 12:15:06 | INFO     | httpx | HTTP Request: POST http://testserver/api/v1/auth/register "HTTP/1.1 201 Created"
2026-09-07 12:15:06 | INFO     | app.services.auth_service | User logged in: username=extget_746d6bea
2026-09-07 12:15:06 | INFO     | httpx | HTTP Request: POST http://testserver/api/v1/auth/login "HTTP/1.1 200 OK"
2026-09-07 12:15:06 | INFO     | app.services.document_service | Document uploaded: id=1045 filename=test.pdf by_user=extget_746d6bea
2026-09-07 12:15:06 | INFO     | httpx | HTTP Request: POST http://testserver/api/v1/documents/upload "HTTP/1.1 201 Created"
2026-09-07 12:15:06 | INFO     | app.services.ocr_service | OCR completed: document_id=1045 engine=stub pages=1 avg_confidence=0.42 time_ms=114 status=OCR_COMPLETED
2026-09-07 12:15:06 | INFO     | httpx | HTTP Request: POST http://testserver/api/v1/ocr/documents/1045/run "HTTP/1.1 201 Created"
2026-09-07 12:15:06 | INFO     | app.extraction.parallel_orchestrator | HYBRID EXTRACTION
  Rule-Based: enabled
  LLM-Based: enabled
  LLM provider: mistral
  model: mistral-small-2603
  document_type: JER
2026-09-07 12:15:07 | ERROR    | app.extraction.llm_extractor | LLM extraction failed: HTTP Error 429: Too Many Requests. Falling back to rule-based extractor.
2026-09-07 12:15:07 | INFO     | app.extraction.reconciliation | 
============================================================
RECONCILIATION START
============================================================
document_id: 1045
document_type: JER
engine: hybrid
field_count: 25
rule_engine_status: OK
llm_engine_status: OK
============================================================
2026-09-07 12:15:07 | INFO     | app.extraction.reconciliation | 
============================================================
RECONCILIATION INPUT
============================================================
Document ID: 1045
Field: gl_account_code

RULE-BASED
  value: 4000
  confidence: 0.90
  provenance: rule_based

LLM-BASED
  value: 4000
  confidence: 0.90
  provenance: llm

NORMALIZED
  rule_based: 4000
  llm: 4000
============================================================
2026-09-07 12:15:07 | INFO     | app.extraction.reconciliation | 
============================================================
RECONCILIATION RESULT
============================================================
Document ID: 1045
Field: gl_account_code

FINAL
  value: 4000
  confidence: 0.95
  provenance: agreed
  conflict_value: null

DECISION
  BOTH ENGINES AGREED
============================================================
2026-09-07 12:15:07 | INFO     | app.extraction.reconciliation | 
============================================================
RECONCILIATION INPUT
============================================================
Document ID: 1045
Field: debit_amount

RULE-BASED
  value: 500
  confidence: 0.80
  provenance: rule_based

LLM-BASED
  value: 500
  confidence: 0.80
  provenance: llm

NORMALIZED
  rule_based: 500
  llm: 500
============================================================
2026-09-07 12:15:07 | INFO     | app.extraction.reconciliation | 
============================================================
RECONCILIATION RESULT
============================================================
Document ID: 1045
Field: debit_amount

FINAL
  value: 500
  confidence: 0.85
  provenance: agreed
  conflict_value: null

DECISION
  BOTH ENGINES AGREED
============================================================
2026-09-07 12:15:07 | INFO     | app.extraction.reconciliation | 
============================================================
RECONCILIATION INPUT
============================================================
Document ID: 1045
Field: credit_amount

RULE-BASED
  value: 500
  confidence: 0.80
  provenance: rule_based

LLM-BASED
  value: 500
  confidence: 0.80
  provenance: llm

NORMALIZED
  rule_based: 500
  llm: 500
============================================================
2026-09-07 12:15:07 | INFO     | app.extraction.reconciliation | 
============================================================
RECONCILIATION RESULT
============================================================
Document ID: 1045
Field: credit_amount

FINAL
  value: 500
  confidence: 0.85
  provenance: agreed
  conflict_value: null

DECISION
  BOTH ENGINES AGREED
============================================================
2026-09-07 12:15:07 | INFO     | app.extraction.reconciliation | 
============================================================
RECONCILIATION COMPLETE
============================================================
document_id: 1045

agreed_fields: 3
rule_based_fields: 0
llm_fields: 0
reconciled_fields: 0
unresolved_conflicts: 0
not_found_fields: 22
============================================================
HYBRID EXTRACTION -- FINAL DECISIONS
============================================================
Document ID: 1045
Document Type: JER

Field                    RULE-BASED           LLM-BASED            FINAL               
----------------------------------------------------------------------------------------
document_id              -                    -                    -                   
document_type            -                    -                    -                   
document_category        -                    -                    -                   
company_code             -                    -                    -                   
company_name             -                    -                    -                   
fiscal_year              -                    -                    -                   
location_code            -                    -                    -                   
vertical_code            -                    -                    -                   
document_source          -                    -                    -                   
barcode                  -                    -                    -                   
currency                 -                    -                    -                   
document_date            -                    -                    -                   
ocr_confidence_score     -                    -                    -                   
processing_status        -                    -                    -                   
validation_status        -                    -                    -                   
journal_entry_number     -                    -                    -                   
posting_date             -                    -                    -                   
gl_account_code          4000                 4000                 4000                
gl_account_description   -                    -                    -                   
debit_amount             500                  500                  500                 
credit_amount            500                  500                  500                 
cost_center              -                    -                    -                   
profit_center            -                    -                    -                   
reference_number         -                    -                    -                   
approval_status          -                    -                    -                   
============================================================
FINAL PROVENANCE
============================================================
Field                    PROVENANCE              
--------------------------------------------------
document_id              not_found               
document_type            not_found               
document_category        not_found               
company_code             not_found               
company_name             not_found               
fiscal_year              not_found               
location_code            not_found               
vertical_code            not_found               
document_source          not_found               
barcode                  not_found               
currency                 not_found               
document_date            not_found               
ocr_confidence_score     not_found               
processing_status        not_found               
validation_status        not_found               
journal_entry_number     not_found               
posting_date             not_found               
gl_account_code          agreed                  
gl_account_description   not_found               
debit_amount             agreed                  
credit_amount            agreed                  
cost_center              not_found               
profit_center            not_found               
reference_number         not_found               
approval_status          not_found               
============================================================
2026-09-07 12:15:07 | INFO     | app.services.extraction_service | Document extracted: document_id=1045 type=JER fields=3/25 confidence=0.88
2026-09-07 12:15:07 | INFO     | httpx | HTTP Request: POST http://testserver/api/v1/extraction/documents/1045/extract "HTTP/1.1 201 Created"
2026-09-07 12:15:07 | INFO     | httpx | HTTP Request: GET http://testserver/api/v1/extraction/documents/1045/result "HTTP/1.1 200 OK"
2026-09-07 12:15:08 | INFO     | app.services.auth_service | New user registered: username=extnorun_bc3ec011 role=FINANCE_ANALYST
2026-09-07 12:15:08 | INFO     | httpx | HTTP Request: POST http://testserver/api/v1/auth/register "HTTP/1.1 201 Created"
2026-09-07 12:15:08 | INFO     | app.services.auth_service | User logged in: username=extnorun_bc3ec011
2026-09-07 12:15:08 | INFO     | httpx | HTTP Request: POST http://testserver/api/v1/auth/login "HTTP/1.1 200 OK"
2026-09-07 12:15:08 | INFO     | app.services.document_service | Document uploaded: id=1046 filename=test.pdf by_user=extnorun_bc3ec011
2026-09-07 12:15:08 | INFO     | httpx | HTTP Request: POST http://testserver/api/v1/documents/upload "HTTP/1.1 201 Created"
2026-09-07 12:15:08 | INFO     | app.services.ocr_service | OCR completed: document_id=1046 engine=stub pages=1 avg_confidence=0.42 time_ms=109 status=OCR_COMPLETED
2026-09-07 12:15:08 | INFO     | httpx | HTTP Request: POST http://testserver/api/v1/ocr/documents/1046/run "HTTP/1.1 201 Created"
2026-09-07 12:15:08 | WARNING  | app.main | Handled exception on GET /api/v1/extraction/documents/1046/result: Extraction result for document with id '1046' not found
2026-09-07 12:15:08 | INFO     | httpx | HTTP Request: GET http://testserver/api/v1/extraction/documents/1046/result "HTTP/1.1 404 Not Found"
2026-09-07 12:15:08 | INFO     | app.services.auth_service | New user registered: username=extmulti_b1d9a5b7 role=FINANCE_ANALYST
2026-09-07 12:15:08 | INFO     | httpx | HTTP Request: POST http://testserver/api/v1/auth/register "HTTP/1.1 201 Created"
2026-09-07 12:15:09 | INFO     | app.services.auth_service | User logged in: username=extmulti_b1d9a5b7
2026-09-07 12:15:09 | INFO     | httpx | HTTP Request: POST http://testserver/api/v1/auth/login "HTTP/1.1 200 OK"
2026-09-07 12:15:09 | INFO     | app.services.document_service | Document uploaded: id=1047 filename=test.pdf by_user=extmulti_b1d9a5b7
2026-09-07 12:15:09 | INFO     | httpx | HTTP Request: POST http://testserver/api/v1/documents/upload "HTTP/1.1 201 Created"
2026-09-07 12:15:09 | INFO     | app.services.ocr_service | OCR completed: document_id=1047 engine=stub pages=1 avg_confidence=0.42 time_ms=136 status=OCR_COMPLETED
2026-09-07 12:15:09 | INFO     | httpx | HTTP Request: POST http://testserver/api/v1/ocr/documents/1047/run "HTTP/1.1 201 Created"
2026-09-07 12:15:09 | INFO     | app.extraction.parallel_orchestrator | HYBRID EXTRACTION
  Rule-Based: enabled
  LLM-Based: enabled
  LLM provider: mistral
  model: mistral-small-2603
  document_type: MSI
2026-09-07 12:15:09 | ERROR    | app.extraction.llm_extractor | LLM extraction failed: HTTP Error 429: Too Many Requests. Falling back to rule-based extractor.
2026-09-07 12:15:09 | INFO     | app.extraction.reconciliation | 
============================================================
RECONCILIATION START
============================================================
document_id: 1047
document_type: MSI
engine: hybrid
field_count: 24
rule_engine_status: OK
llm_engine_status: OK
============================================================
2026-09-07 12:15:09 | INFO     | app.extraction.reconciliation | 
============================================================
RECONCILIATION INPUT
============================================================
Document ID: 1047
Field: customer_code

RULE-BASED
  value: C-1
  confidence: 0.90
  provenance: rule_based

LLM-BASED
  value: C-1
  confidence: 0.90
  provenance: llm

NORMALIZED
  rule_based: C-1
  llm: C-1
============================================================
2026-09-07 12:15:09 | INFO     | app.extraction.reconciliation | 
============================================================
RECONCILIATION RESULT
============================================================
Document ID: 1047
Field: customer_code

FINAL
  value: C-1
  confidence: 0.95
  provenance: agreed
  conflict_value: null

DECISION
  BOTH ENGINES AGREED
============================================================
2026-09-07 12:15:09 | INFO     | app.extraction.reconciliation | 
============================================================
RECONCILIATION INPUT
============================================================
Document ID: 1047
Field: customer_name

RULE-BASED
  value: Test
  confidence: 0.90
  provenance: rule_based

LLM-BASED
  value: Test
  confidence: 0.90
  provenance: llm

NORMALIZED
  rule_based: Test
  llm: Test
============================================================
2026-09-07 12:15:09 | INFO     | app.extraction.reconciliation | 
============================================================
RECONCILIATION RESULT
============================================================
Document ID: 1047
Field: customer_name

FINAL
  value: Test
  confidence: 0.95
  provenance: agreed
  conflict_value: null

DECISION
  BOTH ENGINES AGREED
============================================================
2026-09-07 12:15:09 | INFO     | app.extraction.reconciliation | 
============================================================
RECONCILIATION COMPLETE
============================================================
document_id: 1047

agreed_fields: 2
rule_based_fields: 0
llm_fields: 0
reconciled_fields: 0
unresolved_conflicts: 0
not_found_fields: 22
============================================================
HYBRID EXTRACTION -- FINAL DECISIONS
============================================================
Document ID: 1047
Document Type: MSI

Field                    RULE-BASED           LLM-BASED            FINAL               
----------------------------------------------------------------------------------------
document_id              -                    -                    -                   
document_type            -                    -                    -                   
document_category        -                    -                    -                   
company_code             -                    -                    -                   
company_name             -                    -                    -                   
fiscal_year              -                    -                    -                   
location_code            -                    -                    -                   
vertical_code            -                    -                    -                   
document_source          -                    -                    -                   
barcode                  -                    -                    -                   
currency                 -                    -                    -                   
document_date            -                    -                    -                   
ocr_confidence_score     -                    -                    -                   
processing_status        -                    -                    -                   
validation_status        -                    -                    -                   
customer_code            C-1                  C-1                  C-1                 
customer_name            Test                 Test                 Test                
sales_invoice_number     -                    -                    -                   
sales_invoice_date       -                    -                    -                   
invoice_amount           -                    -                    -                   
tax_amount               -                    -                    -                   
net_amount               -                    -                    -                   
due_date                 -                    -                    -                   
payment_terms            -                    -                    -                   
============================================================
FINAL PROVENANCE
============================================================
Field                    PROVENANCE              
--------------------------------------------------
document_id              not_found               
document_type            not_found               
document_category        not_found               
company_code             not_found               
company_name             not_found               
fiscal_year              not_found               
location_code            not_found               
vertical_code            not_found               
document_source          not_found               
barcode                  not_found               
currency                 not_found               
document_date            not_found               
ocr_confidence_score     not_found               
processing_status        not_found               
validation_status        not_found               
customer_code            agreed                  
customer_name            agreed                  
sales_invoice_number     not_found               
sales_invoice_date       not_found               
invoice_amount           not_found               
tax_amount               not_found               
net_amount               not_found               
due_date                 not_found               
payment_terms            not_found               
============================================================
2026-09-07 12:15:09 | INFO     | app.services.extraction_service | Document extracted: document_id=1047 type=MSI fields=2/24 confidence=0.95
2026-09-07 12:15:09 | INFO     | httpx | HTTP Request: POST http://testserver/api/v1/extraction/documents/1047/extract "HTTP/1.1 201 Created"
2026-09-07 12:15:10 | INFO     | app.extraction.parallel_orchestrator | HYBRID EXTRACTION
  Rule-Based: enabled
  LLM-Based: enabled
  LLM provider: mistral
  model: mistral-small-2603
  document_type: MSI
2026-09-07 12:15:11 | ERROR    | app.extraction.llm_extractor | LLM extraction failed: HTTP Error 429: Too Many Requests. Falling back to rule-based extractor.
2026-09-07 12:15:11 | INFO     | app.extraction.reconciliation | 
============================================================
RECONCILIATION START
============================================================
document_id: 1047
document_type: MSI
engine: hybrid
field_count: 24
rule_engine_status: OK
llm_engine_status: OK
============================================================
2026-09-07 12:15:11 | INFO     | app.extraction.reconciliation | 
============================================================
RECONCILIATION INPUT
============================================================
Document ID: 1047
Field: customer_code

RULE-BASED
  value: C-1
  confidence: 0.90
  provenance: rule_based

LLM-BASED
  value: C-1
  confidence: 0.90
  provenance: llm

NORMALIZED
  rule_based: C-1
  llm: C-1
============================================================
2026-09-07 12:15:11 | INFO     | app.extraction.reconciliation | 
============================================================
RECONCILIATION RESULT
============================================================
Document ID: 1047
Field: customer_code

FINAL
  value: C-1
  confidence: 0.95
  provenance: agreed
  conflict_value: null

DECISION
  BOTH ENGINES AGREED
============================================================
2026-09-07 12:15:11 | INFO     | app.extraction.reconciliation | 
============================================================
RECONCILIATION INPUT
============================================================
Document ID: 1047
Field: customer_name

RULE-BASED
  value: Test
  confidence: 0.90
  provenance: rule_based

LLM-BASED
  value: Test
  confidence: 0.90
  provenance: llm

NORMALIZED
  rule_based: Test
  llm: Test
============================================================
2026-09-07 12:15:11 | INFO     | app.extraction.reconciliation | 
============================================================
RECONCILIATION RESULT
============================================================
Document ID: 1047
Field: customer_name

FINAL
  value: Test
  confidence: 0.95
  provenance: agreed
  conflict_value: null

DECISION
  BOTH ENGINES AGREED
============================================================
2026-09-07 12:15:11 | INFO     | app.extraction.reconciliation | 
============================================================
RECONCILIATION COMPLETE
============================================================
document_id: 1047

agreed_fields: 2
rule_based_fields: 0
llm_fields: 0
reconciled_fields: 0
unresolved_conflicts: 0
not_found_fields: 22
============================================================
HYBRID EXTRACTION -- FINAL DECISIONS
============================================================
Document ID: 1047
Document Type: MSI

Field                    RULE-BASED           LLM-BASED            FINAL               
----------------------------------------------------------------------------------------
document_id              -                    -                    -                   
document_type            -                    -                    -                   
document_category        -                    -                    -                   
company_code             -                    -                    -                   
company_name             -                    -                    -                   
fiscal_year              -                    -                    -                   
location_code            -                    -                    -                   
vertical_code            -                    -                    -                   
document_source          -                    -                    -                   
barcode                  -                    -                    -                   
currency                 -                    -                    -                   
document_date            -                    -                    -                   
ocr_confidence_score     -                    -                    -                   
processing_status        -                    -                    -                   
validation_status        -                    -                    -                   
customer_code            C-1                  C-1                  C-1                 
customer_name            Test                 Test                 Test                
sales_invoice_number     -                    -                    -                   
sales_invoice_date       -                    -                    -                   
invoice_amount           -                    -                    -                   
tax_amount               -                    -                    -                   
net_amount               -                    -                    -                   
due_date                 -                    -                    -                   
payment_terms            -                    -                    -                   
============================================================
FINAL PROVENANCE
============================================================
Field                    PROVENANCE              
--------------------------------------------------
document_id              not_found               
document_type            not_found               
document_category        not_found               
company_code             not_found               
company_name             not_found               
fiscal_year              not_found               
location_code            not_found               
vertical_code            not_found               
document_source          not_found               
barcode                  not_found               
currency                 not_found               
document_date            not_found               
ocr_confidence_score     not_found               
processing_status        not_found               
validation_status        not_found               
customer_code            agreed                  
customer_name            agreed                  
sales_invoice_number     not_found               
sales_invoice_date       not_found               
invoice_amount           not_found               
tax_amount               not_found               
net_amount               not_found               
due_date                 not_found               
payment_terms            not_found               
============================================================
2026-09-07 12:15:11 | INFO     | app.services.extraction_service | Document extracted: document_id=1047 type=MSI fields=2/24 confidence=0.95
2026-09-07 12:15:11 | INFO     | httpx | HTTP Request: POST http://testserver/api/v1/extraction/documents/1047/extract "HTTP/1.1 201 Created"
2026-09-07 12:15:11 | INFO     | httpx | HTTP Request: GET http://testserver/api/v1/extraction/documents/1047/results "HTTP/1.1 200 OK"
2026-09-07 12:15:11 | INFO     | app.services.auth_service | New user registered: username=extcorrect_4354f9dc role=FINANCE_ANALYST
2026-09-07 12:15:11 | INFO     | httpx | HTTP Request: POST http://testserver/api/v1/auth/register "HTTP/1.1 201 Created"
2026-09-07 12:15:12 | INFO     | app.services.auth_service | User logged in: username=extcorrect_4354f9dc
2026-09-07 12:15:12 | INFO     | httpx | HTTP Request: POST http://testserver/api/v1/auth/login "HTTP/1.1 200 OK"
2026-09-07 12:15:12 | INFO     | app.services.document_service | Document uploaded: id=1048 filename=test.pdf by_user=extcorrect_4354f9dc
2026-09-07 12:15:12 | INFO     | httpx | HTTP Request: POST http://testserver/api/v1/documents/upload "HTTP/1.1 201 Created"
2026-09-07 12:15:12 | INFO     | app.services.ocr_service | OCR completed: document_id=1048 engine=stub pages=1 avg_confidence=0.42 time_ms=109 status=OCR_COMPLETED
2026-09-07 12:15:12 | INFO     | httpx | HTTP Request: POST http://testserver/api/v1/ocr/documents/1048/run "HTTP/1.1 201 Created"
2026-09-07 12:15:12 | INFO     | app.extraction.parallel_orchestrator | HYBRID EXTRACTION
  Rule-Based: enabled
  LLM-Based: enabled
  LLM provider: mistral
  model: mistral-small-2603
  document_type: POI
2026-09-07 12:15:12 | ERROR    | app.extraction.llm_extractor | LLM extraction failed: HTTP Error 429: Too Many Requests. Falling back to rule-based extractor.
2026-09-07 12:15:12 | INFO     | app.extraction.reconciliation | 
============================================================
RECONCILIATION START
============================================================
document_id: 1048
document_type: POI
engine: hybrid
field_count: 26
rule_engine_status: OK
llm_engine_status: OK
============================================================
2026-09-07 12:15:12 | INFO     | app.extraction.reconciliation | 
============================================================
RECONCILIATION INPUT
============================================================
Document ID: 1048
Field: company_code

RULE-BASED
  value: CC-100
  confidence: 0.90
  provenance: rule_based

LLM-BASED
  value: CC-100
  confidence: 0.90
  provenance: llm

NORMALIZED
  rule_based: CC-100
  llm: CC-100
============================================================
2026-09-07 12:15:12 | INFO     | app.extraction.reconciliation | 
============================================================
RECONCILIATION RESULT
============================================================
Document ID: 1048
Field: company_code

FINAL
  value: CC-100
  confidence: 0.95
  provenance: agreed
  conflict_value: null

DECISION
  BOTH ENGINES AGREED
============================================================
2026-09-07 12:15:12 | INFO     | app.extraction.reconciliation | 
============================================================
RECONCILIATION INPUT
============================================================
Document ID: 1048
Field: company_name

RULE-BASED
  value: Our Company Pvt Ltd
  confidence: 0.90
  provenance: rule_based

LLM-BASED
  value: Our Company Pvt Ltd
  confidence: 0.90
  provenance: llm

NORMALIZED
  rule_based: Our Company Pvt Ltd
  llm: Our Company Pvt Ltd
============================================================
2026-09-07 12:15:12 | INFO     | app.extraction.reconciliation | 
============================================================
RECONCILIATION RESULT
============================================================
Document ID: 1048
Field: company_name

FINAL
  value: Our Company Pvt Ltd
  confidence: 0.95
  provenance: agreed
  conflict_value: null

DECISION
  BOTH ENGINES AGREED
============================================================
2026-09-07 12:15:12 | INFO     | app.extraction.reconciliation | 
============================================================
RECONCILIATION INPUT
============================================================
Document ID: 1048
Field: fiscal_year

RULE-BASED
  value: FY2026
  confidence: 0.90
  provenance: rule_based

LLM-BASED
  value: FY2026
  confidence: 0.90
  provenance: llm

NORMALIZED
  rule_based: FY2026
  llm: FY2026
============================================================
2026-09-07 12:15:12 | INFO     | app.extraction.reconciliation | 
============================================================
RECONCILIATION RESULT
============================================================
Document ID: 1048
Field: fiscal_year

FINAL
  value: FY2026
  confidence: 0.95
  provenance: agreed
  conflict_value: null

DECISION
  BOTH ENGINES AGREED
============================================================
2026-09-07 12:15:12 | INFO     | app.extraction.reconciliation | 
============================================================
RECONCILIATION INPUT
============================================================
Document ID: 1048
Field: currency

RULE-BASED
  value: INR
  confidence: 0.90
  provenance: rule_based

LLM-BASED
  value: INR
  confidence: 0.90
  provenance: llm

NORMALIZED
  rule_based: INR
  llm: INR
============================================================
2026-09-07 12:15:12 | INFO     | app.extraction.reconciliation | 
============================================================
RECONCILIATION RESULT
============================================================
Document ID: 1048
Field: currency

FINAL
  value: INR
  confidence: 0.95
  provenance: agreed
  conflict_value: null

DECISION
  BOTH ENGINES AGREED
============================================================
2026-09-07 12:15:12 | INFO     | app.extraction.reconciliation | 
============================================================
RECONCILIATION INPUT
============================================================
Document ID: 1048
Field: vendor_code

RULE-BASED
  value: V-1001
  confidence: 0.90
  provenance: rule_based

LLM-BASED
  value: V-1001
  confidence: 0.90
  provenance: llm

NORMALIZED
  rule_based: V-1001
  llm: V-1001
============================================================
2026-09-07 12:15:12 | INFO     | app.extraction.reconciliation | 
============================================================
RECONCILIATION RESULT
============================================================
Document ID: 1048
Field: vendor_code

FINAL
  value: V-1001
  confidence: 0.95
  provenance: agreed
  conflict_value: null

DECISION
  BOTH ENGINES AGREED
============================================================
2026-09-07 12:15:12 | INFO     | app.extraction.reconciliation | 
============================================================
RECONCILIATION INPUT
============================================================
Document ID: 1048
Field: vendor_name

RULE-BASED
  value: Acme Corporation
  confidence: 0.90
  provenance: rule_based

LLM-BASED
  value: Acme Corporation
  confidence: 0.90
  provenance: llm

NORMALIZED
  rule_based: Acme Corporation
  llm: Acme Corporation
============================================================
2026-09-07 12:15:12 | INFO     | app.extraction.reconciliation | 
============================================================
RECONCILIATION RESULT
============================================================
Document ID: 1048
Field: vendor_name

FINAL
  value: Acme Corporation
  confidence: 0.95
  provenance: agreed
  conflict_value: null

DECISION
  BOTH ENGINES AGREED
============================================================
2026-09-07 12:15:12 | INFO     | app.extraction.reconciliation | 
============================================================
RECONCILIATION INPUT
============================================================
Document ID: 1048
Field: po_number

RULE-BASED
  value: PO-2026-789
  confidence: 0.90
  provenance: rule_based

LLM-BASED
  value: PO-2026-789
  confidence: 0.90
  provenance: llm

NORMALIZED
  rule_based: PO-2026-789
  llm: PO-2026-789
============================================================
2026-09-07 12:15:12 | INFO     | app.extraction.reconciliation | 
============================================================
RECONCILIATION RESULT
============================================================
Document ID: 1048
Field: po_number

FINAL
  value: PO-2026-789
  confidence: 0.95
  provenance: agreed
  conflict_value: null

DECISION
  BOTH ENGINES AGREED
============================================================
2026-09-07 12:15:12 | INFO     | app.extraction.reconciliation | 
============================================================
RECONCILIATION INPUT
============================================================
Document ID: 1048
Field: grn_number

RULE-BASED
  value: GRN-445
  confidence: 0.90
  provenance: rule_based

LLM-BASED
  value: GRN-445
  confidence: 0.90
  provenance: llm

NORMALIZED
  rule_based: GRN-445
  llm: GRN-445
============================================================
2026-09-07 12:15:12 | INFO     | app.extraction.reconciliation | 
============================================================
RECONCILIATION RESULT
============================================================
Document ID: 1048
Field: grn_number

FINAL
  value: GRN-445
  confidence: 0.95
  provenance: agreed
  conflict_value: null

DECISION
  BOTH ENGINES AGREED
============================================================
2026-09-07 12:15:12 | INFO     | app.extraction.reconciliation | 
============================================================
RECONCILIATION INPUT
============================================================
Document ID: 1048
Field: invoice_number

RULE-BASED
  value: INV-2026-001
  confidence: 0.90
  provenance: rule_based

LLM-BASED
  value: INV-2026-001
  confidence: 0.90
  provenance: llm

NORMALIZED
  rule_based: INV-2026-001
  llm: INV-2026-001
============================================================
2026-09-07 12:15:12 | INFO     | app.extraction.reconciliation | 
============================================================
RECONCILIATION RESULT
============================================================
Document ID: 1048
Field: invoice_number

FINAL
  value: INV-2026-001
  confidence: 0.95
  provenance: agreed
  conflict_value: null

DECISION
  BOTH ENGINES AGREED
============================================================
2026-09-07 12:15:12 | INFO     | app.extraction.reconciliation | 
============================================================
RECONCILIATION INPUT
============================================================
Document ID: 1048
Field: invoice_date

RULE-BASED
  value: 2026-06-15
  confidence: 0.90
  provenance: rule_based

LLM-BASED
  value: 2026-06-15
  confidence: 0.90
  provenance: llm

NORMALIZED
  rule_based: 2026-06-15
  llm: 2026-06-15
============================================================
2026-09-07 12:15:12 | INFO     | app.extraction.reconciliation | 
============================================================
RECONCILIATION RESULT
============================================================
Document ID: 1048
Field: invoice_date

FINAL
  value: 2026-06-15
  confidence: 0.95
  provenance: agreed
  conflict_value: null

DECISION
  BOTH ENGINES AGREED
============================================================
2026-09-07 12:15:12 | INFO     | app.extraction.reconciliation | 
============================================================
RECONCILIATION INPUT
============================================================
Document ID: 1048
Field: invoice_amount

RULE-BASED
  value: 25000.00
  confidence: 0.90
  provenance: rule_based

LLM-BASED
  value: 25000.00
  confidence: 0.90
  provenance: llm

NORMALIZED
  rule_based: 25000.00
  llm: 25000.00
============================================================
2026-09-07 12:15:12 | INFO     | app.extraction.reconciliation | 
============================================================
RECONCILIATION RESULT
============================================================
Document ID: 1048
Field: invoice_amount

FINAL
  value: 25000.00
  confidence: 0.95
  provenance: agreed
  conflict_value: null

DECISION
  BOTH ENGINES AGREED
============================================================
2026-09-07 12:15:12 | INFO     | app.extraction.reconciliation | 
============================================================
RECONCILIATION INPUT
============================================================
Document ID: 1048
Field: tax_amount

RULE-BASED
  value: 4500.00
  confidence: 0.90
  provenance: rule_based

LLM-BASED
  value: 4500.00
  confidence: 0.90
  provenance: llm

NORMALIZED
  rule_based: 4500.00
  llm: 4500.00
============================================================
2026-09-07 12:15:12 | INFO     | app.extraction.reconciliation | 
============================================================
RECONCILIATION RESULT
============================================================
Document ID: 1048
Field: tax_amount

FINAL
  value: 4500.00
  confidence: 0.95
  provenance: agreed
  conflict_value: null

DECISION
  BOTH ENGINES AGREED
============================================================
2026-09-07 12:15:12 | INFO     | app.extraction.reconciliation | 
============================================================
RECONCILIATION INPUT
============================================================
Document ID: 1048
Field: net_amount

RULE-BASED
  value: 20500.00
  confidence: 0.90
  provenance: rule_based

LLM-BASED
  value: 20500.00
  confidence: 0.90
  provenance: llm

NORMALIZED
  rule_based: 20500.00
  llm: 20500.00
============================================================
2026-09-07 12:15:12 | INFO     | app.extraction.reconciliation | 
============================================================
RECONCILIATION RESULT
============================================================
Document ID: 1048
Field: net_amount

FINAL
  value: 20500.00
  confidence: 0.95
  provenance: agreed
  conflict_value: null

DECISION
  BOTH ENGINES AGREED
============================================================
2026-09-07 12:15:12 | INFO     | app.extraction.reconciliation | 
============================================================
RECONCILIATION INPUT
============================================================
Document ID: 1048
Field: payment_terms

RULE-BASED
  value: Net 30
  confidence: 0.90
  provenance: rule_based

LLM-BASED
  value: Net 30
  confidence: 0.90
  provenance: llm

NORMALIZED
  rule_based: Net 30
  llm: Net 30
============================================================
2026-09-07 12:15:12 | INFO     | app.extraction.reconciliation | 
============================================================
RECONCILIATION RESULT
============================================================
Document ID: 1048
Field: payment_terms

FINAL
  value: Net 30
  confidence: 0.95
  provenance: agreed
  conflict_value: null

DECISION
  BOTH ENGINES AGREED
============================================================
2026-09-07 12:15:12 | INFO     | app.extraction.reconciliation | 
============================================================
RECONCILIATION COMPLETE
============================================================
document_id: 1048

agreed_fields: 14
rule_based_fields: 0
llm_fields: 0
reconciled_fields: 0
unresolved_conflicts: 0
not_found_fields: 12
============================================================
HYBRID EXTRACTION -- FINAL DECISIONS
============================================================
Document ID: 1048
Document Type: POI

Field                    RULE-BASED           LLM-BASED            FINAL               
----------------------------------------------------------------------------------------
document_id              -                    -                    -                   
document_type            -                    -                    -                   
document_category        -                    -                    -                   
company_code             CC-100               CC-100               CC-100              
company_name             Our Company Pvt Ltd  Our Company Pvt Ltd  Our Company Pvt Ltd 
fiscal_year              FY2026               FY2026               FY2026              
location_code            -                    -                    -                   
vertical_code            -                    -                    -                   
document_source          -                    -                    -                   
barcode                  -                    -                    -                   
currency                 INR                  INR                  INR                 
document_date            -                    -                    -                   
ocr_confidence_score     -                    -                    -                   
processing_status        -                    -                    -                   
validation_status        -                    -                    -                   
vendor_code              V-1001               V-1001               V-1001              
vendor_name              Acme Corporation     Acme Corporation     Acme Corporation    
po_number                PO-2026-789          PO-2026-789          PO-2026-789         
grn_number               GRN-445              GRN-445              GRN-445             
srn_number               -                    -                    -                   
invoice_number           INV-2026-001         INV-2026-001         INV-2026-001        
invoice_date             2026-06-15           2026-06-15           2026-06-15          
invoice_amount           25000.00             25000.00             25000.00            
tax_amount               4500.00              4500.00              4500.00             
net_amount               20500.00             20500.00             20500.00            
payment_terms            Net 30               Net 30               Net 30              
============================================================
FINAL PROVENANCE
============================================================
Field                    PROVENANCE              
--------------------------------------------------
document_id              not_found               
document_type            not_found               
document_category        not_found               
company_code             agreed                  
company_name             agreed                  
fiscal_year              agreed                  
location_code            not_found               
vertical_code            not_found               
document_source          not_found               
barcode                  not_found               
currency                 agreed                  
document_date            not_found               
ocr_confidence_score     not_found               
processing_status        not_found               
validation_status        not_found               
vendor_code              agreed                  
vendor_name              agreed                  
po_number                agreed                  
grn_number               agreed                  
srn_number               not_found               
invoice_number           agreed                  
invoice_date             agreed                  
invoice_amount           agreed                  
tax_amount               agreed                  
net_amount               agreed                  
payment_terms            agreed                  
============================================================
2026-09-07 12:15:12 | INFO     | app.services.extraction_service | Document extracted: document_id=1048 type=POI fields=14/26 confidence=0.95
2026-09-07 12:15:12 | INFO     | httpx | HTTP Request: POST http://testserver/api/v1/extraction/documents/1048/extract "HTTP/1.1 201 Created"
2026-09-07 12:15:13 | INFO     | app.services.extraction_service | Field manually corrected: document_id=1048 field=location_code
2026-09-07 12:15:13 | INFO     | httpx | HTTP Request: PATCH http://testserver/api/v1/extraction/documents/1048/fields/location_code "HTTP/1.1 200 OK"
2026-09-07 12:15:13 | INFO     | app.services.auth_service | New user registered: username=extbadfield_b4b890d8 role=FINANCE_ANALYST
2026-09-07 12:15:13 | INFO     | httpx | HTTP Request: POST http://testserver/api/v1/auth/register "HTTP/1.1 201 Created"
2026-09-07 12:15:13 | INFO     | app.services.auth_service | User logged in: username=extbadfield_b4b890d8
2026-09-07 12:15:13 | INFO     | httpx | HTTP Request: POST http://testserver/api/v1/auth/login "HTTP/1.1 200 OK"
2026-09-07 12:15:13 | INFO     | app.services.document_service | Document uploaded: id=1049 filename=test.pdf by_user=extbadfield_b4b890d8
2026-09-07 12:15:13 | INFO     | httpx | HTTP Request: POST http://testserver/api/v1/documents/upload "HTTP/1.1 201 Created"
2026-09-07 12:15:13 | INFO     | app.services.ocr_service | OCR completed: document_id=1049 engine=stub pages=1 avg_confidence=0.42 time_ms=108 status=OCR_COMPLETED
2026-09-07 12:15:13 | INFO     | httpx | HTTP Request: POST http://testserver/api/v1/ocr/documents/1049/run "HTTP/1.1 201 Created"
2026-09-07 12:15:14 | INFO     | app.extraction.parallel_orchestrator | HYBRID EXTRACTION
  Rule-Based: enabled
  LLM-Based: enabled
  LLM provider: mistral
  model: mistral-small-2603
  document_type: POI
2026-09-07 12:15:14 | ERROR    | app.extraction.llm_extractor | LLM extraction failed: HTTP Error 429: Too Many Requests. Falling back to rule-based extractor.
2026-09-07 12:15:14 | INFO     | app.extraction.reconciliation | 
============================================================
RECONCILIATION START
============================================================
document_id: 1049
document_type: POI
engine: hybrid
field_count: 26
rule_engine_status: OK
llm_engine_status: OK
============================================================
2026-09-07 12:15:14 | INFO     | app.extraction.reconciliation | 
============================================================
RECONCILIATION INPUT
============================================================
Document ID: 1049
Field: company_code

RULE-BASED
  value: CC-100
  confidence: 0.90
  provenance: rule_based

LLM-BASED
  value: CC-100
  confidence: 0.90
  provenance: llm

NORMALIZED
  rule_based: CC-100
  llm: CC-100
============================================================
2026-09-07 12:15:14 | INFO     | app.extraction.reconciliation | 
============================================================
RECONCILIATION RESULT
============================================================
Document ID: 1049
Field: company_code

FINAL
  value: CC-100
  confidence: 0.95
  provenance: agreed
  conflict_value: null

DECISION
  BOTH ENGINES AGREED
============================================================
2026-09-07 12:15:14 | INFO     | app.extraction.reconciliation | 
============================================================
RECONCILIATION INPUT
============================================================
Document ID: 1049
Field: company_name

RULE-BASED
  value: Our Company Pvt Ltd
  confidence: 0.90
  provenance: rule_based

LLM-BASED
  value: Our Company Pvt Ltd
  confidence: 0.90
  provenance: llm

NORMALIZED
  rule_based: Our Company Pvt Ltd
  llm: Our Company Pvt Ltd
============================================================
2026-09-07 12:15:14 | INFO     | app.extraction.reconciliation | 
============================================================
RECONCILIATION RESULT
============================================================
Document ID: 1049
Field: company_name

FINAL
  value: Our Company Pvt Ltd
  confidence: 0.95
  provenance: agreed
  conflict_value: null

DECISION
  BOTH ENGINES AGREED
============================================================
2026-09-07 12:15:14 | INFO     | app.extraction.reconciliation | 
============================================================
RECONCILIATION INPUT
============================================================
Document ID: 1049
Field: fiscal_year

RULE-BASED
  value: FY2026
  confidence: 0.90
  provenance: rule_based

LLM-BASED
  value: FY2026
  confidence: 0.90
  provenance: llm

NORMALIZED
  rule_based: FY2026
  llm: FY2026
============================================================
2026-09-07 12:15:14 | INFO     | app.extraction.reconciliation | 
============================================================
RECONCILIATION RESULT
============================================================
Document ID: 1049
Field: fiscal_year

FINAL
  value: FY2026
  confidence: 0.95
  provenance: agreed
  conflict_value: null

DECISION
  BOTH ENGINES AGREED
============================================================
2026-09-07 12:15:14 | INFO     | app.extraction.reconciliation | 
============================================================
RECONCILIATION INPUT
============================================================
Document ID: 1049
Field: currency

RULE-BASED
  value: INR
  confidence: 0.90
  provenance: rule_based

LLM-BASED
  value: INR
  confidence: 0.90
  provenance: llm

NORMALIZED
  rule_based: INR
  llm: INR
============================================================
2026-09-07 12:15:14 | INFO     | app.extraction.reconciliation | 
============================================================
RECONCILIATION RESULT
============================================================
Document ID: 1049
Field: currency

FINAL
  value: INR
  confidence: 0.95
  provenance: agreed
  conflict_value: null

DECISION
  BOTH ENGINES AGREED
============================================================
2026-09-07 12:15:14 | INFO     | app.extraction.reconciliation | 
============================================================
RECONCILIATION INPUT
============================================================
Document ID: 1049
Field: vendor_code

RULE-BASED
  value: V-1001
  confidence: 0.90
  provenance: rule_based

LLM-BASED
  value: V-1001
  confidence: 0.90
  provenance: llm

NORMALIZED
  rule_based: V-1001
  llm: V-1001
============================================================
2026-09-07 12:15:14 | INFO     | app.extraction.reconciliation | 
============================================================
RECONCILIATION RESULT
============================================================
Document ID: 1049
Field: vendor_code

FINAL
  value: V-1001
  confidence: 0.95
  provenance: agreed
  conflict_value: null

DECISION
  BOTH ENGINES AGREED
============================================================
2026-09-07 12:15:14 | INFO     | app.extraction.reconciliation | 
============================================================
RECONCILIATION INPUT
============================================================
Document ID: 1049
Field: vendor_name

RULE-BASED
  value: Acme Corporation
  confidence: 0.90
  provenance: rule_based

LLM-BASED
  value: Acme Corporation
  confidence: 0.90
  provenance: llm

NORMALIZED
  rule_based: Acme Corporation
  llm: Acme Corporation
============================================================
2026-09-07 12:15:14 | INFO     | app.extraction.reconciliation | 
============================================================
RECONCILIATION RESULT
============================================================
Document ID: 1049
Field: vendor_name

FINAL
  value: Acme Corporation
  confidence: 0.95
  provenance: agreed
  conflict_value: null

DECISION
  BOTH ENGINES AGREED
============================================================
2026-09-07 12:15:14 | INFO     | app.extraction.reconciliation | 
============================================================
RECONCILIATION INPUT
============================================================
Document ID: 1049
Field: po_number

RULE-BASED
  value: PO-2026-789
  confidence: 0.90
  provenance: rule_based

LLM-BASED
  value: PO-2026-789
  confidence: 0.90
  provenance: llm

NORMALIZED
  rule_based: PO-2026-789
  llm: PO-2026-789
============================================================
2026-09-07 12:15:14 | INFO     | app.extraction.reconciliation | 
============================================================
RECONCILIATION RESULT
============================================================
Document ID: 1049
Field: po_number

FINAL
  value: PO-2026-789
  confidence: 0.95
  provenance: agreed
  conflict_value: null

DECISION
  BOTH ENGINES AGREED
============================================================
2026-09-07 12:15:14 | INFO     | app.extraction.reconciliation | 
============================================================
RECONCILIATION INPUT
============================================================
Document ID: 1049
Field: grn_number

RULE-BASED
  value: GRN-445
  confidence: 0.90
  provenance: rule_based

LLM-BASED
  value: GRN-445
  confidence: 0.90
  provenance: llm

NORMALIZED
  rule_based: GRN-445
  llm: GRN-445
============================================================
2026-09-07 12:15:14 | INFO     | app.extraction.reconciliation | 
============================================================
RECONCILIATION RESULT
============================================================
Document ID: 1049
Field: grn_number

FINAL
  value: GRN-445
  confidence: 0.95
  provenance: agreed
  conflict_value: null

DECISION
  BOTH ENGINES AGREED
============================================================
2026-09-07 12:15:14 | INFO     | app.extraction.reconciliation | 
============================================================
RECONCILIATION INPUT
============================================================
Document ID: 1049
Field: invoice_number

RULE-BASED
  value: INV-2026-001
  confidence: 0.90
  provenance: rule_based

LLM-BASED
  value: INV-2026-001
  confidence: 0.90
  provenance: llm

NORMALIZED
  rule_based: INV-2026-001
  llm: INV-2026-001
============================================================
2026-09-07 12:15:14 | INFO     | app.extraction.reconciliation | 
============================================================
RECONCILIATION RESULT
============================================================
Document ID: 1049
Field: invoice_number

FINAL
  value: INV-2026-001
  confidence: 0.95
  provenance: agreed
  conflict_value: null

DECISION
  BOTH ENGINES AGREED
============================================================
2026-09-07 12:15:14 | INFO     | app.extraction.reconciliation | 
============================================================
RECONCILIATION INPUT
============================================================
Document ID: 1049
Field: invoice_date

RULE-BASED
  value: 2026-06-15
  confidence: 0.90
  provenance: rule_based

LLM-BASED
  value: 2026-06-15
  confidence: 0.90
  provenance: llm

NORMALIZED
  rule_based: 2026-06-15
  llm: 2026-06-15
============================================================
2026-09-07 12:15:14 | INFO     | app.extraction.reconciliation | 
============================================================
RECONCILIATION RESULT
============================================================
Document ID: 1049
Field: invoice_date

FINAL
  value: 2026-06-15
  confidence: 0.95
  provenance: agreed
  conflict_value: null

DECISION
  BOTH ENGINES AGREED
============================================================
2026-09-07 12:15:14 | INFO     | app.extraction.reconciliation | 
============================================================
RECONCILIATION INPUT
============================================================
Document ID: 1049
Field: invoice_amount

RULE-BASED
  value: 25000.00
  confidence: 0.90
  provenance: rule_based

LLM-BASED
  value: 25000.00
  confidence: 0.90
  provenance: llm

NORMALIZED
  rule_based: 25000.00
  llm: 25000.00
============================================================
2026-09-07 12:15:14 | INFO     | app.extraction.reconciliation | 
============================================================
RECONCILIATION RESULT
============================================================
Document ID: 1049
Field: invoice_amount

FINAL
  value: 25000.00
  confidence: 0.95
  provenance: agreed
  conflict_value: null

DECISION
  BOTH ENGINES AGREED
============================================================
2026-09-07 12:15:14 | INFO     | app.extraction.reconciliation | 
============================================================
RECONCILIATION INPUT
============================================================
Document ID: 1049
Field: tax_amount

RULE-BASED
  value: 4500.00
  confidence: 0.90
  provenance: rule_based

LLM-BASED
  value: 4500.00
  confidence: 0.90
  provenance: llm

NORMALIZED
  rule_based: 4500.00
  llm: 4500.00
============================================================
2026-09-07 12:15:14 | INFO     | app.extraction.reconciliation | 
============================================================
RECONCILIATION RESULT
============================================================
Document ID: 1049
Field: tax_amount

FINAL
  value: 4500.00
  confidence: 0.95
  provenance: agreed
  conflict_value: null

DECISION
  BOTH ENGINES AGREED
============================================================
2026-09-07 12:15:14 | INFO     | app.extraction.reconciliation | 
============================================================
RECONCILIATION INPUT
============================================================
Document ID: 1049
Field: net_amount

RULE-BASED
  value: 20500.00
  confidence: 0.90
  provenance: rule_based

LLM-BASED
  value: 20500.00
  confidence: 0.90
  provenance: llm

NORMALIZED
  rule_based: 20500.00
  llm: 20500.00
============================================================
2026-09-07 12:15:14 | INFO     | app.extraction.reconciliation | 
============================================================
RECONCILIATION RESULT
============================================================
Document ID: 1049
Field: net_amount

FINAL
  value: 20500.00
  confidence: 0.95
  provenance: agreed
  conflict_value: null

DECISION
  BOTH ENGINES AGREED
============================================================
2026-09-07 12:15:14 | INFO     | app.extraction.reconciliation | 
============================================================
RECONCILIATION INPUT
============================================================
Document ID: 1049
Field: payment_terms

RULE-BASED
  value: Net 30
  confidence: 0.90
  provenance: rule_based

LLM-BASED
  value: Net 30
  confidence: 0.90
  provenance: llm

NORMALIZED
  rule_based: Net 30
  llm: Net 30
============================================================
2026-09-07 12:15:14 | INFO     | app.extraction.reconciliation | 
============================================================
RECONCILIATION RESULT
============================================================
Document ID: 1049
Field: payment_terms

FINAL
  value: Net 30
  confidence: 0.95
  provenance: agreed
  conflict_value: null

DECISION
  BOTH ENGINES AGREED
============================================================
2026-09-07 12:15:14 | INFO     | app.extraction.reconciliation | 
============================================================
RECONCILIATION COMPLETE
============================================================
document_id: 1049

agreed_fields: 14
rule_based_fields: 0
llm_fields: 0
reconciled_fields: 0
unresolved_conflicts: 0
not_found_fields: 12
============================================================
HYBRID EXTRACTION -- FINAL DECISIONS
============================================================
Document ID: 1049
Document Type: POI

Field                    RULE-BASED           LLM-BASED            FINAL               
----------------------------------------------------------------------------------------
document_id              -                    -                    -                   
document_type            -                    -                    -                   
document_category        -                    -                    -                   
company_code             CC-100               CC-100               CC-100              
company_name             Our Company Pvt Ltd  Our Company Pvt Ltd  Our Company Pvt Ltd 
fiscal_year              FY2026               FY2026               FY2026              
location_code            -                    -                    -                   
vertical_code            -                    -                    -                   
document_source          -                    -                    -                   
barcode                  -                    -                    -                   
currency                 INR                  INR                  INR                 
document_date            -                    -                    -                   
ocr_confidence_score     -                    -                    -                   
processing_status        -                    -                    -                   
validation_status        -                    -                    -                   
vendor_code              V-1001               V-1001               V-1001              
vendor_name              Acme Corporation     Acme Corporation     Acme Corporation    
po_number                PO-2026-789          PO-2026-789          PO-2026-789         
grn_number               GRN-445              GRN-445              GRN-445             
srn_number               -                    -                    -                   
invoice_number           INV-2026-001         INV-2026-001         INV-2026-001        
invoice_date             2026-06-15           2026-06-15           2026-06-15          
invoice_amount           25000.00             25000.00             25000.00            
tax_amount               4500.00              4500.00              4500.00             
net_amount               20500.00             20500.00             20500.00            
payment_terms            Net 30               Net 30               Net 30              
============================================================
FINAL PROVENANCE
============================================================
Field                    PROVENANCE              
--------------------------------------------------
document_id              not_found               
document_type            not_found               
document_category        not_found               
company_code             agreed                  
company_name             agreed                  
fiscal_year              agreed                  
location_code            not_found               
vertical_code            not_found               
document_source          not_found               
barcode                  not_found               
currency                 agreed                  
document_date            not_found               
ocr_confidence_score     not_found               
processing_status        not_found               
validation_status        not_found               
vendor_code              agreed                  
vendor_name              agreed                  
po_number                agreed                  
grn_number               agreed                  
srn_number               not_found               
invoice_number           agreed                  
invoice_date             agreed                  
invoice_amount           agreed                  
tax_amount               agreed                  
net_amount               agreed                  
payment_terms            agreed                  
============================================================
2026-09-07 12:15:14 | INFO     | app.services.extraction_service | Document extracted: document_id=1049 type=POI fields=14/26 confidence=0.95
2026-09-07 12:15:14 | INFO     | httpx | HTTP Request: POST http://testserver/api/v1/extraction/documents/1049/extract "HTTP/1.1 201 Created"
2026-09-07 12:15:14 | WARNING  | app.main | Handled exception on PATCH /api/v1/extraction/documents/1049/fields/totally_fake_field: Field 'totally_fake_field' is not part of this document's extraction schema.
2026-09-07 12:15:14 | INFO     | httpx | HTTP Request: PATCH http://testserver/api/v1/extraction/documents/1049/fields/totally_fake_field "HTTP/1.1 422 Unprocessable Entity"
2026-09-07 12:15:15 | INFO     | app.services.auth_service | New user registered: username=extowner_c1442413 role=FINANCE_ANALYST
2026-09-07 12:15:15 | INFO     | httpx | HTTP Request: POST http://testserver/api/v1/auth/register "HTTP/1.1 201 Created"
2026-09-07 12:15:15 | INFO     | app.services.auth_service | User logged in: username=extowner_c1442413
2026-09-07 12:15:15 | INFO     | httpx | HTTP Request: POST http://testserver/api/v1/auth/login "HTTP/1.1 200 OK"
2026-09-07 12:15:15 | INFO     | app.services.auth_service | New user registered: username=extother_d9e3133c role=FINANCE_ANALYST
2026-09-07 12:15:15 | INFO     | httpx | HTTP Request: POST http://testserver/api/v1/auth/register "HTTP/1.1 201 Created"
2026-09-07 12:15:15 | INFO     | app.services.auth_service | User logged in: username=extother_d9e3133c
2026-09-07 12:15:15 | INFO     | httpx | HTTP Request: POST http://testserver/api/v1/auth/login "HTTP/1.1 200 OK"
2026-09-07 12:15:15 | INFO     | app.services.document_service | Document uploaded: id=1050 filename=test.pdf by_user=extowner_c1442413
2026-09-07 12:15:15 | INFO     | httpx | HTTP Request: POST http://testserver/api/v1/documents/upload "HTTP/1.1 201 Created"
2026-09-07 12:15:16 | INFO     | app.services.ocr_service | OCR completed: document_id=1050 engine=stub pages=1 avg_confidence=0.42 time_ms=108 status=OCR_COMPLETED
2026-09-07 12:15:16 | INFO     | httpx | HTTP Request: POST http://testserver/api/v1/ocr/documents/1050/run "HTTP/1.1 201 Created"
2026-09-07 12:15:16 | WARNING  | app.main | Handled exception on POST /api/v1/extraction/documents/1050/extract: You may only access documents you uploaded
2026-09-07 12:15:16 | INFO     | httpx | HTTP Request: POST http://testserver/api/v1/extraction/documents/1050/extract "HTTP/1.1 403 Forbidden"
2026-09-07 12:15:16 | INFO     | app.services.auth_service | New user registered: username=dupuser_218570c9 role=FINANCE_ANALYST
2026-09-07 12:15:16 | INFO     | httpx | HTTP Request: POST http://testserver/api/v1/auth/register "HTTP/1.1 201 Created"
2026-09-07 12:15:16 | INFO     | app.services.auth_service | User logged in: username=dupuser_218570c9
2026-09-07 12:15:16 | INFO     | httpx | HTTP Request: POST http://testserver/api/v1/auth/login "HTTP/1.1 200 OK"
2026-09-07 12:15:16 | INFO     | app.services.document_service | Document uploaded: id=1051 filename=first.pdf by_user=dupuser_218570c9
2026-09-07 12:15:16 | INFO     | httpx | HTTP Request: POST http://testserver/api/v1/documents/upload "HTTP/1.1 201 Created"
2026-09-07 12:15:16 | INFO     | app.services.document_service | Document uploaded: id=1052 filename=second.pdf by_user=dupuser_218570c9
2026-09-07 12:15:16 | INFO     | httpx | HTTP Request: POST http://testserver/api/v1/documents/upload "HTTP/1.1 201 Created"
2026-09-07 12:15:17 | INFO     | app.services.auth_service | New user registered: username=dup3user_e35f4c24 role=FINANCE_ANALYST
2026-09-07 12:15:17 | INFO     | httpx | HTTP Request: POST http://testserver/api/v1/auth/register "HTTP/1.1 201 Created"
2026-09-07 12:15:17 | INFO     | app.services.auth_service | User logged in: username=dup3user_e35f4c24
2026-09-07 12:15:17 | INFO     | httpx | HTTP Request: POST http://testserver/api/v1/auth/login "HTTP/1.1 200 OK"
2026-09-07 12:15:17 | INFO     | app.services.document_service | Document uploaded: id=1053 filename=a.pdf by_user=dup3user_e35f4c24
2026-09-07 12:15:17 | INFO     | httpx | HTTP Request: POST http://testserver/api/v1/documents/upload "HTTP/1.1 201 Created"
2026-09-07 12:15:17 | INFO     | app.services.document_service | Document uploaded: id=1054 filename=b.pdf by_user=dup3user_e35f4c24
2026-09-07 12:15:17 | INFO     | httpx | HTTP Request: POST http://testserver/api/v1/documents/upload "HTTP/1.1 201 Created"
2026-09-07 12:15:17 | INFO     | app.services.document_service | Document uploaded: id=1055 filename=c.pdf by_user=dup3user_e35f4c24
2026-09-07 12:15:17 | INFO     | httpx | HTTP Request: POST http://testserver/api/v1/documents/upload "HTTP/1.1 201 Created"
2026-09-07 12:15:17 | INFO     | app.services.auth_service | New user registered: username=uniqueuser_92c2338d role=FINANCE_ANALYST
2026-09-07 12:15:17 | INFO     | httpx | HTTP Request: POST http://testserver/api/v1/auth/register "HTTP/1.1 201 Created"
2026-09-07 12:15:17 | INFO     | app.services.auth_service | User logged in: username=uniqueuser_92c2338d
2026-09-07 12:15:17 | INFO     | httpx | HTTP Request: POST http://testserver/api/v1/auth/login "HTTP/1.1 200 OK"
2026-09-07 12:15:17 | INFO     | app.services.document_service | Document uploaded: id=1056 filename=unique.pdf by_user=uniqueuser_92c2338d
2026-09-07 12:15:17 | INFO     | httpx | HTTP Request: POST http://testserver/api/v1/documents/upload "HTTP/1.1 201 Created"
2026-09-07 12:15:18 | INFO     | app.services.auth_service | New user registered: username=valnoext_fbb30083 role=FINANCE_ANALYST
2026-09-07 12:15:18 | INFO     | httpx | HTTP Request: POST http://testserver/api/v1/auth/register "HTTP/1.1 201 Created"
2026-09-07 12:15:18 | INFO     | app.services.auth_service | User logged in: username=valnoext_fbb30083
2026-09-07 12:15:18 | INFO     | httpx | HTTP Request: POST http://testserver/api/v1/auth/login "HTTP/1.1 200 OK"
2026-09-07 12:15:18 | INFO     | app.services.document_service | Document uploaded: id=1057 filename=noext.pdf by_user=valnoext_fbb30083
2026-09-07 12:15:18 | INFO     | httpx | HTTP Request: POST http://testserver/api/v1/documents/upload "HTTP/1.1 201 Created"
2026-09-07 12:15:18 | INFO     | app.services.ocr_service | OCR completed: document_id=1057 engine=stub pages=1 avg_confidence=0.42 time_ms=107 status=OCR_COMPLETED
2026-09-07 12:15:18 | INFO     | httpx | HTTP Request: POST http://testserver/api/v1/ocr/documents/1057/run "HTTP/1.1 201 Created"
2026-09-07 12:15:18 | WARNING  | app.main | Handled exception on POST /api/v1/validation/documents/1057/validate: Cannot validate a document with no extraction result. Run extraction first via POST /extraction/documents/{id}/extract.
2026-09-07 12:15:18 | INFO     | httpx | HTTP Request: POST http://testserver/api/v1/validation/documents/1057/validate "HTTP/1.1 422 Unprocessable Entity"
2026-09-07 12:15:18 | INFO     | app.services.auth_service | New user registered: username=valclean_1a0606a1 role=FINANCE_ANALYST
2026-09-07 12:15:18 | INFO     | httpx | HTTP Request: POST http://testserver/api/v1/auth/register "HTTP/1.1 201 Created"
2026-09-07 12:15:19 | INFO     | app.services.auth_service | User logged in: username=valclean_1a0606a1
2026-09-07 12:15:19 | INFO     | httpx | HTTP Request: POST http://testserver/api/v1/auth/login "HTTP/1.1 200 OK"
2026-09-07 12:15:19 | INFO     | app.services.document_service | Document uploaded: id=1058 filename=test.pdf by_user=valclean_1a0606a1
2026-09-07 12:15:19 | INFO     | httpx | HTTP Request: POST http://testserver/api/v1/documents/upload "HTTP/1.1 201 Created"
2026-09-07 12:15:19 | INFO     | app.services.ocr_service | OCR completed: document_id=1058 engine=stub pages=1 avg_confidence=0.42 time_ms=107 status=OCR_COMPLETED
2026-09-07 12:15:19 | INFO     | httpx | HTTP Request: POST http://testserver/api/v1/ocr/documents/1058/run "HTTP/1.1 201 Created"
2026-09-07 12:15:20 | INFO     | app.services.validation_service | Document validated: document_id=1058 is_valid=True errors=0 warnings=0
2026-09-07 12:15:20 | INFO     | httpx | HTTP Request: POST http://testserver/api/v1/validation/documents/1058/validate "HTTP/1.1 201 Created"
2026-09-07 12:15:22 | INFO     | httpx | HTTP Request: GET http://testserver/api/v1/documents/1058 "HTTP/1.1 200 OK"
2026-09-07 12:15:22 | INFO     | app.services.auth_service | New user registered: username=valbroken_0b82b988 role=FINANCE_ANALYST
2026-09-07 12:15:22 | INFO     | httpx | HTTP Request: POST http://testserver/api/v1/auth/register "HTTP/1.1 201 Created"
2026-09-07 12:15:22 | INFO     | app.services.auth_service | User logged in: username=valbroken_0b82b988
2026-09-07 12:15:22 | INFO     | httpx | HTTP Request: POST http://testserver/api/v1/auth/login "HTTP/1.1 200 OK"
2026-09-07 12:15:22 | INFO     | app.services.document_service | Document uploaded: id=1059 filename=test.pdf by_user=valbroken_0b82b988
2026-09-07 12:15:22 | INFO     | httpx | HTTP Request: POST http://testserver/api/v1/documents/upload "HTTP/1.1 201 Created"
2026-09-07 12:15:22 | INFO     | app.services.ocr_service | OCR completed: document_id=1059 engine=stub pages=1 avg_confidence=0.42 time_ms=106 status=OCR_COMPLETED
2026-09-07 12:15:22 | INFO     | httpx | HTTP Request: POST http://testserver/api/v1/ocr/documents/1059/run "HTTP/1.1 201 Created"
2026-09-07 12:15:23 | INFO     | app.services.validation_service | Document validated: document_id=1059 is_valid=False errors=1 warnings=0
2026-09-07 12:15:23 | INFO     | httpx | HTTP Request: POST http://testserver/api/v1/validation/documents/1059/validate "HTTP/1.1 201 Created"
2026-09-07 12:15:25 | INFO     | httpx | HTTP Request: GET http://testserver/api/v1/documents/1059 "HTTP/1.1 200 OK"
2026-09-07 12:15:26 | INFO     | app.services.auth_service | New user registered: username=valget_fbbca6c1 role=FINANCE_ANALYST
2026-09-07 12:15:26 | INFO     | httpx | HTTP Request: POST http://testserver/api/v1/auth/register "HTTP/1.1 201 Created"
2026-09-07 12:15:26 | INFO     | app.services.auth_service | User logged in: username=valget_fbbca6c1
2026-09-07 12:15:26 | INFO     | httpx | HTTP Request: POST http://testserver/api/v1/auth/login "HTTP/1.1 200 OK"
2026-09-07 12:15:26 | INFO     | app.services.document_service | Document uploaded: id=1060 filename=test.pdf by_user=valget_fbbca6c1
2026-09-07 12:15:26 | INFO     | httpx | HTTP Request: POST http://testserver/api/v1/documents/upload "HTTP/1.1 201 Created"
2026-09-07 12:15:26 | INFO     | app.services.ocr_service | OCR completed: document_id=1060 engine=stub pages=1 avg_confidence=0.42 time_ms=112 status=OCR_COMPLETED
2026-09-07 12:15:26 | INFO     | httpx | HTTP Request: POST http://testserver/api/v1/ocr/documents/1060/run "HTTP/1.1 201 Created"
2026-09-07 12:15:27 | INFO     | app.services.validation_service | Document validated: document_id=1060 is_valid=True errors=0 warnings=0
2026-09-07 12:15:27 | INFO     | httpx | HTTP Request: POST http://testserver/api/v1/validation/documents/1060/validate "HTTP/1.1 201 Created"
2026-09-07 12:15:29 | INFO     | httpx | HTTP Request: GET http://testserver/api/v1/validation/documents/1060/result "HTTP/1.1 200 OK"
2026-09-07 12:15:29 | INFO     | app.services.auth_service | New user registered: username=valnorun_c65bf0c0 role=FINANCE_ANALYST
2026-09-07 12:15:29 | INFO     | httpx | HTTP Request: POST http://testserver/api/v1/auth/register "HTTP/1.1 201 Created"
2026-09-07 12:15:29 | INFO     | app.services.auth_service | User logged in: username=valnorun_c65bf0c0
2026-09-07 12:15:29 | INFO     | httpx | HTTP Request: POST http://testserver/api/v1/auth/login "HTTP/1.1 200 OK"
2026-09-07 12:15:29 | INFO     | app.services.document_service | Document uploaded: id=1061 filename=test.pdf by_user=valnorun_c65bf0c0
2026-09-07 12:15:29 | INFO     | httpx | HTTP Request: POST http://testserver/api/v1/documents/upload "HTTP/1.1 201 Created"
2026-09-07 12:15:30 | INFO     | app.services.ocr_service | OCR completed: document_id=1061 engine=stub pages=1 avg_confidence=0.42 time_ms=117 status=OCR_COMPLETED
2026-09-07 12:15:30 | INFO     | httpx | HTTP Request: POST http://testserver/api/v1/ocr/documents/1061/run "HTTP/1.1 201 Created"
2026-09-07 12:15:31 | WARNING  | app.main | Handled exception on GET /api/v1/validation/documents/1061/result: Validation result for document with id '1061' not found
2026-09-07 12:15:31 | INFO     | httpx | HTTP Request: GET http://testserver/api/v1/validation/documents/1061/result "HTTP/1.1 404 Not Found"
2026-09-07 12:15:31 | INFO     | app.services.auth_service | New user registered: username=valmulti_aeb0ecdc role=FINANCE_ANALYST
2026-09-07 12:15:31 | INFO     | httpx | HTTP Request: POST http://testserver/api/v1/auth/register "HTTP/1.1 201 Created"
2026-09-07 12:15:31 | INFO     | app.services.auth_service | User logged in: username=valmulti_aeb0ecdc
2026-09-07 12:15:31 | INFO     | httpx | HTTP Request: POST http://testserver/api/v1/auth/login "HTTP/1.1 200 OK"
2026-09-07 12:15:31 | INFO     | app.services.document_service | Document uploaded: id=1062 filename=test.pdf by_user=valmulti_aeb0ecdc
2026-09-07 12:15:31 | INFO     | httpx | HTTP Request: POST http://testserver/api/v1/documents/upload "HTTP/1.1 201 Created"
2026-09-07 12:15:31 | INFO     | app.services.ocr_service | OCR completed: document_id=1062 engine=stub pages=1 avg_confidence=0.42 time_ms=113 status=OCR_COMPLETED
2026-09-07 12:15:31 | INFO     | httpx | HTTP Request: POST http://testserver/api/v1/ocr/documents/1062/run "HTTP/1.1 201 Created"
2026-09-07 12:15:32 | INFO     | app.services.validation_service | Document validated: document_id=1062 is_valid=True errors=0 warnings=0
2026-09-07 12:15:32 | INFO     | httpx | HTTP Request: POST http://testserver/api/v1/validation/documents/1062/validate "HTTP/1.1 201 Created"
2026-09-07 12:15:35 | INFO     | app.services.validation_service | Document validated: document_id=1062 is_valid=True errors=0 warnings=0
2026-09-07 12:15:35 | INFO     | httpx | HTTP Request: POST http://testserver/api/v1/validation/documents/1062/validate "HTTP/1.1 201 Created"
2026-09-07 12:15:38 | INFO     | httpx | HTTP Request: GET http://testserver/api/v1/validation/documents/1062/results "HTTP/1.1 200 OK"
2026-09-07 12:15:38 | INFO     | app.services.auth_service | New user registered: username=valowner_2b471b05 role=FINANCE_ANALYST
2026-09-07 12:15:38 | INFO     | httpx | HTTP Request: POST http://testserver/api/v1/auth/register "HTTP/1.1 201 Created"
2026-09-07 12:15:38 | INFO     | app.services.auth_service | User logged in: username=valowner_2b471b05
2026-09-07 12:15:38 | INFO     | httpx | HTTP Request: POST http://testserver/api/v1/auth/login "HTTP/1.1 200 OK"
2026-09-07 12:15:38 | INFO     | app.services.auth_service | New user registered: username=valother_0af84ad7 role=FINANCE_ANALYST
2026-09-07 12:15:38 | INFO     | httpx | HTTP Request: POST http://testserver/api/v1/auth/register "HTTP/1.1 201 Created"
2026-09-07 12:15:39 | INFO     | app.services.auth_service | User logged in: username=valother_0af84ad7
2026-09-07 12:15:39 | INFO     | httpx | HTTP Request: POST http://testserver/api/v1/auth/login "HTTP/1.1 200 OK"
2026-09-07 12:15:39 | INFO     | app.services.document_service | Document uploaded: id=1063 filename=test.pdf by_user=valowner_2b471b05
2026-09-07 12:15:39 | INFO     | httpx | HTTP Request: POST http://testserver/api/v1/documents/upload "HTTP/1.1 201 Created"
2026-09-07 12:15:39 | INFO     | app.services.ocr_service | OCR completed: document_id=1063 engine=stub pages=1 avg_confidence=0.42 time_ms=116 status=OCR_COMPLETED
2026-09-07 12:15:39 | INFO     | httpx | HTTP Request: POST http://testserver/api/v1/ocr/documents/1063/run "HTTP/1.1 201 Created"
2026-09-07 12:15:39 | WARNING  | app.main | Handled exception on POST /api/v1/validation/documents/1063/validate: You may only access documents you uploaded
2026-09-07 12:15:39 | INFO     | httpx | HTTP Request: POST http://testserver/api/v1/validation/documents/1063/validate "HTTP/1.1 403 Forbidden"
2026-09-07 12:15:39 | INFO     | app.services.auth_service | New user registered: username=wfanalyst_6503feb0 role=FINANCE_ANALYST
2026-09-07 12:15:39 | INFO     | httpx | HTTP Request: POST http://testserver/api/v1/auth/register "HTTP/1.1 201 Created"
2026-09-07 12:15:39 | INFO     | app.services.auth_service | User logged in: username=wfanalyst_6503feb0
2026-09-07 12:15:40 | INFO     | httpx | HTTP Request: POST http://testserver/api/v1/auth/login "HTTP/1.1 200 OK"
2026-09-07 12:15:40 | INFO     | app.services.auth_service | New user registered: username=wfmanager_1a230ef5 role=FINANCE_MANAGER
2026-09-07 12:15:40 | INFO     | httpx | HTTP Request: POST http://testserver/api/v1/auth/register "HTTP/1.1 201 Created"
2026-09-07 12:15:40 | INFO     | app.services.auth_service | User logged in: username=wfmanager_1a230ef5
2026-09-07 12:15:40 | INFO     | httpx | HTTP Request: POST http://testserver/api/v1/auth/login "HTTP/1.1 200 OK"
2026-09-07 12:15:40 | INFO     | app.services.document_service | Document uploaded: id=1064 filename=test.pdf by_user=wfanalyst_6503feb0
2026-09-07 12:15:40 | INFO     | httpx | HTTP Request: POST http://testserver/api/v1/documents/upload "HTTP/1.1 201 Created"
2026-09-07 12:15:40 | INFO     | app.services.ocr_service | OCR completed: document_id=1064 engine=stub pages=1 avg_confidence=0.42 time_ms=109 status=OCR_COMPLETED
2026-09-07 12:15:40 | INFO     | httpx | HTTP Request: POST http://testserver/api/v1/ocr/documents/1064/run "HTTP/1.1 201 Created"
2026-09-07 12:15:41 | INFO     | app.services.validation_service | Document validated: document_id=1064 is_valid=True errors=0 warnings=0
2026-09-07 12:15:41 | INFO     | httpx | HTTP Request: POST http://testserver/api/v1/validation/documents/1064/validate "HTTP/1.1 201 Created"
2026-09-07 12:15:42 | INFO     | httpx | HTTP Request: GET http://testserver/api/v1/documents/1064 "HTTP/1.1 200 OK"
2026-09-07 12:15:45 | INFO     | app.services.workflow_service | Workflow action performed: document_id=1064 action=REQUEST_APPROVAL VALIDATED->PENDING_APPROVAL by_user=wfanalyst_6503feb0
2026-09-07 12:15:45 | INFO     | httpx | HTTP Request: POST http://testserver/api/v1/workflow/documents/1064/request-approval "HTTP/1.1 200 OK"
2026-09-07 12:15:49 | INFO     | app.services.workflow_service | Workflow action performed: document_id=1064 action=APPROVE PENDING_APPROVAL->APPROVED by_user=wfmanager_1a230ef5
2026-09-07 12:15:49 | INFO     | httpx | HTTP Request: POST http://testserver/api/v1/workflow/documents/1064/approve "HTTP/1.1 200 OK"
2026-09-07 12:15:49 | INFO     | app.services.auth_service | New user registered: username=wfselfapprove_3fdebb8a role=FINANCE_ANALYST
2026-09-07 12:15:49 | INFO     | httpx | HTTP Request: POST http://testserver/api/v1/auth/register "HTTP/1.1 201 Created"
2026-09-07 12:15:49 | INFO     | app.services.auth_service | User logged in: username=wfselfapprove_3fdebb8a
2026-09-07 12:15:49 | INFO     | httpx | HTTP Request: POST http://testserver/api/v1/auth/login "HTTP/1.1 200 OK"
2026-09-07 12:15:50 | INFO     | app.services.document_service | Document uploaded: id=1065 filename=test.pdf by_user=wfselfapprove_3fdebb8a
2026-09-07 12:15:50 | INFO     | httpx | HTTP Request: POST http://testserver/api/v1/documents/upload "HTTP/1.1 201 Created"
2026-09-07 12:15:50 | INFO     | app.services.ocr_service | OCR completed: document_id=1065 engine=stub pages=1 avg_confidence=0.42 time_ms=109 status=OCR_COMPLETED
2026-09-07 12:15:50 | INFO     | httpx | HTTP Request: POST http://testserver/api/v1/ocr/documents/1065/run "HTTP/1.1 201 Created"
2026-09-07 12:15:50 | INFO     | app.services.validation_service | Document validated: document_id=1065 is_valid=True errors=0 warnings=0
2026-09-07 12:15:50 | INFO     | httpx | HTTP Request: POST http://testserver/api/v1/validation/documents/1065/validate "HTTP/1.1 201 Created"
2026-09-07 12:15:52 | INFO     | httpx | HTTP Request: GET http://testserver/api/v1/documents/1065 "HTTP/1.1 200 OK"
2026-09-07 12:15:54 | INFO     | app.services.workflow_service | Workflow action performed: document_id=1065 action=REQUEST_APPROVAL VALIDATED->PENDING_APPROVAL by_user=wfselfapprove_3fdebb8a
2026-09-07 12:15:54 | INFO     | httpx | HTTP Request: POST http://testserver/api/v1/workflow/documents/1065/request-approval "HTTP/1.1 200 OK"
2026-09-07 12:16:01 | WARNING  | app.main | Handled exception on POST /api/v1/workflow/documents/1065/approve: Your role (FINANCE_ANALYST) is not permitted to perform APPROVE.
2026-09-07 12:16:01 | INFO     | httpx | HTTP Request: POST http://testserver/api/v1/workflow/documents/1065/approve "HTTP/1.1 403 Forbidden"
2026-09-07 12:16:01 | INFO     | app.services.auth_service | New user registered: username=wfnocoment_3e67f7ab role=FINANCE_ANALYST
2026-09-07 12:16:01 | INFO     | httpx | HTTP Request: POST http://testserver/api/v1/auth/register "HTTP/1.1 201 Created"
2026-09-07 12:16:02 | INFO     | app.services.auth_service | User logged in: username=wfnocoment_3e67f7ab
2026-09-07 12:16:02 | INFO     | httpx | HTTP Request: POST http://testserver/api/v1/auth/login "HTTP/1.1 200 OK"
2026-09-07 12:16:02 | INFO     | app.services.auth_service | New user registered: username=wfnocoment_mgr_7ab24ec1 role=FINANCE_MANAGER
2026-09-07 12:16:02 | INFO     | httpx | HTTP Request: POST http://testserver/api/v1/auth/register "HTTP/1.1 201 Created"
2026-09-07 12:16:02 | INFO     | app.services.auth_service | User logged in: username=wfnocoment_mgr_7ab24ec1
2026-09-07 12:16:02 | INFO     | httpx | HTTP Request: POST http://testserver/api/v1/auth/login "HTTP/1.1 200 OK"
2026-09-07 12:16:02 | INFO     | app.services.document_service | Document uploaded: id=1066 filename=test.pdf by_user=wfnocoment_3e67f7ab
2026-09-07 12:16:02 | INFO     | httpx | HTTP Request: POST http://testserver/api/v1/documents/upload "HTTP/1.1 201 Created"
2026-09-07 12:16:02 | INFO     | app.services.ocr_service | OCR completed: document_id=1066 engine=stub pages=1 avg_confidence=0.42 time_ms=108 status=OCR_COMPLETED
2026-09-07 12:16:02 | INFO     | httpx | HTTP Request: POST http://testserver/api/v1/ocr/documents/1066/run "HTTP/1.1 201 Created"
2026-09-07 12:16:03 | INFO     | app.services.validation_service | Document validated: document_id=1066 is_valid=True errors=0 warnings=0
2026-09-07 12:16:03 | INFO     | httpx | HTTP Request: POST http://testserver/api/v1/validation/documents/1066/validate "HTTP/1.1 201 Created"
2026-09-07 12:16:05 | INFO     | httpx | HTTP Request: GET http://testserver/api/v1/documents/1066 "HTTP/1.1 200 OK"
2026-09-07 12:16:07 | INFO     | app.services.workflow_service | Workflow action performed: document_id=1066 action=REQUEST_APPROVAL VALIDATED->PENDING_APPROVAL by_user=wfnocoment_3e67f7ab
2026-09-07 12:16:07 | INFO     | httpx | HTTP Request: POST http://testserver/api/v1/workflow/documents/1066/request-approval "HTTP/1.1 200 OK"
2026-09-07 12:16:10 | WARNING  | app.main | Handled exception on POST /api/v1/workflow/documents/1066/reject: A comment is required when performing REJECT.
2026-09-07 12:16:10 | INFO     | httpx | HTTP Request: POST http://testserver/api/v1/workflow/documents/1066/reject "HTTP/1.1 422 Unprocessable Entity"
2026-09-07 12:16:11 | INFO     | app.services.auth_service | New user registered: username=wfreject_452355e2 role=FINANCE_ANALYST
2026-09-07 12:16:11 | INFO     | httpx | HTTP Request: POST http://testserver/api/v1/auth/register "HTTP/1.1 201 Created"
2026-09-07 12:16:11 | INFO     | app.services.auth_service | User logged in: username=wfreject_452355e2
2026-09-07 12:16:11 | INFO     | httpx | HTTP Request: POST http://testserver/api/v1/auth/login "HTTP/1.1 200 OK"
2026-09-07 12:16:11 | INFO     | app.services.auth_service | New user registered: username=wfreject_mgr_0ae12f90 role=FINANCE_MANAGER
2026-09-07 12:16:11 | INFO     | httpx | HTTP Request: POST http://testserver/api/v1/auth/register "HTTP/1.1 201 Created"
2026-09-07 12:16:11 | INFO     | app.services.auth_service | User logged in: username=wfreject_mgr_0ae12f90
2026-09-07 12:16:11 | INFO     | httpx | HTTP Request: POST http://testserver/api/v1/auth/login "HTTP/1.1 200 OK"
2026-09-07 12:16:11 | INFO     | app.services.document_service | Document uploaded: id=1067 filename=test.pdf by_user=wfreject_452355e2
2026-09-07 12:16:11 | INFO     | httpx | HTTP Request: POST http://testserver/api/v1/documents/upload "HTTP/1.1 201 Created"
2026-09-07 12:16:11 | INFO     | app.services.ocr_service | OCR completed: document_id=1067 engine=stub pages=1 avg_confidence=0.42 time_ms=124 status=OCR_COMPLETED
2026-09-07 12:16:11 | INFO     | httpx | HTTP Request: POST http://testserver/api/v1/ocr/documents/1067/run "HTTP/1.1 201 Created"
2026-09-07 12:16:12 | INFO     | app.services.validation_service | Document validated: document_id=1067 is_valid=True errors=0 warnings=0
2026-09-07 12:16:12 | INFO     | httpx | HTTP Request: POST http://testserver/api/v1/validation/documents/1067/validate "HTTP/1.1 201 Created"
2026-09-07 12:16:14 | INFO     | httpx | HTTP Request: GET http://testserver/api/v1/documents/1067 "HTTP/1.1 200 OK"
2026-09-07 12:16:16 | INFO     | app.services.workflow_service | Workflow action performed: document_id=1067 action=REQUEST_APPROVAL VALIDATED->PENDING_APPROVAL by_user=wfreject_452355e2
2026-09-07 12:16:16 | INFO     | httpx | HTTP Request: POST http://testserver/api/v1/workflow/documents/1067/request-approval "HTTP/1.1 200 OK"
2026-09-07 12:16:20 | INFO     | app.services.workflow_service | Workflow action performed: document_id=1067 action=REJECT PENDING_APPROVAL->REJECTED by_user=wfreject_mgr_0ae12f90
2026-09-07 12:16:20 | INFO     | httpx | HTTP Request: POST http://testserver/api/v1/workflow/documents/1067/reject "HTTP/1.1 200 OK"
2026-09-07 12:16:21 | INFO     | app.services.auth_service | New user registered: username=wfresub1_aa85adff role=FINANCE_ANALYST
2026-09-07 12:16:21 | INFO     | httpx | HTTP Request: POST http://testserver/api/v1/auth/register "HTTP/1.1 201 Created"
2026-09-07 12:16:21 | INFO     | app.services.auth_service | User logged in: username=wfresub1_aa85adff
2026-09-07 12:16:21 | INFO     | httpx | HTTP Request: POST http://testserver/api/v1/auth/login "HTTP/1.1 200 OK"
2026-09-07 12:16:21 | INFO     | app.services.auth_service | New user registered: username=wfresub1_mgr_10673ea3 role=FINANCE_MANAGER
2026-09-07 12:16:21 | INFO     | httpx | HTTP Request: POST http://testserver/api/v1/auth/register "HTTP/1.1 201 Created"
2026-09-07 12:16:21 | INFO     | app.services.auth_service | User logged in: username=wfresub1_mgr_10673ea3
2026-09-07 12:16:21 | INFO     | httpx | HTTP Request: POST http://testserver/api/v1/auth/login "HTTP/1.1 200 OK"
2026-09-07 12:16:21 | INFO     | app.services.document_service | Document uploaded: id=1068 filename=test.pdf by_user=wfresub1_aa85adff
2026-09-07 12:16:21 | INFO     | httpx | HTTP Request: POST http://testserver/api/v1/documents/upload "HTTP/1.1 201 Created"
2026-09-07 12:16:21 | INFO     | app.services.ocr_service | OCR completed: document_id=1068 engine=stub pages=1 avg_confidence=0.42 time_ms=111 status=OCR_COMPLETED
2026-09-07 12:16:21 | INFO     | httpx | HTTP Request: POST http://testserver/api/v1/ocr/documents/1068/run "HTTP/1.1 201 Created"
2026-09-07 12:16:22 | INFO     | app.services.validation_service | Document validated: document_id=1068 is_valid=True errors=0 warnings=0
2026-09-07 12:16:22 | INFO     | httpx | HTTP Request: POST http://testserver/api/v1/validation/documents/1068/validate "HTTP/1.1 201 Created"
2026-09-07 12:16:24 | INFO     | httpx | HTTP Request: GET http://testserver/api/v1/documents/1068 "HTTP/1.1 200 OK"
2026-09-07 12:16:26 | INFO     | app.services.workflow_service | Workflow action performed: document_id=1068 action=REQUEST_APPROVAL VALIDATED->PENDING_APPROVAL by_user=wfresub1_aa85adff
2026-09-07 12:16:26 | INFO     | httpx | HTTP Request: POST http://testserver/api/v1/workflow/documents/1068/request-approval "HTTP/1.1 200 OK"
2026-09-07 12:16:29 | INFO     | app.services.workflow_service | Workflow action performed: document_id=1068 action=REJECT PENDING_APPROVAL->REJECTED by_user=wfresub1_mgr_10673ea3
2026-09-07 12:16:30 | INFO     | httpx | HTTP Request: POST http://testserver/api/v1/workflow/documents/1068/reject "HTTP/1.1 200 OK"
2026-09-07 12:16:37 | WARNING  | app.main | Handled exception on POST /api/v1/workflow/documents/1068/request-approval: Cannot request approval: document is in status 'REJECTED', but this action requires status 'VALIDATED'.
2026-09-07 12:16:37 | INFO     | httpx | HTTP Request: POST http://testserver/api/v1/workflow/documents/1068/request-approval "HTTP/1.1 409 Conflict"
2026-09-07 12:16:38 | INFO     | app.services.auth_service | New user registered: username=wfresub2_6efa23ad role=FINANCE_ANALYST
2026-09-07 12:16:38 | INFO     | httpx | HTTP Request: POST http://testserver/api/v1/auth/register "HTTP/1.1 201 Created"
2026-09-07 12:16:38 | INFO     | app.services.auth_service | User logged in: username=wfresub2_6efa23ad
2026-09-07 12:16:38 | INFO     | httpx | HTTP Request: POST http://testserver/api/v1/auth/login "HTTP/1.1 200 OK"
2026-09-07 12:16:38 | INFO     | app.services.auth_service | New user registered: username=wfresub2_mgr_4d4ace43 role=FINANCE_MANAGER
2026-09-07 12:16:38 | INFO     | httpx | HTTP Request: POST http://testserver/api/v1/auth/register "HTTP/1.1 201 Created"
2026-09-07 12:16:38 | INFO     | app.services.auth_service | User logged in: username=wfresub2_mgr_4d4ace43
2026-09-07 12:16:38 | INFO     | httpx | HTTP Request: POST http://testserver/api/v1/auth/login "HTTP/1.1 200 OK"
2026-09-07 12:16:38 | INFO     | app.services.document_service | Document uploaded: id=1069 filename=test.pdf by_user=wfresub2_6efa23ad
2026-09-07 12:16:38 | INFO     | httpx | HTTP Request: POST http://testserver/api/v1/documents/upload "HTTP/1.1 201 Created"
2026-09-07 12:16:39 | INFO     | app.services.ocr_service | OCR completed: document_id=1069 engine=stub pages=1 avg_confidence=0.42 time_ms=112 status=OCR_COMPLETED
2026-09-07 12:16:39 | INFO     | httpx | HTTP Request: POST http://testserver/api/v1/ocr/documents/1069/run "HTTP/1.1 201 Created"
2026-09-07 12:16:39 | INFO     | app.services.validation_service | Document validated: document_id=1069 is_valid=True errors=0 warnings=0
2026-09-07 12:16:39 | INFO     | httpx | HTTP Request: POST http://testserver/api/v1/validation/documents/1069/validate "HTTP/1.1 201 Created"
2026-09-07 12:16:42 | INFO     | httpx | HTTP Request: GET http://testserver/api/v1/documents/1069 "HTTP/1.1 200 OK"
2026-09-07 12:16:43 | INFO     | app.services.workflow_service | Workflow action performed: document_id=1069 action=REQUEST_APPROVAL VALIDATED->PENDING_APPROVAL by_user=wfresub2_6efa23ad
2026-09-07 12:16:43 | INFO     | httpx | HTTP Request: POST http://testserver/api/v1/workflow/documents/1069/request-approval "HTTP/1.1 200 OK"
2026-09-07 12:16:47 | INFO     | app.services.workflow_service | Workflow action performed: document_id=1069 action=REJECT PENDING_APPROVAL->REJECTED by_user=wfresub2_mgr_4d4ace43
2026-09-07 12:16:47 | INFO     | httpx | HTTP Request: POST http://testserver/api/v1/workflow/documents/1069/reject "HTTP/1.1 200 OK"
2026-09-07 12:16:58 | INFO     | app.services.validation_service | Document validated: document_id=1069 is_valid=True errors=0 warnings=0
2026-09-07 12:16:58 | INFO     | httpx | HTTP Request: POST http://testserver/api/v1/validation/documents/1069/validate "HTTP/1.1 201 Created"
2026-09-07 12:17:05 | INFO     | app.services.workflow_service | Workflow action performed: document_id=1069 action=REQUEST_APPROVAL VALIDATED->PENDING_APPROVAL by_user=wfresub2_6efa23ad
2026-09-07 12:17:05 | INFO     | httpx | HTTP Request: POST http://testserver/api/v1/workflow/documents/1069/request-approval "HTTP/1.1 200 OK"
2026-09-07 12:17:06 | INFO     | app.services.auth_service | New user registered: username=wfhistory_6510c92a role=FINANCE_ANALYST
2026-09-07 12:17:06 | INFO     | httpx | HTTP Request: POST http://testserver/api/v1/auth/register "HTTP/1.1 201 Created"
2026-09-07 12:17:06 | INFO     | app.services.auth_service | User logged in: username=wfhistory_6510c92a
2026-09-07 12:17:06 | INFO     | httpx | HTTP Request: POST http://testserver/api/v1/auth/login "HTTP/1.1 200 OK"
2026-09-07 12:17:06 | INFO     | app.services.auth_service | New user registered: username=wfhistory_mgr_c13e20e2 role=FINANCE_MANAGER
2026-09-07 12:17:06 | INFO     | httpx | HTTP Request: POST http://testserver/api/v1/auth/register "HTTP/1.1 201 Created"
2026-09-07 12:17:06 | INFO     | app.services.auth_service | User logged in: username=wfhistory_mgr_c13e20e2
2026-09-07 12:17:06 | INFO     | httpx | HTTP Request: POST http://testserver/api/v1/auth/login "HTTP/1.1 200 OK"
2026-09-07 12:17:06 | INFO     | app.services.document_service | Document uploaded: id=1070 filename=test.pdf by_user=wfhistory_6510c92a
2026-09-07 12:17:06 | INFO     | httpx | HTTP Request: POST http://testserver/api/v1/documents/upload "HTTP/1.1 201 Created"
2026-09-07 12:17:07 | INFO     | app.services.ocr_service | OCR completed: document_id=1070 engine=stub pages=1 avg_confidence=0.42 time_ms=107 status=OCR_COMPLETED
2026-09-07 12:17:07 | INFO     | httpx | HTTP Request: POST http://testserver/api/v1/ocr/documents/1070/run "HTTP/1.1 201 Created"
2026-09-07 12:17:07 | INFO     | app.services.validation_service | Document validated: document_id=1070 is_valid=True errors=0 warnings=0
2026-09-07 12:17:07 | INFO     | httpx | HTTP Request: POST http://testserver/api/v1/validation/documents/1070/validate "HTTP/1.1 201 Created"
2026-09-07 12:17:10 | INFO     | httpx | HTTP Request: GET http://testserver/api/v1/documents/1070 "HTTP/1.1 200 OK"
2026-09-07 12:17:12 | INFO     | app.services.workflow_service | Workflow action performed: document_id=1070 action=REQUEST_APPROVAL VALIDATED->PENDING_APPROVAL by_user=wfhistory_6510c92a
2026-09-07 12:17:12 | INFO     | httpx | HTTP Request: POST http://testserver/api/v1/workflow/documents/1070/request-approval "HTTP/1.1 200 OK"
2026-09-07 12:17:16 | INFO     | app.services.workflow_service | Workflow action performed: document_id=1070 action=REJECT PENDING_APPROVAL->REJECTED by_user=wfhistory_mgr_c13e20e2
2026-09-07 12:17:16 | INFO     | httpx | HTTP Request: POST http://testserver/api/v1/workflow/documents/1070/reject "HTTP/1.1 200 OK"
2026-09-07 12:17:24 | INFO     | httpx | HTTP Request: GET http://testserver/api/v1/workflow/documents/1070/history "HTTP/1.1 200 OK"
2026-09-07 12:17:24 | INFO     | app.services.auth_service | New user registered: username=wfemptyhist_84f6742a role=FINANCE_ANALYST
2026-09-07 12:17:24 | INFO     | httpx | HTTP Request: POST http://testserver/api/v1/auth/register "HTTP/1.1 201 Created"
2026-09-07 12:17:25 | INFO     | app.services.auth_service | User logged in: username=wfemptyhist_84f6742a
2026-09-07 12:17:25 | INFO     | httpx | HTTP Request: POST http://testserver/api/v1/auth/login "HTTP/1.1 200 OK"
2026-09-07 12:17:25 | INFO     | app.services.document_service | Document uploaded: id=1071 filename=test.pdf by_user=wfemptyhist_84f6742a
2026-09-07 12:17:25 | INFO     | httpx | HTTP Request: POST http://testserver/api/v1/documents/upload "HTTP/1.1 201 Created"
2026-09-07 12:17:25 | INFO     | app.services.ocr_service | OCR completed: document_id=1071 engine=stub pages=1 avg_confidence=0.42 time_ms=106 status=OCR_COMPLETED
2026-09-07 12:17:25 | INFO     | httpx | HTTP Request: POST http://testserver/api/v1/ocr/documents/1071/run "HTTP/1.1 201 Created"
2026-09-07 12:17:25 | INFO     | app.services.validation_service | Document validated: document_id=1071 is_valid=True errors=0 warnings=0
2026-09-07 12:17:25 | INFO     | httpx | HTTP Request: POST http://testserver/api/v1/validation/documents/1071/validate "HTTP/1.1 201 Created"
2026-09-07 12:17:27 | INFO     | httpx | HTTP Request: GET http://testserver/api/v1/documents/1071 "HTTP/1.1 200 OK"
2026-09-07 12:17:29 | INFO     | httpx | HTTP Request: GET http://testserver/api/v1/workflow/documents/1071/history "HTTP/1.1 200 OK"
2026-09-07 12:17:30 | INFO     | app.services.auth_service | New user registered: username=wfowner_5628f3fc role=FINANCE_ANALYST
2026-09-07 12:17:30 | INFO     | httpx | HTTP Request: POST http://testserver/api/v1/auth/register "HTTP/1.1 201 Created"
2026-09-07 12:17:30 | INFO     | app.services.auth_service | User logged in: username=wfowner_5628f3fc
2026-09-07 12:17:30 | INFO     | httpx | HTTP Request: POST http://testserver/api/v1/auth/login "HTTP/1.1 200 OK"
2026-09-07 12:17:30 | INFO     | app.services.auth_service | New user registered: username=wfother_5526bd3b role=FINANCE_ANALYST
2026-09-07 12:17:30 | INFO     | httpx | HTTP Request: POST http://testserver/api/v1/auth/register "HTTP/1.1 201 Created"
2026-09-07 12:17:30 | INFO     | app.services.auth_service | User logged in: username=wfother_5526bd3b
2026-09-07 12:17:30 | INFO     | httpx | HTTP Request: POST http://testserver/api/v1/auth/login "HTTP/1.1 200 OK"
2026-09-07 12:17:30 | INFO     | app.services.document_service | Document uploaded: id=1072 filename=test.pdf by_user=wfowner_5628f3fc
2026-09-07 12:17:30 | INFO     | httpx | HTTP Request: POST http://testserver/api/v1/documents/upload "HTTP/1.1 201 Created"
2026-09-07 12:17:30 | INFO     | app.services.ocr_service | OCR completed: document_id=1072 engine=stub pages=1 avg_confidence=0.42 time_ms=107 status=OCR_COMPLETED
2026-09-07 12:17:30 | INFO     | httpx | HTTP Request: POST http://testserver/api/v1/ocr/documents/1072/run "HTTP/1.1 201 Created"
2026-09-07 12:17:31 | INFO     | app.services.validation_service | Document validated: document_id=1072 is_valid=True errors=0 warnings=0
2026-09-07 12:17:31 | INFO     | httpx | HTTP Request: POST http://testserver/api/v1/validation/documents/1072/validate "HTTP/1.1 201 Created"
2026-09-07 12:17:33 | INFO     | httpx | HTTP Request: GET http://testserver/api/v1/documents/1072 "HTTP/1.1 200 OK"
2026-09-07 12:17:34 | WARNING  | app.main | Handled exception on POST /api/v1/workflow/documents/1072/request-approval: You may only access documents you uploaded
2026-09-07 12:17:34 | INFO     | httpx | HTTP Request: POST http://testserver/api/v1/workflow/documents/1072/request-approval "HTTP/1.1 403 Forbidden"
2026-09-07 12:17:35 | INFO     | app.services.auth_service | New user registered: username=wfbadtrans_2d9a722f role=FINANCE_ANALYST
2026-09-07 12:17:35 | INFO     | httpx | HTTP Request: POST http://testserver/api/v1/auth/register "HTTP/1.1 201 Created"
2026-09-07 12:17:35 | INFO     | app.services.auth_service | User logged in: username=wfbadtrans_2d9a722f
2026-09-07 12:17:35 | INFO     | httpx | HTTP Request: POST http://testserver/api/v1/auth/login "HTTP/1.1 200 OK"
2026-09-07 12:17:35 | INFO     | app.services.auth_service | New user registered: username=wfbadtrans_mgr_8fdea949 role=FINANCE_MANAGER
2026-09-07 12:17:35 | INFO     | httpx | HTTP Request: POST http://testserver/api/v1/auth/register "HTTP/1.1 201 Created"
2026-09-07 12:17:35 | INFO     | app.services.auth_service | User logged in: username=wfbadtrans_mgr_8fdea949
2026-09-07 12:17:35 | INFO     | httpx | HTTP Request: POST http://testserver/api/v1/auth/login "HTTP/1.1 200 OK"
2026-09-07 12:17:35 | INFO     | app.services.document_service | Document uploaded: id=1073 filename=test.pdf by_user=wfbadtrans_2d9a722f
2026-09-07 12:17:35 | INFO     | httpx | HTTP Request: POST http://testserver/api/v1/documents/upload "HTTP/1.1 201 Created"
2026-09-07 12:17:35 | INFO     | app.services.ocr_service | OCR completed: document_id=1073 engine=stub pages=1 avg_confidence=0.42 time_ms=110 status=OCR_COMPLETED
2026-09-07 12:17:35 | INFO     | httpx | HTTP Request: POST http://testserver/api/v1/ocr/documents/1073/run "HTTP/1.1 201 Created"
2026-09-07 12:17:36 | INFO     | app.services.validation_service | Document validated: document_id=1073 is_valid=True errors=0 warnings=0
2026-09-07 12:17:36 | INFO     | httpx | HTTP Request: POST http://testserver/api/v1/validation/documents/1073/validate "HTTP/1.1 201 Created"
2026-09-07 12:17:38 | INFO     | httpx | HTTP Request: GET http://testserver/api/v1/documents/1073 "HTTP/1.1 200 OK"
2026-09-07 12:17:39 | WARNING  | app.main | Handled exception on POST /api/v1/workflow/documents/1073/approve: Cannot approve: document is in status 'VALIDATED', but this action requires status 'PENDING_APPROVAL'.
2026-09-07 12:17:39 | INFO     | httpx | HTTP Request: POST http://testserver/api/v1/workflow/documents/1073/approve "HTTP/1.1 409 Conflict"
2026-09-07 12:17:39 | INFO     | app.services.auth_service | New user registered: username=auditreg_c39c961b role=FINANCE_ANALYST
2026-09-07 12:17:39 | INFO     | httpx | HTTP Request: POST http://testserver/api/v1/auth/register "HTTP/1.1 201 Created"
2026-09-07 12:17:39 | INFO     | app.services.auth_service | User logged in: username=auditreg_c39c961b
2026-09-07 12:17:39 | INFO     | httpx | HTTP Request: POST http://testserver/api/v1/auth/login "HTTP/1.1 200 OK"
2026-09-07 12:17:39 | INFO     | app.services.auth_service | New user registered: username=auditloginok_3f7674fd role=FINANCE_ANALYST
2026-09-07 12:17:39 | INFO     | httpx | HTTP Request: POST http://testserver/api/v1/auth/register "HTTP/1.1 201 Created"
2026-09-07 12:17:40 | INFO     | app.services.auth_service | User logged in: username=auditloginok_3f7674fd
2026-09-07 12:17:40 | INFO     | httpx | HTTP Request: POST http://testserver/api/v1/auth/login "HTTP/1.1 200 OK"
2026-09-07 12:17:40 | INFO     | app.services.auth_service | New user registered: username=auditloginfail_bb5bbc20 role=FINANCE_ANALYST
2026-09-07 12:17:40 | INFO     | httpx | HTTP Request: POST http://testserver/api/v1/auth/register "HTTP/1.1 201 Created"
2026-09-07 12:17:40 | WARNING  | app.main | Handled exception on POST /api/v1/auth/login: Incorrect username or password
2026-09-07 12:17:40 | INFO     | httpx | HTTP Request: POST http://testserver/api/v1/auth/login "HTTP/1.1 401 Unauthorized"
2026-09-07 12:17:40 | WARNING  | app.main | Handled exception on POST /api/v1/auth/login: Incorrect username or password
2026-09-07 12:17:40 | INFO     | httpx | HTTP Request: POST http://testserver/api/v1/auth/login "HTTP/1.1 401 Unauthorized"
2026-09-07 12:17:40 | INFO     | app.services.auth_service | New user registered: username=auditupload_e25a529b role=FINANCE_ANALYST
2026-09-07 12:17:40 | INFO     | httpx | HTTP Request: POST http://testserver/api/v1/auth/register "HTTP/1.1 201 Created"
2026-09-07 12:17:41 | INFO     | app.services.auth_service | User logged in: username=auditupload_e25a529b
2026-09-07 12:17:41 | INFO     | httpx | HTTP Request: POST http://testserver/api/v1/auth/login "HTTP/1.1 200 OK"
2026-09-07 12:17:41 | INFO     | app.services.document_service | Document uploaded: id=1074 filename=test.pdf by_user=auditupload_e25a529b
2026-09-07 12:17:41 | INFO     | httpx | HTTP Request: POST http://testserver/api/v1/documents/upload "HTTP/1.1 201 Created"
2026-09-07 12:17:41 | INFO     | app.services.auth_service | New user registered: username=auditdelete_8c78bf79 role=FINANCE_ANALYST
2026-09-07 12:17:41 | INFO     | httpx | HTTP Request: POST http://testserver/api/v1/auth/register "HTTP/1.1 201 Created"
2026-09-07 12:17:41 | INFO     | app.services.auth_service | User logged in: username=auditdelete_8c78bf79
2026-09-07 12:17:41 | INFO     | httpx | HTTP Request: POST http://testserver/api/v1/auth/login "HTTP/1.1 200 OK"
2026-09-07 12:17:41 | INFO     | app.services.document_service | Document uploaded: id=1075 filename=test.pdf by_user=auditdelete_8c78bf79
2026-09-07 12:17:41 | INFO     | httpx | HTTP Request: POST http://testserver/api/v1/documents/upload "HTTP/1.1 201 Created"
2026-09-07 12:17:41 | INFO     | app.services.document_service | Document soft-deleted: id=1075 by_user=auditdelete_8c78bf79
2026-09-07 12:17:41 | INFO     | httpx | HTTP Request: DELETE http://testserver/api/v1/documents/1075 "HTTP/1.1 200 OK"
2026-09-07 12:17:42 | INFO     | app.services.auth_service | New user registered: username=auditocr_4eca7b76 role=FINANCE_ANALYST
2026-09-07 12:17:42 | INFO     | httpx | HTTP Request: POST http://testserver/api/v1/auth/register "HTTP/1.1 201 Created"
2026-09-07 12:17:42 | INFO     | app.services.auth_service | User logged in: username=auditocr_4eca7b76
2026-09-07 12:17:42 | INFO     | httpx | HTTP Request: POST http://testserver/api/v1/auth/login "HTTP/1.1 200 OK"
2026-09-07 12:17:42 | INFO     | app.services.document_service | Document uploaded: id=1076 filename=test.pdf by_user=auditocr_4eca7b76
2026-09-07 12:17:42 | INFO     | httpx | HTTP Request: POST http://testserver/api/v1/documents/upload "HTTP/1.1 201 Created"
2026-09-07 12:17:42 | INFO     | app.services.ocr_service | OCR completed: document_id=1076 engine=stub pages=1 avg_confidence=0.42 time_ms=122 status=OCR_COMPLETED
2026-09-07 12:17:42 | INFO     | httpx | HTTP Request: POST http://testserver/api/v1/ocr/documents/1076/run "HTTP/1.1 201 Created"
2026-09-07 12:17:42 | INFO     | app.services.auth_service | New user registered: username=auditclassify_cf52ee28 role=FINANCE_ANALYST
2026-09-07 12:17:42 | INFO     | httpx | HTTP Request: POST http://testserver/api/v1/auth/register "HTTP/1.1 201 Created"
2026-09-07 12:17:43 | INFO     | app.services.auth_service | User logged in: username=auditclassify_cf52ee28
2026-09-07 12:17:43 | INFO     | httpx | HTTP Request: POST http://testserver/api/v1/auth/login "HTTP/1.1 200 OK"
2026-09-07 12:17:43 | INFO     | app.services.document_service | Document uploaded: id=1077 filename=test.pdf by_user=auditclassify_cf52ee28
2026-09-07 12:17:43 | INFO     | httpx | HTTP Request: POST http://testserver/api/v1/documents/upload "HTTP/1.1 201 Created"
2026-09-07 12:17:43 | INFO     | app.services.ocr_service | OCR completed: document_id=1077 engine=stub pages=1 avg_confidence=0.42 time_ms=110 status=OCR_COMPLETED
2026-09-07 12:17:43 | INFO     | httpx | HTTP Request: POST http://testserver/api/v1/ocr/documents/1077/run "HTTP/1.1 201 Created"
2026-09-07 12:17:44 | INFO     | app.services.classification_service | Document classified: document_id=1077 type=UNKNOWN confidence=0.00 engine=rule_based
2026-09-07 12:17:44 | INFO     | httpx | HTTP Request: POST http://testserver/api/v1/classification/documents/1077/classify "HTTP/1.1 201 Created"
2026-09-07 12:17:44 | INFO     | app.services.auth_service | New user registered: username=auditextract_69f2d742 role=FINANCE_ANALYST
2026-09-07 12:17:44 | INFO     | httpx | HTTP Request: POST http://testserver/api/v1/auth/register "HTTP/1.1 201 Created"
2026-09-07 12:17:44 | INFO     | app.services.auth_service | User logged in: username=auditextract_69f2d742
2026-09-07 12:17:44 | INFO     | httpx | HTTP Request: POST http://testserver/api/v1/auth/login "HTTP/1.1 200 OK"
2026-09-07 12:17:44 | INFO     | app.services.document_service | Document uploaded: id=1078 filename=test.pdf by_user=auditextract_69f2d742
2026-09-07 12:17:44 | INFO     | httpx | HTTP Request: POST http://testserver/api/v1/documents/upload "HTTP/1.1 201 Created"
2026-09-07 12:17:45 | INFO     | app.services.ocr_service | OCR completed: document_id=1078 engine=stub pages=1 avg_confidence=0.42 time_ms=116 status=OCR_COMPLETED
2026-09-07 12:17:45 | INFO     | httpx | HTTP Request: POST http://testserver/api/v1/ocr/documents/1078/run "HTTP/1.1 201 Created"
2026-09-07 12:17:45 | INFO     | app.services.classification_service | Document classified: document_id=1078 type=UNKNOWN confidence=0.00 engine=rule_based
2026-09-07 12:17:45 | INFO     | httpx | HTTP Request: POST http://testserver/api/v1/classification/documents/1078/classify "HTTP/1.1 201 Created"
2026-09-07 12:17:45 | INFO     | app.extraction.parallel_orchestrator | HYBRID EXTRACTION
  Rule-Based: enabled
  LLM-Based: enabled
  LLM provider: mistral
  model: mistral-small-2603
  document_type: UNKNOWN
2026-09-07 12:17:45 | INFO     | app.extraction.rule_based | No extraction schema registered for document_type=UNKNOWN; returning empty result.
2026-09-07 12:17:45 | ERROR    | app.extraction.llm_extractor | LLM extraction failed: HTTP Error 429: Too Many Requests. Falling back to rule-based extractor.
2026-09-07 12:17:45 | INFO     | app.extraction.rule_based | No extraction schema registered for document_type=UNKNOWN; returning empty result.
2026-09-07 12:17:45 | INFO     | app.extraction.reconciliation | No extraction schema registered for document_type=UNKNOWN; returning empty result.
2026-09-07 12:17:45 | INFO     | app.services.extraction_service | Document extracted: document_id=1078 type=UNKNOWN fields=0/0 confidence=0.00
2026-09-07 12:17:45 | INFO     | httpx | HTTP Request: POST http://testserver/api/v1/extraction/documents/1078/extract "HTTP/1.1 201 Created"
2026-09-07 12:17:45 | INFO     | app.services.auth_service | New user registered: username=auditcorrect_945c7c03 role=FINANCE_ANALYST
2026-09-07 12:17:45 | INFO     | httpx | HTTP Request: POST http://testserver/api/v1/auth/register "HTTP/1.1 201 Created"
2026-09-07 12:17:46 | INFO     | app.services.auth_service | User logged in: username=auditcorrect_945c7c03
2026-09-07 12:17:46 | INFO     | httpx | HTTP Request: POST http://testserver/api/v1/auth/login "HTTP/1.1 200 OK"
2026-09-07 12:17:46 | INFO     | app.services.document_service | Document uploaded: id=1079 filename=test.pdf by_user=auditcorrect_945c7c03
2026-09-07 12:17:46 | INFO     | httpx | HTTP Request: POST http://testserver/api/v1/documents/upload "HTTP/1.1 201 Created"
2026-09-07 12:17:46 | INFO     | app.services.ocr_service | OCR completed: document_id=1079 engine=stub pages=1 avg_confidence=0.42 time_ms=118 status=OCR_COMPLETED
2026-09-07 12:17:46 | INFO     | httpx | HTTP Request: POST http://testserver/api/v1/ocr/documents/1079/run "HTTP/1.1 201 Created"
2026-09-07 12:17:46 | INFO     | app.services.extraction_service | Field manually corrected: document_id=1079 field=vendor_name
2026-09-07 12:17:46 | INFO     | httpx | HTTP Request: PATCH http://testserver/api/v1/extraction/documents/1079/fields/vendor_name "HTTP/1.1 200 OK"
2026-09-07 12:17:47 | INFO     | app.services.auth_service | New user registered: username=auditvalidate_6445fbec role=FINANCE_ANALYST
2026-09-07 12:17:47 | INFO     | httpx | HTTP Request: POST http://testserver/api/v1/auth/register "HTTP/1.1 201 Created"
2026-09-07 12:17:47 | INFO     | app.services.auth_service | User logged in: username=auditvalidate_6445fbec
2026-09-07 12:17:47 | INFO     | httpx | HTTP Request: POST http://testserver/api/v1/auth/login "HTTP/1.1 200 OK"
2026-09-07 12:17:47 | INFO     | app.services.document_service | Document uploaded: id=1080 filename=test.pdf by_user=auditvalidate_6445fbec
2026-09-07 12:17:47 | INFO     | httpx | HTTP Request: POST http://testserver/api/v1/documents/upload "HTTP/1.1 201 Created"
2026-09-07 12:17:47 | INFO     | app.services.ocr_service | OCR completed: document_id=1080 engine=stub pages=1 avg_confidence=0.42 time_ms=110 status=OCR_COMPLETED
2026-09-07 12:17:47 | INFO     | httpx | HTTP Request: POST http://testserver/api/v1/ocr/documents/1080/run "HTTP/1.1 201 Created"
2026-09-07 12:17:48 | INFO     | app.services.validation_service | Document validated: document_id=1080 is_valid=True errors=0 warnings=0
2026-09-07 12:17:48 | INFO     | httpx | HTTP Request: POST http://testserver/api/v1/validation/documents/1080/validate "HTTP/1.1 201 Created"
2026-09-07 12:17:48 | INFO     | app.services.auth_service | New user registered: username=auditwfanalyst_8560e17a role=FINANCE_ANALYST
2026-09-07 12:17:48 | INFO     | httpx | HTTP Request: POST http://testserver/api/v1/auth/register "HTTP/1.1 201 Created"
2026-09-07 12:17:48 | INFO     | app.services.auth_service | User logged in: username=auditwfanalyst_8560e17a
2026-09-07 12:17:48 | INFO     | httpx | HTTP Request: POST http://testserver/api/v1/auth/login "HTTP/1.1 200 OK"
2026-09-07 12:17:49 | INFO     | app.services.auth_service | New user registered: username=auditwfmanager_a14582d9 role=FINANCE_MANAGER
2026-09-07 12:17:49 | INFO     | httpx | HTTP Request: POST http://testserver/api/v1/auth/register "HTTP/1.1 201 Created"
2026-09-07 12:17:49 | INFO     | app.services.auth_service | User logged in: username=auditwfmanager_a14582d9
2026-09-07 12:17:49 | INFO     | httpx | HTTP Request: POST http://testserver/api/v1/auth/login "HTTP/1.1 200 OK"
2026-09-07 12:17:49 | INFO     | app.services.document_service | Document uploaded: id=1081 filename=test.pdf by_user=auditwfanalyst_8560e17a
2026-09-07 12:17:49 | INFO     | httpx | HTTP Request: POST http://testserver/api/v1/documents/upload "HTTP/1.1 201 Created"
2026-09-07 12:17:49 | INFO     | app.services.ocr_service | OCR completed: document_id=1081 engine=stub pages=1 avg_confidence=0.42 time_ms=107 status=OCR_COMPLETED
2026-09-07 12:17:49 | INFO     | httpx | HTTP Request: POST http://testserver/api/v1/ocr/documents/1081/run "HTTP/1.1 201 Created"
2026-09-07 12:17:50 | INFO     | app.services.validation_service | Document validated: document_id=1081 is_valid=True errors=0 warnings=0
2026-09-07 12:17:50 | INFO     | httpx | HTTP Request: POST http://testserver/api/v1/validation/documents/1081/validate "HTTP/1.1 201 Created"
2026-09-07 12:17:51 | INFO     | app.services.workflow_service | Workflow action performed: document_id=1081 action=REQUEST_APPROVAL VALIDATED->PENDING_APPROVAL by_user=auditwfanalyst_8560e17a
2026-09-07 12:17:51 | INFO     | httpx | HTTP Request: POST http://testserver/api/v1/workflow/documents/1081/request-approval "HTTP/1.1 200 OK"
2026-09-07 12:17:56 | INFO     | app.services.workflow_service | Workflow action performed: document_id=1081 action=APPROVE PENDING_APPROVAL->APPROVED by_user=auditwfmanager_a14582d9
2026-09-07 12:17:56 | INFO     | httpx | HTTP Request: POST http://testserver/api/v1/workflow/documents/1081/approve "HTTP/1.1 200 OK"
2026-09-07 12:17:56 | INFO     | app.services.auth_service | New user registered: username=auditwfreject_77074a83 role=FINANCE_ANALYST
2026-09-07 12:17:56 | INFO     | httpx | HTTP Request: POST http://testserver/api/v1/auth/register "HTTP/1.1 201 Created"
2026-09-07 12:17:56 | INFO     | app.services.auth_service | User logged in: username=auditwfreject_77074a83
2026-09-07 12:17:56 | INFO     | httpx | HTTP Request: POST http://testserver/api/v1/auth/login "HTTP/1.1 200 OK"
2026-09-07 12:17:56 | INFO     | app.services.auth_service | New user registered: username=auditwfreject_mgr_c8d71594 role=FINANCE_MANAGER
2026-09-07 12:17:56 | INFO     | httpx | HTTP Request: POST http://testserver/api/v1/auth/register "HTTP/1.1 201 Created"
2026-09-07 12:17:57 | INFO     | app.services.auth_service | User logged in: username=auditwfreject_mgr_c8d71594
2026-09-07 12:17:57 | INFO     | httpx | HTTP Request: POST http://testserver/api/v1/auth/login "HTTP/1.1 200 OK"
2026-09-07 12:17:57 | INFO     | app.services.document_service | Document uploaded: id=1082 filename=test.pdf by_user=auditwfreject_77074a83
2026-09-07 12:17:57 | INFO     | httpx | HTTP Request: POST http://testserver/api/v1/documents/upload "HTTP/1.1 201 Created"
2026-09-07 12:17:57 | INFO     | app.services.ocr_service | OCR completed: document_id=1082 engine=stub pages=1 avg_confidence=0.42 time_ms=113 status=OCR_COMPLETED
2026-09-07 12:17:57 | INFO     | httpx | HTTP Request: POST http://testserver/api/v1/ocr/documents/1082/run "HTTP/1.1 201 Created"
2026-09-07 12:17:57 | INFO     | app.services.validation_service | Document validated: document_id=1082 is_valid=True errors=0 warnings=0
2026-09-07 12:17:57 | INFO     | httpx | HTTP Request: POST http://testserver/api/v1/validation/documents/1082/validate "HTTP/1.1 201 Created"
2026-09-07 12:18:00 | INFO     | app.services.workflow_service | Workflow action performed: document_id=1082 action=REQUEST_APPROVAL VALIDATED->PENDING_APPROVAL by_user=auditwfreject_77074a83
2026-09-07 12:18:00 | INFO     | httpx | HTTP Request: POST http://testserver/api/v1/workflow/documents/1082/request-approval "HTTP/1.1 200 OK"
2026-09-07 12:18:04 | INFO     | app.services.workflow_service | Workflow action performed: document_id=1082 action=REJECT PENDING_APPROVAL->REJECTED by_user=auditwfreject_mgr_c8d71594
2026-09-07 12:18:04 | INFO     | httpx | HTTP Request: POST http://testserver/api/v1/workflow/documents/1082/reject "HTTP/1.1 200 OK"
2026-09-07 12:18:04 | INFO     | app.services.auth_service | New user registered: username=auditnoaccess_cad4f24e role=FINANCE_ANALYST
2026-09-07 12:18:04 | INFO     | httpx | HTTP Request: POST http://testserver/api/v1/auth/register "HTTP/1.1 201 Created"
2026-09-07 12:18:04 | INFO     | app.services.auth_service | User logged in: username=auditnoaccess_cad4f24e
2026-09-07 12:18:04 | INFO     | httpx | HTTP Request: POST http://testserver/api/v1/auth/login "HTTP/1.1 200 OK"
2026-09-07 12:18:04 | WARNING  | app.main | Handled exception on GET /api/v1/audit/logs: This action requires one of the following roles: ['ADMIN', 'AUDITOR']
2026-09-07 12:18:04 | INFO     | httpx | HTTP Request: GET http://testserver/api/v1/audit/logs "HTTP/1.1 403 Forbidden"
2026-09-07 12:18:05 | INFO     | app.services.auth_service | New user registered: username=auditnoaccessmgr_a2304d51 role=FINANCE_MANAGER
2026-09-07 12:18:05 | INFO     | httpx | HTTP Request: POST http://testserver/api/v1/auth/register "HTTP/1.1 201 Created"
2026-09-07 12:18:05 | INFO     | app.services.auth_service | User logged in: username=auditnoaccessmgr_a2304d51
2026-09-07 12:18:05 | INFO     | httpx | HTTP Request: POST http://testserver/api/v1/auth/login "HTTP/1.1 200 OK"
2026-09-07 12:18:05 | WARNING  | app.main | Handled exception on GET /api/v1/audit/logs: This action requires one of the following roles: ['ADMIN', 'AUDITOR']
2026-09-07 12:18:05 | INFO     | httpx | HTTP Request: GET http://testserver/api/v1/audit/logs "HTTP/1.1 403 Forbidden"
2026-09-07 12:18:05 | INFO     | app.services.auth_service | New user registered: username=auditviewer_063691c9 role=AUDITOR
2026-09-07 12:18:05 | INFO     | httpx | HTTP Request: POST http://testserver/api/v1/auth/register "HTTP/1.1 201 Created"
2026-09-07 12:18:05 | INFO     | app.services.auth_service | User logged in: username=auditviewer_063691c9
2026-09-07 12:18:05 | INFO     | httpx | HTTP Request: POST http://testserver/api/v1/auth/login "HTTP/1.1 200 OK"
2026-09-07 12:18:15 | INFO     | httpx | HTTP Request: GET http://testserver/api/v1/audit/logs "HTTP/1.1 200 OK"
2026-09-07 12:18:15 | INFO     | app.services.auth_service | New user registered: username=auditviewadmin_5a456c15 role=ADMIN
2026-09-07 12:18:15 | INFO     | httpx | HTTP Request: POST http://testserver/api/v1/auth/register "HTTP/1.1 201 Created"
2026-09-07 12:18:16 | INFO     | app.services.auth_service | User logged in: username=auditviewadmin_5a456c15
2026-09-07 12:18:16 | INFO     | httpx | HTTP Request: POST http://testserver/api/v1/auth/login "HTTP/1.1 200 OK"
2026-09-07 12:18:24 | INFO     | httpx | HTTP Request: GET http://testserver/api/v1/audit/logs "HTTP/1.1 200 OK"
2026-09-07 12:18:25 | INFO     | app.services.auth_service | New user registered: username=auditfilter_efcef612 role=AUDITOR
2026-09-07 12:18:25 | INFO     | httpx | HTTP Request: POST http://testserver/api/v1/auth/register "HTTP/1.1 201 Created"
2026-09-07 12:18:25 | INFO     | app.services.auth_service | User logged in: username=auditfilter_efcef612
2026-09-07 12:18:25 | INFO     | httpx | HTTP Request: POST http://testserver/api/v1/auth/login "HTTP/1.1 200 OK"
2026-09-07 12:19:13 | INFO     | httpx | HTTP Request: GET http://testserver/api/v1/audit/logs?action=LOGIN_SUCCESS "HTTP/1.1 200 OK"
2026-09-07 12:19:13 | INFO     | app.services.auth_service | New user registered: username=auditdocnoaccess_50451ad1 role=FINANCE_ANALYST
2026-09-07 12:19:13 | INFO     | httpx | HTTP Request: POST http://testserver/api/v1/auth/register "HTTP/1.1 201 Created"
2026-09-07 12:19:13 | INFO     | app.services.auth_service | User logged in: username=auditdocnoaccess_50451ad1
2026-09-07 12:19:13 | INFO     | httpx | HTTP Request: POST http://testserver/api/v1/auth/login "HTTP/1.1 200 OK"
2026-09-07 12:19:13 | INFO     | app.services.document_service | Document uploaded: id=1083 filename=test.pdf by_user=auditdocnoaccess_50451ad1
2026-09-07 12:19:13 | INFO     | httpx | HTTP Request: POST http://testserver/api/v1/documents/upload "HTTP/1.1 201 Created"
2026-09-07 12:19:13 | WARNING  | app.main | Handled exception on GET /api/v1/audit/documents/1083/logs: This action requires one of the following roles: ['ADMIN', 'AUDITOR']
2026-09-07 12:19:13 | INFO     | httpx | HTTP Request: GET http://testserver/api/v1/audit/documents/1083/logs "HTTP/1.1 403 Forbidden"
2026-09-07 12:19:14 | INFO     | app.services.auth_service | New user registered: username=auditdocowner_325b545b role=FINANCE_ANALYST
2026-09-07 12:19:14 | INFO     | httpx | HTTP Request: POST http://testserver/api/v1/auth/register "HTTP/1.1 201 Created"
2026-09-07 12:19:14 | INFO     | app.services.auth_service | User logged in: username=auditdocowner_325b545b
2026-09-07 12:19:14 | INFO     | httpx | HTTP Request: POST http://testserver/api/v1/auth/login "HTTP/1.1 200 OK"
2026-09-07 12:19:14 | INFO     | app.services.auth_service | New user registered: username=auditdocviewer_dad1ae1c role=AUDITOR
2026-09-07 12:19:14 | INFO     | httpx | HTTP Request: POST http://testserver/api/v1/auth/register "HTTP/1.1 201 Created"
2026-09-07 12:19:14 | INFO     | app.services.auth_service | User logged in: username=auditdocviewer_dad1ae1c
2026-09-07 12:19:14 | INFO     | httpx | HTTP Request: POST http://testserver/api/v1/auth/login "HTTP/1.1 200 OK"
2026-09-07 12:19:14 | INFO     | app.services.document_service | Document uploaded: id=1084 filename=test.pdf by_user=auditdocowner_325b545b
2026-09-07 12:19:14 | INFO     | httpx | HTTP Request: POST http://testserver/api/v1/documents/upload "HTTP/1.1 201 Created"
2026-09-07 12:19:15 | INFO     | httpx | HTTP Request: GET http://testserver/api/v1/audit/documents/1084/logs "HTTP/1.1 200 OK"
2026-09-08 10:54:01 | INFO     | app.services.auth_service | New user registered: username=diag_3177ca1d role=FINANCE_ANALYST
2026-09-08 10:54:01 | INFO     | httpx | HTTP Request: POST http://testserver/api/v1/auth/register "HTTP/1.1 201 Created"
2026-09-08 10:54:01 | INFO     | app.services.auth_service | User logged in: username=diag_3177ca1d
2026-09-08 10:54:01 | INFO     | httpx | HTTP Request: POST http://testserver/api/v1/auth/login "HTTP/1.1 200 OK"
2026-09-08 10:54:01 | INFO     | app.services.document_service | Document uploaded: id=2207 filename=batch1-0001.pdf by_user=diag_3177ca1d
2026-09-08 10:54:01 | INFO     | httpx | HTTP Request: POST http://testserver/api/v1/documents/upload "HTTP/1.1 201 Created"
2026-09-08 10:54:12 | INFO     | app.ocr.easyocr_engine | Loading EasyOCR engine (langs=['en'], gpu=False)...
2026-09-08 10:54:12 | WARNING  | easyocr.easyocr | Using CPU. Note: This module is much faster with a GPU.
2026-09-08 10:54:15 | INFO     | app.ocr.easyocr_engine | EasyOCR engine loaded successfully.
2026-09-08 10:54:45 | INFO     | app.services.ocr_service | OCR completed: document_id=2207 engine=easyocr pages=1 avg_confidence=0.87 time_ms=43334 status=OCR_COMPLETED
2026-09-08 10:54:45 | INFO     | httpx | HTTP Request: POST http://testserver/api/v1/ocr/documents/2207/run "HTTP/1.1 201 Created"
2026-09-08 10:54:45 | INFO     | app.services.classification_service | Document classified: document_id=2207 type=NPO confidence=0.62 engine=rule_based
2026-09-08 10:54:45 | INFO     | httpx | HTTP Request: POST http://testserver/api/v1/classification/documents/2207/classify "HTTP/1.1 201 Created"
2026-09-08 10:54:45 | INFO     | app.extraction.llm_extractor | LLM extractor initialized: provider=mistral model=mistral-small-2603 api_base=https://api.mistral.ai/v1 api_key_configured=True
2026-09-08 10:54:46 | INFO     | app.extraction.llm_extractor | LLM extractor initialized: provider=mistral model=open-mistral-nemo api_base=https://api.mistral.ai/v1 api_key_configured=True
2026-09-08 10:54:56 | INFO     | app.extraction.reconciliation | 
============================================================
RECONCILIATION START
============================================================
document_id: 2207
document_type: NPO
engine: hybrid
field_count: 25
rule_engine_status: OK
llm_engine_status: OK
============================================================
2026-09-08 10:54:56 | INFO     | app.extraction.reconciliation | 
============================================================
RECONCILIATION RESULT
============================================================
Document ID: 2207
Field: document_type

FINAL
  value: NPO
  confidence: 0.95
  provenance: llm
  conflict_value: null

DECISION
  LLM-BASED RESULT ACCEPTED
============================================================
2026-09-08 10:54:56 | INFO     | app.extraction.reconciliation | 
============================================================
RECONCILIATION RESULT
============================================================
Document ID: 2207
Field: document_category

FINAL
  value: Invoice
  confidence: 0.98
  provenance: llm
  conflict_value: null

DECISION
  LLM-BASED RESULT ACCEPTED
============================================================
2026-09-08 10:54:56 | INFO     | app.extraction.reconciliation | 
============================================================
RECONCILIATION RESULT
============================================================
Document ID: 2207
Field: company_name

FINAL
  value: Becker Ltd
  confidence: 0.99
  provenance: llm
  conflict_value: null

DECISION
  LLM-BASED RESULT ACCEPTED
============================================================
2026-09-08 10:54:56 | INFO     | app.extraction.reconciliation | 
============================================================
RECONCILIATION RESULT
============================================================
Document ID: 2207
Field: document_source

FINAL
  value: batch1-0001.jpg
  confidence: 0.99
  provenance: llm
  conflict_value: null

DECISION
  LLM-BASED RESULT ACCEPTED
============================================================
2026-09-08 10:54:56 | INFO     | app.extraction.reconciliation | 
============================================================
RECONCILIATION RESULT
============================================================
Document ID: 2207
Field: currency

FINAL
  value: USD
  confidence: 0.95
  provenance: llm
  conflict_value: null

DECISION
  LLM-BASED RESULT ACCEPTED
============================================================
2026-09-08 10:54:56 | INFO     | app.extraction.reconciliation | 
============================================================
RECONCILIATION RESULT
============================================================
Document ID: 2207
Field: document_date

FINAL
  value: 2013-04-13
  confidence: 0.99
  provenance: llm
  conflict_value: null

DECISION
  LLM-BASED RESULT ACCEPTED
============================================================
2026-09-08 10:54:56 | INFO     | app.extraction.reconciliation | 
============================================================
RECONCILIATION RESULT
============================================================
Document ID: 2207
Field: vendor_name

FINAL
  value: Kirby and Valdez Andrews_
  confidence: 0.98
  provenance: llm
  conflict_value: null

DECISION
  LLM-BASED RESULT ACCEPTED
============================================================
2026-09-08 10:54:56 | INFO     | app.extraction.reconciliation | 
============================================================
RECONCILIATION INPUT
============================================================
Document ID: 2207
Field: invoice_number

RULE-BASED
  value: 51109338
  confidence: 0.80
  provenance: rule_based

LLM-BASED
  value: 51109338
  confidence: 0.99
  provenance: llm

NORMALIZED
  rule_based: 51109338
  llm: 51109338
============================================================
2026-09-08 10:54:56 | INFO     | app.extraction.reconciliation | 
============================================================
RECONCILIATION RESULT
============================================================
Document ID: 2207
Field: invoice_number

FINAL
  value: 51109338
  confidence: 1.00
  provenance: agreed
  conflict_value: null

DECISION
  BOTH ENGINES AGREED
============================================================
2026-09-08 10:54:56 | INFO     | app.extraction.reconciliation | 
============================================================
RECONCILIATION RESULT
============================================================
Document ID: 2207
Field: invoice_date

FINAL
  value: 2013-04-13
  confidence: 0.99
  provenance: llm
  conflict_value: null

DECISION
  LLM-BASED RESULT ACCEPTED
============================================================
2026-09-08 10:54:56 | INFO     | app.extraction.reconciliation | 
============================================================
RECONCILIATION INPUT
============================================================
Document ID: 2207
Field: invoice_amount

RULE-BASED
  value: 5204.20
  confidence: 0.82
  provenance: rule_based

LLM-BASED
  value: 5640.17
  confidence: 0.95
  provenance: llm

NORMALIZED
  rule_based: 5204.20
  llm: 5640.17
============================================================
2026-09-08 10:54:56 | INFO     | app.extraction.reconciliation | 
============================================================
RECONCILIATION RESULT
============================================================
Document ID: 2207
Field: invoice_amount

FINAL
  value: 5204.20
  confidence: 0.88
  provenance: reconciled_table_verified
  conflict_value: 5640.17

DECISION
  TABLE-VERIFIED RECONCILIATION
============================================================
2026-09-08 10:54:56 | INFO     | app.extraction.reconciliation | 
============================================================
RECONCILIATION INPUT
============================================================
Document ID: 2207
Field: tax_amount

RULE-BASED
  value: 2564.03
  confidence: 0.80
  provenance: rule_based

LLM-BASED
  value: 620.19
  confidence: 0.95
  provenance: llm

NORMALIZED
  rule_based: 2564.03
  llm: 620.19
============================================================
2026-09-08 10:54:56 | INFO     | app.extraction.reconciliation | 
============================================================
RECONCILIATION RESULT
============================================================
Document ID: 2207
Field: tax_amount

FINAL
  value: 2564.03
  confidence: 0.88
  provenance: reconciled_table_verified
  conflict_value: 620.19

DECISION
  TABLE-VERIFIED RECONCILIATION
============================================================
2026-09-08 10:54:56 | INFO     | app.extraction.reconciliation | 
============================================================
RECONCILIATION INPUT
============================================================
Document ID: 2207
Field: net_amount

RULE-BASED
  value: 2640.17
  confidence: 0.82
  provenance: rule_based

LLM-BASED
  value: 5019.98
  confidence: 0.85
  provenance: llm

NORMALIZED
  rule_based: 2640.17
  llm: 5019.98
============================================================
2026-09-08 10:54:56 | INFO     | app.extraction.reconciliation | 
============================================================
RECONCILIATION RESULT
============================================================
Document ID: 2207
Field: net_amount

FINAL
  value: 2640.17
  confidence: 0.88
  provenance: reconciled_table_verified
  conflict_value: 5019.98

DECISION
  TABLE-VERIFIED RECONCILIATION
============================================================
2026-09-08 10:54:56 | INFO     | app.extraction.reconciliation | 
============================================================
RECONCILIATION COMPLETE
============================================================
document_id: 2207

agreed_fields: 1
rule_based_fields: 0
llm_fields: 8
reconciled_fields: 3
unresolved_conflicts: 0
not_found_fields: 13
============================================================
HYBRID EXTRACTION -- FINAL DECISIONS
============================================================
Document ID: 2207
Document Type: NPO

Field                    RULE-BASED           LLM-BASED            FINAL               
----------------------------------------------------------------------------------------
document_id              -                    -                    -                   
document_type            -                    NPO                  NPO                 
document_category        -                    Invoice              Invoice             
company_code             -                    -                    -                   
company_name             -                    Becker Ltd           Becker Ltd          
fiscal_year              -                    -                    -                   
location_code            -                    -                    -                   
vertical_code            -                    -                    -                   
document_source          -                    batch1-0001.jpg      batch1-0001.jpg     
barcode                  -                    -                    -                   
currency                 -                    USD                  USD                 
document_date            -                    2013-04-13           2013-04-13          
ocr_confidence_score     -                    -                    -                   
processing_status        -                    -                    -                   
validation_status        -                    -                    -                   
vendor_code              -                    -                    -                   
vendor_name              -                    Kirby and Valdez ... Kirby and Valdez ...
invoice_number           51109338             51109338             51109338            
invoice_date             -                    2013-04-13           2013-04-13          
invoice_amount           5204.20              5640.17              5204.20             
expense_category         -                    -                    -                   
cost_center              -                    -                    -                   
department               -                    -                    -                   
tax_amount               2564.03              620.19               2564.03             
net_amount               2640.17              5019.98              2640.17             
============================================================
FINAL PROVENANCE
============================================================
Field                    PROVENANCE              
--------------------------------------------------
document_id              not_found               
document_type            llm                     
document_category        llm                     
company_code             not_found               
company_name             llm                     
fiscal_year              not_found               
location_code            not_found               
vertical_code            not_found               
document_source          llm                     
barcode                  not_found               
currency                 llm                     
document_date            llm                     
ocr_confidence_score     not_found               
processing_status        not_found               
validation_status        not_found               
vendor_code              not_found               
vendor_name              llm                     
invoice_number           agreed                  
invoice_date             llm                     
invoice_amount           reconciled_table_verified
expense_category         not_found               
cost_center              not_found               
department               not_found               
tax_amount               reconciled_table_verified
net_amount               reconciled_table_verified
============================================================
2026-09-08 10:54:56 | INFO     | app.extraction.llm_extractor | LLM extractor initialized: provider=mistral model=mistral-small-2603 api_base=https://api.mistral.ai/v1 api_key_configured=True
2026-09-08 10:54:56 | INFO     | app.extraction.parallel_orchestrator | HYBRID EXTRACTION
  Rule-Based: enabled
  LLM-Based: enabled
  LLM provider: mistral
  model: mistral-small-2603
  document_type: NPO
2026-09-08 10:54:57 | ERROR    | app.extraction.llm_extractor | LLM extraction failed: HTTP Error 429: Too Many Requests. Falling back to rule-based extractor.
2026-09-08 10:54:57 | INFO     | app.extraction.reconciliation | 
============================================================
RECONCILIATION START
============================================================
document_id: 2207
document_type: NPO
engine: hybrid
field_count: 25
rule_engine_status: OK
llm_engine_status: OK
============================================================
2026-09-08 10:54:57 | INFO     | app.extraction.reconciliation | 
============================================================
RECONCILIATION INPUT
============================================================
Document ID: 2207
Field: invoice_number

RULE-BASED
  value: 51109338
  confidence: 0.80
  provenance: rule_based

LLM-BASED
  value: 51109338
  confidence: 0.80
  provenance: llm

NORMALIZED
  rule_based: 51109338
  llm: 51109338
============================================================
2026-09-08 10:54:57 | INFO     | app.extraction.reconciliation | 
============================================================
RECONCILIATION RESULT
============================================================
Document ID: 2207
Field: invoice_number

FINAL
  value: 51109338
  confidence: 0.85
  provenance: agreed
  conflict_value: null

DECISION
  BOTH ENGINES AGREED
============================================================
2026-09-08 10:54:57 | INFO     | app.extraction.reconciliation | 
============================================================
RECONCILIATION INPUT
============================================================
Document ID: 2207
Field: invoice_amount

RULE-BASED
  value: 5204.20
  confidence: 0.82
  provenance: rule_based

LLM-BASED
  value: 5204.20
  confidence: 0.82
  provenance: llm

NORMALIZED
  rule_based: 5204.20
  llm: 5204.20
============================================================
2026-09-08 10:54:57 | INFO     | app.extraction.reconciliation | 
============================================================
RECONCILIATION RESULT
============================================================
Document ID: 2207
Field: invoice_amount

FINAL
  value: 5204.20
  confidence: 0.87
  provenance: agreed
  conflict_value: null

DECISION
  BOTH ENGINES AGREED
============================================================
2026-09-08 10:54:57 | INFO     | app.extraction.reconciliation | 
============================================================
RECONCILIATION INPUT
============================================================
Document ID: 2207
Field: tax_amount

RULE-BASED
  value: 2564.03
  confidence: 0.80
  provenance: rule_based

LLM-BASED
  value: 2564.03
  confidence: 0.80
  provenance: llm

NORMALIZED
  rule_based: 2564.03
  llm: 2564.03
============================================================
2026-09-08 10:54:57 | INFO     | app.extraction.reconciliation | 
============================================================
RECONCILIATION RESULT
============================================================
Document ID: 2207
Field: tax_amount

FINAL
  value: 2564.03
  confidence: 0.85
  provenance: agreed
  conflict_value: null

DECISION
  BOTH ENGINES AGREED
============================================================
2026-09-08 10:54:57 | INFO     | app.extraction.reconciliation | 
============================================================
RECONCILIATION INPUT
============================================================
Document ID: 2207
Field: net_amount

RULE-BASED
  value: 2640.17
  confidence: 0.82
  provenance: rule_based

LLM-BASED
  value: 2640.17
  confidence: 0.82
  provenance: llm

NORMALIZED
  rule_based: 2640.17
  llm: 2640.17
============================================================
2026-09-08 10:54:57 | INFO     | app.extraction.reconciliation | 
============================================================
RECONCILIATION RESULT
============================================================
Document ID: 2207
Field: net_amount

FINAL
  value: 2640.17
  confidence: 0.87
  provenance: agreed
  conflict_value: null

DECISION
  BOTH ENGINES AGREED
============================================================
2026-09-08 10:54:57 | INFO     | app.extraction.reconciliation | 
============================================================
RECONCILIATION COMPLETE
============================================================
document_id: 2207

agreed_fields: 4
rule_based_fields: 0
llm_fields: 0
reconciled_fields: 0
unresolved_conflicts: 0
not_found_fields: 21
============================================================
HYBRID EXTRACTION -- FINAL DECISIONS
============================================================
Document ID: 2207
Document Type: NPO

Field                    RULE-BASED           LLM-BASED            FINAL               
----------------------------------------------------------------------------------------
document_id              -                    -                    -                   
document_type            -                    -                    -                   
document_category        -                    -                    -                   
company_code             -                    -                    -                   
company_name             -                    -                    -                   
fiscal_year              -                    -                    -                   
location_code            -                    -                    -                   
vertical_code            -                    -                    -                   
document_source          -                    -                    -                   
barcode                  -                    -                    -                   
currency                 -                    -                    -                   
document_date            -                    -                    -                   
ocr_confidence_score     -                    -                    -                   
processing_status        -                    -                    -                   
validation_status        -                    -                    -                   
vendor_code              -                    -                    -                   
vendor_name              -                    -                    -                   
invoice_number           51109338             51109338             51109338            
invoice_date             -                    -                    -                   
invoice_amount           5204.20              5204.20              5204.20             
expense_category         -                    -                    -                   
cost_center              -                    -                    -                   
department               -                    -                    -                   
tax_amount               2564.03              2564.03              2564.03             
net_amount               2640.17              2640.17              2640.17             
============================================================
FINAL PROVENANCE
============================================================
Field                    PROVENANCE              
--------------------------------------------------
document_id              not_found               
document_type            not_found               
document_category        not_found               
company_code             not_found               
company_name             not_found               
fiscal_year              not_found               
location_code            not_found               
vertical_code            not_found               
document_source          not_found               
barcode                  not_found               
currency                 not_found               
document_date            not_found               
ocr_confidence_score     not_found               
processing_status        not_found               
validation_status        not_found               
vendor_code              not_found               
vendor_name              not_found               
invoice_number           agreed                  
invoice_date             not_found               
invoice_amount           agreed                  
expense_category         not_found               
cost_center              not_found               
department               not_found               
tax_amount               agreed                  
net_amount               agreed                  
============================================================
2026-09-08 10:54:57 | INFO     | app.services.extraction_service | Document extracted: document_id=2207 type=NPO fields=4/25 confidence=0.86
2026-09-08 10:54:57 | INFO     | httpx | HTTP Request: POST http://testserver/api/v1/extraction/documents/2207/extract "HTTP/1.1 201 Created"
2026-09-08 11:25:37 | INFO     | app.services.auth_service | New user registered: username=diag_4e98b850 role=FINANCE_ANALYST
2026-09-08 11:25:37 | INFO     | httpx | HTTP Request: POST http://testserver/api/v1/auth/register "HTTP/1.1 201 Created"
2026-09-08 11:25:37 | INFO     | app.services.auth_service | User logged in: username=diag_4e98b850
2026-09-08 11:25:37 | INFO     | httpx | HTTP Request: POST http://testserver/api/v1/auth/login "HTTP/1.1 200 OK"
2026-09-08 11:25:38 | INFO     | app.services.document_service | Document uploaded: id=2208 filename=batch1-0001.pdf by_user=diag_4e98b850
2026-09-08 11:25:38 | INFO     | httpx | HTTP Request: POST http://testserver/api/v1/documents/upload "HTTP/1.1 201 Created"
2026-09-08 11:25:47 | INFO     | app.ocr.easyocr_engine | Loading EasyOCR engine (langs=['en'], gpu=False)...
2026-09-08 11:25:47 | WARNING  | easyocr.easyocr | Using CPU. Note: This module is much faster with a GPU.
2026-09-08 11:25:49 | INFO     | app.ocr.easyocr_engine | EasyOCR engine loaded successfully.
2026-09-08 11:26:15 | INFO     | app.services.ocr_service | OCR completed: document_id=2208 engine=easyocr pages=1 avg_confidence=0.87 time_ms=36705 status=OCR_COMPLETED
2026-09-08 11:26:15 | INFO     | httpx | HTTP Request: POST http://testserver/api/v1/ocr/documents/2208/run "HTTP/1.1 201 Created"
2026-09-08 11:26:15 | INFO     | app.services.classification_service | Document classified: document_id=2208 type=NPO confidence=0.62 engine=rule_based
2026-09-08 11:26:15 | INFO     | httpx | HTTP Request: POST http://testserver/api/v1/classification/documents/2208/classify "HTTP/1.1 201 Created"
2026-09-08 11:26:15 | INFO     | app.extraction.llm_extractor | LLM extractor initialized: provider=mistral model=ministral-8b-latest api_base=https://api.mistral.ai/v1 api_key_configured=True
2026-09-08 11:26:57 | INFO     | app.extraction.reconciliation | 
============================================================
RECONCILIATION START
============================================================
document_id: 2208
document_type: NPO
engine: hybrid
field_count: 25
rule_engine_status: OK
llm_engine_status: OK
============================================================
2026-09-08 11:26:57 | INFO     | app.extraction.reconciliation | 
============================================================
RECONCILIATION RESULT
============================================================
Document ID: 2208
Field: invoice_number

FINAL
  value: 51109338
  confidence: 0.80
  provenance: rule_based
  conflict_value: null

DECISION
  RULE-BASED RESULT ACCEPTED
============================================================
2026-09-08 11:26:57 | INFO     | app.extraction.reconciliation | 
============================================================
RECONCILIATION RESULT
============================================================
Document ID: 2208
Field: invoice_amount

FINAL
  value: 5204.20
  confidence: 0.82
  provenance: rule_based
  conflict_value: null

DECISION
  RULE-BASED RESULT ACCEPTED
============================================================
2026-09-08 11:26:57 | INFO     | app.extraction.reconciliation | 
============================================================
RECONCILIATION RESULT
============================================================
Document ID: 2208
Field: tax_amount

FINAL
  value: 2564.03
  confidence: 0.80
  provenance: rule_based
  conflict_value: null

DECISION
  RULE-BASED RESULT ACCEPTED
============================================================
2026-09-08 11:26:57 | INFO     | app.extraction.reconciliation | 
============================================================
RECONCILIATION RESULT
============================================================
Document ID: 2208
Field: net_amount

FINAL
  value: 2640.17
  confidence: 0.82
  provenance: rule_based
  conflict_value: null

DECISION
  RULE-BASED RESULT ACCEPTED
============================================================
2026-09-08 11:26:57 | INFO     | app.extraction.reconciliation | 
============================================================
RECONCILIATION COMPLETE
============================================================
document_id: 2208

agreed_fields: 0
rule_based_fields: 4
llm_fields: 0
reconciled_fields: 0
unresolved_conflicts: 0
not_found_fields: 21
============================================================
HYBRID EXTRACTION -- FINAL DECISIONS
============================================================
Document ID: 2208
Document Type: NPO

Field                    RULE-BASED           LLM-BASED            FINAL               
----------------------------------------------------------------------------------------
document_id              -                    -                    -                   
document_type            -                    -                    -                   
document_category        -                    -                    -                   
company_code             -                    -                    -                   
company_name             -                    -                    -                   
fiscal_year              -                    -                    -                   
location_code            -                    -                    -                   
vertical_code            -                    -                    -                   
document_source          -                    -                    -                   
barcode                  -                    -                    -                   
currency                 -                    -                    -                   
document_date            -                    -                    -                   
ocr_confidence_score     -                    -                    -                   
processing_status        -                    -                    -                   
validation_status        -                    -                    -                   
vendor_code              -                    -                    -                   
vendor_name              -                    -                    -                   
invoice_number           51109338             -                    51109338            
invoice_date             -                    -                    -                   
invoice_amount           5204.20              -                    5204.20             
expense_category         -                    -                    -                   
cost_center              -                    -                    -                   
department               -                    -                    -                   
tax_amount               2564.03              -                    2564.03             
net_amount               2640.17              -                    2640.17             
============================================================
FINAL PROVENANCE
============================================================
Field                    PROVENANCE              
--------------------------------------------------
document_id              not_found               
document_type            not_found               
document_category        not_found               
company_code             not_found               
company_name             not_found               
fiscal_year              not_found               
location_code            not_found               
vertical_code            not_found               
document_source          not_found               
barcode                  not_found               
currency                 not_found               
document_date            not_found               
ocr_confidence_score     not_found               
processing_status        not_found               
validation_status        not_found               
vendor_code              not_found               
vendor_name              not_found               
invoice_number           rule_based              
invoice_date             not_found               
invoice_amount           rule_based              
expense_category         not_found               
cost_center              not_found               
department               not_found               
tax_amount               rule_based              
net_amount               rule_based              
============================================================
2026-09-08 11:26:58 | INFO     | app.extraction.llm_extractor | LLM extractor initialized: provider=mistral model=ministral-8b-latest api_base=https://api.mistral.ai/v1 api_key_configured=True
2026-09-08 11:26:58 | INFO     | app.extraction.parallel_orchestrator | HYBRID EXTRACTION
  Rule-Based: enabled
  LLM-Based: enabled
  LLM provider: mistral
  model: ministral-8b-latest
  document_type: NPO
2026-09-08 11:27:11 | INFO     | app.extraction.reconciliation | 
============================================================
RECONCILIATION START
============================================================
document_id: 2208
document_type: NPO
engine: hybrid
field_count: 25
rule_engine_status: OK
llm_engine_status: OK
============================================================
2026-09-08 11:27:11 | INFO     | app.extraction.reconciliation | 
============================================================
RECONCILIATION RESULT
============================================================
Document ID: 2208
Field: document_type

FINAL
  value: NPO
  confidence: 0.95
  provenance: llm
  conflict_value: null

DECISION
  LLM-BASED RESULT ACCEPTED
============================================================
2026-09-08 11:27:11 | INFO     | app.extraction.reconciliation | 
============================================================
RECONCILIATION RESULT
============================================================
Document ID: 2208
Field: company_name

FINAL
  value: Becker Ltd
  confidence: 0.98
  provenance: llm
  conflict_value: null

DECISION
  LLM-BASED RESULT ACCEPTED
============================================================
2026-09-08 11:27:11 | INFO     | app.extraction.reconciliation | 
============================================================
RECONCILIATION RESULT
============================================================
Document ID: 2208
Field: document_source

FINAL
  value: batch1-0001.jpg
  confidence: 0.99
  provenance: llm
  conflict_value: null

DECISION
  LLM-BASED RESULT ACCEPTED
============================================================
2026-09-08 11:27:11 | INFO     | app.extraction.reconciliation | 
============================================================
RECONCILIATION RESULT
============================================================
Document ID: 2208
Field: currency

FINAL
  value: USD
  confidence: 0.85
  provenance: llm
  conflict_value: null

DECISION
  LLM-BASED RESULT ACCEPTED
============================================================
2026-09-08 11:27:11 | INFO     | app.extraction.reconciliation | 
============================================================
RECONCILIATION RESULT
============================================================
Document ID: 2208
Field: document_date

FINAL
  value: 2013-04-13
  confidence: 0.98
  provenance: llm
  conflict_value: null

DECISION
  LLM-BASED RESULT ACCEPTED
============================================================
2026-09-08 11:27:11 | INFO     | app.extraction.reconciliation | 
============================================================
RECONCILIATION RESULT
============================================================
Document ID: 2208
Field: vendor_name

FINAL
  value: Kirby and Valdez Andrews_
  confidence: 0.98
  provenance: llm
  conflict_value: null

DECISION
  LLM-BASED RESULT ACCEPTED
============================================================
2026-09-08 11:27:11 | INFO     | app.extraction.reconciliation | 
============================================================
RECONCILIATION INPUT
============================================================
Document ID: 2208
Field: invoice_number

RULE-BASED
  value: 51109338
  confidence: 0.80
  provenance: rule_based

LLM-BASED
  value: 51109338
  confidence: 0.99
  provenance: llm

NORMALIZED
  rule_based: 51109338
  llm: 51109338
============================================================
2026-09-08 11:27:11 | INFO     | app.extraction.reconciliation | 
============================================================
RECONCILIATION RESULT
============================================================
Document ID: 2208
Field: invoice_number

FINAL
  value: 51109338
  confidence: 1.00
  provenance: agreed
  conflict_value: null

DECISION
  BOTH ENGINES AGREED
============================================================
2026-09-08 11:27:11 | INFO     | app.extraction.reconciliation | 
============================================================
RECONCILIATION RESULT
============================================================
Document ID: 2208
Field: invoice_date

FINAL
  value: 2013-08-30
  confidence: 0.95
  provenance: llm
  conflict_value: null

DECISION
  LLM-BASED RESULT ACCEPTED
============================================================
2026-09-08 11:27:11 | INFO     | app.extraction.reconciliation | 
============================================================
RECONCILIATION INPUT
============================================================
Document ID: 2208
Field: invoice_amount

RULE-BASED
  value: 5204.20
  confidence: 0.82
  provenance: rule_based

LLM-BASED
  value: 5640.17
  confidence: 0.85
  provenance: llm

NORMALIZED
  rule_based: 5204.20
  llm: 5640.17
============================================================
2026-09-08 11:27:11 | INFO     | app.extraction.reconciliation | 
============================================================
RECONCILIATION RESULT
============================================================
Document ID: 2208
Field: invoice_amount

FINAL
  value: 5204.20
  confidence: 0.88
  provenance: reconciled_table_verified
  conflict_value: 5640.17

DECISION
  TABLE-VERIFIED RECONCILIATION
============================================================
2026-09-08 11:27:11 | INFO     | app.extraction.reconciliation | 
============================================================
RECONCILIATION INPUT
============================================================
Document ID: 2208
Field: tax_amount

RULE-BASED
  value: 2564.03
  confidence: 0.80
  provenance: rule_based

LLM-BASED
  value: 6204.19
  confidence: 0.80
  provenance: llm

NORMALIZED
  rule_based: 2564.03
  llm: 6204.19
============================================================
2026-09-08 11:27:11 | INFO     | app.extraction.reconciliation | 
============================================================
RECONCILIATION RESULT
============================================================
Document ID: 2208
Field: tax_amount

FINAL
  value: 2564.03
  confidence: 0.88
  provenance: reconciled_table_verified
  conflict_value: 6204.19

DECISION
  TABLE-VERIFIED RECONCILIATION
============================================================
2026-09-08 11:27:11 | INFO     | app.extraction.reconciliation | 
============================================================
RECONCILIATION INPUT
============================================================
Document ID: 2208
Field: net_amount

RULE-BASED
  value: 2640.17
  confidence: 0.82
  provenance: rule_based

LLM-BASED
  value: 6401.70
  confidence: 0.80
  provenance: llm

NORMALIZED
  rule_based: 2640.17
  llm: 6401.70
============================================================
2026-09-08 11:27:11 | INFO     | app.extraction.reconciliation | 
============================================================
RECONCILIATION RESULT
============================================================
Document ID: 2208
Field: net_amount

FINAL
  value: 2640.17
  confidence: 0.88
  provenance: reconciled_table_verified
  conflict_value: 6401.70

DECISION
  TABLE-VERIFIED RECONCILIATION
============================================================
2026-09-08 11:27:11 | INFO     | app.extraction.reconciliation | 
============================================================
RECONCILIATION COMPLETE
============================================================
document_id: 2208

agreed_fields: 1
rule_based_fields: 0
llm_fields: 7
reconciled_fields: 3
unresolved_conflicts: 0
not_found_fields: 14
============================================================
HYBRID EXTRACTION -- FINAL DECISIONS
============================================================
Document ID: 2208
Document Type: NPO

Field                    RULE-BASED           LLM-BASED            FINAL               
----------------------------------------------------------------------------------------
document_id              -                    -                    -                   
document_type            -                    NPO                  NPO                 
document_category        -                    -                    -                   
company_code             -                    -                    -                   
company_name             -                    Becker Ltd           Becker Ltd          
fiscal_year              -                    -                    -                   
location_code            -                    -                    -                   
vertical_code            -                    -                    -                   
document_source          -                    batch1-0001.jpg      batch1-0001.jpg     
barcode                  -                    -                    -                   
currency                 -                    USD                  USD                 
document_date            -                    2013-04-13           2013-04-13          
ocr_confidence_score     -                    -                    -                   
processing_status        -                    -                    -                   
validation_status        -                    -                    -                   
vendor_code              -                    -                    -                   
vendor_name              -                    Kirby and Valdez ... Kirby and Valdez ...
invoice_number           51109338             51109338             51109338            
invoice_date             -                    2013-08-30           2013-08-30          
invoice_amount           5204.20              5640.17              5204.20             
expense_category         -                    -                    -                   
cost_center              -                    -                    -                   
department               -                    -                    -                   
tax_amount               2564.03              6204.19              2564.03             
net_amount               2640.17              6401.70              2640.17             
============================================================
FINAL PROVENANCE
============================================================
Field                    PROVENANCE              
--------------------------------------------------
document_id              not_found               
document_type            llm                     
document_category        not_found               
company_code             not_found               
company_name             llm                     
fiscal_year              not_found               
location_code            not_found               
vertical_code            not_found               
document_source          llm                     
barcode                  not_found               
currency                 llm                     
document_date            llm                     
ocr_confidence_score     not_found               
processing_status        not_found               
validation_status        not_found               
vendor_code              not_found               
vendor_name              llm                     
invoice_number           agreed                  
invoice_date             llm                     
invoice_amount           reconciled_table_verified
expense_category         not_found               
cost_center              not_found               
department               not_found               
tax_amount               reconciled_table_verified
net_amount               reconciled_table_verified
============================================================
2026-09-08 11:27:11 | INFO     | app.services.extraction_service | Document extracted: document_id=2208 type=NPO fields=11/25 confidence=0.94
2026-09-08 11:27:11 | INFO     | httpx | HTTP Request: POST http://testserver/api/v1/extraction/documents/2208/extract "HTTP/1.1 201 Created"
